[2026-05-15T00:14:05.027+0000] {processor.py:161} INFO - Started process (PID=491) to work on /opt/airflow/dags/hn_pipeline_dag.py
[2026-05-15T00:14:05.029+0000] {processor.py:830} INFO - Processing file /opt/airflow/dags/hn_pipeline_dag.py for tasks to queue
[2026-05-15T00:14:05.030+0000] {logging_mixin.py:188} INFO - [2026-05-15T00:14:05.029+0000] {dagbag.py:538} INFO - Filling up the DagBag from /opt/airflow/dags/hn_pipeline_dag.py
[2026-05-15T00:14:05.043+0000] {processor.py:840} INFO - DAG(s) 'hn_pipeline' retrieved from /opt/airflow/dags/hn_pipeline_dag.py
[2026-05-15T00:14:05.103+0000] {logging_mixin.py:188} INFO - [2026-05-15T00:14:05.103+0000] {dag.py:3036} INFO - Sync 1 DAGs
[2026-05-15T00:14:05.112+0000] {logging_mixin.py:188} INFO - [2026-05-15T00:14:05.112+0000] {dag.py:3823} INFO - Setting next_dagrun for hn_pipeline to 2026-05-14 23:00:00+00:00, run_after=2026-05-15 00:00:00+00:00
[2026-05-15T00:14:05.119+0000] {processor.py:183} INFO - Processing /opt/airflow/dags/hn_pipeline_dag.py took 0.095 seconds
[2026-05-15T00:47:35.921+0000] {processor.py:161} INFO - Started process (PID=498) to work on /opt/airflow/dags/hn_pipeline_dag.py
[2026-05-15T00:47:35.922+0000] {processor.py:830} INFO - Processing file /opt/airflow/dags/hn_pipeline_dag.py for tasks to queue
[2026-05-15T00:47:35.923+0000] {logging_mixin.py:188} INFO - [2026-05-15T00:47:35.923+0000] {dagbag.py:538} INFO - Filling up the DagBag from /opt/airflow/dags/hn_pipeline_dag.py
[2026-05-15T00:47:35.936+0000] {processor.py:840} INFO - DAG(s) 'hn_pipeline' retrieved from /opt/airflow/dags/hn_pipeline_dag.py
[2026-05-15T00:47:35.952+0000] {logging_mixin.py:188} INFO - [2026-05-15T00:47:35.952+0000] {dag.py:3036} INFO - Sync 1 DAGs
[2026-05-15T00:47:35.962+0000] {logging_mixin.py:188} INFO - [2026-05-15T00:47:35.962+0000] {dag.py:3823} INFO - Setting next_dagrun for hn_pipeline to 2026-05-14 23:00:00+00:00, run_after=2026-05-15 00:00:00+00:00
[2026-05-15T00:47:35.971+0000] {processor.py:183} INFO - Processing /opt/airflow/dags/hn_pipeline_dag.py took 0.054 seconds
[2026-05-15T01:03:57.376+0000] {processor.py:161} INFO - Started process (PID=503) to work on /opt/airflow/dags/hn_pipeline_dag.py
[2026-05-15T01:03:57.377+0000] {processor.py:830} INFO - Processing file /opt/airflow/dags/hn_pipeline_dag.py for tasks to queue
[2026-05-15T01:03:57.378+0000] {logging_mixin.py:188} INFO - [2026-05-15T01:03:57.378+0000] {dagbag.py:538} INFO - Filling up the DagBag from /opt/airflow/dags/hn_pipeline_dag.py
[2026-05-15T01:03:57.391+0000] {processor.py:840} INFO - DAG(s) 'hn_pipeline' retrieved from /opt/airflow/dags/hn_pipeline_dag.py
[2026-05-15T01:03:57.411+0000] {logging_mixin.py:188} INFO - [2026-05-15T01:03:57.411+0000] {dag.py:3036} INFO - Sync 1 DAGs
[2026-05-15T01:03:57.421+0000] {logging_mixin.py:188} INFO - [2026-05-15T01:03:57.421+0000] {dag.py:3823} INFO - Setting next_dagrun for hn_pipeline to 2026-05-15 00:00:00+00:00, run_after=2026-05-15 01:00:00+00:00
[2026-05-15T01:03:57.428+0000] {processor.py:183} INFO - Processing /opt/airflow/dags/hn_pipeline_dag.py took 0.056 seconds
[2026-05-15T01:06:32.401+0000] {processor.py:161} INFO - Started process (PID=510) to work on /opt/airflow/dags/hn_pipeline_dag.py
[2026-05-15T01:06:32.402+0000] {processor.py:830} INFO - Processing file /opt/airflow/dags/hn_pipeline_dag.py for tasks to queue
[2026-05-15T01:06:32.403+0000] {logging_mixin.py:188} INFO - [2026-05-15T01:06:32.403+0000] {dagbag.py:538} INFO - Filling up the DagBag from /opt/airflow/dags/hn_pipeline_dag.py
[2026-05-15T01:06:32.418+0000] {processor.py:840} INFO - DAG(s) 'hn_pipeline' retrieved from /opt/airflow/dags/hn_pipeline_dag.py
[2026-05-15T01:06:32.439+0000] {logging_mixin.py:188} INFO - [2026-05-15T01:06:32.438+0000] {dag.py:3036} INFO - Sync 1 DAGs
[2026-05-15T01:06:32.449+0000] {logging_mixin.py:188} INFO - [2026-05-15T01:06:32.449+0000] {dag.py:3823} INFO - Setting next_dagrun for hn_pipeline to 2026-05-15 00:00:00+00:00, run_after=2026-05-15 01:00:00+00:00
[2026-05-15T01:06:32.457+0000] {processor.py:183} INFO - Processing /opt/airflow/dags/hn_pipeline_dag.py took 0.060 seconds
[2026-05-15T01:38:50.129+0000] {processor.py:161} INFO - Started process (PID=515) to work on /opt/airflow/dags/hn_pipeline_dag.py
[2026-05-15T01:38:50.130+0000] {processor.py:830} INFO - Processing file /opt/airflow/dags/hn_pipeline_dag.py for tasks to queue
[2026-05-15T01:38:50.131+0000] {logging_mixin.py:188} INFO - [2026-05-15T01:38:50.130+0000] {dagbag.py:538} INFO - Filling up the DagBag from /opt/airflow/dags/hn_pipeline_dag.py
[2026-05-15T01:38:50.148+0000] {processor.py:840} INFO - DAG(s) 'hn_pipeline' retrieved from /opt/airflow/dags/hn_pipeline_dag.py
[2026-05-15T01:38:50.168+0000] {logging_mixin.py:188} INFO - [2026-05-15T01:38:50.167+0000] {dag.py:3036} INFO - Sync 1 DAGs
[2026-05-15T01:38:50.183+0000] {logging_mixin.py:188} INFO - [2026-05-15T01:38:50.183+0000] {dag.py:3823} INFO - Setting next_dagrun for hn_pipeline to 2026-05-15 00:00:00+00:00, run_after=2026-05-15 01:00:00+00:00
[2026-05-15T01:38:50.190+0000] {processor.py:183} INFO - Processing /opt/airflow/dags/hn_pipeline_dag.py took 0.064 seconds
[2026-05-15T01:47:05.158+0000] {processor.py:161} INFO - Started process (PID=524) to work on /opt/airflow/dags/hn_pipeline_dag.py
[2026-05-15T01:47:05.158+0000] {processor.py:830} INFO - Processing file /opt/airflow/dags/hn_pipeline_dag.py for tasks to queue
[2026-05-15T01:47:05.159+0000] {logging_mixin.py:188} INFO - [2026-05-15T01:47:05.159+0000] {dagbag.py:538} INFO - Filling up the DagBag from /opt/airflow/dags/hn_pipeline_dag.py
[2026-05-15T01:47:05.174+0000] {processor.py:840} INFO - DAG(s) 'hn_pipeline' retrieved from /opt/airflow/dags/hn_pipeline_dag.py
[2026-05-15T01:47:05.203+0000] {logging_mixin.py:188} INFO - [2026-05-15T01:47:05.202+0000] {dag.py:3036} INFO - Sync 1 DAGs
[2026-05-15T01:47:05.214+0000] {logging_mixin.py:188} INFO - [2026-05-15T01:47:05.214+0000] {dag.py:3823} INFO - Setting next_dagrun for hn_pipeline to 2026-05-15 00:00:00+00:00, run_after=2026-05-15 01:00:00+00:00
[2026-05-15T01:47:05.223+0000] {processor.py:183} INFO - Processing /opt/airflow/dags/hn_pipeline_dag.py took 0.068 seconds
[2026-05-15T02:20:28.196+0000] {processor.py:161} INFO - Started process (PID=529) to work on /opt/airflow/dags/hn_pipeline_dag.py
[2026-05-15T02:20:28.197+0000] {processor.py:830} INFO - Processing file /opt/airflow/dags/hn_pipeline_dag.py for tasks to queue
[2026-05-15T02:20:28.198+0000] {logging_mixin.py:188} INFO - [2026-05-15T02:20:28.197+0000] {dagbag.py:538} INFO - Filling up the DagBag from /opt/airflow/dags/hn_pipeline_dag.py
[2026-05-15T02:20:28.209+0000] {processor.py:840} INFO - DAG(s) 'hn_pipeline' retrieved from /opt/airflow/dags/hn_pipeline_dag.py
[2026-05-15T02:20:28.226+0000] {logging_mixin.py:188} INFO - [2026-05-15T02:20:28.226+0000] {dag.py:3036} INFO - Sync 1 DAGs
[2026-05-15T02:20:28.236+0000] {logging_mixin.py:188} INFO - [2026-05-15T02:20:28.236+0000] {dag.py:3823} INFO - Setting next_dagrun for hn_pipeline to 2026-05-15 01:00:00+00:00, run_after=2026-05-15 02:00:00+00:00
[2026-05-15T02:20:28.243+0000] {processor.py:183} INFO - Processing /opt/airflow/dags/hn_pipeline_dag.py took 0.049 seconds
[2026-05-15T02:48:02.991+0000] {processor.py:161} INFO - Started process (PID=536) to work on /opt/airflow/dags/hn_pipeline_dag.py
[2026-05-15T02:48:02.992+0000] {processor.py:830} INFO - Processing file /opt/airflow/dags/hn_pipeline_dag.py for tasks to queue
[2026-05-15T02:48:02.993+0000] {logging_mixin.py:188} INFO - [2026-05-15T02:48:02.992+0000] {dagbag.py:538} INFO - Filling up the DagBag from /opt/airflow/dags/hn_pipeline_dag.py
[2026-05-15T02:48:03.001+0000] {processor.py:840} INFO - DAG(s) 'hn_pipeline' retrieved from /opt/airflow/dags/hn_pipeline_dag.py
[2026-05-15T02:48:03.032+0000] {logging_mixin.py:188} INFO - [2026-05-15T02:48:03.031+0000] {dag.py:3036} INFO - Sync 1 DAGs
[2026-05-15T02:48:03.044+0000] {logging_mixin.py:188} INFO - [2026-05-15T02:48:03.044+0000] {dag.py:3823} INFO - Setting next_dagrun for hn_pipeline to 2026-05-15 01:00:00+00:00, run_after=2026-05-15 02:00:00+00:00
[2026-05-15T02:48:03.056+0000] {processor.py:183} INFO - Processing /opt/airflow/dags/hn_pipeline_dag.py took 0.067 seconds
[2026-05-15T03:04:00.344+0000] {processor.py:161} INFO - Started process (PID=543) to work on /opt/airflow/dags/hn_pipeline_dag.py
[2026-05-15T03:04:00.345+0000] {processor.py:830} INFO - Processing file /opt/airflow/dags/hn_pipeline_dag.py for tasks to queue
[2026-05-15T03:04:00.346+0000] {logging_mixin.py:188} INFO - [2026-05-15T03:04:00.345+0000] {dagbag.py:538} INFO - Filling up the DagBag from /opt/airflow/dags/hn_pipeline_dag.py
[2026-05-15T03:04:00.355+0000] {processor.py:840} INFO - DAG(s) 'hn_pipeline' retrieved from /opt/airflow/dags/hn_pipeline_dag.py
[2026-05-15T03:04:00.379+0000] {logging_mixin.py:188} INFO - [2026-05-15T03:04:00.379+0000] {dag.py:3036} INFO - Sync 1 DAGs
[2026-05-15T03:04:00.389+0000] {logging_mixin.py:188} INFO - [2026-05-15T03:04:00.389+0000] {dag.py:3823} INFO - Setting next_dagrun for hn_pipeline to 2026-05-15 02:00:00+00:00, run_after=2026-05-15 03:00:00+00:00
[2026-05-15T03:04:00.396+0000] {processor.py:183} INFO - Processing /opt/airflow/dags/hn_pipeline_dag.py took 0.053 seconds
[2026-05-15T03:37:52.238+0000] {processor.py:161} INFO - Started process (PID=550) to work on /opt/airflow/dags/hn_pipeline_dag.py
[2026-05-15T03:37:52.239+0000] {processor.py:830} INFO - Processing file /opt/airflow/dags/hn_pipeline_dag.py for tasks to queue
[2026-05-15T03:37:52.239+0000] {logging_mixin.py:188} INFO - [2026-05-15T03:37:52.239+0000] {dagbag.py:538} INFO - Filling up the DagBag from /opt/airflow/dags/hn_pipeline_dag.py
[2026-05-15T03:37:52.249+0000] {processor.py:840} INFO - DAG(s) 'hn_pipeline' retrieved from /opt/airflow/dags/hn_pipeline_dag.py
[2026-05-15T03:37:52.272+0000] {logging_mixin.py:188} INFO - [2026-05-15T03:37:52.272+0000] {dag.py:3036} INFO - Sync 1 DAGs
[2026-05-15T03:37:52.282+0000] {logging_mixin.py:188} INFO - [2026-05-15T03:37:52.282+0000] {dag.py:3823} INFO - Setting next_dagrun for hn_pipeline to 2026-05-15 02:00:00+00:00, run_after=2026-05-15 03:00:00+00:00
[2026-05-15T03:37:52.289+0000] {processor.py:183} INFO - Processing /opt/airflow/dags/hn_pipeline_dag.py took 0.053 seconds
[2026-05-15T03:48:41.116+0000] {processor.py:161} INFO - Started process (PID=557) to work on /opt/airflow/dags/hn_pipeline_dag.py
[2026-05-15T03:48:41.117+0000] {processor.py:830} INFO - Processing file /opt/airflow/dags/hn_pipeline_dag.py for tasks to queue
[2026-05-15T03:48:41.118+0000] {logging_mixin.py:188} INFO - [2026-05-15T03:48:41.117+0000] {dagbag.py:538} INFO - Filling up the DagBag from /opt/airflow/dags/hn_pipeline_dag.py
[2026-05-15T03:48:41.127+0000] {processor.py:840} INFO - DAG(s) 'hn_pipeline' retrieved from /opt/airflow/dags/hn_pipeline_dag.py
[2026-05-15T03:48:41.150+0000] {logging_mixin.py:188} INFO - [2026-05-15T03:48:41.150+0000] {dag.py:3036} INFO - Sync 1 DAGs
[2026-05-15T03:48:41.161+0000] {logging_mixin.py:188} INFO - [2026-05-15T03:48:41.160+0000] {dag.py:3823} INFO - Setting next_dagrun for hn_pipeline to 2026-05-15 02:00:00+00:00, run_after=2026-05-15 03:00:00+00:00
[2026-05-15T03:48:41.168+0000] {processor.py:183} INFO - Processing /opt/airflow/dags/hn_pipeline_dag.py took 0.054 seconds
[2026-05-15T03:49:11.515+0000] {processor.py:161} INFO - Started process (PID=564) to work on /opt/airflow/dags/hn_pipeline_dag.py
[2026-05-15T03:49:11.516+0000] {processor.py:830} INFO - Processing file /opt/airflow/dags/hn_pipeline_dag.py for tasks to queue
[2026-05-15T03:49:11.517+0000] {logging_mixin.py:188} INFO - [2026-05-15T03:49:11.517+0000] {dagbag.py:538} INFO - Filling up the DagBag from /opt/airflow/dags/hn_pipeline_dag.py
[2026-05-15T03:49:11.533+0000] {processor.py:840} INFO - DAG(s) 'hn_pipeline' retrieved from /opt/airflow/dags/hn_pipeline_dag.py
[2026-05-15T03:49:11.566+0000] {logging_mixin.py:188} INFO - [2026-05-15T03:49:11.566+0000] {dag.py:3036} INFO - Sync 1 DAGs
[2026-05-15T03:49:11.578+0000] {logging_mixin.py:188} INFO - [2026-05-15T03:49:11.578+0000] {dag.py:3823} INFO - Setting next_dagrun for hn_pipeline to 2026-05-15 02:00:00+00:00, run_after=2026-05-15 03:00:00+00:00
[2026-05-15T03:49:11.585+0000] {processor.py:183} INFO - Processing /opt/airflow/dags/hn_pipeline_dag.py took 0.074 seconds
[2026-05-15T03:49:41.845+0000] {processor.py:161} INFO - Started process (PID=569) to work on /opt/airflow/dags/hn_pipeline_dag.py
[2026-05-15T03:49:41.846+0000] {processor.py:830} INFO - Processing file /opt/airflow/dags/hn_pipeline_dag.py for tasks to queue
[2026-05-15T03:49:41.847+0000] {logging_mixin.py:188} INFO - [2026-05-15T03:49:41.847+0000] {dagbag.py:538} INFO - Filling up the DagBag from /opt/airflow/dags/hn_pipeline_dag.py
[2026-05-15T03:49:41.863+0000] {processor.py:840} INFO - DAG(s) 'hn_pipeline' retrieved from /opt/airflow/dags/hn_pipeline_dag.py
[2026-05-15T03:49:41.894+0000] {logging_mixin.py:188} INFO - [2026-05-15T03:49:41.894+0000] {dag.py:3036} INFO - Sync 1 DAGs
[2026-05-15T03:49:41.906+0000] {logging_mixin.py:188} INFO - [2026-05-15T03:49:41.906+0000] {dag.py:3823} INFO - Setting next_dagrun for hn_pipeline to 2026-05-15 02:00:00+00:00, run_after=2026-05-15 03:00:00+00:00
[2026-05-15T03:49:41.913+0000] {processor.py:183} INFO - Processing /opt/airflow/dags/hn_pipeline_dag.py took 0.073 seconds
[2026-05-15T03:50:12.149+0000] {processor.py:161} INFO - Started process (PID=574) to work on /opt/airflow/dags/hn_pipeline_dag.py
[2026-05-15T03:50:12.150+0000] {processor.py:830} INFO - Processing file /opt/airflow/dags/hn_pipeline_dag.py for tasks to queue
[2026-05-15T03:50:12.151+0000] {logging_mixin.py:188} INFO - [2026-05-15T03:50:12.151+0000] {dagbag.py:538} INFO - Filling up the DagBag from /opt/airflow/dags/hn_pipeline_dag.py
[2026-05-15T03:50:12.166+0000] {processor.py:840} INFO - DAG(s) 'hn_pipeline' retrieved from /opt/airflow/dags/hn_pipeline_dag.py
[2026-05-15T03:50:12.193+0000] {logging_mixin.py:188} INFO - [2026-05-15T03:50:12.193+0000] {dag.py:3036} INFO - Sync 1 DAGs
[2026-05-15T03:50:12.204+0000] {logging_mixin.py:188} INFO - [2026-05-15T03:50:12.204+0000] {dag.py:3823} INFO - Setting next_dagrun for hn_pipeline to 2026-05-15 02:00:00+00:00, run_after=2026-05-15 03:00:00+00:00
[2026-05-15T03:50:12.213+0000] {processor.py:183} INFO - Processing /opt/airflow/dags/hn_pipeline_dag.py took 0.067 seconds
[2026-05-15T03:50:42.523+0000] {processor.py:161} INFO - Started process (PID=579) to work on /opt/airflow/dags/hn_pipeline_dag.py
[2026-05-15T03:50:42.524+0000] {processor.py:830} INFO - Processing file /opt/airflow/dags/hn_pipeline_dag.py for tasks to queue
[2026-05-15T03:50:42.524+0000] {logging_mixin.py:188} INFO - [2026-05-15T03:50:42.524+0000] {dagbag.py:538} INFO - Filling up the DagBag from /opt/airflow/dags/hn_pipeline_dag.py
[2026-05-15T03:50:42.536+0000] {processor.py:840} INFO - DAG(s) 'hn_pipeline' retrieved from /opt/airflow/dags/hn_pipeline_dag.py
[2026-05-15T03:50:42.559+0000] {logging_mixin.py:188} INFO - [2026-05-15T03:50:42.559+0000] {dag.py:3036} INFO - Sync 1 DAGs
[2026-05-15T03:50:42.570+0000] {logging_mixin.py:188} INFO - [2026-05-15T03:50:42.569+0000] {dag.py:3823} INFO - Setting next_dagrun for hn_pipeline to 2026-05-15 02:00:00+00:00, run_after=2026-05-15 03:00:00+00:00
[2026-05-15T03:50:42.578+0000] {processor.py:183} INFO - Processing /opt/airflow/dags/hn_pipeline_dag.py took 0.057 seconds
[2026-05-15T03:51:12.847+0000] {processor.py:161} INFO - Started process (PID=584) to work on /opt/airflow/dags/hn_pipeline_dag.py
[2026-05-15T03:51:12.848+0000] {processor.py:830} INFO - Processing file /opt/airflow/dags/hn_pipeline_dag.py for tasks to queue
[2026-05-15T03:51:12.849+0000] {logging_mixin.py:188} INFO - [2026-05-15T03:51:12.849+0000] {dagbag.py:538} INFO - Filling up the DagBag from /opt/airflow/dags/hn_pipeline_dag.py
[2026-05-15T03:51:12.863+0000] {processor.py:840} INFO - DAG(s) 'hn_pipeline' retrieved from /opt/airflow/dags/hn_pipeline_dag.py
[2026-05-15T03:51:12.890+0000] {logging_mixin.py:188} INFO - [2026-05-15T03:51:12.889+0000] {dag.py:3036} INFO - Sync 1 DAGs
[2026-05-15T03:51:12.900+0000] {logging_mixin.py:188} INFO - [2026-05-15T03:51:12.900+0000] {dag.py:3823} INFO - Setting next_dagrun for hn_pipeline to 2026-05-15 02:00:00+00:00, run_after=2026-05-15 03:00:00+00:00
[2026-05-15T03:51:12.908+0000] {processor.py:183} INFO - Processing /opt/airflow/dags/hn_pipeline_dag.py took 0.064 seconds
[2026-05-15T03:51:43.172+0000] {processor.py:161} INFO - Started process (PID=589) to work on /opt/airflow/dags/hn_pipeline_dag.py
[2026-05-15T03:51:43.172+0000] {processor.py:830} INFO - Processing file /opt/airflow/dags/hn_pipeline_dag.py for tasks to queue
[2026-05-15T03:51:43.173+0000] {logging_mixin.py:188} INFO - [2026-05-15T03:51:43.173+0000] {dagbag.py:538} INFO - Filling up the DagBag from /opt/airflow/dags/hn_pipeline_dag.py
[2026-05-15T03:51:43.184+0000] {processor.py:840} INFO - DAG(s) 'hn_pipeline' retrieved from /opt/airflow/dags/hn_pipeline_dag.py
[2026-05-15T03:51:43.213+0000] {logging_mixin.py:188} INFO - [2026-05-15T03:51:43.213+0000] {dag.py:3036} INFO - Sync 1 DAGs
[2026-05-15T03:51:43.224+0000] {logging_mixin.py:188} INFO - [2026-05-15T03:51:43.224+0000] {dag.py:3823} INFO - Setting next_dagrun for hn_pipeline to 2026-05-15 02:00:00+00:00, run_after=2026-05-15 03:00:00+00:00
[2026-05-15T03:51:43.232+0000] {processor.py:183} INFO - Processing /opt/airflow/dags/hn_pipeline_dag.py took 0.063 seconds
[2026-05-15T03:52:13.564+0000] {processor.py:161} INFO - Started process (PID=594) to work on /opt/airflow/dags/hn_pipeline_dag.py
[2026-05-15T03:52:13.565+0000] {processor.py:830} INFO - Processing file /opt/airflow/dags/hn_pipeline_dag.py for tasks to queue
[2026-05-15T03:52:13.567+0000] {logging_mixin.py:188} INFO - [2026-05-15T03:52:13.566+0000] {dagbag.py:538} INFO - Filling up the DagBag from /opt/airflow/dags/hn_pipeline_dag.py
[2026-05-15T03:52:13.587+0000] {processor.py:840} INFO - DAG(s) 'hn_pipeline' retrieved from /opt/airflow/dags/hn_pipeline_dag.py
[2026-05-15T03:52:13.619+0000] {logging_mixin.py:188} INFO - [2026-05-15T03:52:13.619+0000] {dag.py:3036} INFO - Sync 1 DAGs
[2026-05-15T03:52:13.632+0000] {logging_mixin.py:188} INFO - [2026-05-15T03:52:13.631+0000] {dag.py:3823} INFO - Setting next_dagrun for hn_pipeline to 2026-05-15 02:00:00+00:00, run_after=2026-05-15 03:00:00+00:00
[2026-05-15T03:52:13.639+0000] {processor.py:183} INFO - Processing /opt/airflow/dags/hn_pipeline_dag.py took 0.080 seconds
[2026-05-15T03:52:43.981+0000] {processor.py:161} INFO - Started process (PID=599) to work on /opt/airflow/dags/hn_pipeline_dag.py
[2026-05-15T03:52:43.982+0000] {processor.py:830} INFO - Processing file /opt/airflow/dags/hn_pipeline_dag.py for tasks to queue
[2026-05-15T03:52:43.984+0000] {logging_mixin.py:188} INFO - [2026-05-15T03:52:43.983+0000] {dagbag.py:538} INFO - Filling up the DagBag from /opt/airflow/dags/hn_pipeline_dag.py
[2026-05-15T03:52:44.003+0000] {processor.py:840} INFO - DAG(s) 'hn_pipeline' retrieved from /opt/airflow/dags/hn_pipeline_dag.py
[2026-05-15T03:52:44.031+0000] {logging_mixin.py:188} INFO - [2026-05-15T03:52:44.031+0000] {dag.py:3036} INFO - Sync 1 DAGs
[2026-05-15T03:52:44.041+0000] {logging_mixin.py:188} INFO - [2026-05-15T03:52:44.041+0000] {dag.py:3823} INFO - Setting next_dagrun for hn_pipeline to 2026-05-15 02:00:00+00:00, run_after=2026-05-15 03:00:00+00:00
[2026-05-15T03:52:44.049+0000] {processor.py:183} INFO - Processing /opt/airflow/dags/hn_pipeline_dag.py took 0.072 seconds
[2026-05-15T03:53:14.392+0000] {processor.py:161} INFO - Started process (PID=604) to work on /opt/airflow/dags/hn_pipeline_dag.py
[2026-05-15T03:53:14.393+0000] {processor.py:830} INFO - Processing file /opt/airflow/dags/hn_pipeline_dag.py for tasks to queue
[2026-05-15T03:53:14.394+0000] {logging_mixin.py:188} INFO - [2026-05-15T03:53:14.394+0000] {dagbag.py:538} INFO - Filling up the DagBag from /opt/airflow/dags/hn_pipeline_dag.py
[2026-05-15T03:53:14.412+0000] {processor.py:840} INFO - DAG(s) 'hn_pipeline' retrieved from /opt/airflow/dags/hn_pipeline_dag.py
[2026-05-15T03:53:14.440+0000] {logging_mixin.py:188} INFO - [2026-05-15T03:53:14.440+0000] {dag.py:3036} INFO - Sync 1 DAGs
[2026-05-15T03:53:14.452+0000] {logging_mixin.py:188} INFO - [2026-05-15T03:53:14.452+0000] {dag.py:3823} INFO - Setting next_dagrun for hn_pipeline to 2026-05-15 02:00:00+00:00, run_after=2026-05-15 03:00:00+00:00
[2026-05-15T03:53:14.460+0000] {processor.py:183} INFO - Processing /opt/airflow/dags/hn_pipeline_dag.py took 0.073 seconds
[2026-05-15T03:53:44.769+0000] {processor.py:161} INFO - Started process (PID=609) to work on /opt/airflow/dags/hn_pipeline_dag.py
[2026-05-15T03:53:44.770+0000] {processor.py:830} INFO - Processing file /opt/airflow/dags/hn_pipeline_dag.py for tasks to queue
[2026-05-15T03:53:44.771+0000] {logging_mixin.py:188} INFO - [2026-05-15T03:53:44.770+0000] {dagbag.py:538} INFO - Filling up the DagBag from /opt/airflow/dags/hn_pipeline_dag.py
[2026-05-15T03:53:44.790+0000] {processor.py:840} INFO - DAG(s) 'hn_pipeline' retrieved from /opt/airflow/dags/hn_pipeline_dag.py
[2026-05-15T03:53:44.822+0000] {logging_mixin.py:188} INFO - [2026-05-15T03:53:44.822+0000] {dag.py:3036} INFO - Sync 1 DAGs
[2026-05-15T03:53:44.833+0000] {logging_mixin.py:188} INFO - [2026-05-15T03:53:44.833+0000] {dag.py:3823} INFO - Setting next_dagrun for hn_pipeline to 2026-05-15 02:00:00+00:00, run_after=2026-05-15 03:00:00+00:00
[2026-05-15T03:53:44.840+0000] {processor.py:183} INFO - Processing /opt/airflow/dags/hn_pipeline_dag.py took 0.077 seconds
[2026-05-15T03:54:15.165+0000] {processor.py:161} INFO - Started process (PID=614) to work on /opt/airflow/dags/hn_pipeline_dag.py
[2026-05-15T03:54:15.166+0000] {processor.py:830} INFO - Processing file /opt/airflow/dags/hn_pipeline_dag.py for tasks to queue
[2026-05-15T03:54:15.167+0000] {logging_mixin.py:188} INFO - [2026-05-15T03:54:15.167+0000] {dagbag.py:538} INFO - Filling up the DagBag from /opt/airflow/dags/hn_pipeline_dag.py
[2026-05-15T03:54:15.185+0000] {processor.py:840} INFO - DAG(s) 'hn_pipeline' retrieved from /opt/airflow/dags/hn_pipeline_dag.py
[2026-05-15T03:54:15.215+0000] {logging_mixin.py:188} INFO - [2026-05-15T03:54:15.215+0000] {dag.py:3036} INFO - Sync 1 DAGs
[2026-05-15T03:54:15.225+0000] {logging_mixin.py:188} INFO - [2026-05-15T03:54:15.225+0000] {dag.py:3823} INFO - Setting next_dagrun for hn_pipeline to 2026-05-15 02:00:00+00:00, run_after=2026-05-15 03:00:00+00:00
[2026-05-15T03:54:15.232+0000] {processor.py:183} INFO - Processing /opt/airflow/dags/hn_pipeline_dag.py took 0.072 seconds
[2026-05-15T03:54:45.621+0000] {processor.py:161} INFO - Started process (PID=619) to work on /opt/airflow/dags/hn_pipeline_dag.py
[2026-05-15T03:54:45.622+0000] {processor.py:830} INFO - Processing file /opt/airflow/dags/hn_pipeline_dag.py for tasks to queue
[2026-05-15T03:54:45.623+0000] {logging_mixin.py:188} INFO - [2026-05-15T03:54:45.623+0000] {dagbag.py:538} INFO - Filling up the DagBag from /opt/airflow/dags/hn_pipeline_dag.py
[2026-05-15T03:54:45.643+0000] {processor.py:840} INFO - DAG(s) 'hn_pipeline' retrieved from /opt/airflow/dags/hn_pipeline_dag.py
[2026-05-15T03:54:45.673+0000] {logging_mixin.py:188} INFO - [2026-05-15T03:54:45.673+0000] {dag.py:3036} INFO - Sync 1 DAGs
[2026-05-15T03:54:45.684+0000] {logging_mixin.py:188} INFO - [2026-05-15T03:54:45.684+0000] {dag.py:3823} INFO - Setting next_dagrun for hn_pipeline to 2026-05-15 02:00:00+00:00, run_after=2026-05-15 03:00:00+00:00
[2026-05-15T03:54:45.692+0000] {processor.py:183} INFO - Processing /opt/airflow/dags/hn_pipeline_dag.py took 0.076 seconds
[2026-05-15T03:55:15.989+0000] {processor.py:161} INFO - Started process (PID=624) to work on /opt/airflow/dags/hn_pipeline_dag.py
[2026-05-15T03:55:15.991+0000] {processor.py:830} INFO - Processing file /opt/airflow/dags/hn_pipeline_dag.py for tasks to queue
[2026-05-15T03:55:15.992+0000] {logging_mixin.py:188} INFO - [2026-05-15T03:55:15.991+0000] {dagbag.py:538} INFO - Filling up the DagBag from /opt/airflow/dags/hn_pipeline_dag.py
[2026-05-15T03:55:16.013+0000] {processor.py:840} INFO - DAG(s) 'hn_pipeline' retrieved from /opt/airflow/dags/hn_pipeline_dag.py
[2026-05-15T03:55:16.047+0000] {logging_mixin.py:188} INFO - [2026-05-15T03:55:16.046+0000] {dag.py:3036} INFO - Sync 1 DAGs
[2026-05-15T03:55:16.060+0000] {logging_mixin.py:188} INFO - [2026-05-15T03:55:16.060+0000] {dag.py:3823} INFO - Setting next_dagrun for hn_pipeline to 2026-05-15 02:00:00+00:00, run_after=2026-05-15 03:00:00+00:00
[2026-05-15T03:55:16.068+0000] {processor.py:183} INFO - Processing /opt/airflow/dags/hn_pipeline_dag.py took 0.084 seconds
[2026-05-15T03:55:46.303+0000] {processor.py:161} INFO - Started process (PID=629) to work on /opt/airflow/dags/hn_pipeline_dag.py
[2026-05-15T03:55:46.304+0000] {processor.py:830} INFO - Processing file /opt/airflow/dags/hn_pipeline_dag.py for tasks to queue
[2026-05-15T03:55:46.305+0000] {logging_mixin.py:188} INFO - [2026-05-15T03:55:46.304+0000] {dagbag.py:538} INFO - Filling up the DagBag from /opt/airflow/dags/hn_pipeline_dag.py
[2026-05-15T03:55:46.315+0000] {processor.py:840} INFO - DAG(s) 'hn_pipeline' retrieved from /opt/airflow/dags/hn_pipeline_dag.py
[2026-05-15T03:55:46.342+0000] {logging_mixin.py:188} INFO - [2026-05-15T03:55:46.342+0000] {dag.py:3036} INFO - Sync 1 DAGs
[2026-05-15T03:55:46.353+0000] {logging_mixin.py:188} INFO - [2026-05-15T03:55:46.353+0000] {dag.py:3823} INFO - Setting next_dagrun for hn_pipeline to 2026-05-15 02:00:00+00:00, run_after=2026-05-15 03:00:00+00:00
[2026-05-15T03:55:46.362+0000] {processor.py:183} INFO - Processing /opt/airflow/dags/hn_pipeline_dag.py took 0.061 seconds
[2026-05-15T03:56:16.642+0000] {processor.py:161} INFO - Started process (PID=634) to work on /opt/airflow/dags/hn_pipeline_dag.py
[2026-05-15T03:56:16.643+0000] {processor.py:830} INFO - Processing file /opt/airflow/dags/hn_pipeline_dag.py for tasks to queue
[2026-05-15T03:56:16.644+0000] {logging_mixin.py:188} INFO - [2026-05-15T03:56:16.644+0000] {dagbag.py:538} INFO - Filling up the DagBag from /opt/airflow/dags/hn_pipeline_dag.py
[2026-05-15T03:56:16.662+0000] {processor.py:840} INFO - DAG(s) 'hn_pipeline' retrieved from /opt/airflow/dags/hn_pipeline_dag.py
[2026-05-15T03:56:16.688+0000] {logging_mixin.py:188} INFO - [2026-05-15T03:56:16.688+0000] {dag.py:3036} INFO - Sync 1 DAGs
[2026-05-15T03:56:16.699+0000] {logging_mixin.py:188} INFO - [2026-05-15T03:56:16.699+0000] {dag.py:3823} INFO - Setting next_dagrun for hn_pipeline to 2026-05-15 02:00:00+00:00, run_after=2026-05-15 03:00:00+00:00
[2026-05-15T03:56:16.707+0000] {processor.py:183} INFO - Processing /opt/airflow/dags/hn_pipeline_dag.py took 0.069 seconds
[2026-05-15T03:56:46.948+0000] {processor.py:161} INFO - Started process (PID=639) to work on /opt/airflow/dags/hn_pipeline_dag.py
[2026-05-15T03:56:46.949+0000] {processor.py:830} INFO - Processing file /opt/airflow/dags/hn_pipeline_dag.py for tasks to queue
[2026-05-15T03:56:46.950+0000] {logging_mixin.py:188} INFO - [2026-05-15T03:56:46.950+0000] {dagbag.py:538} INFO - Filling up the DagBag from /opt/airflow/dags/hn_pipeline_dag.py
[2026-05-15T03:56:46.968+0000] {processor.py:840} INFO - DAG(s) 'hn_pipeline' retrieved from /opt/airflow/dags/hn_pipeline_dag.py
[2026-05-15T03:56:46.996+0000] {logging_mixin.py:188} INFO - [2026-05-15T03:56:46.996+0000] {dag.py:3036} INFO - Sync 1 DAGs
[2026-05-15T03:56:47.007+0000] {logging_mixin.py:188} INFO - [2026-05-15T03:56:47.007+0000] {dag.py:3823} INFO - Setting next_dagrun for hn_pipeline to 2026-05-15 02:00:00+00:00, run_after=2026-05-15 03:00:00+00:00
[2026-05-15T03:56:47.016+0000] {processor.py:183} INFO - Processing /opt/airflow/dags/hn_pipeline_dag.py took 0.072 seconds
[2026-05-15T03:57:17.153+0000] {processor.py:161} INFO - Started process (PID=644) to work on /opt/airflow/dags/hn_pipeline_dag.py
[2026-05-15T03:57:17.154+0000] {processor.py:830} INFO - Processing file /opt/airflow/dags/hn_pipeline_dag.py for tasks to queue
[2026-05-15T03:57:17.155+0000] {logging_mixin.py:188} INFO - [2026-05-15T03:57:17.154+0000] {dagbag.py:538} INFO - Filling up the DagBag from /opt/airflow/dags/hn_pipeline_dag.py
[2026-05-15T03:57:17.171+0000] {processor.py:840} INFO - DAG(s) 'hn_pipeline' retrieved from /opt/airflow/dags/hn_pipeline_dag.py
[2026-05-15T03:57:17.200+0000] {logging_mixin.py:188} INFO - [2026-05-15T03:57:17.199+0000] {dag.py:3036} INFO - Sync 1 DAGs
[2026-05-15T03:57:17.211+0000] {logging_mixin.py:188} INFO - [2026-05-15T03:57:17.211+0000] {dag.py:3823} INFO - Setting next_dagrun for hn_pipeline to 2026-05-15 02:00:00+00:00, run_after=2026-05-15 03:00:00+00:00
[2026-05-15T03:57:17.218+0000] {processor.py:183} INFO - Processing /opt/airflow/dags/hn_pipeline_dag.py took 0.069 seconds
[2026-05-15T03:57:47.494+0000] {processor.py:161} INFO - Started process (PID=649) to work on /opt/airflow/dags/hn_pipeline_dag.py
[2026-05-15T03:57:47.495+0000] {processor.py:830} INFO - Processing file /opt/airflow/dags/hn_pipeline_dag.py for tasks to queue
[2026-05-15T03:57:47.497+0000] {logging_mixin.py:188} INFO - [2026-05-15T03:57:47.496+0000] {dagbag.py:538} INFO - Filling up the DagBag from /opt/airflow/dags/hn_pipeline_dag.py
[2026-05-15T03:57:47.515+0000] {processor.py:840} INFO - DAG(s) 'hn_pipeline' retrieved from /opt/airflow/dags/hn_pipeline_dag.py
[2026-05-15T03:57:47.545+0000] {logging_mixin.py:188} INFO - [2026-05-15T03:57:47.545+0000] {dag.py:3036} INFO - Sync 1 DAGs
[2026-05-15T03:57:47.556+0000] {logging_mixin.py:188} INFO - [2026-05-15T03:57:47.556+0000] {dag.py:3823} INFO - Setting next_dagrun for hn_pipeline to 2026-05-15 02:00:00+00:00, run_after=2026-05-15 03:00:00+00:00
[2026-05-15T03:57:47.563+0000] {processor.py:183} INFO - Processing /opt/airflow/dags/hn_pipeline_dag.py took 0.074 seconds
[2026-05-15T03:58:17.831+0000] {processor.py:161} INFO - Started process (PID=654) to work on /opt/airflow/dags/hn_pipeline_dag.py
[2026-05-15T03:58:17.832+0000] {processor.py:830} INFO - Processing file /opt/airflow/dags/hn_pipeline_dag.py for tasks to queue
[2026-05-15T03:58:17.833+0000] {logging_mixin.py:188} INFO - [2026-05-15T03:58:17.832+0000] {dagbag.py:538} INFO - Filling up the DagBag from /opt/airflow/dags/hn_pipeline_dag.py
[2026-05-15T03:58:17.846+0000] {processor.py:840} INFO - DAG(s) 'hn_pipeline' retrieved from /opt/airflow/dags/hn_pipeline_dag.py
[2026-05-15T03:58:17.871+0000] {logging_mixin.py:188} INFO - [2026-05-15T03:58:17.871+0000] {dag.py:3036} INFO - Sync 1 DAGs
[2026-05-15T03:58:17.882+0000] {logging_mixin.py:188} INFO - [2026-05-15T03:58:17.882+0000] {dag.py:3823} INFO - Setting next_dagrun for hn_pipeline to 2026-05-15 02:00:00+00:00, run_after=2026-05-15 03:00:00+00:00
[2026-05-15T03:58:17.889+0000] {processor.py:183} INFO - Processing /opt/airflow/dags/hn_pipeline_dag.py took 0.061 seconds
[2026-05-15T03:58:48.154+0000] {processor.py:161} INFO - Started process (PID=659) to work on /opt/airflow/dags/hn_pipeline_dag.py
[2026-05-15T03:58:48.155+0000] {processor.py:830} INFO - Processing file /opt/airflow/dags/hn_pipeline_dag.py for tasks to queue
[2026-05-15T03:58:48.156+0000] {logging_mixin.py:188} INFO - [2026-05-15T03:58:48.155+0000] {dagbag.py:538} INFO - Filling up the DagBag from /opt/airflow/dags/hn_pipeline_dag.py
[2026-05-15T03:58:48.171+0000] {processor.py:840} INFO - DAG(s) 'hn_pipeline' retrieved from /opt/airflow/dags/hn_pipeline_dag.py
[2026-05-15T03:58:48.196+0000] {logging_mixin.py:188} INFO - [2026-05-15T03:58:48.196+0000] {dag.py:3036} INFO - Sync 1 DAGs
[2026-05-15T03:58:48.207+0000] {logging_mixin.py:188} INFO - [2026-05-15T03:58:48.207+0000] {dag.py:3823} INFO - Setting next_dagrun for hn_pipeline to 2026-05-15 02:00:00+00:00, run_after=2026-05-15 03:00:00+00:00
[2026-05-15T03:58:48.214+0000] {processor.py:183} INFO - Processing /opt/airflow/dags/hn_pipeline_dag.py took 0.064 seconds
[2026-05-15T03:59:18.513+0000] {processor.py:161} INFO - Started process (PID=664) to work on /opt/airflow/dags/hn_pipeline_dag.py
[2026-05-15T03:59:18.514+0000] {processor.py:830} INFO - Processing file /opt/airflow/dags/hn_pipeline_dag.py for tasks to queue
[2026-05-15T03:59:18.516+0000] {logging_mixin.py:188} INFO - [2026-05-15T03:59:18.515+0000] {dagbag.py:538} INFO - Filling up the DagBag from /opt/airflow/dags/hn_pipeline_dag.py
[2026-05-15T03:59:18.536+0000] {processor.py:840} INFO - DAG(s) 'hn_pipeline' retrieved from /opt/airflow/dags/hn_pipeline_dag.py
[2026-05-15T03:59:18.563+0000] {logging_mixin.py:188} INFO - [2026-05-15T03:59:18.563+0000] {dag.py:3036} INFO - Sync 1 DAGs
[2026-05-15T03:59:18.574+0000] {logging_mixin.py:188} INFO - [2026-05-15T03:59:18.574+0000] {dag.py:3823} INFO - Setting next_dagrun for hn_pipeline to 2026-05-15 02:00:00+00:00, run_after=2026-05-15 03:00:00+00:00
[2026-05-15T03:59:18.582+0000] {processor.py:183} INFO - Processing /opt/airflow/dags/hn_pipeline_dag.py took 0.074 seconds
[2026-05-15T03:59:48.962+0000] {processor.py:161} INFO - Started process (PID=669) to work on /opt/airflow/dags/hn_pipeline_dag.py
[2026-05-15T03:59:48.964+0000] {processor.py:830} INFO - Processing file /opt/airflow/dags/hn_pipeline_dag.py for tasks to queue
[2026-05-15T03:59:48.965+0000] {logging_mixin.py:188} INFO - [2026-05-15T03:59:48.964+0000] {dagbag.py:538} INFO - Filling up the DagBag from /opt/airflow/dags/hn_pipeline_dag.py
[2026-05-15T03:59:48.982+0000] {processor.py:840} INFO - DAG(s) 'hn_pipeline' retrieved from /opt/airflow/dags/hn_pipeline_dag.py
[2026-05-15T03:59:49.010+0000] {logging_mixin.py:188} INFO - [2026-05-15T03:59:49.010+0000] {dag.py:3036} INFO - Sync 1 DAGs
[2026-05-15T03:59:49.021+0000] {logging_mixin.py:188} INFO - [2026-05-15T03:59:49.021+0000] {dag.py:3823} INFO - Setting next_dagrun for hn_pipeline to 2026-05-15 02:00:00+00:00, run_after=2026-05-15 03:00:00+00:00
[2026-05-15T03:59:49.028+0000] {processor.py:183} INFO - Processing /opt/airflow/dags/hn_pipeline_dag.py took 0.071 seconds
[2026-05-15T04:00:19.343+0000] {processor.py:161} INFO - Started process (PID=674) to work on /opt/airflow/dags/hn_pipeline_dag.py
[2026-05-15T04:00:19.345+0000] {processor.py:830} INFO - Processing file /opt/airflow/dags/hn_pipeline_dag.py for tasks to queue
[2026-05-15T04:00:19.346+0000] {logging_mixin.py:188} INFO - [2026-05-15T04:00:19.346+0000] {dagbag.py:538} INFO - Filling up the DagBag from /opt/airflow/dags/hn_pipeline_dag.py
[2026-05-15T04:00:19.364+0000] {processor.py:840} INFO - DAG(s) 'hn_pipeline' retrieved from /opt/airflow/dags/hn_pipeline_dag.py
[2026-05-15T04:00:19.392+0000] {logging_mixin.py:188} INFO - [2026-05-15T04:00:19.392+0000] {dag.py:3036} INFO - Sync 1 DAGs
[2026-05-15T04:00:19.402+0000] {logging_mixin.py:188} INFO - [2026-05-15T04:00:19.402+0000] {dag.py:3823} INFO - Setting next_dagrun for hn_pipeline to 2026-05-15 03:00:00+00:00, run_after=2026-05-15 04:00:00+00:00
[2026-05-15T04:00:19.410+0000] {processor.py:183} INFO - Processing /opt/airflow/dags/hn_pipeline_dag.py took 0.071 seconds
[2026-05-15T04:00:49.721+0000] {processor.py:161} INFO - Started process (PID=679) to work on /opt/airflow/dags/hn_pipeline_dag.py
[2026-05-15T04:00:49.722+0000] {processor.py:830} INFO - Processing file /opt/airflow/dags/hn_pipeline_dag.py for tasks to queue
[2026-05-15T04:00:49.725+0000] {logging_mixin.py:188} INFO - [2026-05-15T04:00:49.723+0000] {dagbag.py:538} INFO - Filling up the DagBag from /opt/airflow/dags/hn_pipeline_dag.py
[2026-05-15T04:00:49.740+0000] {processor.py:840} INFO - DAG(s) 'hn_pipeline' retrieved from /opt/airflow/dags/hn_pipeline_dag.py
[2026-05-15T04:00:49.783+0000] {logging_mixin.py:188} INFO - [2026-05-15T04:00:49.783+0000] {dag.py:3036} INFO - Sync 1 DAGs
[2026-05-15T04:00:49.805+0000] {logging_mixin.py:188} INFO - [2026-05-15T04:00:49.805+0000] {dag.py:3823} INFO - Setting next_dagrun for hn_pipeline to 2026-05-15 03:00:00+00:00, run_after=2026-05-15 04:00:00+00:00
[2026-05-15T04:00:49.815+0000] {processor.py:183} INFO - Processing /opt/airflow/dags/hn_pipeline_dag.py took 0.098 seconds
[2026-05-15T04:01:20.209+0000] {processor.py:161} INFO - Started process (PID=684) to work on /opt/airflow/dags/hn_pipeline_dag.py
[2026-05-15T04:01:20.210+0000] {processor.py:830} INFO - Processing file /opt/airflow/dags/hn_pipeline_dag.py for tasks to queue
[2026-05-15T04:01:20.212+0000] {logging_mixin.py:188} INFO - [2026-05-15T04:01:20.211+0000] {dagbag.py:538} INFO - Filling up the DagBag from /opt/airflow/dags/hn_pipeline_dag.py
[2026-05-15T04:01:20.227+0000] {processor.py:840} INFO - DAG(s) 'hn_pipeline' retrieved from /opt/airflow/dags/hn_pipeline_dag.py
[2026-05-15T04:01:20.279+0000] {logging_mixin.py:188} INFO - [2026-05-15T04:01:20.277+0000] {dag.py:3036} INFO - Sync 1 DAGs
[2026-05-15T04:01:20.319+0000] {logging_mixin.py:188} INFO - [2026-05-15T04:01:20.318+0000] {dag.py:3823} INFO - Setting next_dagrun for hn_pipeline to 2026-05-15 03:00:00+00:00, run_after=2026-05-15 04:00:00+00:00
[2026-05-15T04:01:20.508+0000] {processor.py:183} INFO - Processing /opt/airflow/dags/hn_pipeline_dag.py took 0.301 seconds
[2026-05-15T04:01:50.987+0000] {processor.py:161} INFO - Started process (PID=689) to work on /opt/airflow/dags/hn_pipeline_dag.py
[2026-05-15T04:01:50.988+0000] {processor.py:830} INFO - Processing file /opt/airflow/dags/hn_pipeline_dag.py for tasks to queue
[2026-05-15T04:01:50.990+0000] {logging_mixin.py:188} INFO - [2026-05-15T04:01:50.989+0000] {dagbag.py:538} INFO - Filling up the DagBag from /opt/airflow/dags/hn_pipeline_dag.py
[2026-05-15T04:01:51.011+0000] {processor.py:840} INFO - DAG(s) 'hn_pipeline' retrieved from /opt/airflow/dags/hn_pipeline_dag.py
[2026-05-15T04:01:51.524+0000] {logging_mixin.py:188} INFO - [2026-05-15T04:01:51.518+0000] {dag.py:3036} INFO - Sync 1 DAGs
[2026-05-15T04:01:51.932+0000] {logging_mixin.py:188} INFO - [2026-05-15T04:01:51.895+0000] {dag.py:3823} INFO - Setting next_dagrun for hn_pipeline to 2026-05-15 03:00:00+00:00, run_after=2026-05-15 04:00:00+00:00
[2026-05-15T04:01:53.760+0000] {processor.py:183} INFO - Processing /opt/airflow/dags/hn_pipeline_dag.py took 2.724 seconds
[2026-05-15T04:02:24.457+0000] {processor.py:161} INFO - Started process (PID=694) to work on /opt/airflow/dags/hn_pipeline_dag.py
[2026-05-15T04:02:24.458+0000] {processor.py:830} INFO - Processing file /opt/airflow/dags/hn_pipeline_dag.py for tasks to queue
[2026-05-15T04:02:24.459+0000] {logging_mixin.py:188} INFO - [2026-05-15T04:02:24.459+0000] {dagbag.py:538} INFO - Filling up the DagBag from /opt/airflow/dags/hn_pipeline_dag.py
[2026-05-15T04:02:24.472+0000] {processor.py:840} INFO - DAG(s) 'hn_pipeline' retrieved from /opt/airflow/dags/hn_pipeline_dag.py
[2026-05-15T04:02:24.773+0000] {logging_mixin.py:188} INFO - [2026-05-15T04:02:24.764+0000] {dag.py:3036} INFO - Sync 1 DAGs
[2026-05-15T04:02:24.829+0000] {logging_mixin.py:188} INFO - [2026-05-15T04:02:24.828+0000] {dag.py:3823} INFO - Setting next_dagrun for hn_pipeline to 2026-05-15 03:00:00+00:00, run_after=2026-05-15 04:00:00+00:00
[2026-05-15T04:02:25.626+0000] {processor.py:183} INFO - Processing /opt/airflow/dags/hn_pipeline_dag.py took 1.168 seconds
[2026-05-15T04:02:56.398+0000] {processor.py:161} INFO - Started process (PID=699) to work on /opt/airflow/dags/hn_pipeline_dag.py
[2026-05-15T04:02:56.399+0000] {processor.py:830} INFO - Processing file /opt/airflow/dags/hn_pipeline_dag.py for tasks to queue
[2026-05-15T04:02:56.400+0000] {logging_mixin.py:188} INFO - [2026-05-15T04:02:56.399+0000] {dagbag.py:538} INFO - Filling up the DagBag from /opt/airflow/dags/hn_pipeline_dag.py
[2026-05-15T04:02:56.415+0000] {processor.py:840} INFO - DAG(s) 'hn_pipeline' retrieved from /opt/airflow/dags/hn_pipeline_dag.py
[2026-05-15T04:02:56.525+0000] {logging_mixin.py:188} INFO - [2026-05-15T04:02:56.522+0000] {dag.py:3036} INFO - Sync 1 DAGs
[2026-05-15T04:02:56.724+0000] {logging_mixin.py:188} INFO - [2026-05-15T04:02:56.723+0000] {dag.py:3823} INFO - Setting next_dagrun for hn_pipeline to 2026-05-15 03:00:00+00:00, run_after=2026-05-15 04:00:00+00:00
[2026-05-15T04:02:57.695+0000] {processor.py:183} INFO - Processing /opt/airflow/dags/hn_pipeline_dag.py took 1.297 seconds
[2026-05-15T04:03:28.013+0000] {processor.py:161} INFO - Started process (PID=704) to work on /opt/airflow/dags/hn_pipeline_dag.py
[2026-05-15T04:03:28.014+0000] {processor.py:830} INFO - Processing file /opt/airflow/dags/hn_pipeline_dag.py for tasks to queue
[2026-05-15T04:03:28.016+0000] {logging_mixin.py:188} INFO - [2026-05-15T04:03:28.015+0000] {dagbag.py:538} INFO - Filling up the DagBag from /opt/airflow/dags/hn_pipeline_dag.py
[2026-05-15T04:03:28.031+0000] {processor.py:840} INFO - DAG(s) 'hn_pipeline' retrieved from /opt/airflow/dags/hn_pipeline_dag.py
[2026-05-15T04:03:28.084+0000] {logging_mixin.py:188} INFO - [2026-05-15T04:03:28.083+0000] {dag.py:3036} INFO - Sync 1 DAGs
[2026-05-15T04:03:28.119+0000] {logging_mixin.py:188} INFO - [2026-05-15T04:03:28.118+0000] {dag.py:3823} INFO - Setting next_dagrun for hn_pipeline to 2026-05-15 03:00:00+00:00, run_after=2026-05-15 04:00:00+00:00
[2026-05-15T04:03:28.413+0000] {processor.py:183} INFO - Processing /opt/airflow/dags/hn_pipeline_dag.py took 0.405 seconds
[2026-05-15T04:03:58.737+0000] {processor.py:161} INFO - Started process (PID=709) to work on /opt/airflow/dags/hn_pipeline_dag.py
[2026-05-15T04:03:58.738+0000] {processor.py:830} INFO - Processing file /opt/airflow/dags/hn_pipeline_dag.py for tasks to queue
[2026-05-15T04:03:58.739+0000] {logging_mixin.py:188} INFO - [2026-05-15T04:03:58.738+0000] {dagbag.py:538} INFO - Filling up the DagBag from /opt/airflow/dags/hn_pipeline_dag.py
[2026-05-15T04:03:58.865+0000] {processor.py:840} INFO - DAG(s) 'hn_pipeline' retrieved from /opt/airflow/dags/hn_pipeline_dag.py
[2026-05-15T04:04:01.196+0000] {logging_mixin.py:188} INFO - [2026-05-15T04:04:01.195+0000] {dag.py:3036} INFO - Sync 1 DAGs
[2026-05-15T04:04:01.499+0000] {logging_mixin.py:188} INFO - [2026-05-15T04:04:01.496+0000] {dag.py:3823} INFO - Setting next_dagrun for hn_pipeline to 2026-05-15 03:00:00+00:00, run_after=2026-05-15 04:00:00+00:00
[2026-05-15T04:04:19.634+0000] {processor.py:183} INFO - Processing /opt/airflow/dags/hn_pipeline_dag.py took 20.854 seconds
[2026-05-15T04:04:53.909+0000] {processor.py:161} INFO - Started process (PID=714) to work on /opt/airflow/dags/hn_pipeline_dag.py
[2026-05-15T04:04:53.909+0000] {processor.py:830} INFO - Processing file /opt/airflow/dags/hn_pipeline_dag.py for tasks to queue
[2026-05-15T04:04:53.910+0000] {logging_mixin.py:188} INFO - [2026-05-15T04:04:53.910+0000] {dagbag.py:538} INFO - Filling up the DagBag from /opt/airflow/dags/hn_pipeline_dag.py
[2026-05-15T04:04:53.924+0000] {processor.py:840} INFO - DAG(s) 'hn_pipeline' retrieved from /opt/airflow/dags/hn_pipeline_dag.py
[2026-05-15T04:04:54.373+0000] {logging_mixin.py:188} INFO - [2026-05-15T04:04:54.352+0000] {dag.py:3036} INFO - Sync 1 DAGs
[2026-05-15T04:04:54.497+0000] {logging_mixin.py:188} INFO - [2026-05-15T04:04:54.496+0000] {dag.py:3823} INFO - Setting next_dagrun for hn_pipeline to 2026-05-15 03:00:00+00:00, run_after=2026-05-15 04:00:00+00:00
[2026-05-15T04:04:55.483+0000] {processor.py:183} INFO - Processing /opt/airflow/dags/hn_pipeline_dag.py took 1.576 seconds
[2026-05-15T04:05:25.942+0000] {processor.py:161} INFO - Started process (PID=719) to work on /opt/airflow/dags/hn_pipeline_dag.py
[2026-05-15T04:05:25.943+0000] {processor.py:830} INFO - Processing file /opt/airflow/dags/hn_pipeline_dag.py for tasks to queue
[2026-05-15T04:05:25.945+0000] {logging_mixin.py:188} INFO - [2026-05-15T04:05:25.944+0000] {dagbag.py:538} INFO - Filling up the DagBag from /opt/airflow/dags/hn_pipeline_dag.py
[2026-05-15T04:05:25.966+0000] {processor.py:840} INFO - DAG(s) 'hn_pipeline' retrieved from /opt/airflow/dags/hn_pipeline_dag.py
[2026-05-15T04:05:26.233+0000] {logging_mixin.py:188} INFO - [2026-05-15T04:05:26.231+0000] {dag.py:3036} INFO - Sync 1 DAGs
[2026-05-15T04:05:26.587+0000] {logging_mixin.py:188} INFO - [2026-05-15T04:05:26.585+0000] {dag.py:3823} INFO - Setting next_dagrun for hn_pipeline to 2026-05-15 03:00:00+00:00, run_after=2026-05-15 04:00:00+00:00
[2026-05-15T04:05:37.865+0000] {processor.py:183} INFO - Processing /opt/airflow/dags/hn_pipeline_dag.py took 12.179 seconds
[2026-05-15T04:06:08.474+0000] {processor.py:161} INFO - Started process (PID=724) to work on /opt/airflow/dags/hn_pipeline_dag.py
[2026-05-15T04:06:08.476+0000] {processor.py:830} INFO - Processing file /opt/airflow/dags/hn_pipeline_dag.py for tasks to queue
[2026-05-15T04:06:08.477+0000] {logging_mixin.py:188} INFO - [2026-05-15T04:06:08.476+0000] {dagbag.py:538} INFO - Filling up the DagBag from /opt/airflow/dags/hn_pipeline_dag.py
[2026-05-15T04:06:08.495+0000] {processor.py:840} INFO - DAG(s) 'hn_pipeline' retrieved from /opt/airflow/dags/hn_pipeline_dag.py
[2026-05-15T04:06:09.104+0000] {logging_mixin.py:188} INFO - [2026-05-15T04:06:09.101+0000] {dag.py:3036} INFO - Sync 1 DAGs
[2026-05-15T04:06:09.310+0000] {logging_mixin.py:188} INFO - [2026-05-15T04:06:09.309+0000] {dag.py:3823} INFO - Setting next_dagrun for hn_pipeline to 2026-05-15 03:00:00+00:00, run_after=2026-05-15 04:00:00+00:00
[2026-05-15T04:06:09.774+0000] {processor.py:183} INFO - Processing /opt/airflow/dags/hn_pipeline_dag.py took 1.293 seconds
[2026-05-15T04:06:40.330+0000] {processor.py:161} INFO - Started process (PID=729) to work on /opt/airflow/dags/hn_pipeline_dag.py
[2026-05-15T04:06:40.331+0000] {processor.py:830} INFO - Processing file /opt/airflow/dags/hn_pipeline_dag.py for tasks to queue
[2026-05-15T04:06:40.333+0000] {logging_mixin.py:188} INFO - [2026-05-15T04:06:40.332+0000] {dagbag.py:538} INFO - Filling up the DagBag from /opt/airflow/dags/hn_pipeline_dag.py
[2026-05-15T04:06:40.350+0000] {processor.py:840} INFO - DAG(s) 'hn_pipeline' retrieved from /opt/airflow/dags/hn_pipeline_dag.py
[2026-05-15T04:06:40.412+0000] {logging_mixin.py:188} INFO - [2026-05-15T04:06:40.410+0000] {dag.py:3036} INFO - Sync 1 DAGs
[2026-05-15T04:06:40.454+0000] {logging_mixin.py:188} INFO - [2026-05-15T04:06:40.452+0000] {dag.py:3823} INFO - Setting next_dagrun for hn_pipeline to 2026-05-15 03:00:00+00:00, run_after=2026-05-15 04:00:00+00:00
[2026-05-15T04:06:40.499+0000] {processor.py:183} INFO - Processing /opt/airflow/dags/hn_pipeline_dag.py took 0.175 seconds
[2026-05-15T04:07:10.832+0000] {processor.py:161} INFO - Started process (PID=734) to work on /opt/airflow/dags/hn_pipeline_dag.py
[2026-05-15T04:07:10.833+0000] {processor.py:830} INFO - Processing file /opt/airflow/dags/hn_pipeline_dag.py for tasks to queue
[2026-05-15T04:07:10.834+0000] {logging_mixin.py:188} INFO - [2026-05-15T04:07:10.834+0000] {dagbag.py:538} INFO - Filling up the DagBag from /opt/airflow/dags/hn_pipeline_dag.py
[2026-05-15T04:07:10.852+0000] {processor.py:840} INFO - DAG(s) 'hn_pipeline' retrieved from /opt/airflow/dags/hn_pipeline_dag.py
[2026-05-15T04:07:10.947+0000] {logging_mixin.py:188} INFO - [2026-05-15T04:07:10.936+0000] {dag.py:3036} INFO - Sync 1 DAGs
[2026-05-15T04:07:10.996+0000] {logging_mixin.py:188} INFO - [2026-05-15T04:07:10.995+0000] {dag.py:3823} INFO - Setting next_dagrun for hn_pipeline to 2026-05-15 03:00:00+00:00, run_after=2026-05-15 04:00:00+00:00
[2026-05-15T04:07:11.244+0000] {processor.py:183} INFO - Processing /opt/airflow/dags/hn_pipeline_dag.py took 0.417 seconds
[2026-05-15T04:07:41.683+0000] {processor.py:161} INFO - Started process (PID=739) to work on /opt/airflow/dags/hn_pipeline_dag.py
[2026-05-15T04:07:41.685+0000] {processor.py:830} INFO - Processing file /opt/airflow/dags/hn_pipeline_dag.py for tasks to queue
[2026-05-15T04:07:41.686+0000] {logging_mixin.py:188} INFO - [2026-05-15T04:07:41.685+0000] {dagbag.py:538} INFO - Filling up the DagBag from /opt/airflow/dags/hn_pipeline_dag.py
[2026-05-15T04:07:41.705+0000] {processor.py:840} INFO - DAG(s) 'hn_pipeline' retrieved from /opt/airflow/dags/hn_pipeline_dag.py
[2026-05-15T04:07:41.767+0000] {logging_mixin.py:188} INFO - [2026-05-15T04:07:41.764+0000] {dag.py:3036} INFO - Sync 1 DAGs
[2026-05-15T04:07:41.881+0000] {logging_mixin.py:188} INFO - [2026-05-15T04:07:41.880+0000] {dag.py:3823} INFO - Setting next_dagrun for hn_pipeline to 2026-05-15 03:00:00+00:00, run_after=2026-05-15 04:00:00+00:00
[2026-05-15T04:07:42.058+0000] {processor.py:183} INFO - Processing /opt/airflow/dags/hn_pipeline_dag.py took 0.380 seconds
[2026-05-15T04:08:12.136+0000] {processor.py:161} INFO - Started process (PID=744) to work on /opt/airflow/dags/hn_pipeline_dag.py
[2026-05-15T04:08:12.137+0000] {processor.py:830} INFO - Processing file /opt/airflow/dags/hn_pipeline_dag.py for tasks to queue
[2026-05-15T04:08:12.139+0000] {logging_mixin.py:188} INFO - [2026-05-15T04:08:12.138+0000] {dagbag.py:538} INFO - Filling up the DagBag from /opt/airflow/dags/hn_pipeline_dag.py
[2026-05-15T04:08:12.151+0000] {processor.py:840} INFO - DAG(s) 'hn_pipeline' retrieved from /opt/airflow/dags/hn_pipeline_dag.py
[2026-05-15T04:08:12.372+0000] {logging_mixin.py:188} INFO - [2026-05-15T04:08:12.370+0000] {dag.py:3036} INFO - Sync 1 DAGs
[2026-05-15T04:08:13.085+0000] {logging_mixin.py:188} INFO - [2026-05-15T04:08:13.084+0000] {dag.py:3823} INFO - Setting next_dagrun for hn_pipeline to 2026-05-15 03:00:00+00:00, run_after=2026-05-15 04:00:00+00:00
[2026-05-15T04:08:13.286+0000] {processor.py:183} INFO - Processing /opt/airflow/dags/hn_pipeline_dag.py took 1.155 seconds
[2026-05-15T04:08:43.598+0000] {processor.py:161} INFO - Started process (PID=749) to work on /opt/airflow/dags/hn_pipeline_dag.py
[2026-05-15T04:08:43.598+0000] {processor.py:830} INFO - Processing file /opt/airflow/dags/hn_pipeline_dag.py for tasks to queue
[2026-05-15T04:08:43.599+0000] {logging_mixin.py:188} INFO - [2026-05-15T04:08:43.599+0000] {dagbag.py:538} INFO - Filling up the DagBag from /opt/airflow/dags/hn_pipeline_dag.py
[2026-05-15T04:08:43.613+0000] {processor.py:840} INFO - DAG(s) 'hn_pipeline' retrieved from /opt/airflow/dags/hn_pipeline_dag.py
[2026-05-15T04:08:43.883+0000] {logging_mixin.py:188} INFO - [2026-05-15T04:08:43.873+0000] {dag.py:3036} INFO - Sync 1 DAGs
[2026-05-15T04:08:44.434+0000] {logging_mixin.py:188} INFO - [2026-05-15T04:08:44.396+0000] {dag.py:3823} INFO - Setting next_dagrun for hn_pipeline to 2026-05-15 03:00:00+00:00, run_after=2026-05-15 04:00:00+00:00
[2026-05-15T04:08:46.917+0000] {processor.py:183} INFO - Processing /opt/airflow/dags/hn_pipeline_dag.py took 3.318 seconds
[2026-05-15T04:09:17.545+0000] {processor.py:161} INFO - Started process (PID=754) to work on /opt/airflow/dags/hn_pipeline_dag.py
[2026-05-15T04:09:17.546+0000] {processor.py:830} INFO - Processing file /opt/airflow/dags/hn_pipeline_dag.py for tasks to queue
[2026-05-15T04:09:17.548+0000] {logging_mixin.py:188} INFO - [2026-05-15T04:09:17.547+0000] {dagbag.py:538} INFO - Filling up the DagBag from /opt/airflow/dags/hn_pipeline_dag.py
[2026-05-15T04:09:17.566+0000] {processor.py:840} INFO - DAG(s) 'hn_pipeline' retrieved from /opt/airflow/dags/hn_pipeline_dag.py
[2026-05-15T04:09:17.628+0000] {logging_mixin.py:188} INFO - [2026-05-15T04:09:17.626+0000] {dag.py:3036} INFO - Sync 1 DAGs
[2026-05-15T04:09:17.656+0000] {logging_mixin.py:188} INFO - [2026-05-15T04:09:17.655+0000] {dag.py:3823} INFO - Setting next_dagrun for hn_pipeline to 2026-05-15 03:00:00+00:00, run_after=2026-05-15 04:00:00+00:00
[2026-05-15T04:09:17.816+0000] {processor.py:183} INFO - Processing /opt/airflow/dags/hn_pipeline_dag.py took 0.275 seconds
[2026-05-15T04:09:47.982+0000] {processor.py:161} INFO - Started process (PID=759) to work on /opt/airflow/dags/hn_pipeline_dag.py
[2026-05-15T04:09:47.983+0000] {processor.py:830} INFO - Processing file /opt/airflow/dags/hn_pipeline_dag.py for tasks to queue
[2026-05-15T04:09:47.984+0000] {logging_mixin.py:188} INFO - [2026-05-15T04:09:47.984+0000] {dagbag.py:538} INFO - Filling up the DagBag from /opt/airflow/dags/hn_pipeline_dag.py
[2026-05-15T04:09:48.003+0000] {processor.py:840} INFO - DAG(s) 'hn_pipeline' retrieved from /opt/airflow/dags/hn_pipeline_dag.py
[2026-05-15T04:09:48.228+0000] {logging_mixin.py:188} INFO - [2026-05-15T04:09:48.227+0000] {dag.py:3036} INFO - Sync 1 DAGs
[2026-05-15T04:09:48.967+0000] {logging_mixin.py:188} INFO - [2026-05-15T04:09:48.938+0000] {dag.py:3823} INFO - Setting next_dagrun for hn_pipeline to 2026-05-15 03:00:00+00:00, run_after=2026-05-15 04:00:00+00:00
[2026-05-15T04:09:49.368+0000] {processor.py:183} INFO - Processing /opt/airflow/dags/hn_pipeline_dag.py took 1.391 seconds
[2026-05-15T04:10:19.725+0000] {processor.py:161} INFO - Started process (PID=764) to work on /opt/airflow/dags/hn_pipeline_dag.py
[2026-05-15T04:10:19.726+0000] {processor.py:830} INFO - Processing file /opt/airflow/dags/hn_pipeline_dag.py for tasks to queue
[2026-05-15T04:10:19.727+0000] {logging_mixin.py:188} INFO - [2026-05-15T04:10:19.727+0000] {dagbag.py:538} INFO - Filling up the DagBag from /opt/airflow/dags/hn_pipeline_dag.py
[2026-05-15T04:10:19.742+0000] {processor.py:840} INFO - DAG(s) 'hn_pipeline' retrieved from /opt/airflow/dags/hn_pipeline_dag.py
[2026-05-15T04:10:20.063+0000] {logging_mixin.py:188} INFO - [2026-05-15T04:10:20.062+0000] {dag.py:3036} INFO - Sync 1 DAGs
[2026-05-15T04:10:20.283+0000] {logging_mixin.py:188} INFO - [2026-05-15T04:10:20.281+0000] {dag.py:3823} INFO - Setting next_dagrun for hn_pipeline to 2026-05-15 03:00:00+00:00, run_after=2026-05-15 04:00:00+00:00
[2026-05-15T04:10:20.809+0000] {processor.py:183} INFO - Processing /opt/airflow/dags/hn_pipeline_dag.py took 1.088 seconds
[2026-05-15T04:10:51.161+0000] {processor.py:161} INFO - Started process (PID=769) to work on /opt/airflow/dags/hn_pipeline_dag.py
[2026-05-15T04:10:51.162+0000] {processor.py:830} INFO - Processing file /opt/airflow/dags/hn_pipeline_dag.py for tasks to queue
[2026-05-15T04:10:51.163+0000] {logging_mixin.py:188} INFO - [2026-05-15T04:10:51.163+0000] {dagbag.py:538} INFO - Filling up the DagBag from /opt/airflow/dags/hn_pipeline_dag.py
[2026-05-15T04:10:51.181+0000] {processor.py:840} INFO - DAG(s) 'hn_pipeline' retrieved from /opt/airflow/dags/hn_pipeline_dag.py
[2026-05-15T04:10:51.826+0000] {logging_mixin.py:188} INFO - [2026-05-15T04:10:51.820+0000] {dag.py:3036} INFO - Sync 1 DAGs
[2026-05-15T04:10:54.150+0000] {logging_mixin.py:188} INFO - [2026-05-15T04:10:53.933+0000] {dag.py:3823} INFO - Setting next_dagrun for hn_pipeline to 2026-05-15 03:00:00+00:00, run_after=2026-05-15 04:00:00+00:00
[2026-05-15T04:11:00.297+0000] {processor.py:183} INFO - Processing /opt/airflow/dags/hn_pipeline_dag.py took 9.138 seconds
[2026-05-15T04:11:31.616+0000] {processor.py:161} INFO - Started process (PID=774) to work on /opt/airflow/dags/hn_pipeline_dag.py
[2026-05-15T04:11:31.616+0000] {processor.py:830} INFO - Processing file /opt/airflow/dags/hn_pipeline_dag.py for tasks to queue
[2026-05-15T04:11:31.618+0000] {logging_mixin.py:188} INFO - [2026-05-15T04:11:31.617+0000] {dagbag.py:538} INFO - Filling up the DagBag from /opt/airflow/dags/hn_pipeline_dag.py
[2026-05-15T04:11:31.640+0000] {processor.py:840} INFO - DAG(s) 'hn_pipeline' retrieved from /opt/airflow/dags/hn_pipeline_dag.py
[2026-05-15T04:11:31.748+0000] {logging_mixin.py:188} INFO - [2026-05-15T04:11:31.745+0000] {dag.py:3036} INFO - Sync 1 DAGs
[2026-05-15T04:11:32.149+0000] {logging_mixin.py:188} INFO - [2026-05-15T04:11:32.145+0000] {dag.py:3823} INFO - Setting next_dagrun for hn_pipeline to 2026-05-15 03:00:00+00:00, run_after=2026-05-15 04:00:00+00:00
[2026-05-15T04:11:38.486+0000] {processor.py:183} INFO - Processing /opt/airflow/dags/hn_pipeline_dag.py took 6.867 seconds
[2026-05-15T04:12:09.850+0000] {processor.py:161} INFO - Started process (PID=779) to work on /opt/airflow/dags/hn_pipeline_dag.py
[2026-05-15T04:12:09.851+0000] {processor.py:830} INFO - Processing file /opt/airflow/dags/hn_pipeline_dag.py for tasks to queue
[2026-05-15T04:12:09.852+0000] {logging_mixin.py:188} INFO - [2026-05-15T04:12:09.851+0000] {dagbag.py:538} INFO - Filling up the DagBag from /opt/airflow/dags/hn_pipeline_dag.py
[2026-05-15T04:12:09.867+0000] {processor.py:840} INFO - DAG(s) 'hn_pipeline' retrieved from /opt/airflow/dags/hn_pipeline_dag.py
[2026-05-15T04:12:10.008+0000] {logging_mixin.py:188} INFO - [2026-05-15T04:12:10.007+0000] {dag.py:3036} INFO - Sync 1 DAGs
[2026-05-15T04:12:10.542+0000] {logging_mixin.py:188} INFO - [2026-05-15T04:12:10.540+0000] {dag.py:3823} INFO - Setting next_dagrun for hn_pipeline to 2026-05-15 03:00:00+00:00, run_after=2026-05-15 04:00:00+00:00
[2026-05-15T04:12:28.360+0000] {processor.py:183} INFO - Processing /opt/airflow/dags/hn_pipeline_dag.py took 18.933 seconds
[2026-05-15T04:12:58.929+0000] {processor.py:161} INFO - Started process (PID=784) to work on /opt/airflow/dags/hn_pipeline_dag.py
[2026-05-15T04:12:58.930+0000] {processor.py:830} INFO - Processing file /opt/airflow/dags/hn_pipeline_dag.py for tasks to queue
[2026-05-15T04:12:58.932+0000] {logging_mixin.py:188} INFO - [2026-05-15T04:12:58.931+0000] {dagbag.py:538} INFO - Filling up the DagBag from /opt/airflow/dags/hn_pipeline_dag.py
[2026-05-15T04:12:58.948+0000] {processor.py:840} INFO - DAG(s) 'hn_pipeline' retrieved from /opt/airflow/dags/hn_pipeline_dag.py
[2026-05-15T04:12:58.992+0000] {logging_mixin.py:188} INFO - [2026-05-15T04:12:58.991+0000] {dag.py:3036} INFO - Sync 1 DAGs
[2026-05-15T04:12:59.010+0000] {logging_mixin.py:188} INFO - [2026-05-15T04:12:59.008+0000] {dag.py:3823} INFO - Setting next_dagrun for hn_pipeline to 2026-05-15 03:00:00+00:00, run_after=2026-05-15 04:00:00+00:00
[2026-05-15T04:12:59.030+0000] {processor.py:183} INFO - Processing /opt/airflow/dags/hn_pipeline_dag.py took 0.106 seconds
[2026-05-15T04:13:29.277+0000] {processor.py:161} INFO - Started process (PID=789) to work on /opt/airflow/dags/hn_pipeline_dag.py
[2026-05-15T04:13:29.279+0000] {processor.py:830} INFO - Processing file /opt/airflow/dags/hn_pipeline_dag.py for tasks to queue
[2026-05-15T04:13:29.281+0000] {logging_mixin.py:188} INFO - [2026-05-15T04:13:29.281+0000] {dagbag.py:538} INFO - Filling up the DagBag from /opt/airflow/dags/hn_pipeline_dag.py
[2026-05-15T04:13:29.303+0000] {processor.py:840} INFO - DAG(s) 'hn_pipeline' retrieved from /opt/airflow/dags/hn_pipeline_dag.py
[2026-05-15T04:13:29.330+0000] {logging_mixin.py:188} INFO - [2026-05-15T04:13:29.330+0000] {dag.py:3036} INFO - Sync 1 DAGs
[2026-05-15T04:13:29.341+0000] {logging_mixin.py:188} INFO - [2026-05-15T04:13:29.340+0000] {dag.py:3823} INFO - Setting next_dagrun for hn_pipeline to 2026-05-15 03:00:00+00:00, run_after=2026-05-15 04:00:00+00:00
[2026-05-15T04:13:29.347+0000] {processor.py:183} INFO - Processing /opt/airflow/dags/hn_pipeline_dag.py took 0.075 seconds
[2026-05-15T04:13:59.648+0000] {processor.py:161} INFO - Started process (PID=794) to work on /opt/airflow/dags/hn_pipeline_dag.py
[2026-05-15T04:13:59.650+0000] {processor.py:830} INFO - Processing file /opt/airflow/dags/hn_pipeline_dag.py for tasks to queue
[2026-05-15T04:13:59.651+0000] {logging_mixin.py:188} INFO - [2026-05-15T04:13:59.651+0000] {dagbag.py:538} INFO - Filling up the DagBag from /opt/airflow/dags/hn_pipeline_dag.py
[2026-05-15T04:13:59.667+0000] {processor.py:840} INFO - DAG(s) 'hn_pipeline' retrieved from /opt/airflow/dags/hn_pipeline_dag.py
[2026-05-15T04:13:59.688+0000] {logging_mixin.py:188} INFO - [2026-05-15T04:13:59.688+0000] {dag.py:3036} INFO - Sync 1 DAGs
[2026-05-15T04:13:59.706+0000] {logging_mixin.py:188} INFO - [2026-05-15T04:13:59.706+0000] {dag.py:3823} INFO - Setting next_dagrun for hn_pipeline to 2026-05-15 03:00:00+00:00, run_after=2026-05-15 04:00:00+00:00
[2026-05-15T04:13:59.717+0000] {processor.py:183} INFO - Processing /opt/airflow/dags/hn_pipeline_dag.py took 0.073 seconds
[2026-05-15T04:14:29.963+0000] {processor.py:161} INFO - Started process (PID=799) to work on /opt/airflow/dags/hn_pipeline_dag.py
[2026-05-15T04:14:29.963+0000] {processor.py:830} INFO - Processing file /opt/airflow/dags/hn_pipeline_dag.py for tasks to queue
[2026-05-15T04:14:29.964+0000] {logging_mixin.py:188} INFO - [2026-05-15T04:14:29.964+0000] {dagbag.py:538} INFO - Filling up the DagBag from /opt/airflow/dags/hn_pipeline_dag.py
[2026-05-15T04:14:29.974+0000] {processor.py:840} INFO - DAG(s) 'hn_pipeline' retrieved from /opt/airflow/dags/hn_pipeline_dag.py
[2026-05-15T04:14:29.993+0000] {logging_mixin.py:188} INFO - [2026-05-15T04:14:29.993+0000] {dag.py:3036} INFO - Sync 1 DAGs
[2026-05-15T04:14:30.003+0000] {logging_mixin.py:188} INFO - [2026-05-15T04:14:30.003+0000] {dag.py:3823} INFO - Setting next_dagrun for hn_pipeline to 2026-05-15 03:00:00+00:00, run_after=2026-05-15 04:00:00+00:00
[2026-05-15T04:14:30.010+0000] {processor.py:183} INFO - Processing /opt/airflow/dags/hn_pipeline_dag.py took 0.050 seconds
[2026-05-15T04:15:00.453+0000] {processor.py:161} INFO - Started process (PID=804) to work on /opt/airflow/dags/hn_pipeline_dag.py
[2026-05-15T04:15:00.454+0000] {processor.py:830} INFO - Processing file /opt/airflow/dags/hn_pipeline_dag.py for tasks to queue
[2026-05-15T04:15:00.456+0000] {logging_mixin.py:188} INFO - [2026-05-15T04:15:00.455+0000] {dagbag.py:538} INFO - Filling up the DagBag from /opt/airflow/dags/hn_pipeline_dag.py
[2026-05-15T04:15:00.475+0000] {processor.py:840} INFO - DAG(s) 'hn_pipeline' retrieved from /opt/airflow/dags/hn_pipeline_dag.py
[2026-05-15T04:15:00.639+0000] {logging_mixin.py:188} INFO - [2026-05-15T04:15:00.637+0000] {dag.py:3036} INFO - Sync 1 DAGs
[2026-05-15T04:15:00.843+0000] {logging_mixin.py:188} INFO - [2026-05-15T04:15:00.842+0000] {dag.py:3823} INFO - Setting next_dagrun for hn_pipeline to 2026-05-15 03:00:00+00:00, run_after=2026-05-15 04:00:00+00:00
[2026-05-15T04:15:02.592+0000] {processor.py:183} INFO - Processing /opt/airflow/dags/hn_pipeline_dag.py took 2.104 seconds
[2026-05-15T04:15:33.861+0000] {processor.py:161} INFO - Started process (PID=809) to work on /opt/airflow/dags/hn_pipeline_dag.py
[2026-05-15T04:15:33.862+0000] {processor.py:830} INFO - Processing file /opt/airflow/dags/hn_pipeline_dag.py for tasks to queue
[2026-05-15T04:15:33.864+0000] {logging_mixin.py:188} INFO - [2026-05-15T04:15:33.863+0000] {dagbag.py:538} INFO - Filling up the DagBag from /opt/airflow/dags/hn_pipeline_dag.py
[2026-05-15T04:15:33.883+0000] {processor.py:840} INFO - DAG(s) 'hn_pipeline' retrieved from /opt/airflow/dags/hn_pipeline_dag.py
[2026-05-15T04:15:34.453+0000] {logging_mixin.py:188} INFO - [2026-05-15T04:15:34.451+0000] {dag.py:3036} INFO - Sync 1 DAGs
[2026-05-15T04:15:34.531+0000] {logging_mixin.py:188} INFO - [2026-05-15T04:15:34.530+0000] {dag.py:3823} INFO - Setting next_dagrun for hn_pipeline to 2026-05-15 03:00:00+00:00, run_after=2026-05-15 04:00:00+00:00
[2026-05-15T04:15:35.546+0000] {processor.py:183} INFO - Processing /opt/airflow/dags/hn_pipeline_dag.py took 1.690 seconds
[2026-05-15T04:16:05.986+0000] {processor.py:161} INFO - Started process (PID=814) to work on /opt/airflow/dags/hn_pipeline_dag.py
[2026-05-15T04:16:05.987+0000] {processor.py:830} INFO - Processing file /opt/airflow/dags/hn_pipeline_dag.py for tasks to queue
[2026-05-15T04:16:05.989+0000] {logging_mixin.py:188} INFO - [2026-05-15T04:16:05.988+0000] {dagbag.py:538} INFO - Filling up the DagBag from /opt/airflow/dags/hn_pipeline_dag.py
[2026-05-15T04:16:06.010+0000] {processor.py:840} INFO - DAG(s) 'hn_pipeline' retrieved from /opt/airflow/dags/hn_pipeline_dag.py
[2026-05-15T04:16:06.425+0000] {logging_mixin.py:188} INFO - [2026-05-15T04:16:06.393+0000] {dag.py:3036} INFO - Sync 1 DAGs
[2026-05-15T04:16:07.084+0000] {logging_mixin.py:188} INFO - [2026-05-15T04:16:07.082+0000] {dag.py:3823} INFO - Setting next_dagrun for hn_pipeline to 2026-05-15 03:00:00+00:00, run_after=2026-05-15 04:00:00+00:00
[2026-05-15T04:16:18.880+0000] {processor.py:183} INFO - Processing /opt/airflow/dags/hn_pipeline_dag.py took 12.939 seconds
[2026-05-15T04:16:49.273+0000] {processor.py:161} INFO - Started process (PID=819) to work on /opt/airflow/dags/hn_pipeline_dag.py
[2026-05-15T04:16:49.274+0000] {processor.py:830} INFO - Processing file /opt/airflow/dags/hn_pipeline_dag.py for tasks to queue
[2026-05-15T04:16:49.275+0000] {logging_mixin.py:188} INFO - [2026-05-15T04:16:49.274+0000] {dagbag.py:538} INFO - Filling up the DagBag from /opt/airflow/dags/hn_pipeline_dag.py
[2026-05-15T04:16:49.293+0000] {processor.py:840} INFO - DAG(s) 'hn_pipeline' retrieved from /opt/airflow/dags/hn_pipeline_dag.py
[2026-05-15T04:16:49.319+0000] {logging_mixin.py:188} INFO - [2026-05-15T04:16:49.319+0000] {dag.py:3036} INFO - Sync 1 DAGs
[2026-05-15T04:16:49.330+0000] {logging_mixin.py:188} INFO - [2026-05-15T04:16:49.330+0000] {dag.py:3823} INFO - Setting next_dagrun for hn_pipeline to 2026-05-15 03:00:00+00:00, run_after=2026-05-15 04:00:00+00:00
[2026-05-15T04:16:49.338+0000] {processor.py:183} INFO - Processing /opt/airflow/dags/hn_pipeline_dag.py took 0.070 seconds
[2026-05-15T04:17:19.636+0000] {processor.py:161} INFO - Started process (PID=824) to work on /opt/airflow/dags/hn_pipeline_dag.py
[2026-05-15T04:17:19.637+0000] {processor.py:830} INFO - Processing file /opt/airflow/dags/hn_pipeline_dag.py for tasks to queue
[2026-05-15T04:17:19.638+0000] {logging_mixin.py:188} INFO - [2026-05-15T04:17:19.638+0000] {dagbag.py:538} INFO - Filling up the DagBag from /opt/airflow/dags/hn_pipeline_dag.py
[2026-05-15T04:17:19.651+0000] {processor.py:840} INFO - DAG(s) 'hn_pipeline' retrieved from /opt/airflow/dags/hn_pipeline_dag.py
[2026-05-15T04:17:19.667+0000] {logging_mixin.py:188} INFO - [2026-05-15T04:17:19.667+0000] {dag.py:3036} INFO - Sync 1 DAGs
[2026-05-15T04:17:19.679+0000] {logging_mixin.py:188} INFO - [2026-05-15T04:17:19.679+0000] {dag.py:3823} INFO - Setting next_dagrun for hn_pipeline to 2026-05-15 03:00:00+00:00, run_after=2026-05-15 04:00:00+00:00
[2026-05-15T04:17:19.686+0000] {processor.py:183} INFO - Processing /opt/airflow/dags/hn_pipeline_dag.py took 0.053 seconds
[2026-05-15T04:17:49.961+0000] {processor.py:161} INFO - Started process (PID=829) to work on /opt/airflow/dags/hn_pipeline_dag.py
[2026-05-15T04:17:49.962+0000] {processor.py:830} INFO - Processing file /opt/airflow/dags/hn_pipeline_dag.py for tasks to queue
[2026-05-15T04:17:49.963+0000] {logging_mixin.py:188} INFO - [2026-05-15T04:17:49.962+0000] {dagbag.py:538} INFO - Filling up the DagBag from /opt/airflow/dags/hn_pipeline_dag.py
[2026-05-15T04:17:49.977+0000] {processor.py:840} INFO - DAG(s) 'hn_pipeline' retrieved from /opt/airflow/dags/hn_pipeline_dag.py
[2026-05-15T04:17:49.996+0000] {logging_mixin.py:188} INFO - [2026-05-15T04:17:49.995+0000] {dag.py:3036} INFO - Sync 1 DAGs
[2026-05-15T04:17:50.007+0000] {logging_mixin.py:188} INFO - [2026-05-15T04:17:50.007+0000] {dag.py:3823} INFO - Setting next_dagrun for hn_pipeline to 2026-05-15 03:00:00+00:00, run_after=2026-05-15 04:00:00+00:00
[2026-05-15T04:17:50.014+0000] {processor.py:183} INFO - Processing /opt/airflow/dags/hn_pipeline_dag.py took 0.058 seconds
[2026-05-15T04:18:20.271+0000] {processor.py:161} INFO - Started process (PID=834) to work on /opt/airflow/dags/hn_pipeline_dag.py
[2026-05-15T04:18:20.271+0000] {processor.py:830} INFO - Processing file /opt/airflow/dags/hn_pipeline_dag.py for tasks to queue
[2026-05-15T04:18:20.272+0000] {logging_mixin.py:188} INFO - [2026-05-15T04:18:20.272+0000] {dagbag.py:538} INFO - Filling up the DagBag from /opt/airflow/dags/hn_pipeline_dag.py
[2026-05-15T04:18:20.284+0000] {processor.py:840} INFO - DAG(s) 'hn_pipeline' retrieved from /opt/airflow/dags/hn_pipeline_dag.py
[2026-05-15T04:18:20.302+0000] {logging_mixin.py:188} INFO - [2026-05-15T04:18:20.302+0000] {dag.py:3036} INFO - Sync 1 DAGs
[2026-05-15T04:18:20.314+0000] {logging_mixin.py:188} INFO - [2026-05-15T04:18:20.314+0000] {dag.py:3823} INFO - Setting next_dagrun for hn_pipeline to 2026-05-15 03:00:00+00:00, run_after=2026-05-15 04:00:00+00:00
[2026-05-15T04:18:20.322+0000] {processor.py:183} INFO - Processing /opt/airflow/dags/hn_pipeline_dag.py took 0.055 seconds
[2026-05-15T04:18:50.639+0000] {processor.py:161} INFO - Started process (PID=839) to work on /opt/airflow/dags/hn_pipeline_dag.py
[2026-05-15T04:18:50.641+0000] {processor.py:830} INFO - Processing file /opt/airflow/dags/hn_pipeline_dag.py for tasks to queue
[2026-05-15T04:18:50.642+0000] {logging_mixin.py:188} INFO - [2026-05-15T04:18:50.641+0000] {dagbag.py:538} INFO - Filling up the DagBag from /opt/airflow/dags/hn_pipeline_dag.py
[2026-05-15T04:18:50.661+0000] {processor.py:840} INFO - DAG(s) 'hn_pipeline' retrieved from /opt/airflow/dags/hn_pipeline_dag.py
[2026-05-15T04:18:52.025+0000] {logging_mixin.py:188} INFO - [2026-05-15T04:18:52.015+0000] {dag.py:3036} INFO - Sync 1 DAGs
[2026-05-15T04:18:55.175+0000] {logging_mixin.py:188} INFO - [2026-05-15T04:18:55.171+0000] {dag.py:3823} INFO - Setting next_dagrun for hn_pipeline to 2026-05-15 03:00:00+00:00, run_after=2026-05-15 04:00:00+00:00
[2026-05-15T04:18:58.777+0000] {processor.py:183} INFO - Processing /opt/airflow/dags/hn_pipeline_dag.py took 8.141 seconds
[2026-05-15T04:19:29.106+0000] {processor.py:161} INFO - Started process (PID=844) to work on /opt/airflow/dags/hn_pipeline_dag.py
[2026-05-15T04:19:29.107+0000] {processor.py:830} INFO - Processing file /opt/airflow/dags/hn_pipeline_dag.py for tasks to queue
[2026-05-15T04:19:29.109+0000] {logging_mixin.py:188} INFO - [2026-05-15T04:19:29.108+0000] {dagbag.py:538} INFO - Filling up the DagBag from /opt/airflow/dags/hn_pipeline_dag.py
[2026-05-15T04:19:29.130+0000] {processor.py:840} INFO - DAG(s) 'hn_pipeline' retrieved from /opt/airflow/dags/hn_pipeline_dag.py
[2026-05-15T04:19:29.169+0000] {logging_mixin.py:188} INFO - [2026-05-15T04:19:29.169+0000] {dag.py:3036} INFO - Sync 1 DAGs
[2026-05-15T04:19:29.211+0000] {logging_mixin.py:188} INFO - [2026-05-15T04:19:29.208+0000] {dag.py:3823} INFO - Setting next_dagrun for hn_pipeline to 2026-05-15 03:00:00+00:00, run_after=2026-05-15 04:00:00+00:00
[2026-05-15T04:19:29.313+0000] {processor.py:183} INFO - Processing /opt/airflow/dags/hn_pipeline_dag.py took 0.212 seconds
[2026-05-15T04:19:59.526+0000] {processor.py:161} INFO - Started process (PID=849) to work on /opt/airflow/dags/hn_pipeline_dag.py
[2026-05-15T04:19:59.527+0000] {processor.py:830} INFO - Processing file /opt/airflow/dags/hn_pipeline_dag.py for tasks to queue
[2026-05-15T04:19:59.528+0000] {logging_mixin.py:188} INFO - [2026-05-15T04:19:59.528+0000] {dagbag.py:538} INFO - Filling up the DagBag from /opt/airflow/dags/hn_pipeline_dag.py
[2026-05-15T04:19:59.548+0000] {processor.py:840} INFO - DAG(s) 'hn_pipeline' retrieved from /opt/airflow/dags/hn_pipeline_dag.py
[2026-05-15T04:19:59.570+0000] {logging_mixin.py:188} INFO - [2026-05-15T04:19:59.569+0000] {dag.py:3036} INFO - Sync 1 DAGs
[2026-05-15T04:19:59.579+0000] {logging_mixin.py:188} INFO - [2026-05-15T04:19:59.579+0000] {dag.py:3823} INFO - Setting next_dagrun for hn_pipeline to 2026-05-15 03:00:00+00:00, run_after=2026-05-15 04:00:00+00:00
[2026-05-15T04:19:59.586+0000] {processor.py:183} INFO - Processing /opt/airflow/dags/hn_pipeline_dag.py took 0.065 seconds
[2026-05-15T04:20:29.911+0000] {processor.py:161} INFO - Started process (PID=854) to work on /opt/airflow/dags/hn_pipeline_dag.py
[2026-05-15T04:20:29.912+0000] {processor.py:830} INFO - Processing file /opt/airflow/dags/hn_pipeline_dag.py for tasks to queue
[2026-05-15T04:20:29.913+0000] {logging_mixin.py:188} INFO - [2026-05-15T04:20:29.913+0000] {dagbag.py:538} INFO - Filling up the DagBag from /opt/airflow/dags/hn_pipeline_dag.py
[2026-05-15T04:20:29.925+0000] {processor.py:840} INFO - DAG(s) 'hn_pipeline' retrieved from /opt/airflow/dags/hn_pipeline_dag.py
[2026-05-15T04:20:29.940+0000] {logging_mixin.py:188} INFO - [2026-05-15T04:20:29.940+0000] {dag.py:3036} INFO - Sync 1 DAGs
[2026-05-15T04:20:29.951+0000] {logging_mixin.py:188} INFO - [2026-05-15T04:20:29.951+0000] {dag.py:3823} INFO - Setting next_dagrun for hn_pipeline to 2026-05-15 03:00:00+00:00, run_after=2026-05-15 04:00:00+00:00
[2026-05-15T04:20:29.958+0000] {processor.py:183} INFO - Processing /opt/airflow/dags/hn_pipeline_dag.py took 0.050 seconds
[2026-05-15T04:21:00.238+0000] {processor.py:161} INFO - Started process (PID=859) to work on /opt/airflow/dags/hn_pipeline_dag.py
[2026-05-15T04:21:00.239+0000] {processor.py:830} INFO - Processing file /opt/airflow/dags/hn_pipeline_dag.py for tasks to queue
[2026-05-15T04:21:00.240+0000] {logging_mixin.py:188} INFO - [2026-05-15T04:21:00.240+0000] {dagbag.py:538} INFO - Filling up the DagBag from /opt/airflow/dags/hn_pipeline_dag.py
[2026-05-15T04:21:00.252+0000] {processor.py:840} INFO - DAG(s) 'hn_pipeline' retrieved from /opt/airflow/dags/hn_pipeline_dag.py
[2026-05-15T04:21:00.270+0000] {logging_mixin.py:188} INFO - [2026-05-15T04:21:00.270+0000] {dag.py:3036} INFO - Sync 1 DAGs
[2026-05-15T04:21:00.280+0000] {logging_mixin.py:188} INFO - [2026-05-15T04:21:00.280+0000] {dag.py:3823} INFO - Setting next_dagrun for hn_pipeline to 2026-05-15 03:00:00+00:00, run_after=2026-05-15 04:00:00+00:00
[2026-05-15T04:21:00.287+0000] {processor.py:183} INFO - Processing /opt/airflow/dags/hn_pipeline_dag.py took 0.053 seconds
[2026-05-15T04:21:30.577+0000] {processor.py:161} INFO - Started process (PID=864) to work on /opt/airflow/dags/hn_pipeline_dag.py
[2026-05-15T04:21:30.578+0000] {processor.py:830} INFO - Processing file /opt/airflow/dags/hn_pipeline_dag.py for tasks to queue
[2026-05-15T04:21:30.579+0000] {logging_mixin.py:188} INFO - [2026-05-15T04:21:30.578+0000] {dagbag.py:538} INFO - Filling up the DagBag from /opt/airflow/dags/hn_pipeline_dag.py
[2026-05-15T04:21:30.594+0000] {processor.py:840} INFO - DAG(s) 'hn_pipeline' retrieved from /opt/airflow/dags/hn_pipeline_dag.py
[2026-05-15T04:21:31.913+0000] {logging_mixin.py:188} INFO - [2026-05-15T04:21:31.906+0000] {dag.py:3036} INFO - Sync 1 DAGs
[2026-05-15T04:21:56.594+0000] {logging_mixin.py:188} INFO - [2026-05-15T04:21:56.589+0000] {dag.py:3823} INFO - Setting next_dagrun for hn_pipeline to 2026-05-15 03:00:00+00:00, run_after=2026-05-15 04:00:00+00:00
[2026-05-15T04:22:00.591+0000] {processor.py:183} INFO - Processing /opt/airflow/dags/hn_pipeline_dag.py took 30.133 seconds
[2026-05-15T04:22:31.202+0000] {processor.py:161} INFO - Started process (PID=869) to work on /opt/airflow/dags/hn_pipeline_dag.py
[2026-05-15T04:22:31.203+0000] {processor.py:830} INFO - Processing file /opt/airflow/dags/hn_pipeline_dag.py for tasks to queue
[2026-05-15T04:22:31.204+0000] {logging_mixin.py:188} INFO - [2026-05-15T04:22:31.204+0000] {dagbag.py:538} INFO - Filling up the DagBag from /opt/airflow/dags/hn_pipeline_dag.py
[2026-05-15T04:22:31.223+0000] {processor.py:840} INFO - DAG(s) 'hn_pipeline' retrieved from /opt/airflow/dags/hn_pipeline_dag.py
[2026-05-15T04:22:31.284+0000] {logging_mixin.py:188} INFO - [2026-05-15T04:22:31.283+0000] {dag.py:3036} INFO - Sync 1 DAGs
[2026-05-15T04:22:31.319+0000] {logging_mixin.py:188} INFO - [2026-05-15T04:22:31.318+0000] {dag.py:3823} INFO - Setting next_dagrun for hn_pipeline to 2026-05-15 03:00:00+00:00, run_after=2026-05-15 04:00:00+00:00
[2026-05-15T04:22:31.407+0000] {processor.py:183} INFO - Processing /opt/airflow/dags/hn_pipeline_dag.py took 0.211 seconds
[2026-05-15T04:23:01.531+0000] {processor.py:161} INFO - Started process (PID=874) to work on /opt/airflow/dags/hn_pipeline_dag.py
[2026-05-15T04:23:01.532+0000] {processor.py:830} INFO - Processing file /opt/airflow/dags/hn_pipeline_dag.py for tasks to queue
[2026-05-15T04:23:01.534+0000] {logging_mixin.py:188} INFO - [2026-05-15T04:23:01.533+0000] {dagbag.py:538} INFO - Filling up the DagBag from /opt/airflow/dags/hn_pipeline_dag.py
[2026-05-15T04:23:01.554+0000] {processor.py:840} INFO - DAG(s) 'hn_pipeline' retrieved from /opt/airflow/dags/hn_pipeline_dag.py
[2026-05-15T04:23:01.580+0000] {logging_mixin.py:188} INFO - [2026-05-15T04:23:01.580+0000] {dag.py:3036} INFO - Sync 1 DAGs
[2026-05-15T04:23:01.590+0000] {logging_mixin.py:188} INFO - [2026-05-15T04:23:01.590+0000] {dag.py:3823} INFO - Setting next_dagrun for hn_pipeline to 2026-05-15 03:00:00+00:00, run_after=2026-05-15 04:00:00+00:00
[2026-05-15T04:23:01.597+0000] {processor.py:183} INFO - Processing /opt/airflow/dags/hn_pipeline_dag.py took 0.071 seconds
[2026-05-15T04:23:31.870+0000] {processor.py:161} INFO - Started process (PID=879) to work on /opt/airflow/dags/hn_pipeline_dag.py
[2026-05-15T04:23:31.871+0000] {processor.py:830} INFO - Processing file /opt/airflow/dags/hn_pipeline_dag.py for tasks to queue
[2026-05-15T04:23:31.872+0000] {logging_mixin.py:188} INFO - [2026-05-15T04:23:31.872+0000] {dagbag.py:538} INFO - Filling up the DagBag from /opt/airflow/dags/hn_pipeline_dag.py
[2026-05-15T04:23:31.888+0000] {processor.py:840} INFO - DAG(s) 'hn_pipeline' retrieved from /opt/airflow/dags/hn_pipeline_dag.py
[2026-05-15T04:23:31.909+0000] {logging_mixin.py:188} INFO - [2026-05-15T04:23:31.909+0000] {dag.py:3036} INFO - Sync 1 DAGs
[2026-05-15T04:23:31.921+0000] {logging_mixin.py:188} INFO - [2026-05-15T04:23:31.921+0000] {dag.py:3823} INFO - Setting next_dagrun for hn_pipeline to 2026-05-15 03:00:00+00:00, run_after=2026-05-15 04:00:00+00:00
[2026-05-15T04:23:31.930+0000] {processor.py:183} INFO - Processing /opt/airflow/dags/hn_pipeline_dag.py took 0.064 seconds
[2026-05-15T04:24:02.169+0000] {processor.py:161} INFO - Started process (PID=884) to work on /opt/airflow/dags/hn_pipeline_dag.py
[2026-05-15T04:24:02.170+0000] {processor.py:830} INFO - Processing file /opt/airflow/dags/hn_pipeline_dag.py for tasks to queue
[2026-05-15T04:24:02.171+0000] {logging_mixin.py:188} INFO - [2026-05-15T04:24:02.170+0000] {dagbag.py:538} INFO - Filling up the DagBag from /opt/airflow/dags/hn_pipeline_dag.py
[2026-05-15T04:24:02.189+0000] {processor.py:840} INFO - DAG(s) 'hn_pipeline' retrieved from /opt/airflow/dags/hn_pipeline_dag.py
[2026-05-15T04:24:02.611+0000] {logging_mixin.py:188} INFO - [2026-05-15T04:24:02.600+0000] {dag.py:3036} INFO - Sync 1 DAGs
[2026-05-15T04:24:30.244+0000] {logging_mixin.py:188} INFO - [2026-05-15T04:24:29.528+0000] {dag.py:3823} INFO - Setting next_dagrun for hn_pipeline to 2026-05-15 03:00:00+00:00, run_after=2026-05-15 04:00:00+00:00
[2026-05-15T04:25:28.684+0000] {processor.py:161} INFO - Started process (PID=887) to work on /opt/airflow/dags/hn_pipeline_dag.py
[2026-05-15T04:25:28.685+0000] {processor.py:830} INFO - Processing file /opt/airflow/dags/hn_pipeline_dag.py for tasks to queue
[2026-05-15T04:25:28.687+0000] {logging_mixin.py:188} INFO - [2026-05-15T04:25:28.686+0000] {dagbag.py:538} INFO - Filling up the DagBag from /opt/airflow/dags/hn_pipeline_dag.py
[2026-05-15T04:25:28.708+0000] {processor.py:840} INFO - DAG(s) 'hn_pipeline' retrieved from /opt/airflow/dags/hn_pipeline_dag.py
[2026-05-15T04:25:28.783+0000] {logging_mixin.py:188} INFO - [2026-05-15T04:25:28.783+0000] {dag.py:3036} INFO - Sync 1 DAGs
[2026-05-15T04:25:28.793+0000] {logging_mixin.py:188} INFO - [2026-05-15T04:25:28.793+0000] {dag.py:3823} INFO - Setting next_dagrun for hn_pipeline to 2026-05-15 03:00:00+00:00, run_after=2026-05-15 04:00:00+00:00
[2026-05-15T04:25:28.801+0000] {processor.py:183} INFO - Processing /opt/airflow/dags/hn_pipeline_dag.py took 0.122 seconds
[2026-05-15T04:25:58.950+0000] {processor.py:161} INFO - Started process (PID=892) to work on /opt/airflow/dags/hn_pipeline_dag.py
[2026-05-15T04:25:58.951+0000] {processor.py:830} INFO - Processing file /opt/airflow/dags/hn_pipeline_dag.py for tasks to queue
[2026-05-15T04:25:58.953+0000] {logging_mixin.py:188} INFO - [2026-05-15T04:25:58.952+0000] {dagbag.py:538} INFO - Filling up the DagBag from /opt/airflow/dags/hn_pipeline_dag.py
[2026-05-15T04:25:58.968+0000] {processor.py:840} INFO - DAG(s) 'hn_pipeline' retrieved from /opt/airflow/dags/hn_pipeline_dag.py
[2026-05-15T04:25:58.988+0000] {logging_mixin.py:188} INFO - [2026-05-15T04:25:58.987+0000] {dag.py:3036} INFO - Sync 1 DAGs
[2026-05-15T04:25:58.998+0000] {logging_mixin.py:188} INFO - [2026-05-15T04:25:58.998+0000] {dag.py:3823} INFO - Setting next_dagrun for hn_pipeline to 2026-05-15 03:00:00+00:00, run_after=2026-05-15 04:00:00+00:00
[2026-05-15T04:25:59.006+0000] {processor.py:183} INFO - Processing /opt/airflow/dags/hn_pipeline_dag.py took 0.060 seconds
[2026-05-15T04:26:29.194+0000] {processor.py:161} INFO - Started process (PID=897) to work on /opt/airflow/dags/hn_pipeline_dag.py
[2026-05-15T04:26:29.197+0000] {processor.py:830} INFO - Processing file /opt/airflow/dags/hn_pipeline_dag.py for tasks to queue
[2026-05-15T04:26:29.199+0000] {logging_mixin.py:188} INFO - [2026-05-15T04:26:29.198+0000] {dagbag.py:538} INFO - Filling up the DagBag from /opt/airflow/dags/hn_pipeline_dag.py
[2026-05-15T04:26:29.287+0000] {processor.py:840} INFO - DAG(s) 'hn_pipeline' retrieved from /opt/airflow/dags/hn_pipeline_dag.py
[2026-05-15T04:26:46.495+0000] {logging_mixin.py:188} INFO - [2026-05-15T04:26:46.456+0000] {dag.py:3036} INFO - Sync 1 DAGs
[2026-05-15T04:26:58.641+0000] {logging_mixin.py:188} INFO - [2026-05-15T04:26:58.607+0000] {dag.py:3823} INFO - Setting next_dagrun for hn_pipeline to 2026-05-15 03:00:00+00:00, run_after=2026-05-15 04:00:00+00:00
[2026-05-15T04:27:12.459+0000] {processor.py:183} INFO - Processing /opt/airflow/dags/hn_pipeline_dag.py took 43.572 seconds
[2026-05-15T04:27:43.379+0000] {processor.py:161} INFO - Started process (PID=902) to work on /opt/airflow/dags/hn_pipeline_dag.py
[2026-05-15T04:27:43.381+0000] {processor.py:830} INFO - Processing file /opt/airflow/dags/hn_pipeline_dag.py for tasks to queue
[2026-05-15T04:27:43.382+0000] {logging_mixin.py:188} INFO - [2026-05-15T04:27:43.381+0000] {dagbag.py:538} INFO - Filling up the DagBag from /opt/airflow/dags/hn_pipeline_dag.py
[2026-05-15T04:27:43.411+0000] {processor.py:840} INFO - DAG(s) 'hn_pipeline' retrieved from /opt/airflow/dags/hn_pipeline_dag.py
[2026-05-15T04:27:43.439+0000] {logging_mixin.py:188} INFO - [2026-05-15T04:27:43.439+0000] {dag.py:3036} INFO - Sync 1 DAGs
[2026-05-15T04:27:43.450+0000] {logging_mixin.py:188} INFO - [2026-05-15T04:27:43.450+0000] {dag.py:3823} INFO - Setting next_dagrun for hn_pipeline to 2026-05-15 03:00:00+00:00, run_after=2026-05-15 04:00:00+00:00
[2026-05-15T04:27:43.457+0000] {processor.py:183} INFO - Processing /opt/airflow/dags/hn_pipeline_dag.py took 0.082 seconds
[2026-05-15T04:28:13.706+0000] {processor.py:161} INFO - Started process (PID=907) to work on /opt/airflow/dags/hn_pipeline_dag.py
[2026-05-15T04:28:13.707+0000] {processor.py:830} INFO - Processing file /opt/airflow/dags/hn_pipeline_dag.py for tasks to queue
[2026-05-15T04:28:13.708+0000] {logging_mixin.py:188} INFO - [2026-05-15T04:28:13.707+0000] {dagbag.py:538} INFO - Filling up the DagBag from /opt/airflow/dags/hn_pipeline_dag.py
[2026-05-15T04:28:13.722+0000] {processor.py:840} INFO - DAG(s) 'hn_pipeline' retrieved from /opt/airflow/dags/hn_pipeline_dag.py
[2026-05-15T04:28:13.741+0000] {logging_mixin.py:188} INFO - [2026-05-15T04:28:13.740+0000] {dag.py:3036} INFO - Sync 1 DAGs
[2026-05-15T04:28:13.751+0000] {logging_mixin.py:188} INFO - [2026-05-15T04:28:13.751+0000] {dag.py:3823} INFO - Setting next_dagrun for hn_pipeline to 2026-05-15 03:00:00+00:00, run_after=2026-05-15 04:00:00+00:00
[2026-05-15T04:28:13.758+0000] {processor.py:183} INFO - Processing /opt/airflow/dags/hn_pipeline_dag.py took 0.056 seconds
[2026-05-15T04:28:44.024+0000] {processor.py:161} INFO - Started process (PID=912) to work on /opt/airflow/dags/hn_pipeline_dag.py
[2026-05-15T04:28:44.025+0000] {processor.py:830} INFO - Processing file /opt/airflow/dags/hn_pipeline_dag.py for tasks to queue
[2026-05-15T04:28:44.026+0000] {logging_mixin.py:188} INFO - [2026-05-15T04:28:44.026+0000] {dagbag.py:538} INFO - Filling up the DagBag from /opt/airflow/dags/hn_pipeline_dag.py
[2026-05-15T04:28:44.037+0000] {processor.py:840} INFO - DAG(s) 'hn_pipeline' retrieved from /opt/airflow/dags/hn_pipeline_dag.py
[2026-05-15T04:28:44.053+0000] {logging_mixin.py:188} INFO - [2026-05-15T04:28:44.053+0000] {dag.py:3036} INFO - Sync 1 DAGs
[2026-05-15T04:28:44.063+0000] {logging_mixin.py:188} INFO - [2026-05-15T04:28:44.063+0000] {dag.py:3823} INFO - Setting next_dagrun for hn_pipeline to 2026-05-15 03:00:00+00:00, run_after=2026-05-15 04:00:00+00:00
[2026-05-15T04:28:44.070+0000] {processor.py:183} INFO - Processing /opt/airflow/dags/hn_pipeline_dag.py took 0.049 seconds
[2026-05-15T04:29:14.616+0000] {processor.py:161} INFO - Started process (PID=917) to work on /opt/airflow/dags/hn_pipeline_dag.py
[2026-05-15T04:29:14.629+0000] {processor.py:830} INFO - Processing file /opt/airflow/dags/hn_pipeline_dag.py for tasks to queue
[2026-05-15T04:29:14.634+0000] {logging_mixin.py:188} INFO - [2026-05-15T04:29:14.630+0000] {dagbag.py:538} INFO - Filling up the DagBag from /opt/airflow/dags/hn_pipeline_dag.py
[2026-05-15T04:29:15.596+0000] {processor.py:840} INFO - DAG(s) 'hn_pipeline' retrieved from /opt/airflow/dags/hn_pipeline_dag.py
[2026-05-15T04:29:23.625+0000] {logging_mixin.py:188} INFO - [2026-05-15T04:29:23.553+0000] {dag.py:3036} INFO - Sync 1 DAGs
[2026-05-15T04:29:27.500+0000] {logging_mixin.py:188} INFO - [2026-05-15T04:29:27.428+0000] {dag.py:3823} INFO - Setting next_dagrun for hn_pipeline to 2026-05-15 03:00:00+00:00, run_after=2026-05-15 04:00:00+00:00
[2026-05-15T04:29:29.185+0000] {processor.py:183} INFO - Processing /opt/airflow/dags/hn_pipeline_dag.py took 14.827 seconds
[2026-05-15T04:29:59.701+0000] {processor.py:161} INFO - Started process (PID=922) to work on /opt/airflow/dags/hn_pipeline_dag.py
[2026-05-15T04:29:59.702+0000] {processor.py:830} INFO - Processing file /opt/airflow/dags/hn_pipeline_dag.py for tasks to queue
[2026-05-15T04:29:59.703+0000] {logging_mixin.py:188} INFO - [2026-05-15T04:29:59.702+0000] {dagbag.py:538} INFO - Filling up the DagBag from /opt/airflow/dags/hn_pipeline_dag.py
[2026-05-15T04:29:59.728+0000] {processor.py:840} INFO - DAG(s) 'hn_pipeline' retrieved from /opt/airflow/dags/hn_pipeline_dag.py
[2026-05-15T04:29:59.814+0000] {logging_mixin.py:188} INFO - [2026-05-15T04:29:59.811+0000] {dag.py:3036} INFO - Sync 1 DAGs
[2026-05-15T04:29:59.861+0000] {logging_mixin.py:188} INFO - [2026-05-15T04:29:59.860+0000] {dag.py:3823} INFO - Setting next_dagrun for hn_pipeline to 2026-05-15 03:00:00+00:00, run_after=2026-05-15 04:00:00+00:00
[2026-05-15T04:29:59.873+0000] {processor.py:183} INFO - Processing /opt/airflow/dags/hn_pipeline_dag.py took 0.176 seconds
[2026-05-15T04:30:29.995+0000] {processor.py:161} INFO - Started process (PID=927) to work on /opt/airflow/dags/hn_pipeline_dag.py
[2026-05-15T04:30:29.996+0000] {processor.py:830} INFO - Processing file /opt/airflow/dags/hn_pipeline_dag.py for tasks to queue
[2026-05-15T04:30:29.997+0000] {logging_mixin.py:188} INFO - [2026-05-15T04:30:29.996+0000] {dagbag.py:538} INFO - Filling up the DagBag from /opt/airflow/dags/hn_pipeline_dag.py
[2026-05-15T04:30:30.014+0000] {processor.py:840} INFO - DAG(s) 'hn_pipeline' retrieved from /opt/airflow/dags/hn_pipeline_dag.py
[2026-05-15T04:30:30.038+0000] {logging_mixin.py:188} INFO - [2026-05-15T04:30:30.038+0000] {dag.py:3036} INFO - Sync 1 DAGs
[2026-05-15T04:30:30.048+0000] {logging_mixin.py:188} INFO - [2026-05-15T04:30:30.048+0000] {dag.py:3823} INFO - Setting next_dagrun for hn_pipeline to 2026-05-15 03:00:00+00:00, run_after=2026-05-15 04:00:00+00:00
[2026-05-15T04:30:30.055+0000] {processor.py:183} INFO - Processing /opt/airflow/dags/hn_pipeline_dag.py took 0.068 seconds
[2026-05-15T04:31:00.223+0000] {processor.py:161} INFO - Started process (PID=932) to work on /opt/airflow/dags/hn_pipeline_dag.py
[2026-05-15T04:31:00.224+0000] {processor.py:830} INFO - Processing file /opt/airflow/dags/hn_pipeline_dag.py for tasks to queue
[2026-05-15T04:31:00.225+0000] {logging_mixin.py:188} INFO - [2026-05-15T04:31:00.225+0000] {dagbag.py:538} INFO - Filling up the DagBag from /opt/airflow/dags/hn_pipeline_dag.py
[2026-05-15T04:31:00.240+0000] {processor.py:840} INFO - DAG(s) 'hn_pipeline' retrieved from /opt/airflow/dags/hn_pipeline_dag.py
[2026-05-15T04:31:00.259+0000] {logging_mixin.py:188} INFO - [2026-05-15T04:31:00.259+0000] {dag.py:3036} INFO - Sync 1 DAGs
[2026-05-15T04:31:00.270+0000] {logging_mixin.py:188} INFO - [2026-05-15T04:31:00.270+0000] {dag.py:3823} INFO - Setting next_dagrun for hn_pipeline to 2026-05-15 03:00:00+00:00, run_after=2026-05-15 04:00:00+00:00
[2026-05-15T04:31:00.278+0000] {processor.py:183} INFO - Processing /opt/airflow/dags/hn_pipeline_dag.py took 0.059 seconds
[2026-05-15T04:31:30.539+0000] {processor.py:161} INFO - Started process (PID=937) to work on /opt/airflow/dags/hn_pipeline_dag.py
[2026-05-15T04:31:30.540+0000] {processor.py:830} INFO - Processing file /opt/airflow/dags/hn_pipeline_dag.py for tasks to queue
[2026-05-15T04:31:30.540+0000] {logging_mixin.py:188} INFO - [2026-05-15T04:31:30.540+0000] {dagbag.py:538} INFO - Filling up the DagBag from /opt/airflow/dags/hn_pipeline_dag.py
[2026-05-15T04:31:30.547+0000] {processor.py:840} INFO - DAG(s) 'hn_pipeline' retrieved from /opt/airflow/dags/hn_pipeline_dag.py
[2026-05-15T04:31:30.559+0000] {logging_mixin.py:188} INFO - [2026-05-15T04:31:30.559+0000] {dag.py:3036} INFO - Sync 1 DAGs
[2026-05-15T04:31:30.569+0000] {logging_mixin.py:188} INFO - [2026-05-15T04:31:30.569+0000] {dag.py:3823} INFO - Setting next_dagrun for hn_pipeline to 2026-05-15 03:00:00+00:00, run_after=2026-05-15 04:00:00+00:00
[2026-05-15T04:31:30.576+0000] {processor.py:183} INFO - Processing /opt/airflow/dags/hn_pipeline_dag.py took 0.038 seconds
[2026-05-15T04:32:01.350+0000] {processor.py:161} INFO - Started process (PID=942) to work on /opt/airflow/dags/hn_pipeline_dag.py
[2026-05-15T04:32:01.351+0000] {processor.py:830} INFO - Processing file /opt/airflow/dags/hn_pipeline_dag.py for tasks to queue
[2026-05-15T04:32:01.352+0000] {logging_mixin.py:188} INFO - [2026-05-15T04:32:01.352+0000] {dagbag.py:538} INFO - Filling up the DagBag from /opt/airflow/dags/hn_pipeline_dag.py
[2026-05-15T04:32:01.399+0000] {processor.py:840} INFO - DAG(s) 'hn_pipeline' retrieved from /opt/airflow/dags/hn_pipeline_dag.py
[2026-05-15T04:32:41.670+0000] {logging_mixin.py:188} INFO - [2026-05-15T04:32:41.653+0000] {dag.py:3036} INFO - Sync 1 DAGs
[2026-05-15T04:32:42.587+0000] {logging_mixin.py:188} INFO - [2026-05-15T04:32:42.584+0000] {dag.py:3823} INFO - Setting next_dagrun for hn_pipeline to 2026-05-15 03:00:00+00:00, run_after=2026-05-15 04:00:00+00:00
[2026-05-15T04:32:43.151+0000] {processor.py:183} INFO - Processing /opt/airflow/dags/hn_pipeline_dag.py took 42.194 seconds
[2026-05-15T04:33:13.254+0000] {processor.py:161} INFO - Started process (PID=947) to work on /opt/airflow/dags/hn_pipeline_dag.py
[2026-05-15T04:33:13.255+0000] {processor.py:830} INFO - Processing file /opt/airflow/dags/hn_pipeline_dag.py for tasks to queue
[2026-05-15T04:33:13.257+0000] {logging_mixin.py:188} INFO - [2026-05-15T04:33:13.256+0000] {dagbag.py:538} INFO - Filling up the DagBag from /opt/airflow/dags/hn_pipeline_dag.py
[2026-05-15T04:33:13.274+0000] {processor.py:840} INFO - DAG(s) 'hn_pipeline' retrieved from /opt/airflow/dags/hn_pipeline_dag.py
[2026-05-15T04:33:13.299+0000] {logging_mixin.py:188} INFO - [2026-05-15T04:33:13.299+0000] {dag.py:3036} INFO - Sync 1 DAGs
[2026-05-15T04:33:13.309+0000] {logging_mixin.py:188} INFO - [2026-05-15T04:33:13.309+0000] {dag.py:3823} INFO - Setting next_dagrun for hn_pipeline to 2026-05-15 03:00:00+00:00, run_after=2026-05-15 04:00:00+00:00
[2026-05-15T04:33:13.316+0000] {processor.py:183} INFO - Processing /opt/airflow/dags/hn_pipeline_dag.py took 0.066 seconds
[2026-05-15T04:33:43.549+0000] {processor.py:161} INFO - Started process (PID=952) to work on /opt/airflow/dags/hn_pipeline_dag.py
[2026-05-15T04:33:43.551+0000] {processor.py:830} INFO - Processing file /opt/airflow/dags/hn_pipeline_dag.py for tasks to queue
[2026-05-15T04:33:43.553+0000] {logging_mixin.py:188} INFO - [2026-05-15T04:33:43.553+0000] {dagbag.py:538} INFO - Filling up the DagBag from /opt/airflow/dags/hn_pipeline_dag.py
[2026-05-15T04:33:43.567+0000] {processor.py:840} INFO - DAG(s) 'hn_pipeline' retrieved from /opt/airflow/dags/hn_pipeline_dag.py
[2026-05-15T04:33:43.584+0000] {logging_mixin.py:188} INFO - [2026-05-15T04:33:43.584+0000] {dag.py:3036} INFO - Sync 1 DAGs
[2026-05-15T04:33:43.596+0000] {logging_mixin.py:188} INFO - [2026-05-15T04:33:43.596+0000] {dag.py:3823} INFO - Setting next_dagrun for hn_pipeline to 2026-05-15 03:00:00+00:00, run_after=2026-05-15 04:00:00+00:00
[2026-05-15T04:33:43.604+0000] {processor.py:183} INFO - Processing /opt/airflow/dags/hn_pipeline_dag.py took 0.061 seconds
[2026-05-15T04:34:13.876+0000] {processor.py:161} INFO - Started process (PID=957) to work on /opt/airflow/dags/hn_pipeline_dag.py
[2026-05-15T04:34:13.877+0000] {processor.py:830} INFO - Processing file /opt/airflow/dags/hn_pipeline_dag.py for tasks to queue
[2026-05-15T04:34:13.878+0000] {logging_mixin.py:188} INFO - [2026-05-15T04:34:13.878+0000] {dagbag.py:538} INFO - Filling up the DagBag from /opt/airflow/dags/hn_pipeline_dag.py
[2026-05-15T04:34:13.891+0000] {processor.py:840} INFO - DAG(s) 'hn_pipeline' retrieved from /opt/airflow/dags/hn_pipeline_dag.py
[2026-05-15T04:34:13.909+0000] {logging_mixin.py:188} INFO - [2026-05-15T04:34:13.908+0000] {dag.py:3036} INFO - Sync 1 DAGs
[2026-05-15T04:34:13.920+0000] {logging_mixin.py:188} INFO - [2026-05-15T04:34:13.920+0000] {dag.py:3823} INFO - Setting next_dagrun for hn_pipeline to 2026-05-15 03:00:00+00:00, run_after=2026-05-15 04:00:00+00:00
[2026-05-15T04:34:13.927+0000] {processor.py:183} INFO - Processing /opt/airflow/dags/hn_pipeline_dag.py took 0.054 seconds
[2026-05-15T04:34:44.155+0000] {processor.py:161} INFO - Started process (PID=962) to work on /opt/airflow/dags/hn_pipeline_dag.py
[2026-05-15T04:34:44.157+0000] {processor.py:830} INFO - Processing file /opt/airflow/dags/hn_pipeline_dag.py for tasks to queue
[2026-05-15T04:34:44.157+0000] {logging_mixin.py:188} INFO - [2026-05-15T04:34:44.157+0000] {dagbag.py:538} INFO - Filling up the DagBag from /opt/airflow/dags/hn_pipeline_dag.py
[2026-05-15T04:34:44.166+0000] {processor.py:840} INFO - DAG(s) 'hn_pipeline' retrieved from /opt/airflow/dags/hn_pipeline_dag.py
[2026-05-15T04:34:44.186+0000] {logging_mixin.py:188} INFO - [2026-05-15T04:34:44.186+0000] {dag.py:3036} INFO - Sync 1 DAGs
[2026-05-15T04:34:44.197+0000] {logging_mixin.py:188} INFO - [2026-05-15T04:34:44.197+0000] {dag.py:3823} INFO - Setting next_dagrun for hn_pipeline to 2026-05-15 03:00:00+00:00, run_after=2026-05-15 04:00:00+00:00
[2026-05-15T04:34:44.205+0000] {processor.py:183} INFO - Processing /opt/airflow/dags/hn_pipeline_dag.py took 0.059 seconds
[2026-05-15T04:35:14.935+0000] {processor.py:161} INFO - Started process (PID=967) to work on /opt/airflow/dags/hn_pipeline_dag.py
[2026-05-15T04:35:14.936+0000] {processor.py:830} INFO - Processing file /opt/airflow/dags/hn_pipeline_dag.py for tasks to queue
[2026-05-15T04:35:14.938+0000] {logging_mixin.py:188} INFO - [2026-05-15T04:35:14.937+0000] {dagbag.py:538} INFO - Filling up the DagBag from /opt/airflow/dags/hn_pipeline_dag.py
[2026-05-15T04:35:14.992+0000] {processor.py:840} INFO - DAG(s) 'hn_pipeline' retrieved from /opt/airflow/dags/hn_pipeline_dag.py
[2026-05-15T04:35:16.158+0000] {logging_mixin.py:188} INFO - [2026-05-15T04:35:16.113+0000] {dag.py:3036} INFO - Sync 1 DAGs
[2026-05-15T04:35:24.980+0000] {logging_mixin.py:188} INFO - [2026-05-15T04:35:24.959+0000] {dag.py:3823} INFO - Setting next_dagrun for hn_pipeline to 2026-05-15 03:00:00+00:00, run_after=2026-05-15 04:00:00+00:00
[2026-05-15T04:35:26.014+0000] {processor.py:183} INFO - Processing /opt/airflow/dags/hn_pipeline_dag.py took 11.218 seconds
[2026-05-15T04:35:56.249+0000] {processor.py:161} INFO - Started process (PID=972) to work on /opt/airflow/dags/hn_pipeline_dag.py
[2026-05-15T04:35:56.250+0000] {processor.py:830} INFO - Processing file /opt/airflow/dags/hn_pipeline_dag.py for tasks to queue
[2026-05-15T04:35:56.252+0000] {logging_mixin.py:188} INFO - [2026-05-15T04:35:56.251+0000] {dagbag.py:538} INFO - Filling up the DagBag from /opt/airflow/dags/hn_pipeline_dag.py
[2026-05-15T04:35:56.272+0000] {processor.py:840} INFO - DAG(s) 'hn_pipeline' retrieved from /opt/airflow/dags/hn_pipeline_dag.py
[2026-05-15T04:35:56.297+0000] {logging_mixin.py:188} INFO - [2026-05-15T04:35:56.297+0000] {dag.py:3036} INFO - Sync 1 DAGs
[2026-05-15T04:35:56.307+0000] {logging_mixin.py:188} INFO - [2026-05-15T04:35:56.307+0000] {dag.py:3823} INFO - Setting next_dagrun for hn_pipeline to 2026-05-15 03:00:00+00:00, run_after=2026-05-15 04:00:00+00:00
[2026-05-15T04:35:56.314+0000] {processor.py:183} INFO - Processing /opt/airflow/dags/hn_pipeline_dag.py took 0.070 seconds
[2026-05-15T04:36:26.587+0000] {processor.py:161} INFO - Started process (PID=977) to work on /opt/airflow/dags/hn_pipeline_dag.py
[2026-05-15T04:36:26.588+0000] {processor.py:830} INFO - Processing file /opt/airflow/dags/hn_pipeline_dag.py for tasks to queue
[2026-05-15T04:36:26.589+0000] {logging_mixin.py:188} INFO - [2026-05-15T04:36:26.589+0000] {dagbag.py:538} INFO - Filling up the DagBag from /opt/airflow/dags/hn_pipeline_dag.py
[2026-05-15T04:36:26.603+0000] {processor.py:840} INFO - DAG(s) 'hn_pipeline' retrieved from /opt/airflow/dags/hn_pipeline_dag.py
[2026-05-15T04:36:26.623+0000] {logging_mixin.py:188} INFO - [2026-05-15T04:36:26.623+0000] {dag.py:3036} INFO - Sync 1 DAGs
[2026-05-15T04:36:26.634+0000] {logging_mixin.py:188} INFO - [2026-05-15T04:36:26.634+0000] {dag.py:3823} INFO - Setting next_dagrun for hn_pipeline to 2026-05-15 03:00:00+00:00, run_after=2026-05-15 04:00:00+00:00
[2026-05-15T04:36:26.641+0000] {processor.py:183} INFO - Processing /opt/airflow/dags/hn_pipeline_dag.py took 0.058 seconds
[2026-05-15T04:36:56.932+0000] {processor.py:161} INFO - Started process (PID=982) to work on /opt/airflow/dags/hn_pipeline_dag.py
[2026-05-15T04:36:56.933+0000] {processor.py:830} INFO - Processing file /opt/airflow/dags/hn_pipeline_dag.py for tasks to queue
[2026-05-15T04:36:56.934+0000] {logging_mixin.py:188} INFO - [2026-05-15T04:36:56.934+0000] {dagbag.py:538} INFO - Filling up the DagBag from /opt/airflow/dags/hn_pipeline_dag.py
[2026-05-15T04:36:56.945+0000] {processor.py:840} INFO - DAG(s) 'hn_pipeline' retrieved from /opt/airflow/dags/hn_pipeline_dag.py
[2026-05-15T04:36:56.964+0000] {logging_mixin.py:188} INFO - [2026-05-15T04:36:56.964+0000] {dag.py:3036} INFO - Sync 1 DAGs
[2026-05-15T04:36:56.976+0000] {logging_mixin.py:188} INFO - [2026-05-15T04:36:56.976+0000] {dag.py:3823} INFO - Setting next_dagrun for hn_pipeline to 2026-05-15 03:00:00+00:00, run_after=2026-05-15 04:00:00+00:00
[2026-05-15T04:36:56.984+0000] {processor.py:183} INFO - Processing /opt/airflow/dags/hn_pipeline_dag.py took 0.055 seconds
[2026-05-15T04:37:27.270+0000] {processor.py:161} INFO - Started process (PID=987) to work on /opt/airflow/dags/hn_pipeline_dag.py
[2026-05-15T04:37:27.272+0000] {processor.py:830} INFO - Processing file /opt/airflow/dags/hn_pipeline_dag.py for tasks to queue
[2026-05-15T04:37:27.273+0000] {logging_mixin.py:188} INFO - [2026-05-15T04:37:27.272+0000] {dagbag.py:538} INFO - Filling up the DagBag from /opt/airflow/dags/hn_pipeline_dag.py
[2026-05-15T04:37:27.286+0000] {processor.py:840} INFO - DAG(s) 'hn_pipeline' retrieved from /opt/airflow/dags/hn_pipeline_dag.py
[2026-05-15T04:37:27.306+0000] {logging_mixin.py:188} INFO - [2026-05-15T04:37:27.306+0000] {dag.py:3036} INFO - Sync 1 DAGs
[2026-05-15T04:37:27.316+0000] {logging_mixin.py:188} INFO - [2026-05-15T04:37:27.316+0000] {dag.py:3823} INFO - Setting next_dagrun for hn_pipeline to 2026-05-15 03:00:00+00:00, run_after=2026-05-15 04:00:00+00:00
[2026-05-15T04:37:27.325+0000] {processor.py:183} INFO - Processing /opt/airflow/dags/hn_pipeline_dag.py took 0.059 seconds
[2026-05-15T04:38:01.719+0000] {processor.py:161} INFO - Started process (PID=992) to work on /opt/airflow/dags/hn_pipeline_dag.py
[2026-05-15T04:38:01.759+0000] {processor.py:830} INFO - Processing file /opt/airflow/dags/hn_pipeline_dag.py for tasks to queue
[2026-05-15T04:38:01.799+0000] {logging_mixin.py:188} INFO - [2026-05-15T04:38:01.779+0000] {dagbag.py:538} INFO - Filling up the DagBag from /opt/airflow/dags/hn_pipeline_dag.py
[2026-05-15T04:38:02.240+0000] {processor.py:840} INFO - DAG(s) 'hn_pipeline' retrieved from /opt/airflow/dags/hn_pipeline_dag.py
[2026-05-15T04:38:03.090+0000] {logging_mixin.py:188} INFO - [2026-05-15T04:38:03.070+0000] {dag.py:3036} INFO - Sync 1 DAGs
[2026-05-15T04:38:04.385+0000] {logging_mixin.py:188} INFO - [2026-05-15T04:38:04.381+0000] {dag.py:3823} INFO - Setting next_dagrun for hn_pipeline to 2026-05-15 03:00:00+00:00, run_after=2026-05-15 04:00:00+00:00
[2026-05-15T04:38:05.358+0000] {processor.py:183} INFO - Processing /opt/airflow/dags/hn_pipeline_dag.py took 4.372 seconds
[2026-05-15T04:38:35.882+0000] {processor.py:161} INFO - Started process (PID=997) to work on /opt/airflow/dags/hn_pipeline_dag.py
[2026-05-15T04:38:35.883+0000] {processor.py:830} INFO - Processing file /opt/airflow/dags/hn_pipeline_dag.py for tasks to queue
[2026-05-15T04:38:35.884+0000] {logging_mixin.py:188} INFO - [2026-05-15T04:38:35.883+0000] {dagbag.py:538} INFO - Filling up the DagBag from /opt/airflow/dags/hn_pipeline_dag.py
[2026-05-15T04:38:35.899+0000] {processor.py:840} INFO - DAG(s) 'hn_pipeline' retrieved from /opt/airflow/dags/hn_pipeline_dag.py
[2026-05-15T04:38:35.944+0000] {logging_mixin.py:188} INFO - [2026-05-15T04:38:35.943+0000] {dag.py:3036} INFO - Sync 1 DAGs
[2026-05-15T04:38:35.968+0000] {logging_mixin.py:188} INFO - [2026-05-15T04:38:35.967+0000] {dag.py:3823} INFO - Setting next_dagrun for hn_pipeline to 2026-05-15 03:00:00+00:00, run_after=2026-05-15 04:00:00+00:00
[2026-05-15T04:38:36.013+0000] {processor.py:183} INFO - Processing /opt/airflow/dags/hn_pipeline_dag.py took 0.135 seconds
[2026-05-15T04:39:06.220+0000] {processor.py:161} INFO - Started process (PID=1002) to work on /opt/airflow/dags/hn_pipeline_dag.py
[2026-05-15T04:39:06.223+0000] {processor.py:830} INFO - Processing file /opt/airflow/dags/hn_pipeline_dag.py for tasks to queue
[2026-05-15T04:39:06.225+0000] {logging_mixin.py:188} INFO - [2026-05-15T04:39:06.224+0000] {dagbag.py:538} INFO - Filling up the DagBag from /opt/airflow/dags/hn_pipeline_dag.py
[2026-05-15T04:39:06.250+0000] {processor.py:840} INFO - DAG(s) 'hn_pipeline' retrieved from /opt/airflow/dags/hn_pipeline_dag.py
[2026-05-15T04:39:06.280+0000] {logging_mixin.py:188} INFO - [2026-05-15T04:39:06.280+0000] {dag.py:3036} INFO - Sync 1 DAGs
[2026-05-15T04:39:06.292+0000] {logging_mixin.py:188} INFO - [2026-05-15T04:39:06.292+0000] {dag.py:3823} INFO - Setting next_dagrun for hn_pipeline to 2026-05-15 03:00:00+00:00, run_after=2026-05-15 04:00:00+00:00
[2026-05-15T04:39:06.301+0000] {processor.py:183} INFO - Processing /opt/airflow/dags/hn_pipeline_dag.py took 0.087 seconds
[2026-05-15T04:39:36.630+0000] {processor.py:161} INFO - Started process (PID=1007) to work on /opt/airflow/dags/hn_pipeline_dag.py
[2026-05-15T04:39:36.631+0000] {processor.py:830} INFO - Processing file /opt/airflow/dags/hn_pipeline_dag.py for tasks to queue
[2026-05-15T04:39:36.632+0000] {logging_mixin.py:188} INFO - [2026-05-15T04:39:36.632+0000] {dagbag.py:538} INFO - Filling up the DagBag from /opt/airflow/dags/hn_pipeline_dag.py
[2026-05-15T04:39:36.648+0000] {processor.py:840} INFO - DAG(s) 'hn_pipeline' retrieved from /opt/airflow/dags/hn_pipeline_dag.py
[2026-05-15T04:39:36.671+0000] {logging_mixin.py:188} INFO - [2026-05-15T04:39:36.671+0000] {dag.py:3036} INFO - Sync 1 DAGs
[2026-05-15T04:39:36.682+0000] {logging_mixin.py:188} INFO - [2026-05-15T04:39:36.682+0000] {dag.py:3823} INFO - Setting next_dagrun for hn_pipeline to 2026-05-15 03:00:00+00:00, run_after=2026-05-15 04:00:00+00:00
[2026-05-15T04:39:36.690+0000] {processor.py:183} INFO - Processing /opt/airflow/dags/hn_pipeline_dag.py took 0.065 seconds
[2026-05-15T04:40:06.962+0000] {processor.py:161} INFO - Started process (PID=1012) to work on /opt/airflow/dags/hn_pipeline_dag.py
[2026-05-15T04:40:06.963+0000] {processor.py:830} INFO - Processing file /opt/airflow/dags/hn_pipeline_dag.py for tasks to queue
[2026-05-15T04:40:06.964+0000] {logging_mixin.py:188} INFO - [2026-05-15T04:40:06.964+0000] {dagbag.py:538} INFO - Filling up the DagBag from /opt/airflow/dags/hn_pipeline_dag.py
[2026-05-15T04:40:06.978+0000] {processor.py:840} INFO - DAG(s) 'hn_pipeline' retrieved from /opt/airflow/dags/hn_pipeline_dag.py
[2026-05-15T04:40:06.998+0000] {logging_mixin.py:188} INFO - [2026-05-15T04:40:06.998+0000] {dag.py:3036} INFO - Sync 1 DAGs
[2026-05-15T04:40:07.009+0000] {logging_mixin.py:188} INFO - [2026-05-15T04:40:07.009+0000] {dag.py:3823} INFO - Setting next_dagrun for hn_pipeline to 2026-05-15 03:00:00+00:00, run_after=2026-05-15 04:00:00+00:00
[2026-05-15T04:40:07.017+0000] {processor.py:183} INFO - Processing /opt/airflow/dags/hn_pipeline_dag.py took 0.059 seconds
[2026-05-15T04:40:37.234+0000] {processor.py:161} INFO - Started process (PID=1017) to work on /opt/airflow/dags/hn_pipeline_dag.py
[2026-05-15T04:40:37.235+0000] {processor.py:830} INFO - Processing file /opt/airflow/dags/hn_pipeline_dag.py for tasks to queue
[2026-05-15T04:40:37.236+0000] {logging_mixin.py:188} INFO - [2026-05-15T04:40:37.235+0000] {dagbag.py:538} INFO - Filling up the DagBag from /opt/airflow/dags/hn_pipeline_dag.py
[2026-05-15T04:40:37.252+0000] {processor.py:840} INFO - DAG(s) 'hn_pipeline' retrieved from /opt/airflow/dags/hn_pipeline_dag.py
[2026-05-15T04:40:50.686+0000] {logging_mixin.py:188} INFO - [2026-05-15T04:40:50.683+0000] {dag.py:3036} INFO - Sync 1 DAGs
[2026-05-15T04:40:50.725+0000] {logging_mixin.py:188} INFO - [2026-05-15T04:40:50.725+0000] {dag.py:3823} INFO - Setting next_dagrun for hn_pipeline to 2026-05-15 03:00:00+00:00, run_after=2026-05-15 04:00:00+00:00
[2026-05-15T04:40:50.737+0000] {processor.py:183} INFO - Processing /opt/airflow/dags/hn_pipeline_dag.py took 13.636 seconds
[2026-05-15T04:41:21.004+0000] {processor.py:161} INFO - Started process (PID=1022) to work on /opt/airflow/dags/hn_pipeline_dag.py
[2026-05-15T04:41:21.004+0000] {processor.py:830} INFO - Processing file /opt/airflow/dags/hn_pipeline_dag.py for tasks to queue
[2026-05-15T04:41:21.005+0000] {logging_mixin.py:188} INFO - [2026-05-15T04:41:21.005+0000] {dagbag.py:538} INFO - Filling up the DagBag from /opt/airflow/dags/hn_pipeline_dag.py
[2026-05-15T04:41:21.018+0000] {processor.py:840} INFO - DAG(s) 'hn_pipeline' retrieved from /opt/airflow/dags/hn_pipeline_dag.py
[2026-05-15T04:41:21.043+0000] {logging_mixin.py:188} INFO - [2026-05-15T04:41:21.043+0000] {dag.py:3036} INFO - Sync 1 DAGs
[2026-05-15T04:41:21.053+0000] {logging_mixin.py:188} INFO - [2026-05-15T04:41:21.053+0000] {dag.py:3823} INFO - Setting next_dagrun for hn_pipeline to 2026-05-15 03:00:00+00:00, run_after=2026-05-15 04:00:00+00:00
[2026-05-15T04:41:21.060+0000] {processor.py:183} INFO - Processing /opt/airflow/dags/hn_pipeline_dag.py took 0.060 seconds
[2026-05-15T04:41:51.340+0000] {processor.py:161} INFO - Started process (PID=1027) to work on /opt/airflow/dags/hn_pipeline_dag.py
[2026-05-15T04:41:51.341+0000] {processor.py:830} INFO - Processing file /opt/airflow/dags/hn_pipeline_dag.py for tasks to queue
[2026-05-15T04:41:51.342+0000] {logging_mixin.py:188} INFO - [2026-05-15T04:41:51.342+0000] {dagbag.py:538} INFO - Filling up the DagBag from /opt/airflow/dags/hn_pipeline_dag.py
[2026-05-15T04:41:51.356+0000] {processor.py:840} INFO - DAG(s) 'hn_pipeline' retrieved from /opt/airflow/dags/hn_pipeline_dag.py
[2026-05-15T04:41:51.376+0000] {logging_mixin.py:188} INFO - [2026-05-15T04:41:51.376+0000] {dag.py:3036} INFO - Sync 1 DAGs
[2026-05-15T04:41:51.387+0000] {logging_mixin.py:188} INFO - [2026-05-15T04:41:51.387+0000] {dag.py:3823} INFO - Setting next_dagrun for hn_pipeline to 2026-05-15 03:00:00+00:00, run_after=2026-05-15 04:00:00+00:00
[2026-05-15T04:41:51.394+0000] {processor.py:183} INFO - Processing /opt/airflow/dags/hn_pipeline_dag.py took 0.057 seconds
[2026-05-15T04:42:21.551+0000] {processor.py:161} INFO - Started process (PID=1032) to work on /opt/airflow/dags/hn_pipeline_dag.py
[2026-05-15T04:42:21.552+0000] {processor.py:830} INFO - Processing file /opt/airflow/dags/hn_pipeline_dag.py for tasks to queue
[2026-05-15T04:42:21.553+0000] {logging_mixin.py:188} INFO - [2026-05-15T04:42:21.553+0000] {dagbag.py:538} INFO - Filling up the DagBag from /opt/airflow/dags/hn_pipeline_dag.py
[2026-05-15T04:42:21.567+0000] {processor.py:840} INFO - DAG(s) 'hn_pipeline' retrieved from /opt/airflow/dags/hn_pipeline_dag.py
[2026-05-15T04:42:21.587+0000] {logging_mixin.py:188} INFO - [2026-05-15T04:42:21.587+0000] {dag.py:3036} INFO - Sync 1 DAGs
[2026-05-15T04:42:21.598+0000] {logging_mixin.py:188} INFO - [2026-05-15T04:42:21.598+0000] {dag.py:3823} INFO - Setting next_dagrun for hn_pipeline to 2026-05-15 03:00:00+00:00, run_after=2026-05-15 04:00:00+00:00
[2026-05-15T04:42:21.606+0000] {processor.py:183} INFO - Processing /opt/airflow/dags/hn_pipeline_dag.py took 0.058 seconds
[2026-05-15T04:42:54.565+0000] {processor.py:161} INFO - Started process (PID=1037) to work on /opt/airflow/dags/hn_pipeline_dag.py
[2026-05-15T04:42:57.185+0000] {processor.py:830} INFO - Processing file /opt/airflow/dags/hn_pipeline_dag.py for tasks to queue
[2026-05-15T04:42:57.532+0000] {logging_mixin.py:188} INFO - [2026-05-15T04:42:57.464+0000] {dagbag.py:538} INFO - Filling up the DagBag from /opt/airflow/dags/hn_pipeline_dag.py
[2026-05-15T04:42:59.469+0000] {processor.py:840} INFO - DAG(s) 'hn_pipeline' retrieved from /opt/airflow/dags/hn_pipeline_dag.py
[2026-05-15T04:43:11.435+0000] {logging_mixin.py:188} INFO - [2026-05-15T04:43:11.197+0000] {dag.py:3036} INFO - Sync 1 DAGs
[2026-05-15T04:43:18.311+0000] {logging_mixin.py:188} INFO - [2026-05-15T04:43:18.307+0000] {dag.py:3823} INFO - Setting next_dagrun for hn_pipeline to 2026-05-15 03:00:00+00:00, run_after=2026-05-15 04:00:00+00:00
[2026-05-15T04:43:18.341+0000] {processor.py:183} INFO - Processing /opt/airflow/dags/hn_pipeline_dag.py took 25.648 seconds
[2026-05-15T04:43:48.478+0000] {processor.py:161} INFO - Started process (PID=1042) to work on /opt/airflow/dags/hn_pipeline_dag.py
[2026-05-15T04:43:48.479+0000] {processor.py:830} INFO - Processing file /opt/airflow/dags/hn_pipeline_dag.py for tasks to queue
[2026-05-15T04:43:48.480+0000] {logging_mixin.py:188} INFO - [2026-05-15T04:43:48.480+0000] {dagbag.py:538} INFO - Filling up the DagBag from /opt/airflow/dags/hn_pipeline_dag.py
[2026-05-15T04:43:48.493+0000] {processor.py:840} INFO - DAG(s) 'hn_pipeline' retrieved from /opt/airflow/dags/hn_pipeline_dag.py
[2026-05-15T04:43:48.518+0000] {logging_mixin.py:188} INFO - [2026-05-15T04:43:48.518+0000] {dag.py:3036} INFO - Sync 1 DAGs
[2026-05-15T04:43:48.528+0000] {logging_mixin.py:188} INFO - [2026-05-15T04:43:48.528+0000] {dag.py:3823} INFO - Setting next_dagrun for hn_pipeline to 2026-05-15 03:00:00+00:00, run_after=2026-05-15 04:00:00+00:00
[2026-05-15T04:43:48.535+0000] {processor.py:183} INFO - Processing /opt/airflow/dags/hn_pipeline_dag.py took 0.061 seconds
[2026-05-15T04:44:18.835+0000] {processor.py:161} INFO - Started process (PID=1047) to work on /opt/airflow/dags/hn_pipeline_dag.py
[2026-05-15T04:44:18.837+0000] {processor.py:830} INFO - Processing file /opt/airflow/dags/hn_pipeline_dag.py for tasks to queue
[2026-05-15T04:44:18.838+0000] {logging_mixin.py:188} INFO - [2026-05-15T04:44:18.837+0000] {dagbag.py:538} INFO - Filling up the DagBag from /opt/airflow/dags/hn_pipeline_dag.py
[2026-05-15T04:44:18.851+0000] {processor.py:840} INFO - DAG(s) 'hn_pipeline' retrieved from /opt/airflow/dags/hn_pipeline_dag.py
[2026-05-15T04:44:18.873+0000] {logging_mixin.py:188} INFO - [2026-05-15T04:44:18.873+0000] {dag.py:3036} INFO - Sync 1 DAGs
[2026-05-15T04:44:18.885+0000] {logging_mixin.py:188} INFO - [2026-05-15T04:44:18.885+0000] {dag.py:3823} INFO - Setting next_dagrun for hn_pipeline to 2026-05-15 03:00:00+00:00, run_after=2026-05-15 04:00:00+00:00
[2026-05-15T04:44:18.891+0000] {processor.py:183} INFO - Processing /opt/airflow/dags/hn_pipeline_dag.py took 0.060 seconds
[2026-05-15T04:44:49.041+0000] {processor.py:161} INFO - Started process (PID=1052) to work on /opt/airflow/dags/hn_pipeline_dag.py
[2026-05-15T04:44:49.042+0000] {processor.py:830} INFO - Processing file /opt/airflow/dags/hn_pipeline_dag.py for tasks to queue
[2026-05-15T04:44:49.043+0000] {logging_mixin.py:188} INFO - [2026-05-15T04:44:49.043+0000] {dagbag.py:538} INFO - Filling up the DagBag from /opt/airflow/dags/hn_pipeline_dag.py
[2026-05-15T04:44:49.053+0000] {processor.py:840} INFO - DAG(s) 'hn_pipeline' retrieved from /opt/airflow/dags/hn_pipeline_dag.py
[2026-05-15T04:44:49.068+0000] {logging_mixin.py:188} INFO - [2026-05-15T04:44:49.068+0000] {dag.py:3036} INFO - Sync 1 DAGs
[2026-05-15T04:44:49.079+0000] {logging_mixin.py:188} INFO - [2026-05-15T04:44:49.079+0000] {dag.py:3823} INFO - Setting next_dagrun for hn_pipeline to 2026-05-15 03:00:00+00:00, run_after=2026-05-15 04:00:00+00:00
[2026-05-15T04:44:49.086+0000] {processor.py:183} INFO - Processing /opt/airflow/dags/hn_pipeline_dag.py took 0.048 seconds
[2026-05-15T04:45:21.085+0000] {processor.py:161} INFO - Started process (PID=1057) to work on /opt/airflow/dags/hn_pipeline_dag.py
[2026-05-15T04:45:21.616+0000] {processor.py:830} INFO - Processing file /opt/airflow/dags/hn_pipeline_dag.py for tasks to queue
[2026-05-15T04:45:21.868+0000] {logging_mixin.py:188} INFO - [2026-05-15T04:45:21.822+0000] {dagbag.py:538} INFO - Filling up the DagBag from /opt/airflow/dags/hn_pipeline_dag.py
[2026-05-15T04:45:26.020+0000] {processor.py:840} INFO - DAG(s) 'hn_pipeline' retrieved from /opt/airflow/dags/hn_pipeline_dag.py
[2026-05-15T04:45:29.432+0000] {logging_mixin.py:188} INFO - [2026-05-15T04:45:29.192+0000] {dag.py:3036} INFO - Sync 1 DAGs
[2026-05-15T04:45:39.514+0000] {logging_mixin.py:188} INFO - [2026-05-15T04:45:39.349+0000] {dag.py:3823} INFO - Setting next_dagrun for hn_pipeline to 2026-05-15 03:00:00+00:00, run_after=2026-05-15 04:00:00+00:00
[2026-05-15T04:45:40.219+0000] {processor.py:183} INFO - Processing /opt/airflow/dags/hn_pipeline_dag.py took 19.524 seconds
[2026-05-15T04:46:10.506+0000] {processor.py:161} INFO - Started process (PID=1062) to work on /opt/airflow/dags/hn_pipeline_dag.py
[2026-05-15T04:46:10.507+0000] {processor.py:830} INFO - Processing file /opt/airflow/dags/hn_pipeline_dag.py for tasks to queue
[2026-05-15T04:46:10.508+0000] {logging_mixin.py:188} INFO - [2026-05-15T04:46:10.507+0000] {dagbag.py:538} INFO - Filling up the DagBag from /opt/airflow/dags/hn_pipeline_dag.py
[2026-05-15T04:46:10.524+0000] {processor.py:840} INFO - DAG(s) 'hn_pipeline' retrieved from /opt/airflow/dags/hn_pipeline_dag.py
[2026-05-15T04:46:10.554+0000] {logging_mixin.py:188} INFO - [2026-05-15T04:46:10.554+0000] {dag.py:3036} INFO - Sync 1 DAGs
[2026-05-15T04:46:10.569+0000] {logging_mixin.py:188} INFO - [2026-05-15T04:46:10.569+0000] {dag.py:3823} INFO - Setting next_dagrun for hn_pipeline to 2026-05-15 03:00:00+00:00, run_after=2026-05-15 04:00:00+00:00
[2026-05-15T04:46:10.576+0000] {processor.py:183} INFO - Processing /opt/airflow/dags/hn_pipeline_dag.py took 0.074 seconds
[2026-05-15T04:46:40.792+0000] {processor.py:161} INFO - Started process (PID=1067) to work on /opt/airflow/dags/hn_pipeline_dag.py
[2026-05-15T04:46:40.793+0000] {processor.py:830} INFO - Processing file /opt/airflow/dags/hn_pipeline_dag.py for tasks to queue
[2026-05-15T04:46:40.794+0000] {logging_mixin.py:188} INFO - [2026-05-15T04:46:40.794+0000] {dagbag.py:538} INFO - Filling up the DagBag from /opt/airflow/dags/hn_pipeline_dag.py
[2026-05-15T04:46:40.808+0000] {processor.py:840} INFO - DAG(s) 'hn_pipeline' retrieved from /opt/airflow/dags/hn_pipeline_dag.py
[2026-05-15T04:46:40.828+0000] {logging_mixin.py:188} INFO - [2026-05-15T04:46:40.828+0000] {dag.py:3036} INFO - Sync 1 DAGs
[2026-05-15T04:46:40.839+0000] {logging_mixin.py:188} INFO - [2026-05-15T04:46:40.839+0000] {dag.py:3823} INFO - Setting next_dagrun for hn_pipeline to 2026-05-15 03:00:00+00:00, run_after=2026-05-15 04:00:00+00:00
[2026-05-15T04:46:40.846+0000] {processor.py:183} INFO - Processing /opt/airflow/dags/hn_pipeline_dag.py took 0.057 seconds
[2026-05-15T04:47:11.085+0000] {processor.py:161} INFO - Started process (PID=1072) to work on /opt/airflow/dags/hn_pipeline_dag.py
[2026-05-15T04:47:11.086+0000] {processor.py:830} INFO - Processing file /opt/airflow/dags/hn_pipeline_dag.py for tasks to queue
[2026-05-15T04:47:11.087+0000] {logging_mixin.py:188} INFO - [2026-05-15T04:47:11.087+0000] {dagbag.py:538} INFO - Filling up the DagBag from /opt/airflow/dags/hn_pipeline_dag.py
[2026-05-15T04:47:11.101+0000] {processor.py:840} INFO - DAG(s) 'hn_pipeline' retrieved from /opt/airflow/dags/hn_pipeline_dag.py
[2026-05-15T04:47:11.119+0000] {logging_mixin.py:188} INFO - [2026-05-15T04:47:11.119+0000] {dag.py:3036} INFO - Sync 1 DAGs
[2026-05-15T04:47:11.130+0000] {logging_mixin.py:188} INFO - [2026-05-15T04:47:11.130+0000] {dag.py:3823} INFO - Setting next_dagrun for hn_pipeline to 2026-05-15 03:00:00+00:00, run_after=2026-05-15 04:00:00+00:00
[2026-05-15T04:47:11.138+0000] {processor.py:183} INFO - Processing /opt/airflow/dags/hn_pipeline_dag.py took 0.056 seconds
[2026-05-15T04:47:47.591+0000] {processor.py:161} INFO - Started process (PID=1077) to work on /opt/airflow/dags/hn_pipeline_dag.py
[2026-05-15T04:47:47.685+0000] {processor.py:830} INFO - Processing file /opt/airflow/dags/hn_pipeline_dag.py for tasks to queue
[2026-05-15T04:47:48.055+0000] {logging_mixin.py:188} INFO - [2026-05-15T04:47:47.986+0000] {dagbag.py:538} INFO - Filling up the DagBag from /opt/airflow/dags/hn_pipeline_dag.py
[2026-05-15T04:47:52.369+0000] {processor.py:840} INFO - DAG(s) 'hn_pipeline' retrieved from /opt/airflow/dags/hn_pipeline_dag.py
[2026-05-15T04:47:56.850+0000] {logging_mixin.py:188} INFO - [2026-05-15T04:47:56.763+0000] {dag.py:3036} INFO - Sync 1 DAGs
[2026-05-15T04:48:01.089+0000] {logging_mixin.py:188} INFO - [2026-05-15T04:48:01.087+0000] {dag.py:3823} INFO - Setting next_dagrun for hn_pipeline to 2026-05-15 03:00:00+00:00, run_after=2026-05-15 04:00:00+00:00
[2026-05-15T04:48:01.108+0000] {processor.py:183} INFO - Processing /opt/airflow/dags/hn_pipeline_dag.py took 15.912 seconds
[2026-05-15T04:48:31.387+0000] {processor.py:161} INFO - Started process (PID=1082) to work on /opt/airflow/dags/hn_pipeline_dag.py
[2026-05-15T04:48:31.389+0000] {processor.py:830} INFO - Processing file /opt/airflow/dags/hn_pipeline_dag.py for tasks to queue
[2026-05-15T04:48:31.390+0000] {logging_mixin.py:188} INFO - [2026-05-15T04:48:31.389+0000] {dagbag.py:538} INFO - Filling up the DagBag from /opt/airflow/dags/hn_pipeline_dag.py
[2026-05-15T04:48:31.408+0000] {processor.py:840} INFO - DAG(s) 'hn_pipeline' retrieved from /opt/airflow/dags/hn_pipeline_dag.py
[2026-05-15T04:48:31.433+0000] {logging_mixin.py:188} INFO - [2026-05-15T04:48:31.433+0000] {dag.py:3036} INFO - Sync 1 DAGs
[2026-05-15T04:48:31.443+0000] {logging_mixin.py:188} INFO - [2026-05-15T04:48:31.443+0000] {dag.py:3823} INFO - Setting next_dagrun for hn_pipeline to 2026-05-15 03:00:00+00:00, run_after=2026-05-15 04:00:00+00:00
[2026-05-15T04:48:31.450+0000] {processor.py:183} INFO - Processing /opt/airflow/dags/hn_pipeline_dag.py took 0.066 seconds
[2026-05-15T04:49:01.638+0000] {processor.py:161} INFO - Started process (PID=1087) to work on /opt/airflow/dags/hn_pipeline_dag.py
[2026-05-15T04:49:01.639+0000] {processor.py:830} INFO - Processing file /opt/airflow/dags/hn_pipeline_dag.py for tasks to queue
[2026-05-15T04:49:01.640+0000] {logging_mixin.py:188} INFO - [2026-05-15T04:49:01.640+0000] {dagbag.py:538} INFO - Filling up the DagBag from /opt/airflow/dags/hn_pipeline_dag.py
[2026-05-15T04:49:01.650+0000] {processor.py:840} INFO - DAG(s) 'hn_pipeline' retrieved from /opt/airflow/dags/hn_pipeline_dag.py
[2026-05-15T04:49:01.666+0000] {logging_mixin.py:188} INFO - [2026-05-15T04:49:01.665+0000] {dag.py:3036} INFO - Sync 1 DAGs
[2026-05-15T04:49:01.677+0000] {logging_mixin.py:188} INFO - [2026-05-15T04:49:01.677+0000] {dag.py:3823} INFO - Setting next_dagrun for hn_pipeline to 2026-05-15 03:00:00+00:00, run_after=2026-05-15 04:00:00+00:00
[2026-05-15T04:49:01.684+0000] {processor.py:183} INFO - Processing /opt/airflow/dags/hn_pipeline_dag.py took 0.049 seconds
[2026-05-15T04:49:31.900+0000] {processor.py:161} INFO - Started process (PID=1092) to work on /opt/airflow/dags/hn_pipeline_dag.py
[2026-05-15T04:49:31.901+0000] {processor.py:830} INFO - Processing file /opt/airflow/dags/hn_pipeline_dag.py for tasks to queue
[2026-05-15T04:49:31.902+0000] {logging_mixin.py:188} INFO - [2026-05-15T04:49:31.902+0000] {dagbag.py:538} INFO - Filling up the DagBag from /opt/airflow/dags/hn_pipeline_dag.py
[2026-05-15T04:49:31.917+0000] {processor.py:840} INFO - DAG(s) 'hn_pipeline' retrieved from /opt/airflow/dags/hn_pipeline_dag.py
[2026-05-15T04:49:31.938+0000] {logging_mixin.py:188} INFO - [2026-05-15T04:49:31.938+0000] {dag.py:3036} INFO - Sync 1 DAGs
[2026-05-15T04:49:31.949+0000] {logging_mixin.py:188} INFO - [2026-05-15T04:49:31.949+0000] {dag.py:3823} INFO - Setting next_dagrun for hn_pipeline to 2026-05-15 03:00:00+00:00, run_after=2026-05-15 04:00:00+00:00
[2026-05-15T04:49:31.956+0000] {processor.py:183} INFO - Processing /opt/airflow/dags/hn_pipeline_dag.py took 0.061 seconds
[2026-05-15T04:50:02.180+0000] {processor.py:161} INFO - Started process (PID=1097) to work on /opt/airflow/dags/hn_pipeline_dag.py
[2026-05-15T04:50:02.181+0000] {processor.py:830} INFO - Processing file /opt/airflow/dags/hn_pipeline_dag.py for tasks to queue
[2026-05-15T04:50:02.181+0000] {logging_mixin.py:188} INFO - [2026-05-15T04:50:02.181+0000] {dagbag.py:538} INFO - Filling up the DagBag from /opt/airflow/dags/hn_pipeline_dag.py
[2026-05-15T04:50:02.188+0000] {processor.py:840} INFO - DAG(s) 'hn_pipeline' retrieved from /opt/airflow/dags/hn_pipeline_dag.py
[2026-05-15T04:50:02.201+0000] {logging_mixin.py:188} INFO - [2026-05-15T04:50:02.201+0000] {dag.py:3036} INFO - Sync 1 DAGs
[2026-05-15T04:50:02.211+0000] {logging_mixin.py:188} INFO - [2026-05-15T04:50:02.211+0000] {dag.py:3823} INFO - Setting next_dagrun for hn_pipeline to 2026-05-15 03:00:00+00:00, run_after=2026-05-15 04:00:00+00:00
[2026-05-15T04:50:02.218+0000] {processor.py:183} INFO - Processing /opt/airflow/dags/hn_pipeline_dag.py took 0.039 seconds
[2026-05-15T04:50:44.620+0000] {processor.py:161} INFO - Started process (PID=1102) to work on /opt/airflow/dags/hn_pipeline_dag.py
[2026-05-15T04:50:44.642+0000] {processor.py:830} INFO - Processing file /opt/airflow/dags/hn_pipeline_dag.py for tasks to queue
[2026-05-15T04:50:44.692+0000] {logging_mixin.py:188} INFO - [2026-05-15T04:50:44.656+0000] {dagbag.py:538} INFO - Filling up the DagBag from /opt/airflow/dags/hn_pipeline_dag.py
[2026-05-15T04:50:45.327+0000] {processor.py:840} INFO - DAG(s) 'hn_pipeline' retrieved from /opt/airflow/dags/hn_pipeline_dag.py
[2026-05-15T04:50:51.660+0000] {logging_mixin.py:188} INFO - [2026-05-15T04:50:51.441+0000] {dag.py:3036} INFO - Sync 1 DAGs
[2026-05-15T04:50:55.478+0000] {logging_mixin.py:188} INFO - [2026-05-15T04:50:55.477+0000] {dag.py:3823} INFO - Setting next_dagrun for hn_pipeline to 2026-05-15 03:00:00+00:00, run_after=2026-05-15 04:00:00+00:00
[2026-05-15T04:50:55.501+0000] {processor.py:183} INFO - Processing /opt/airflow/dags/hn_pipeline_dag.py took 11.285 seconds
[2026-05-15T04:51:25.749+0000] {processor.py:161} INFO - Started process (PID=1107) to work on /opt/airflow/dags/hn_pipeline_dag.py
[2026-05-15T04:51:25.750+0000] {processor.py:830} INFO - Processing file /opt/airflow/dags/hn_pipeline_dag.py for tasks to queue
[2026-05-15T04:51:25.751+0000] {logging_mixin.py:188} INFO - [2026-05-15T04:51:25.751+0000] {dagbag.py:538} INFO - Filling up the DagBag from /opt/airflow/dags/hn_pipeline_dag.py
[2026-05-15T04:51:25.773+0000] {processor.py:840} INFO - DAG(s) 'hn_pipeline' retrieved from /opt/airflow/dags/hn_pipeline_dag.py
[2026-05-15T04:51:25.799+0000] {logging_mixin.py:188} INFO - [2026-05-15T04:51:25.799+0000] {dag.py:3036} INFO - Sync 1 DAGs
[2026-05-15T04:51:25.812+0000] {logging_mixin.py:188} INFO - [2026-05-15T04:51:25.812+0000] {dag.py:3823} INFO - Setting next_dagrun for hn_pipeline to 2026-05-15 03:00:00+00:00, run_after=2026-05-15 04:00:00+00:00
[2026-05-15T04:51:25.821+0000] {processor.py:183} INFO - Processing /opt/airflow/dags/hn_pipeline_dag.py took 0.077 seconds
[2026-05-15T04:51:56.066+0000] {processor.py:161} INFO - Started process (PID=1112) to work on /opt/airflow/dags/hn_pipeline_dag.py
[2026-05-15T04:51:56.067+0000] {processor.py:830} INFO - Processing file /opt/airflow/dags/hn_pipeline_dag.py for tasks to queue
[2026-05-15T04:51:56.068+0000] {logging_mixin.py:188} INFO - [2026-05-15T04:51:56.068+0000] {dagbag.py:538} INFO - Filling up the DagBag from /opt/airflow/dags/hn_pipeline_dag.py
[2026-05-15T04:51:56.084+0000] {processor.py:840} INFO - DAG(s) 'hn_pipeline' retrieved from /opt/airflow/dags/hn_pipeline_dag.py
[2026-05-15T04:51:56.103+0000] {logging_mixin.py:188} INFO - [2026-05-15T04:51:56.102+0000] {dag.py:3036} INFO - Sync 1 DAGs
[2026-05-15T04:51:56.114+0000] {logging_mixin.py:188} INFO - [2026-05-15T04:51:56.114+0000] {dag.py:3823} INFO - Setting next_dagrun for hn_pipeline to 2026-05-15 03:00:00+00:00, run_after=2026-05-15 04:00:00+00:00
[2026-05-15T04:51:56.125+0000] {processor.py:183} INFO - Processing /opt/airflow/dags/hn_pipeline_dag.py took 0.064 seconds
[2026-05-15T04:52:26.390+0000] {processor.py:161} INFO - Started process (PID=1117) to work on /opt/airflow/dags/hn_pipeline_dag.py
[2026-05-15T04:52:26.391+0000] {processor.py:830} INFO - Processing file /opt/airflow/dags/hn_pipeline_dag.py for tasks to queue
[2026-05-15T04:52:26.391+0000] {logging_mixin.py:188} INFO - [2026-05-15T04:52:26.391+0000] {dagbag.py:538} INFO - Filling up the DagBag from /opt/airflow/dags/hn_pipeline_dag.py
[2026-05-15T04:52:26.400+0000] {processor.py:840} INFO - DAG(s) 'hn_pipeline' retrieved from /opt/airflow/dags/hn_pipeline_dag.py
[2026-05-15T04:52:26.416+0000] {logging_mixin.py:188} INFO - [2026-05-15T04:52:26.416+0000] {dag.py:3036} INFO - Sync 1 DAGs
[2026-05-15T04:52:26.427+0000] {logging_mixin.py:188} INFO - [2026-05-15T04:52:26.427+0000] {dag.py:3823} INFO - Setting next_dagrun for hn_pipeline to 2026-05-15 03:00:00+00:00, run_after=2026-05-15 04:00:00+00:00
[2026-05-15T04:52:26.433+0000] {processor.py:183} INFO - Processing /opt/airflow/dags/hn_pipeline_dag.py took 0.046 seconds
[2026-05-15T04:52:59.575+0000] {processor.py:161} INFO - Started process (PID=1122) to work on /opt/airflow/dags/hn_pipeline_dag.py
[2026-05-15T04:52:59.617+0000] {processor.py:830} INFO - Processing file /opt/airflow/dags/hn_pipeline_dag.py for tasks to queue
[2026-05-15T04:52:59.647+0000] {logging_mixin.py:188} INFO - [2026-05-15T04:52:59.638+0000] {dagbag.py:538} INFO - Filling up the DagBag from /opt/airflow/dags/hn_pipeline_dag.py
[2026-05-15T04:53:00.174+0000] {processor.py:840} INFO - DAG(s) 'hn_pipeline' retrieved from /opt/airflow/dags/hn_pipeline_dag.py
[2026-05-15T04:53:03.640+0000] {logging_mixin.py:188} INFO - [2026-05-15T04:53:03.429+0000] {dag.py:3036} INFO - Sync 1 DAGs
[2026-05-15T04:53:32.205+0000] {logging_mixin.py:188} INFO - [2026-05-15T04:53:32.157+0000] {dag.py:3823} INFO - Setting next_dagrun for hn_pipeline to 2026-05-15 03:00:00+00:00, run_after=2026-05-15 04:00:00+00:00
[2026-05-15T04:53:39.517+0000] {processor.py:183} INFO - Processing /opt/airflow/dags/hn_pipeline_dag.py took 40.680 seconds
[2026-05-15T04:54:16.571+0000] {processor.py:161} INFO - Started process (PID=1127) to work on /opt/airflow/dags/hn_pipeline_dag.py
[2026-05-15T04:54:16.572+0000] {processor.py:830} INFO - Processing file /opt/airflow/dags/hn_pipeline_dag.py for tasks to queue
[2026-05-15T04:54:16.573+0000] {logging_mixin.py:188} INFO - [2026-05-15T04:54:16.573+0000] {dagbag.py:538} INFO - Filling up the DagBag from /opt/airflow/dags/hn_pipeline_dag.py
[2026-05-15T04:54:16.590+0000] {processor.py:840} INFO - DAG(s) 'hn_pipeline' retrieved from /opt/airflow/dags/hn_pipeline_dag.py
[2026-05-15T04:54:16.615+0000] {logging_mixin.py:188} INFO - [2026-05-15T04:54:16.614+0000] {dag.py:3036} INFO - Sync 1 DAGs
[2026-05-15T04:54:16.627+0000] {logging_mixin.py:188} INFO - [2026-05-15T04:54:16.627+0000] {dag.py:3823} INFO - Setting next_dagrun for hn_pipeline to 2026-05-15 03:00:00+00:00, run_after=2026-05-15 04:00:00+00:00
[2026-05-15T04:54:16.635+0000] {processor.py:183} INFO - Processing /opt/airflow/dags/hn_pipeline_dag.py took 0.069 seconds
[2026-05-15T04:54:46.806+0000] {processor.py:161} INFO - Started process (PID=1132) to work on /opt/airflow/dags/hn_pipeline_dag.py
[2026-05-15T04:54:46.807+0000] {processor.py:830} INFO - Processing file /opt/airflow/dags/hn_pipeline_dag.py for tasks to queue
[2026-05-15T04:54:46.808+0000] {logging_mixin.py:188} INFO - [2026-05-15T04:54:46.808+0000] {dagbag.py:538} INFO - Filling up the DagBag from /opt/airflow/dags/hn_pipeline_dag.py
[2026-05-15T04:54:46.820+0000] {processor.py:840} INFO - DAG(s) 'hn_pipeline' retrieved from /opt/airflow/dags/hn_pipeline_dag.py
[2026-05-15T04:54:46.838+0000] {logging_mixin.py:188} INFO - [2026-05-15T04:54:46.838+0000] {dag.py:3036} INFO - Sync 1 DAGs
[2026-05-15T04:54:46.849+0000] {logging_mixin.py:188} INFO - [2026-05-15T04:54:46.849+0000] {dag.py:3823} INFO - Setting next_dagrun for hn_pipeline to 2026-05-15 03:00:00+00:00, run_after=2026-05-15 04:00:00+00:00
[2026-05-15T04:54:46.857+0000] {processor.py:183} INFO - Processing /opt/airflow/dags/hn_pipeline_dag.py took 0.054 seconds
[2026-05-15T04:55:17.341+0000] {processor.py:161} INFO - Started process (PID=1137) to work on /opt/airflow/dags/hn_pipeline_dag.py
[2026-05-15T04:55:17.354+0000] {processor.py:830} INFO - Processing file /opt/airflow/dags/hn_pipeline_dag.py for tasks to queue
[2026-05-15T04:55:17.435+0000] {logging_mixin.py:188} INFO - [2026-05-15T04:55:17.401+0000] {dagbag.py:538} INFO - Filling up the DagBag from /opt/airflow/dags/hn_pipeline_dag.py
[2026-05-15T04:55:24.558+0000] {processor.py:840} INFO - DAG(s) 'hn_pipeline' retrieved from /opt/airflow/dags/hn_pipeline_dag.py
[2026-05-15T04:55:31.852+0000] {logging_mixin.py:188} INFO - [2026-05-15T04:55:31.850+0000] {dag.py:3036} INFO - Sync 1 DAGs
[2026-05-15T04:55:31.889+0000] {logging_mixin.py:188} INFO - [2026-05-15T04:55:31.889+0000] {dag.py:3823} INFO - Setting next_dagrun for hn_pipeline to 2026-05-15 03:00:00+00:00, run_after=2026-05-15 04:00:00+00:00
[2026-05-15T04:55:31.909+0000] {processor.py:183} INFO - Processing /opt/airflow/dags/hn_pipeline_dag.py took 14.888 seconds
[2026-05-15T04:56:02.129+0000] {processor.py:161} INFO - Started process (PID=1142) to work on /opt/airflow/dags/hn_pipeline_dag.py
[2026-05-15T04:56:02.130+0000] {processor.py:830} INFO - Processing file /opt/airflow/dags/hn_pipeline_dag.py for tasks to queue
[2026-05-15T04:56:02.131+0000] {logging_mixin.py:188} INFO - [2026-05-15T04:56:02.131+0000] {dagbag.py:538} INFO - Filling up the DagBag from /opt/airflow/dags/hn_pipeline_dag.py
[2026-05-15T04:56:02.146+0000] {processor.py:840} INFO - DAG(s) 'hn_pipeline' retrieved from /opt/airflow/dags/hn_pipeline_dag.py
[2026-05-15T04:56:02.170+0000] {logging_mixin.py:188} INFO - [2026-05-15T04:56:02.170+0000] {dag.py:3036} INFO - Sync 1 DAGs
[2026-05-15T04:56:02.179+0000] {logging_mixin.py:188} INFO - [2026-05-15T04:56:02.179+0000] {dag.py:3823} INFO - Setting next_dagrun for hn_pipeline to 2026-05-15 03:00:00+00:00, run_after=2026-05-15 04:00:00+00:00
[2026-05-15T04:56:02.186+0000] {processor.py:183} INFO - Processing /opt/airflow/dags/hn_pipeline_dag.py took 0.061 seconds
[2026-05-15T04:56:32.387+0000] {processor.py:161} INFO - Started process (PID=1147) to work on /opt/airflow/dags/hn_pipeline_dag.py
[2026-05-15T04:56:32.388+0000] {processor.py:830} INFO - Processing file /opt/airflow/dags/hn_pipeline_dag.py for tasks to queue
[2026-05-15T04:56:32.389+0000] {logging_mixin.py:188} INFO - [2026-05-15T04:56:32.389+0000] {dagbag.py:538} INFO - Filling up the DagBag from /opt/airflow/dags/hn_pipeline_dag.py
[2026-05-15T04:56:32.402+0000] {processor.py:840} INFO - DAG(s) 'hn_pipeline' retrieved from /opt/airflow/dags/hn_pipeline_dag.py
[2026-05-15T04:56:32.422+0000] {logging_mixin.py:188} INFO - [2026-05-15T04:56:32.422+0000] {dag.py:3036} INFO - Sync 1 DAGs
[2026-05-15T04:56:32.432+0000] {logging_mixin.py:188} INFO - [2026-05-15T04:56:32.432+0000] {dag.py:3823} INFO - Setting next_dagrun for hn_pipeline to 2026-05-15 03:00:00+00:00, run_after=2026-05-15 04:00:00+00:00
[2026-05-15T04:56:32.439+0000] {processor.py:183} INFO - Processing /opt/airflow/dags/hn_pipeline_dag.py took 0.056 seconds
[2026-05-15T04:57:02.687+0000] {processor.py:161} INFO - Started process (PID=1152) to work on /opt/airflow/dags/hn_pipeline_dag.py
[2026-05-15T04:57:02.688+0000] {processor.py:830} INFO - Processing file /opt/airflow/dags/hn_pipeline_dag.py for tasks to queue
[2026-05-15T04:57:02.689+0000] {logging_mixin.py:188} INFO - [2026-05-15T04:57:02.689+0000] {dagbag.py:538} INFO - Filling up the DagBag from /opt/airflow/dags/hn_pipeline_dag.py
[2026-05-15T04:57:02.702+0000] {processor.py:840} INFO - DAG(s) 'hn_pipeline' retrieved from /opt/airflow/dags/hn_pipeline_dag.py
[2026-05-15T04:57:02.719+0000] {logging_mixin.py:188} INFO - [2026-05-15T04:57:02.719+0000] {dag.py:3036} INFO - Sync 1 DAGs
[2026-05-15T04:57:02.730+0000] {logging_mixin.py:188} INFO - [2026-05-15T04:57:02.730+0000] {dag.py:3823} INFO - Setting next_dagrun for hn_pipeline to 2026-05-15 03:00:00+00:00, run_after=2026-05-15 04:00:00+00:00
[2026-05-15T04:57:02.737+0000] {processor.py:183} INFO - Processing /opt/airflow/dags/hn_pipeline_dag.py took 0.054 seconds
[2026-05-15T04:57:32.936+0000] {processor.py:161} INFO - Started process (PID=1157) to work on /opt/airflow/dags/hn_pipeline_dag.py
[2026-05-15T04:57:32.937+0000] {processor.py:830} INFO - Processing file /opt/airflow/dags/hn_pipeline_dag.py for tasks to queue
[2026-05-15T04:57:32.937+0000] {logging_mixin.py:188} INFO - [2026-05-15T04:57:32.937+0000] {dagbag.py:538} INFO - Filling up the DagBag from /opt/airflow/dags/hn_pipeline_dag.py
[2026-05-15T04:57:32.945+0000] {processor.py:840} INFO - DAG(s) 'hn_pipeline' retrieved from /opt/airflow/dags/hn_pipeline_dag.py
[2026-05-15T04:57:32.964+0000] {logging_mixin.py:188} INFO - [2026-05-15T04:57:32.963+0000] {dag.py:3036} INFO - Sync 1 DAGs
[2026-05-15T04:57:32.974+0000] {logging_mixin.py:188} INFO - [2026-05-15T04:57:32.974+0000] {dag.py:3823} INFO - Setting next_dagrun for hn_pipeline to 2026-05-15 03:00:00+00:00, run_after=2026-05-15 04:00:00+00:00
[2026-05-15T04:57:32.983+0000] {processor.py:183} INFO - Processing /opt/airflow/dags/hn_pipeline_dag.py took 0.049 seconds
[2026-05-15T04:58:03.519+0000] {processor.py:161} INFO - Started process (PID=1162) to work on /opt/airflow/dags/hn_pipeline_dag.py
[2026-05-15T04:58:03.520+0000] {processor.py:830} INFO - Processing file /opt/airflow/dags/hn_pipeline_dag.py for tasks to queue
[2026-05-15T04:58:03.522+0000] {logging_mixin.py:188} INFO - [2026-05-15T04:58:03.521+0000] {dagbag.py:538} INFO - Filling up the DagBag from /opt/airflow/dags/hn_pipeline_dag.py
[2026-05-15T04:58:03.581+0000] {processor.py:840} INFO - DAG(s) 'hn_pipeline' retrieved from /opt/airflow/dags/hn_pipeline_dag.py
[2026-05-15T04:58:05.415+0000] {logging_mixin.py:188} INFO - [2026-05-15T04:58:05.405+0000] {dag.py:3036} INFO - Sync 1 DAGs
[2026-05-15T04:58:09.151+0000] {logging_mixin.py:188} INFO - [2026-05-15T04:58:09.149+0000] {dag.py:3823} INFO - Setting next_dagrun for hn_pipeline to 2026-05-15 03:00:00+00:00, run_after=2026-05-15 04:00:00+00:00
[2026-05-15T04:58:09.167+0000] {processor.py:183} INFO - Processing /opt/airflow/dags/hn_pipeline_dag.py took 5.653 seconds
[2026-05-15T04:58:39.459+0000] {processor.py:161} INFO - Started process (PID=1167) to work on /opt/airflow/dags/hn_pipeline_dag.py
[2026-05-15T04:58:39.461+0000] {processor.py:830} INFO - Processing file /opt/airflow/dags/hn_pipeline_dag.py for tasks to queue
[2026-05-15T04:58:39.462+0000] {logging_mixin.py:188} INFO - [2026-05-15T04:58:39.461+0000] {dagbag.py:538} INFO - Filling up the DagBag from /opt/airflow/dags/hn_pipeline_dag.py
[2026-05-15T04:58:39.478+0000] {processor.py:840} INFO - DAG(s) 'hn_pipeline' retrieved from /opt/airflow/dags/hn_pipeline_dag.py
[2026-05-15T04:58:39.506+0000] {logging_mixin.py:188} INFO - [2026-05-15T04:58:39.506+0000] {dag.py:3036} INFO - Sync 1 DAGs
[2026-05-15T04:58:39.516+0000] {logging_mixin.py:188} INFO - [2026-05-15T04:58:39.516+0000] {dag.py:3823} INFO - Setting next_dagrun for hn_pipeline to 2026-05-15 03:00:00+00:00, run_after=2026-05-15 04:00:00+00:00
[2026-05-15T04:58:39.523+0000] {processor.py:183} INFO - Processing /opt/airflow/dags/hn_pipeline_dag.py took 0.069 seconds
[2026-05-15T04:59:09.794+0000] {processor.py:161} INFO - Started process (PID=1172) to work on /opt/airflow/dags/hn_pipeline_dag.py
[2026-05-15T04:59:09.796+0000] {processor.py:830} INFO - Processing file /opt/airflow/dags/hn_pipeline_dag.py for tasks to queue
[2026-05-15T04:59:09.797+0000] {logging_mixin.py:188} INFO - [2026-05-15T04:59:09.796+0000] {dagbag.py:538} INFO - Filling up the DagBag from /opt/airflow/dags/hn_pipeline_dag.py
[2026-05-15T04:59:09.809+0000] {processor.py:840} INFO - DAG(s) 'hn_pipeline' retrieved from /opt/airflow/dags/hn_pipeline_dag.py
[2026-05-15T04:59:09.828+0000] {logging_mixin.py:188} INFO - [2026-05-15T04:59:09.828+0000] {dag.py:3036} INFO - Sync 1 DAGs
[2026-05-15T04:59:09.839+0000] {logging_mixin.py:188} INFO - [2026-05-15T04:59:09.839+0000] {dag.py:3823} INFO - Setting next_dagrun for hn_pipeline to 2026-05-15 03:00:00+00:00, run_after=2026-05-15 04:00:00+00:00
[2026-05-15T04:59:09.846+0000] {processor.py:183} INFO - Processing /opt/airflow/dags/hn_pipeline_dag.py took 0.055 seconds
[2026-05-15T04:59:40.131+0000] {processor.py:161} INFO - Started process (PID=1177) to work on /opt/airflow/dags/hn_pipeline_dag.py
[2026-05-15T04:59:40.132+0000] {processor.py:830} INFO - Processing file /opt/airflow/dags/hn_pipeline_dag.py for tasks to queue
[2026-05-15T04:59:40.132+0000] {logging_mixin.py:188} INFO - [2026-05-15T04:59:40.132+0000] {dagbag.py:538} INFO - Filling up the DagBag from /opt/airflow/dags/hn_pipeline_dag.py
[2026-05-15T04:59:40.144+0000] {processor.py:840} INFO - DAG(s) 'hn_pipeline' retrieved from /opt/airflow/dags/hn_pipeline_dag.py
[2026-05-15T04:59:40.163+0000] {logging_mixin.py:188} INFO - [2026-05-15T04:59:40.162+0000] {dag.py:3036} INFO - Sync 1 DAGs
[2026-05-15T04:59:40.173+0000] {logging_mixin.py:188} INFO - [2026-05-15T04:59:40.173+0000] {dag.py:3823} INFO - Setting next_dagrun for hn_pipeline to 2026-05-15 03:00:00+00:00, run_after=2026-05-15 04:00:00+00:00
[2026-05-15T04:59:40.179+0000] {processor.py:183} INFO - Processing /opt/airflow/dags/hn_pipeline_dag.py took 0.052 seconds
[2026-05-15T05:00:11.762+0000] {processor.py:161} INFO - Started process (PID=1182) to work on /opt/airflow/dags/hn_pipeline_dag.py
[2026-05-15T05:00:11.802+0000] {processor.py:830} INFO - Processing file /opt/airflow/dags/hn_pipeline_dag.py for tasks to queue
[2026-05-15T05:00:11.861+0000] {logging_mixin.py:188} INFO - [2026-05-15T05:00:11.832+0000] {dagbag.py:538} INFO - Filling up the DagBag from /opt/airflow/dags/hn_pipeline_dag.py
[2026-05-15T05:00:13.643+0000] {processor.py:840} INFO - DAG(s) 'hn_pipeline' retrieved from /opt/airflow/dags/hn_pipeline_dag.py
[2026-05-15T05:00:20.163+0000] {logging_mixin.py:188} INFO - [2026-05-15T05:00:20.161+0000] {dag.py:3036} INFO - Sync 1 DAGs
[2026-05-15T05:00:20.184+0000] {logging_mixin.py:188} INFO - [2026-05-15T05:00:20.183+0000] {dag.py:3823} INFO - Setting next_dagrun for hn_pipeline to 2026-05-15 04:00:00+00:00, run_after=2026-05-15 05:00:00+00:00
[2026-05-15T05:00:20.193+0000] {processor.py:183} INFO - Processing /opt/airflow/dags/hn_pipeline_dag.py took 8.498 seconds
[2026-05-15T05:00:50.500+0000] {processor.py:161} INFO - Started process (PID=1187) to work on /opt/airflow/dags/hn_pipeline_dag.py
[2026-05-15T05:00:50.501+0000] {processor.py:830} INFO - Processing file /opt/airflow/dags/hn_pipeline_dag.py for tasks to queue
[2026-05-15T05:00:50.502+0000] {logging_mixin.py:188} INFO - [2026-05-15T05:00:50.502+0000] {dagbag.py:538} INFO - Filling up the DagBag from /opt/airflow/dags/hn_pipeline_dag.py
[2026-05-15T05:00:50.513+0000] {processor.py:840} INFO - DAG(s) 'hn_pipeline' retrieved from /opt/airflow/dags/hn_pipeline_dag.py
[2026-05-15T05:00:50.533+0000] {logging_mixin.py:188} INFO - [2026-05-15T05:00:50.533+0000] {dag.py:3036} INFO - Sync 1 DAGs
[2026-05-15T05:00:50.542+0000] {logging_mixin.py:188} INFO - [2026-05-15T05:00:50.542+0000] {dag.py:3823} INFO - Setting next_dagrun for hn_pipeline to 2026-05-15 04:00:00+00:00, run_after=2026-05-15 05:00:00+00:00
[2026-05-15T05:00:50.548+0000] {processor.py:183} INFO - Processing /opt/airflow/dags/hn_pipeline_dag.py took 0.051 seconds
[2026-05-15T05:01:20.809+0000] {processor.py:161} INFO - Started process (PID=1192) to work on /opt/airflow/dags/hn_pipeline_dag.py
[2026-05-15T05:01:20.810+0000] {processor.py:830} INFO - Processing file /opt/airflow/dags/hn_pipeline_dag.py for tasks to queue
[2026-05-15T05:01:20.811+0000] {logging_mixin.py:188} INFO - [2026-05-15T05:01:20.811+0000] {dagbag.py:538} INFO - Filling up the DagBag from /opt/airflow/dags/hn_pipeline_dag.py
[2026-05-15T05:01:20.825+0000] {processor.py:840} INFO - DAG(s) 'hn_pipeline' retrieved from /opt/airflow/dags/hn_pipeline_dag.py
[2026-05-15T05:01:20.843+0000] {logging_mixin.py:188} INFO - [2026-05-15T05:01:20.843+0000] {dag.py:3036} INFO - Sync 1 DAGs
[2026-05-15T05:01:20.855+0000] {logging_mixin.py:188} INFO - [2026-05-15T05:01:20.855+0000] {dag.py:3823} INFO - Setting next_dagrun for hn_pipeline to 2026-05-15 04:00:00+00:00, run_after=2026-05-15 05:00:00+00:00
[2026-05-15T05:01:20.862+0000] {processor.py:183} INFO - Processing /opt/airflow/dags/hn_pipeline_dag.py took 0.057 seconds
[2026-05-15T05:01:51.112+0000] {processor.py:161} INFO - Started process (PID=1197) to work on /opt/airflow/dags/hn_pipeline_dag.py
[2026-05-15T05:01:51.113+0000] {processor.py:830} INFO - Processing file /opt/airflow/dags/hn_pipeline_dag.py for tasks to queue
[2026-05-15T05:01:51.114+0000] {logging_mixin.py:188} INFO - [2026-05-15T05:01:51.114+0000] {dagbag.py:538} INFO - Filling up the DagBag from /opt/airflow/dags/hn_pipeline_dag.py
[2026-05-15T05:01:51.127+0000] {processor.py:840} INFO - DAG(s) 'hn_pipeline' retrieved from /opt/airflow/dags/hn_pipeline_dag.py
[2026-05-15T05:01:51.143+0000] {logging_mixin.py:188} INFO - [2026-05-15T05:01:51.143+0000] {dag.py:3036} INFO - Sync 1 DAGs
[2026-05-15T05:01:51.154+0000] {logging_mixin.py:188} INFO - [2026-05-15T05:01:51.154+0000] {dag.py:3823} INFO - Setting next_dagrun for hn_pipeline to 2026-05-15 04:00:00+00:00, run_after=2026-05-15 05:00:00+00:00
[2026-05-15T05:01:51.161+0000] {processor.py:183} INFO - Processing /opt/airflow/dags/hn_pipeline_dag.py took 0.052 seconds
[2026-05-15T05:02:21.419+0000] {processor.py:161} INFO - Started process (PID=1202) to work on /opt/airflow/dags/hn_pipeline_dag.py
[2026-05-15T05:02:21.420+0000] {processor.py:830} INFO - Processing file /opt/airflow/dags/hn_pipeline_dag.py for tasks to queue
[2026-05-15T05:02:21.421+0000] {logging_mixin.py:188} INFO - [2026-05-15T05:02:21.421+0000] {dagbag.py:538} INFO - Filling up the DagBag from /opt/airflow/dags/hn_pipeline_dag.py
[2026-05-15T05:02:21.437+0000] {processor.py:840} INFO - DAG(s) 'hn_pipeline' retrieved from /opt/airflow/dags/hn_pipeline_dag.py
[2026-05-15T05:02:21.453+0000] {logging_mixin.py:188} INFO - [2026-05-15T05:02:21.453+0000] {dag.py:3036} INFO - Sync 1 DAGs
[2026-05-15T05:02:21.465+0000] {logging_mixin.py:188} INFO - [2026-05-15T05:02:21.465+0000] {dag.py:3823} INFO - Setting next_dagrun for hn_pipeline to 2026-05-15 04:00:00+00:00, run_after=2026-05-15 05:00:00+00:00
[2026-05-15T05:02:21.472+0000] {processor.py:183} INFO - Processing /opt/airflow/dags/hn_pipeline_dag.py took 0.057 seconds
[2026-05-15T05:02:51.623+0000] {processor.py:161} INFO - Started process (PID=1207) to work on /opt/airflow/dags/hn_pipeline_dag.py
[2026-05-15T05:02:51.624+0000] {processor.py:830} INFO - Processing file /opt/airflow/dags/hn_pipeline_dag.py for tasks to queue
[2026-05-15T05:02:51.625+0000] {logging_mixin.py:188} INFO - [2026-05-15T05:02:51.625+0000] {dagbag.py:538} INFO - Filling up the DagBag from /opt/airflow/dags/hn_pipeline_dag.py
[2026-05-15T05:02:51.646+0000] {processor.py:840} INFO - DAG(s) 'hn_pipeline' retrieved from /opt/airflow/dags/hn_pipeline_dag.py
[2026-05-15T05:02:54.325+0000] {logging_mixin.py:188} INFO - [2026-05-15T05:02:54.309+0000] {dag.py:3036} INFO - Sync 1 DAGs
[2026-05-15T05:02:58.101+0000] {logging_mixin.py:188} INFO - [2026-05-15T05:02:58.099+0000] {dag.py:3823} INFO - Setting next_dagrun for hn_pipeline to 2026-05-15 04:00:00+00:00, run_after=2026-05-15 05:00:00+00:00
[2026-05-15T05:02:58.126+0000] {processor.py:183} INFO - Processing /opt/airflow/dags/hn_pipeline_dag.py took 6.509 seconds
[2026-05-15T05:03:28.386+0000] {processor.py:161} INFO - Started process (PID=1212) to work on /opt/airflow/dags/hn_pipeline_dag.py
[2026-05-15T05:03:28.387+0000] {processor.py:830} INFO - Processing file /opt/airflow/dags/hn_pipeline_dag.py for tasks to queue
[2026-05-15T05:03:28.388+0000] {logging_mixin.py:188} INFO - [2026-05-15T05:03:28.388+0000] {dagbag.py:538} INFO - Filling up the DagBag from /opt/airflow/dags/hn_pipeline_dag.py
[2026-05-15T05:03:28.403+0000] {processor.py:840} INFO - DAG(s) 'hn_pipeline' retrieved from /opt/airflow/dags/hn_pipeline_dag.py
[2026-05-15T05:03:28.429+0000] {logging_mixin.py:188} INFO - [2026-05-15T05:03:28.429+0000] {dag.py:3036} INFO - Sync 1 DAGs
[2026-05-15T05:03:28.440+0000] {logging_mixin.py:188} INFO - [2026-05-15T05:03:28.440+0000] {dag.py:3823} INFO - Setting next_dagrun for hn_pipeline to 2026-05-15 04:00:00+00:00, run_after=2026-05-15 05:00:00+00:00
[2026-05-15T05:03:28.447+0000] {processor.py:183} INFO - Processing /opt/airflow/dags/hn_pipeline_dag.py took 0.065 seconds
[2026-05-15T05:03:58.656+0000] {processor.py:161} INFO - Started process (PID=1217) to work on /opt/airflow/dags/hn_pipeline_dag.py
[2026-05-15T05:03:58.657+0000] {processor.py:830} INFO - Processing file /opt/airflow/dags/hn_pipeline_dag.py for tasks to queue
[2026-05-15T05:03:58.658+0000] {logging_mixin.py:188} INFO - [2026-05-15T05:03:58.657+0000] {dagbag.py:538} INFO - Filling up the DagBag from /opt/airflow/dags/hn_pipeline_dag.py
[2026-05-15T05:03:58.670+0000] {processor.py:840} INFO - DAG(s) 'hn_pipeline' retrieved from /opt/airflow/dags/hn_pipeline_dag.py
[2026-05-15T05:03:58.687+0000] {logging_mixin.py:188} INFO - [2026-05-15T05:03:58.687+0000] {dag.py:3036} INFO - Sync 1 DAGs
[2026-05-15T05:03:58.698+0000] {logging_mixin.py:188} INFO - [2026-05-15T05:03:58.698+0000] {dag.py:3823} INFO - Setting next_dagrun for hn_pipeline to 2026-05-15 04:00:00+00:00, run_after=2026-05-15 05:00:00+00:00
[2026-05-15T05:03:58.706+0000] {processor.py:183} INFO - Processing /opt/airflow/dags/hn_pipeline_dag.py took 0.053 seconds
[2026-05-15T05:04:28.902+0000] {processor.py:161} INFO - Started process (PID=1222) to work on /opt/airflow/dags/hn_pipeline_dag.py
[2026-05-15T05:04:28.903+0000] {processor.py:830} INFO - Processing file /opt/airflow/dags/hn_pipeline_dag.py for tasks to queue
[2026-05-15T05:04:28.903+0000] {logging_mixin.py:188} INFO - [2026-05-15T05:04:28.903+0000] {dagbag.py:538} INFO - Filling up the DagBag from /opt/airflow/dags/hn_pipeline_dag.py
[2026-05-15T05:04:28.915+0000] {processor.py:840} INFO - DAG(s) 'hn_pipeline' retrieved from /opt/airflow/dags/hn_pipeline_dag.py
[2026-05-15T05:04:28.933+0000] {logging_mixin.py:188} INFO - [2026-05-15T05:04:28.933+0000] {dag.py:3036} INFO - Sync 1 DAGs
[2026-05-15T05:04:28.943+0000] {logging_mixin.py:188} INFO - [2026-05-15T05:04:28.943+0000] {dag.py:3823} INFO - Setting next_dagrun for hn_pipeline to 2026-05-15 04:00:00+00:00, run_after=2026-05-15 05:00:00+00:00
[2026-05-15T05:04:28.950+0000] {processor.py:183} INFO - Processing /opt/airflow/dags/hn_pipeline_dag.py took 0.052 seconds
[2026-05-15T05:05:00.126+0000] {processor.py:161} INFO - Started process (PID=1227) to work on /opt/airflow/dags/hn_pipeline_dag.py
[2026-05-15T05:05:00.202+0000] {processor.py:830} INFO - Processing file /opt/airflow/dags/hn_pipeline_dag.py for tasks to queue
[2026-05-15T05:05:00.406+0000] {logging_mixin.py:188} INFO - [2026-05-15T05:05:00.280+0000] {dagbag.py:538} INFO - Filling up the DagBag from /opt/airflow/dags/hn_pipeline_dag.py
[2026-05-15T05:05:01.784+0000] {processor.py:840} INFO - DAG(s) 'hn_pipeline' retrieved from /opt/airflow/dags/hn_pipeline_dag.py
[2026-05-15T05:05:13.734+0000] {logging_mixin.py:188} INFO - [2026-05-15T05:05:13.733+0000] {dag.py:3036} INFO - Sync 1 DAGs
[2026-05-15T05:05:13.755+0000] {logging_mixin.py:188} INFO - [2026-05-15T05:05:13.755+0000] {dag.py:3823} INFO - Setting next_dagrun for hn_pipeline to 2026-05-15 04:00:00+00:00, run_after=2026-05-15 05:00:00+00:00
[2026-05-15T05:05:13.765+0000] {processor.py:183} INFO - Processing /opt/airflow/dags/hn_pipeline_dag.py took 13.891 seconds
[2026-05-15T05:05:44.022+0000] {processor.py:161} INFO - Started process (PID=1232) to work on /opt/airflow/dags/hn_pipeline_dag.py
[2026-05-15T05:05:44.024+0000] {processor.py:830} INFO - Processing file /opt/airflow/dags/hn_pipeline_dag.py for tasks to queue
[2026-05-15T05:05:44.025+0000] {logging_mixin.py:188} INFO - [2026-05-15T05:05:44.024+0000] {dagbag.py:538} INFO - Filling up the DagBag from /opt/airflow/dags/hn_pipeline_dag.py
[2026-05-15T05:05:44.045+0000] {processor.py:840} INFO - DAG(s) 'hn_pipeline' retrieved from /opt/airflow/dags/hn_pipeline_dag.py
[2026-05-15T05:05:44.072+0000] {logging_mixin.py:188} INFO - [2026-05-15T05:05:44.072+0000] {dag.py:3036} INFO - Sync 1 DAGs
[2026-05-15T05:05:44.083+0000] {logging_mixin.py:188} INFO - [2026-05-15T05:05:44.083+0000] {dag.py:3823} INFO - Setting next_dagrun for hn_pipeline to 2026-05-15 04:00:00+00:00, run_after=2026-05-15 05:00:00+00:00
[2026-05-15T05:05:44.096+0000] {processor.py:183} INFO - Processing /opt/airflow/dags/hn_pipeline_dag.py took 0.078 seconds
[2026-05-15T05:06:14.294+0000] {processor.py:161} INFO - Started process (PID=1237) to work on /opt/airflow/dags/hn_pipeline_dag.py
[2026-05-15T05:06:14.295+0000] {processor.py:830} INFO - Processing file /opt/airflow/dags/hn_pipeline_dag.py for tasks to queue
[2026-05-15T05:06:14.296+0000] {logging_mixin.py:188} INFO - [2026-05-15T05:06:14.296+0000] {dagbag.py:538} INFO - Filling up the DagBag from /opt/airflow/dags/hn_pipeline_dag.py
[2026-05-15T05:06:14.312+0000] {processor.py:840} INFO - DAG(s) 'hn_pipeline' retrieved from /opt/airflow/dags/hn_pipeline_dag.py
[2026-05-15T05:06:14.332+0000] {logging_mixin.py:188} INFO - [2026-05-15T05:06:14.332+0000] {dag.py:3036} INFO - Sync 1 DAGs
[2026-05-15T05:06:14.345+0000] {logging_mixin.py:188} INFO - [2026-05-15T05:06:14.345+0000] {dag.py:3823} INFO - Setting next_dagrun for hn_pipeline to 2026-05-15 04:00:00+00:00, run_after=2026-05-15 05:00:00+00:00
[2026-05-15T05:06:14.358+0000] {processor.py:183} INFO - Processing /opt/airflow/dags/hn_pipeline_dag.py took 0.068 seconds
[2026-05-15T05:06:44.481+0000] {processor.py:161} INFO - Started process (PID=1242) to work on /opt/airflow/dags/hn_pipeline_dag.py
[2026-05-15T05:06:44.482+0000] {processor.py:830} INFO - Processing file /opt/airflow/dags/hn_pipeline_dag.py for tasks to queue
[2026-05-15T05:06:44.483+0000] {logging_mixin.py:188} INFO - [2026-05-15T05:06:44.483+0000] {dagbag.py:538} INFO - Filling up the DagBag from /opt/airflow/dags/hn_pipeline_dag.py
[2026-05-15T05:06:44.497+0000] {processor.py:840} INFO - DAG(s) 'hn_pipeline' retrieved from /opt/airflow/dags/hn_pipeline_dag.py
[2026-05-15T05:06:44.519+0000] {logging_mixin.py:188} INFO - [2026-05-15T05:06:44.518+0000] {dag.py:3036} INFO - Sync 1 DAGs
[2026-05-15T05:06:44.550+0000] {logging_mixin.py:188} INFO - [2026-05-15T05:06:44.550+0000] {dag.py:3823} INFO - Setting next_dagrun for hn_pipeline to 2026-05-15 04:00:00+00:00, run_after=2026-05-15 05:00:00+00:00
[2026-05-15T05:06:44.560+0000] {processor.py:183} INFO - Processing /opt/airflow/dags/hn_pipeline_dag.py took 0.083 seconds
[2026-05-15T05:07:20.762+0000] {processor.py:161} INFO - Started process (PID=1247) to work on /opt/airflow/dags/hn_pipeline_dag.py
[2026-05-15T05:07:21.333+0000] {processor.py:830} INFO - Processing file /opt/airflow/dags/hn_pipeline_dag.py for tasks to queue
[2026-05-15T05:07:24.308+0000] {logging_mixin.py:188} INFO - [2026-05-15T05:07:23.224+0000] {dagbag.py:538} INFO - Filling up the DagBag from /opt/airflow/dags/hn_pipeline_dag.py
[2026-05-15T05:07:53.357+0000] {processor.py:840} INFO - DAG(s) 'hn_pipeline' retrieved from /opt/airflow/dags/hn_pipeline_dag.py
[2026-05-15T05:08:45.085+0000] {processor.py:161} INFO - Started process (PID=1250) to work on /opt/airflow/dags/hn_pipeline_dag.py
[2026-05-15T05:08:45.086+0000] {processor.py:830} INFO - Processing file /opt/airflow/dags/hn_pipeline_dag.py for tasks to queue
[2026-05-15T05:08:45.087+0000] {logging_mixin.py:188} INFO - [2026-05-15T05:08:45.087+0000] {dagbag.py:538} INFO - Filling up the DagBag from /opt/airflow/dags/hn_pipeline_dag.py
[2026-05-15T05:08:45.104+0000] {processor.py:840} INFO - DAG(s) 'hn_pipeline' retrieved from /opt/airflow/dags/hn_pipeline_dag.py
[2026-05-15T05:08:45.127+0000] {logging_mixin.py:188} INFO - [2026-05-15T05:08:45.127+0000] {dag.py:3036} INFO - Sync 1 DAGs
[2026-05-15T05:08:45.139+0000] {logging_mixin.py:188} INFO - [2026-05-15T05:08:45.139+0000] {dag.py:3823} INFO - Setting next_dagrun for hn_pipeline to 2026-05-15 04:00:00+00:00, run_after=2026-05-15 05:00:00+00:00
[2026-05-15T05:08:45.146+0000] {processor.py:183} INFO - Processing /opt/airflow/dags/hn_pipeline_dag.py took 0.065 seconds
[2026-05-15T05:09:15.328+0000] {processor.py:161} INFO - Started process (PID=1255) to work on /opt/airflow/dags/hn_pipeline_dag.py
[2026-05-15T05:09:15.330+0000] {processor.py:830} INFO - Processing file /opt/airflow/dags/hn_pipeline_dag.py for tasks to queue
[2026-05-15T05:09:15.331+0000] {logging_mixin.py:188} INFO - [2026-05-15T05:09:15.331+0000] {dagbag.py:538} INFO - Filling up the DagBag from /opt/airflow/dags/hn_pipeline_dag.py
[2026-05-15T05:09:15.346+0000] {processor.py:840} INFO - DAG(s) 'hn_pipeline' retrieved from /opt/airflow/dags/hn_pipeline_dag.py
[2026-05-15T05:09:15.366+0000] {logging_mixin.py:188} INFO - [2026-05-15T05:09:15.366+0000] {dag.py:3036} INFO - Sync 1 DAGs
[2026-05-15T05:09:15.379+0000] {logging_mixin.py:188} INFO - [2026-05-15T05:09:15.378+0000] {dag.py:3823} INFO - Setting next_dagrun for hn_pipeline to 2026-05-15 04:00:00+00:00, run_after=2026-05-15 05:00:00+00:00
[2026-05-15T05:09:15.386+0000] {processor.py:183} INFO - Processing /opt/airflow/dags/hn_pipeline_dag.py took 0.062 seconds
[2026-05-15T05:09:45.615+0000] {processor.py:161} INFO - Started process (PID=1260) to work on /opt/airflow/dags/hn_pipeline_dag.py
[2026-05-15T05:09:45.616+0000] {processor.py:830} INFO - Processing file /opt/airflow/dags/hn_pipeline_dag.py for tasks to queue
[2026-05-15T05:09:45.617+0000] {logging_mixin.py:188} INFO - [2026-05-15T05:09:45.617+0000] {dagbag.py:538} INFO - Filling up the DagBag from /opt/airflow/dags/hn_pipeline_dag.py
[2026-05-15T05:09:45.631+0000] {processor.py:840} INFO - DAG(s) 'hn_pipeline' retrieved from /opt/airflow/dags/hn_pipeline_dag.py
[2026-05-15T05:09:45.651+0000] {logging_mixin.py:188} INFO - [2026-05-15T05:09:45.651+0000] {dag.py:3036} INFO - Sync 1 DAGs
[2026-05-15T05:09:45.662+0000] {logging_mixin.py:188} INFO - [2026-05-15T05:09:45.662+0000] {dag.py:3823} INFO - Setting next_dagrun for hn_pipeline to 2026-05-15 04:00:00+00:00, run_after=2026-05-15 05:00:00+00:00
[2026-05-15T05:09:45.669+0000] {processor.py:183} INFO - Processing /opt/airflow/dags/hn_pipeline_dag.py took 0.058 seconds
[2026-05-15T05:10:15.743+0000] {processor.py:161} INFO - Started process (PID=1265) to work on /opt/airflow/dags/hn_pipeline_dag.py
[2026-05-15T05:10:15.754+0000] {processor.py:830} INFO - Processing file /opt/airflow/dags/hn_pipeline_dag.py for tasks to queue
[2026-05-15T05:10:15.809+0000] {logging_mixin.py:188} INFO - [2026-05-15T05:10:15.770+0000] {dagbag.py:538} INFO - Filling up the DagBag from /opt/airflow/dags/hn_pipeline_dag.py
[2026-05-15T05:10:16.772+0000] {processor.py:840} INFO - DAG(s) 'hn_pipeline' retrieved from /opt/airflow/dags/hn_pipeline_dag.py
[2026-05-15T05:10:23.680+0000] {logging_mixin.py:188} INFO - [2026-05-15T05:10:23.677+0000] {dag.py:3036} INFO - Sync 1 DAGs
[2026-05-15T05:10:23.697+0000] {logging_mixin.py:188} INFO - [2026-05-15T05:10:23.697+0000] {dag.py:3823} INFO - Setting next_dagrun for hn_pipeline to 2026-05-15 04:00:00+00:00, run_after=2026-05-15 05:00:00+00:00
[2026-05-15T05:10:23.711+0000] {processor.py:183} INFO - Processing /opt/airflow/dags/hn_pipeline_dag.py took 8.173 seconds
[2026-05-15T05:10:53.948+0000] {processor.py:161} INFO - Started process (PID=1270) to work on /opt/airflow/dags/hn_pipeline_dag.py
[2026-05-15T05:10:53.949+0000] {processor.py:830} INFO - Processing file /opt/airflow/dags/hn_pipeline_dag.py for tasks to queue
[2026-05-15T05:10:53.950+0000] {logging_mixin.py:188} INFO - [2026-05-15T05:10:53.949+0000] {dagbag.py:538} INFO - Filling up the DagBag from /opt/airflow/dags/hn_pipeline_dag.py
[2026-05-15T05:10:53.966+0000] {processor.py:840} INFO - DAG(s) 'hn_pipeline' retrieved from /opt/airflow/dags/hn_pipeline_dag.py
[2026-05-15T05:10:53.993+0000] {logging_mixin.py:188} INFO - [2026-05-15T05:10:53.993+0000] {dag.py:3036} INFO - Sync 1 DAGs
[2026-05-15T05:10:54.003+0000] {logging_mixin.py:188} INFO - [2026-05-15T05:10:54.003+0000] {dag.py:3823} INFO - Setting next_dagrun for hn_pipeline to 2026-05-15 04:00:00+00:00, run_after=2026-05-15 05:00:00+00:00
[2026-05-15T05:10:54.009+0000] {processor.py:183} INFO - Processing /opt/airflow/dags/hn_pipeline_dag.py took 0.066 seconds
[2026-05-15T05:11:24.263+0000] {processor.py:161} INFO - Started process (PID=1275) to work on /opt/airflow/dags/hn_pipeline_dag.py
[2026-05-15T05:11:24.264+0000] {processor.py:830} INFO - Processing file /opt/airflow/dags/hn_pipeline_dag.py for tasks to queue
[2026-05-15T05:11:24.265+0000] {logging_mixin.py:188} INFO - [2026-05-15T05:11:24.264+0000] {dagbag.py:538} INFO - Filling up the DagBag from /opt/airflow/dags/hn_pipeline_dag.py
[2026-05-15T05:11:24.280+0000] {processor.py:840} INFO - DAG(s) 'hn_pipeline' retrieved from /opt/airflow/dags/hn_pipeline_dag.py
[2026-05-15T05:11:24.296+0000] {logging_mixin.py:188} INFO - [2026-05-15T05:11:24.296+0000] {dag.py:3036} INFO - Sync 1 DAGs
[2026-05-15T05:11:24.307+0000] {logging_mixin.py:188} INFO - [2026-05-15T05:11:24.307+0000] {dag.py:3823} INFO - Setting next_dagrun for hn_pipeline to 2026-05-15 04:00:00+00:00, run_after=2026-05-15 05:00:00+00:00
[2026-05-15T05:11:24.315+0000] {processor.py:183} INFO - Processing /opt/airflow/dags/hn_pipeline_dag.py took 0.056 seconds
[2026-05-15T05:11:54.576+0000] {processor.py:161} INFO - Started process (PID=1280) to work on /opt/airflow/dags/hn_pipeline_dag.py
[2026-05-15T05:11:54.577+0000] {processor.py:830} INFO - Processing file /opt/airflow/dags/hn_pipeline_dag.py for tasks to queue
[2026-05-15T05:11:54.578+0000] {logging_mixin.py:188} INFO - [2026-05-15T05:11:54.578+0000] {dagbag.py:538} INFO - Filling up the DagBag from /opt/airflow/dags/hn_pipeline_dag.py
[2026-05-15T05:11:54.595+0000] {processor.py:840} INFO - DAG(s) 'hn_pipeline' retrieved from /opt/airflow/dags/hn_pipeline_dag.py
[2026-05-15T05:11:54.613+0000] {logging_mixin.py:188} INFO - [2026-05-15T05:11:54.613+0000] {dag.py:3036} INFO - Sync 1 DAGs
[2026-05-15T05:11:54.623+0000] {logging_mixin.py:188} INFO - [2026-05-15T05:11:54.623+0000] {dag.py:3823} INFO - Setting next_dagrun for hn_pipeline to 2026-05-15 04:00:00+00:00, run_after=2026-05-15 05:00:00+00:00
[2026-05-15T05:11:54.630+0000] {processor.py:183} INFO - Processing /opt/airflow/dags/hn_pipeline_dag.py took 0.058 seconds
[2026-05-15T05:12:24.729+0000] {processor.py:161} INFO - Started process (PID=1285) to work on /opt/airflow/dags/hn_pipeline_dag.py
[2026-05-15T05:12:24.729+0000] {processor.py:830} INFO - Processing file /opt/airflow/dags/hn_pipeline_dag.py for tasks to queue
[2026-05-15T05:12:24.730+0000] {logging_mixin.py:188} INFO - [2026-05-15T05:12:24.730+0000] {dagbag.py:538} INFO - Filling up the DagBag from /opt/airflow/dags/hn_pipeline_dag.py
[2026-05-15T05:12:24.740+0000] {processor.py:840} INFO - DAG(s) 'hn_pipeline' retrieved from /opt/airflow/dags/hn_pipeline_dag.py
[2026-05-15T05:12:24.785+0000] {logging_mixin.py:188} INFO - [2026-05-15T05:12:24.785+0000] {dag.py:3036} INFO - Sync 1 DAGs
[2026-05-15T05:12:24.809+0000] {logging_mixin.py:188} INFO - [2026-05-15T05:12:24.808+0000] {dag.py:3823} INFO - Setting next_dagrun for hn_pipeline to 2026-05-15 04:00:00+00:00, run_after=2026-05-15 05:00:00+00:00
[2026-05-15T05:12:25.506+0000] {processor.py:183} INFO - Processing /opt/airflow/dags/hn_pipeline_dag.py took 0.776 seconds
[2026-05-15T05:12:55.756+0000] {processor.py:161} INFO - Started process (PID=1290) to work on /opt/airflow/dags/hn_pipeline_dag.py
[2026-05-15T05:12:55.758+0000] {processor.py:830} INFO - Processing file /opt/airflow/dags/hn_pipeline_dag.py for tasks to queue
[2026-05-15T05:12:55.759+0000] {logging_mixin.py:188} INFO - [2026-05-15T05:12:55.759+0000] {dagbag.py:538} INFO - Filling up the DagBag from /opt/airflow/dags/hn_pipeline_dag.py
[2026-05-15T05:12:55.780+0000] {processor.py:840} INFO - DAG(s) 'hn_pipeline' retrieved from /opt/airflow/dags/hn_pipeline_dag.py
[2026-05-15T05:12:56.374+0000] {logging_mixin.py:188} INFO - [2026-05-15T05:12:56.310+0000] {dag.py:3036} INFO - Sync 1 DAGs
[2026-05-15T05:12:56.942+0000] {logging_mixin.py:188} INFO - [2026-05-15T05:12:56.936+0000] {dag.py:3823} INFO - Setting next_dagrun for hn_pipeline to 2026-05-15 04:00:00+00:00, run_after=2026-05-15 05:00:00+00:00
[2026-05-15T05:12:57.213+0000] {processor.py:183} INFO - Processing /opt/airflow/dags/hn_pipeline_dag.py took 1.462 seconds
[2026-05-15T05:13:27.546+0000] {processor.py:161} INFO - Started process (PID=1295) to work on /opt/airflow/dags/hn_pipeline_dag.py
[2026-05-15T05:13:27.547+0000] {processor.py:830} INFO - Processing file /opt/airflow/dags/hn_pipeline_dag.py for tasks to queue
[2026-05-15T05:13:27.548+0000] {logging_mixin.py:188} INFO - [2026-05-15T05:13:27.548+0000] {dagbag.py:538} INFO - Filling up the DagBag from /opt/airflow/dags/hn_pipeline_dag.py
[2026-05-15T05:13:27.568+0000] {processor.py:840} INFO - DAG(s) 'hn_pipeline' retrieved from /opt/airflow/dags/hn_pipeline_dag.py
[2026-05-15T05:13:27.596+0000] {logging_mixin.py:188} INFO - [2026-05-15T05:13:27.596+0000] {dag.py:3036} INFO - Sync 1 DAGs
[2026-05-15T05:13:27.607+0000] {logging_mixin.py:188} INFO - [2026-05-15T05:13:27.607+0000] {dag.py:3823} INFO - Setting next_dagrun for hn_pipeline to 2026-05-15 04:00:00+00:00, run_after=2026-05-15 05:00:00+00:00
[2026-05-15T05:13:27.613+0000] {processor.py:183} INFO - Processing /opt/airflow/dags/hn_pipeline_dag.py took 0.072 seconds
[2026-05-15T05:13:57.903+0000] {processor.py:161} INFO - Started process (PID=1300) to work on /opt/airflow/dags/hn_pipeline_dag.py
[2026-05-15T05:13:57.904+0000] {processor.py:830} INFO - Processing file /opt/airflow/dags/hn_pipeline_dag.py for tasks to queue
[2026-05-15T05:13:57.905+0000] {logging_mixin.py:188} INFO - [2026-05-15T05:13:57.905+0000] {dagbag.py:538} INFO - Filling up the DagBag from /opt/airflow/dags/hn_pipeline_dag.py
[2026-05-15T05:13:57.920+0000] {processor.py:840} INFO - DAG(s) 'hn_pipeline' retrieved from /opt/airflow/dags/hn_pipeline_dag.py
[2026-05-15T05:13:57.943+0000] {logging_mixin.py:188} INFO - [2026-05-15T05:13:57.943+0000] {dag.py:3036} INFO - Sync 1 DAGs
[2026-05-15T05:13:57.957+0000] {logging_mixin.py:188} INFO - [2026-05-15T05:13:57.957+0000] {dag.py:3823} INFO - Setting next_dagrun for hn_pipeline to 2026-05-15 04:00:00+00:00, run_after=2026-05-15 05:00:00+00:00
[2026-05-15T05:13:57.965+0000] {processor.py:183} INFO - Processing /opt/airflow/dags/hn_pipeline_dag.py took 0.066 seconds
[2026-05-15T05:14:28.196+0000] {processor.py:161} INFO - Started process (PID=1305) to work on /opt/airflow/dags/hn_pipeline_dag.py
[2026-05-15T05:14:28.197+0000] {processor.py:830} INFO - Processing file /opt/airflow/dags/hn_pipeline_dag.py for tasks to queue
[2026-05-15T05:14:28.197+0000] {logging_mixin.py:188} INFO - [2026-05-15T05:14:28.197+0000] {dagbag.py:538} INFO - Filling up the DagBag from /opt/airflow/dags/hn_pipeline_dag.py
[2026-05-15T05:14:28.206+0000] {processor.py:840} INFO - DAG(s) 'hn_pipeline' retrieved from /opt/airflow/dags/hn_pipeline_dag.py
[2026-05-15T05:14:28.219+0000] {logging_mixin.py:188} INFO - [2026-05-15T05:14:28.219+0000] {dag.py:3036} INFO - Sync 1 DAGs
[2026-05-15T05:14:28.229+0000] {logging_mixin.py:188} INFO - [2026-05-15T05:14:28.229+0000] {dag.py:3823} INFO - Setting next_dagrun for hn_pipeline to 2026-05-15 04:00:00+00:00, run_after=2026-05-15 05:00:00+00:00
[2026-05-15T05:14:28.236+0000] {processor.py:183} INFO - Processing /opt/airflow/dags/hn_pipeline_dag.py took 0.041 seconds
[2026-05-15T05:14:58.484+0000] {processor.py:161} INFO - Started process (PID=1310) to work on /opt/airflow/dags/hn_pipeline_dag.py
[2026-05-15T05:14:58.486+0000] {processor.py:830} INFO - Processing file /opt/airflow/dags/hn_pipeline_dag.py for tasks to queue
[2026-05-15T05:14:58.488+0000] {logging_mixin.py:188} INFO - [2026-05-15T05:14:58.487+0000] {dagbag.py:538} INFO - Filling up the DagBag from /opt/airflow/dags/hn_pipeline_dag.py
[2026-05-15T05:15:01.249+0000] {processor.py:840} INFO - DAG(s) 'hn_pipeline' retrieved from /opt/airflow/dags/hn_pipeline_dag.py
[2026-05-15T05:15:01.512+0000] {logging_mixin.py:188} INFO - [2026-05-15T05:15:01.511+0000] {dag.py:3036} INFO - Sync 1 DAGs
[2026-05-15T05:15:01.532+0000] {logging_mixin.py:188} INFO - [2026-05-15T05:15:01.532+0000] {dag.py:3823} INFO - Setting next_dagrun for hn_pipeline to 2026-05-15 04:00:00+00:00, run_after=2026-05-15 05:00:00+00:00
[2026-05-15T05:15:01.540+0000] {processor.py:183} INFO - Processing /opt/airflow/dags/hn_pipeline_dag.py took 3.060 seconds
[2026-05-15T05:15:31.760+0000] {processor.py:161} INFO - Started process (PID=1315) to work on /opt/airflow/dags/hn_pipeline_dag.py
[2026-05-15T05:15:31.761+0000] {processor.py:830} INFO - Processing file /opt/airflow/dags/hn_pipeline_dag.py for tasks to queue
[2026-05-15T05:15:31.762+0000] {logging_mixin.py:188} INFO - [2026-05-15T05:15:31.762+0000] {dagbag.py:538} INFO - Filling up the DagBag from /opt/airflow/dags/hn_pipeline_dag.py
[2026-05-15T05:15:31.779+0000] {processor.py:840} INFO - DAG(s) 'hn_pipeline' retrieved from /opt/airflow/dags/hn_pipeline_dag.py
[2026-05-15T05:15:31.796+0000] {logging_mixin.py:188} INFO - [2026-05-15T05:15:31.796+0000] {dag.py:3036} INFO - Sync 1 DAGs
[2026-05-15T05:15:31.807+0000] {logging_mixin.py:188} INFO - [2026-05-15T05:15:31.807+0000] {dag.py:3823} INFO - Setting next_dagrun for hn_pipeline to 2026-05-15 04:00:00+00:00, run_after=2026-05-15 05:00:00+00:00
[2026-05-15T05:15:31.814+0000] {processor.py:183} INFO - Processing /opt/airflow/dags/hn_pipeline_dag.py took 0.059 seconds
[2026-05-15T05:16:01.898+0000] {processor.py:161} INFO - Started process (PID=1320) to work on /opt/airflow/dags/hn_pipeline_dag.py
[2026-05-15T05:16:01.900+0000] {processor.py:830} INFO - Processing file /opt/airflow/dags/hn_pipeline_dag.py for tasks to queue
[2026-05-15T05:16:01.901+0000] {logging_mixin.py:188} INFO - [2026-05-15T05:16:01.900+0000] {dagbag.py:538} INFO - Filling up the DagBag from /opt/airflow/dags/hn_pipeline_dag.py
[2026-05-15T05:16:01.914+0000] {processor.py:840} INFO - DAG(s) 'hn_pipeline' retrieved from /opt/airflow/dags/hn_pipeline_dag.py
[2026-05-15T05:16:01.934+0000] {logging_mixin.py:188} INFO - [2026-05-15T05:16:01.934+0000] {dag.py:3036} INFO - Sync 1 DAGs
[2026-05-15T05:16:01.945+0000] {logging_mixin.py:188} INFO - [2026-05-15T05:16:01.944+0000] {dag.py:3823} INFO - Setting next_dagrun for hn_pipeline to 2026-05-15 04:00:00+00:00, run_after=2026-05-15 05:00:00+00:00
[2026-05-15T05:16:01.952+0000] {processor.py:183} INFO - Processing /opt/airflow/dags/hn_pipeline_dag.py took 0.057 seconds
[2026-05-15T05:16:41.954+0000] {processor.py:161} INFO - Started process (PID=180) to work on /opt/airflow/dags/hn_pipeline_dag.py
[2026-05-15T05:16:41.955+0000] {processor.py:830} INFO - Processing file /opt/airflow/dags/hn_pipeline_dag.py for tasks to queue
[2026-05-15T05:16:41.955+0000] {logging_mixin.py:188} INFO - [2026-05-15T05:16:41.955+0000] {dagbag.py:538} INFO - Filling up the DagBag from /opt/airflow/dags/hn_pipeline_dag.py
[2026-05-15T05:16:41.978+0000] {processor.py:840} INFO - DAG(s) 'hn_pipeline' retrieved from /opt/airflow/dags/hn_pipeline_dag.py
[2026-05-15T05:16:42.107+0000] {logging_mixin.py:188} INFO - [2026-05-15T05:16:42.106+0000] {override.py:1769} INFO - Created Permission View: can read on DAG:hn_pipeline
[2026-05-15T05:16:42.112+0000] {logging_mixin.py:188} INFO - [2026-05-15T05:16:42.112+0000] {override.py:1769} INFO - Created Permission View: can delete on DAG:hn_pipeline
[2026-05-15T05:16:42.116+0000] {logging_mixin.py:188} INFO - [2026-05-15T05:16:42.116+0000] {override.py:1769} INFO - Created Permission View: can edit on DAG:hn_pipeline
[2026-05-15T05:16:42.116+0000] {logging_mixin.py:188} INFO - [2026-05-15T05:16:42.116+0000] {dag.py:3036} INFO - Sync 1 DAGs
[2026-05-15T05:16:42.127+0000] {logging_mixin.py:188} INFO - [2026-05-15T05:16:42.126+0000] {dag.py:3058} INFO - Creating ORM DAG for hn_pipeline
[2026-05-15T05:16:42.136+0000] {logging_mixin.py:188} INFO - [2026-05-15T05:16:42.136+0000] {dag.py:3823} INFO - Setting next_dagrun for hn_pipeline to 2026-05-15 04:00:00+00:00, run_after=2026-05-15 05:00:00+00:00
[2026-05-15T05:16:42.152+0000] {processor.py:183} INFO - Processing /opt/airflow/dags/hn_pipeline_dag.py took 0.202 seconds
[2026-05-15T05:17:18.770+0000] {processor.py:161} INFO - Started process (PID=187) to work on /opt/airflow/dags/hn_pipeline_dag.py
[2026-05-15T05:17:18.795+0000] {processor.py:830} INFO - Processing file /opt/airflow/dags/hn_pipeline_dag.py for tasks to queue
[2026-05-15T05:17:18.927+0000] {logging_mixin.py:188} INFO - [2026-05-15T05:17:18.825+0000] {dagbag.py:538} INFO - Filling up the DagBag from /opt/airflow/dags/hn_pipeline_dag.py
[2026-05-15T05:17:19.537+0000] {processor.py:840} INFO - DAG(s) 'hn_pipeline' retrieved from /opt/airflow/dags/hn_pipeline_dag.py
[2026-05-15T05:17:20.674+0000] {logging_mixin.py:188} INFO - [2026-05-15T05:17:20.661+0000] {dag.py:3036} INFO - Sync 1 DAGs
[2026-05-15T05:17:22.440+0000] {logging_mixin.py:188} INFO - [2026-05-15T05:17:22.413+0000] {dag.py:3823} INFO - Setting next_dagrun for hn_pipeline to 2026-05-15 05:00:00+00:00, run_after=2026-05-15 06:00:00+00:00
[2026-05-15T05:17:24.483+0000] {processor.py:183} INFO - Processing /opt/airflow/dags/hn_pipeline_dag.py took 5.792 seconds
[2026-05-15T05:17:55.543+0000] {processor.py:161} INFO - Started process (PID=196) to work on /opt/airflow/dags/hn_pipeline_dag.py
[2026-05-15T05:17:55.544+0000] {processor.py:830} INFO - Processing file /opt/airflow/dags/hn_pipeline_dag.py for tasks to queue
[2026-05-15T05:17:55.545+0000] {logging_mixin.py:188} INFO - [2026-05-15T05:17:55.545+0000] {dagbag.py:538} INFO - Filling up the DagBag from /opt/airflow/dags/hn_pipeline_dag.py
[2026-05-15T05:17:55.555+0000] {processor.py:840} INFO - DAG(s) 'hn_pipeline' retrieved from /opt/airflow/dags/hn_pipeline_dag.py
[2026-05-15T05:17:55.573+0000] {logging_mixin.py:188} INFO - [2026-05-15T05:17:55.573+0000] {dag.py:3036} INFO - Sync 1 DAGs
[2026-05-15T05:17:55.584+0000] {logging_mixin.py:188} INFO - [2026-05-15T05:17:55.584+0000] {dag.py:3823} INFO - Setting next_dagrun for hn_pipeline to 2026-05-15 05:00:00+00:00, run_after=2026-05-15 06:00:00+00:00
[2026-05-15T05:17:55.591+0000] {processor.py:183} INFO - Processing /opt/airflow/dags/hn_pipeline_dag.py took 0.050 seconds
[2026-05-15T05:18:25.814+0000] {processor.py:161} INFO - Started process (PID=201) to work on /opt/airflow/dags/hn_pipeline_dag.py
[2026-05-15T05:18:25.815+0000] {processor.py:830} INFO - Processing file /opt/airflow/dags/hn_pipeline_dag.py for tasks to queue
[2026-05-15T05:18:25.816+0000] {logging_mixin.py:188} INFO - [2026-05-15T05:18:25.815+0000] {dagbag.py:538} INFO - Filling up the DagBag from /opt/airflow/dags/hn_pipeline_dag.py
[2026-05-15T05:18:25.827+0000] {processor.py:840} INFO - DAG(s) 'hn_pipeline' retrieved from /opt/airflow/dags/hn_pipeline_dag.py
[2026-05-15T05:18:25.844+0000] {logging_mixin.py:188} INFO - [2026-05-15T05:18:25.844+0000] {dag.py:3036} INFO - Sync 1 DAGs
[2026-05-15T05:18:25.856+0000] {logging_mixin.py:188} INFO - [2026-05-15T05:18:25.855+0000] {dag.py:3823} INFO - Setting next_dagrun for hn_pipeline to 2026-05-15 05:00:00+00:00, run_after=2026-05-15 06:00:00+00:00
[2026-05-15T05:18:25.863+0000] {processor.py:183} INFO - Processing /opt/airflow/dags/hn_pipeline_dag.py took 0.053 seconds
[2026-05-15T05:18:56.101+0000] {processor.py:161} INFO - Started process (PID=206) to work on /opt/airflow/dags/hn_pipeline_dag.py
[2026-05-15T05:18:56.102+0000] {processor.py:830} INFO - Processing file /opt/airflow/dags/hn_pipeline_dag.py for tasks to queue
[2026-05-15T05:18:56.103+0000] {logging_mixin.py:188} INFO - [2026-05-15T05:18:56.103+0000] {dagbag.py:538} INFO - Filling up the DagBag from /opt/airflow/dags/hn_pipeline_dag.py
[2026-05-15T05:18:56.124+0000] {processor.py:840} INFO - DAG(s) 'hn_pipeline' retrieved from /opt/airflow/dags/hn_pipeline_dag.py
[2026-05-15T05:18:56.146+0000] {logging_mixin.py:188} INFO - [2026-05-15T05:18:56.145+0000] {dag.py:3036} INFO - Sync 1 DAGs
[2026-05-15T05:18:56.156+0000] {logging_mixin.py:188} INFO - [2026-05-15T05:18:56.156+0000] {dag.py:3823} INFO - Setting next_dagrun for hn_pipeline to 2026-05-15 05:00:00+00:00, run_after=2026-05-15 06:00:00+00:00
[2026-05-15T05:18:56.163+0000] {processor.py:183} INFO - Processing /opt/airflow/dags/hn_pipeline_dag.py took 0.065 seconds
[2026-05-15T05:19:26.395+0000] {processor.py:161} INFO - Started process (PID=211) to work on /opt/airflow/dags/hn_pipeline_dag.py
[2026-05-15T05:19:26.396+0000] {processor.py:830} INFO - Processing file /opt/airflow/dags/hn_pipeline_dag.py for tasks to queue
[2026-05-15T05:19:26.396+0000] {logging_mixin.py:188} INFO - [2026-05-15T05:19:26.396+0000] {dagbag.py:538} INFO - Filling up the DagBag from /opt/airflow/dags/hn_pipeline_dag.py
[2026-05-15T05:19:26.410+0000] {processor.py:840} INFO - DAG(s) 'hn_pipeline' retrieved from /opt/airflow/dags/hn_pipeline_dag.py
[2026-05-15T05:19:26.432+0000] {logging_mixin.py:188} INFO - [2026-05-15T05:19:26.431+0000] {dag.py:3036} INFO - Sync 1 DAGs
[2026-05-15T05:19:26.443+0000] {logging_mixin.py:188} INFO - [2026-05-15T05:19:26.443+0000] {dag.py:3823} INFO - Setting next_dagrun for hn_pipeline to 2026-05-15 05:00:00+00:00, run_after=2026-05-15 06:00:00+00:00
[2026-05-15T05:19:26.451+0000] {processor.py:183} INFO - Processing /opt/airflow/dags/hn_pipeline_dag.py took 0.058 seconds
[2026-05-15T05:19:57.142+0000] {processor.py:161} INFO - Started process (PID=216) to work on /opt/airflow/dags/hn_pipeline_dag.py
[2026-05-15T05:19:57.143+0000] {processor.py:830} INFO - Processing file /opt/airflow/dags/hn_pipeline_dag.py for tasks to queue
[2026-05-15T05:19:57.144+0000] {logging_mixin.py:188} INFO - [2026-05-15T05:19:57.144+0000] {dagbag.py:538} INFO - Filling up the DagBag from /opt/airflow/dags/hn_pipeline_dag.py
[2026-05-15T05:19:57.161+0000] {processor.py:840} INFO - DAG(s) 'hn_pipeline' retrieved from /opt/airflow/dags/hn_pipeline_dag.py
[2026-05-15T05:19:57.182+0000] {logging_mixin.py:188} INFO - [2026-05-15T05:19:57.182+0000] {dag.py:3036} INFO - Sync 1 DAGs
[2026-05-15T05:19:57.194+0000] {logging_mixin.py:188} INFO - [2026-05-15T05:19:57.193+0000] {dag.py:3823} INFO - Setting next_dagrun for hn_pipeline to 2026-05-15 05:00:00+00:00, run_after=2026-05-15 06:00:00+00:00
[2026-05-15T05:19:57.201+0000] {processor.py:183} INFO - Processing /opt/airflow/dags/hn_pipeline_dag.py took 0.063 seconds
[2026-05-15T05:20:27.391+0000] {processor.py:161} INFO - Started process (PID=221) to work on /opt/airflow/dags/hn_pipeline_dag.py
[2026-05-15T05:20:27.391+0000] {processor.py:830} INFO - Processing file /opt/airflow/dags/hn_pipeline_dag.py for tasks to queue
[2026-05-15T05:20:27.392+0000] {logging_mixin.py:188} INFO - [2026-05-15T05:20:27.391+0000] {dagbag.py:538} INFO - Filling up the DagBag from /opt/airflow/dags/hn_pipeline_dag.py
[2026-05-15T05:20:27.400+0000] {processor.py:840} INFO - DAG(s) 'hn_pipeline' retrieved from /opt/airflow/dags/hn_pipeline_dag.py
[2026-05-15T05:20:27.413+0000] {logging_mixin.py:188} INFO - [2026-05-15T05:20:27.413+0000] {dag.py:3036} INFO - Sync 1 DAGs
[2026-05-15T05:20:27.423+0000] {logging_mixin.py:188} INFO - [2026-05-15T05:20:27.423+0000] {dag.py:3823} INFO - Setting next_dagrun for hn_pipeline to 2026-05-15 05:00:00+00:00, run_after=2026-05-15 06:00:00+00:00
[2026-05-15T05:20:27.431+0000] {processor.py:183} INFO - Processing /opt/airflow/dags/hn_pipeline_dag.py took 0.042 seconds
[2026-05-15T05:20:57.693+0000] {processor.py:161} INFO - Started process (PID=226) to work on /opt/airflow/dags/hn_pipeline_dag.py
[2026-05-15T05:20:57.693+0000] {processor.py:830} INFO - Processing file /opt/airflow/dags/hn_pipeline_dag.py for tasks to queue
[2026-05-15T05:20:57.694+0000] {logging_mixin.py:188} INFO - [2026-05-15T05:20:57.694+0000] {dagbag.py:538} INFO - Filling up the DagBag from /opt/airflow/dags/hn_pipeline_dag.py
[2026-05-15T05:20:57.701+0000] {processor.py:840} INFO - DAG(s) 'hn_pipeline' retrieved from /opt/airflow/dags/hn_pipeline_dag.py
[2026-05-15T05:20:57.716+0000] {logging_mixin.py:188} INFO - [2026-05-15T05:20:57.716+0000] {dag.py:3036} INFO - Sync 1 DAGs
[2026-05-15T05:20:57.727+0000] {logging_mixin.py:188} INFO - [2026-05-15T05:20:57.727+0000] {dag.py:3823} INFO - Setting next_dagrun for hn_pipeline to 2026-05-15 05:00:00+00:00, run_after=2026-05-15 06:00:00+00:00
[2026-05-15T05:20:57.734+0000] {processor.py:183} INFO - Processing /opt/airflow/dags/hn_pipeline_dag.py took 0.043 seconds
[2026-05-15T05:21:28.004+0000] {processor.py:161} INFO - Started process (PID=231) to work on /opt/airflow/dags/hn_pipeline_dag.py
[2026-05-15T05:21:28.005+0000] {processor.py:830} INFO - Processing file /opt/airflow/dags/hn_pipeline_dag.py for tasks to queue
[2026-05-15T05:21:28.006+0000] {logging_mixin.py:188} INFO - [2026-05-15T05:21:28.005+0000] {dagbag.py:538} INFO - Filling up the DagBag from /opt/airflow/dags/hn_pipeline_dag.py
[2026-05-15T05:21:28.018+0000] {processor.py:840} INFO - DAG(s) 'hn_pipeline' retrieved from /opt/airflow/dags/hn_pipeline_dag.py
[2026-05-15T05:21:28.037+0000] {logging_mixin.py:188} INFO - [2026-05-15T05:21:28.037+0000] {dag.py:3036} INFO - Sync 1 DAGs
[2026-05-15T05:21:28.048+0000] {logging_mixin.py:188} INFO - [2026-05-15T05:21:28.048+0000] {dag.py:3823} INFO - Setting next_dagrun for hn_pipeline to 2026-05-15 05:00:00+00:00, run_after=2026-05-15 06:00:00+00:00
[2026-05-15T05:21:28.056+0000] {processor.py:183} INFO - Processing /opt/airflow/dags/hn_pipeline_dag.py took 0.056 seconds
[2026-05-15T05:21:58.357+0000] {processor.py:161} INFO - Started process (PID=244) to work on /opt/airflow/dags/hn_pipeline_dag.py
[2026-05-15T05:21:58.358+0000] {processor.py:830} INFO - Processing file /opt/airflow/dags/hn_pipeline_dag.py for tasks to queue
[2026-05-15T05:21:58.360+0000] {logging_mixin.py:188} INFO - [2026-05-15T05:21:58.359+0000] {dagbag.py:538} INFO - Filling up the DagBag from /opt/airflow/dags/hn_pipeline_dag.py
[2026-05-15T05:21:58.375+0000] {processor.py:840} INFO - DAG(s) 'hn_pipeline' retrieved from /opt/airflow/dags/hn_pipeline_dag.py
[2026-05-15T05:21:58.395+0000] {logging_mixin.py:188} INFO - [2026-05-15T05:21:58.395+0000] {dag.py:3036} INFO - Sync 1 DAGs
[2026-05-15T05:21:58.406+0000] {logging_mixin.py:188} INFO - [2026-05-15T05:21:58.406+0000] {dag.py:3823} INFO - Setting next_dagrun for hn_pipeline to 2026-05-15 05:00:00+00:00, run_after=2026-05-15 06:00:00+00:00
[2026-05-15T05:21:58.413+0000] {processor.py:183} INFO - Processing /opt/airflow/dags/hn_pipeline_dag.py took 0.060 seconds
[2026-05-15T05:22:28.704+0000] {processor.py:161} INFO - Started process (PID=249) to work on /opt/airflow/dags/hn_pipeline_dag.py
[2026-05-15T05:22:28.705+0000] {processor.py:830} INFO - Processing file /opt/airflow/dags/hn_pipeline_dag.py for tasks to queue
[2026-05-15T05:22:28.707+0000] {logging_mixin.py:188} INFO - [2026-05-15T05:22:28.706+0000] {dagbag.py:538} INFO - Filling up the DagBag from /opt/airflow/dags/hn_pipeline_dag.py
[2026-05-15T05:22:28.723+0000] {processor.py:840} INFO - DAG(s) 'hn_pipeline' retrieved from /opt/airflow/dags/hn_pipeline_dag.py
[2026-05-15T05:22:28.744+0000] {logging_mixin.py:188} INFO - [2026-05-15T05:22:28.743+0000] {dag.py:3036} INFO - Sync 1 DAGs
[2026-05-15T05:22:28.756+0000] {logging_mixin.py:188} INFO - [2026-05-15T05:22:28.755+0000] {dag.py:3823} INFO - Setting next_dagrun for hn_pipeline to 2026-05-15 05:00:00+00:00, run_after=2026-05-15 06:00:00+00:00
[2026-05-15T05:22:28.763+0000] {processor.py:183} INFO - Processing /opt/airflow/dags/hn_pipeline_dag.py took 0.064 seconds
[2026-05-15T05:22:59.065+0000] {processor.py:161} INFO - Started process (PID=254) to work on /opt/airflow/dags/hn_pipeline_dag.py
[2026-05-15T05:22:59.066+0000] {processor.py:830} INFO - Processing file /opt/airflow/dags/hn_pipeline_dag.py for tasks to queue
[2026-05-15T05:22:59.067+0000] {logging_mixin.py:188} INFO - [2026-05-15T05:22:59.067+0000] {dagbag.py:538} INFO - Filling up the DagBag from /opt/airflow/dags/hn_pipeline_dag.py
[2026-05-15T05:22:59.082+0000] {processor.py:840} INFO - DAG(s) 'hn_pipeline' retrieved from /opt/airflow/dags/hn_pipeline_dag.py
[2026-05-15T05:22:59.103+0000] {logging_mixin.py:188} INFO - [2026-05-15T05:22:59.102+0000] {dag.py:3036} INFO - Sync 1 DAGs
[2026-05-15T05:22:59.115+0000] {logging_mixin.py:188} INFO - [2026-05-15T05:22:59.115+0000] {dag.py:3823} INFO - Setting next_dagrun for hn_pipeline to 2026-05-15 05:00:00+00:00, run_after=2026-05-15 06:00:00+00:00
[2026-05-15T05:22:59.122+0000] {processor.py:183} INFO - Processing /opt/airflow/dags/hn_pipeline_dag.py took 0.062 seconds
[2026-05-15T05:23:29.343+0000] {processor.py:161} INFO - Started process (PID=259) to work on /opt/airflow/dags/hn_pipeline_dag.py
[2026-05-15T05:23:29.344+0000] {processor.py:830} INFO - Processing file /opt/airflow/dags/hn_pipeline_dag.py for tasks to queue
[2026-05-15T05:23:29.345+0000] {logging_mixin.py:188} INFO - [2026-05-15T05:23:29.345+0000] {dagbag.py:538} INFO - Filling up the DagBag from /opt/airflow/dags/hn_pipeline_dag.py
[2026-05-15T05:23:29.360+0000] {processor.py:840} INFO - DAG(s) 'hn_pipeline' retrieved from /opt/airflow/dags/hn_pipeline_dag.py
[2026-05-15T05:23:29.380+0000] {logging_mixin.py:188} INFO - [2026-05-15T05:23:29.380+0000] {dag.py:3036} INFO - Sync 1 DAGs
[2026-05-15T05:23:29.392+0000] {logging_mixin.py:188} INFO - [2026-05-15T05:23:29.392+0000] {dag.py:3823} INFO - Setting next_dagrun for hn_pipeline to 2026-05-15 05:00:00+00:00, run_after=2026-05-15 06:00:00+00:00
[2026-05-15T05:23:29.399+0000] {processor.py:183} INFO - Processing /opt/airflow/dags/hn_pipeline_dag.py took 0.061 seconds
[2026-05-15T05:23:59.730+0000] {processor.py:161} INFO - Started process (PID=264) to work on /opt/airflow/dags/hn_pipeline_dag.py
[2026-05-15T05:23:59.731+0000] {processor.py:830} INFO - Processing file /opt/airflow/dags/hn_pipeline_dag.py for tasks to queue
[2026-05-15T05:23:59.732+0000] {logging_mixin.py:188} INFO - [2026-05-15T05:23:59.732+0000] {dagbag.py:538} INFO - Filling up the DagBag from /opt/airflow/dags/hn_pipeline_dag.py
[2026-05-15T05:23:59.747+0000] {processor.py:840} INFO - DAG(s) 'hn_pipeline' retrieved from /opt/airflow/dags/hn_pipeline_dag.py
[2026-05-15T05:23:59.767+0000] {logging_mixin.py:188} INFO - [2026-05-15T05:23:59.767+0000] {dag.py:3036} INFO - Sync 1 DAGs
[2026-05-15T05:23:59.779+0000] {logging_mixin.py:188} INFO - [2026-05-15T05:23:59.779+0000] {dag.py:3823} INFO - Setting next_dagrun for hn_pipeline to 2026-05-15 05:00:00+00:00, run_after=2026-05-15 06:00:00+00:00
[2026-05-15T05:23:59.787+0000] {processor.py:183} INFO - Processing /opt/airflow/dags/hn_pipeline_dag.py took 0.061 seconds
[2026-05-15T05:24:30.056+0000] {processor.py:161} INFO - Started process (PID=269) to work on /opt/airflow/dags/hn_pipeline_dag.py
[2026-05-15T05:24:30.057+0000] {processor.py:830} INFO - Processing file /opt/airflow/dags/hn_pipeline_dag.py for tasks to queue
[2026-05-15T05:24:30.058+0000] {logging_mixin.py:188} INFO - [2026-05-15T05:24:30.058+0000] {dagbag.py:538} INFO - Filling up the DagBag from /opt/airflow/dags/hn_pipeline_dag.py
[2026-05-15T05:24:30.070+0000] {processor.py:840} INFO - DAG(s) 'hn_pipeline' retrieved from /opt/airflow/dags/hn_pipeline_dag.py
[2026-05-15T05:24:30.086+0000] {logging_mixin.py:188} INFO - [2026-05-15T05:24:30.086+0000] {dag.py:3036} INFO - Sync 1 DAGs
[2026-05-15T05:24:30.096+0000] {logging_mixin.py:188} INFO - [2026-05-15T05:24:30.096+0000] {dag.py:3823} INFO - Setting next_dagrun for hn_pipeline to 2026-05-15 05:00:00+00:00, run_after=2026-05-15 06:00:00+00:00
[2026-05-15T05:24:30.104+0000] {processor.py:183} INFO - Processing /opt/airflow/dags/hn_pipeline_dag.py took 0.051 seconds
[2026-05-15T05:25:00.419+0000] {processor.py:161} INFO - Started process (PID=274) to work on /opt/airflow/dags/hn_pipeline_dag.py
[2026-05-15T05:25:00.420+0000] {processor.py:830} INFO - Processing file /opt/airflow/dags/hn_pipeline_dag.py for tasks to queue
[2026-05-15T05:25:00.421+0000] {logging_mixin.py:188} INFO - [2026-05-15T05:25:00.421+0000] {dagbag.py:538} INFO - Filling up the DagBag from /opt/airflow/dags/hn_pipeline_dag.py
[2026-05-15T05:25:00.435+0000] {processor.py:840} INFO - DAG(s) 'hn_pipeline' retrieved from /opt/airflow/dags/hn_pipeline_dag.py
[2026-05-15T05:25:00.454+0000] {logging_mixin.py:188} INFO - [2026-05-15T05:25:00.454+0000] {dag.py:3036} INFO - Sync 1 DAGs
[2026-05-15T05:25:00.466+0000] {logging_mixin.py:188} INFO - [2026-05-15T05:25:00.466+0000] {dag.py:3823} INFO - Setting next_dagrun for hn_pipeline to 2026-05-15 05:00:00+00:00, run_after=2026-05-15 06:00:00+00:00
[2026-05-15T05:25:00.473+0000] {processor.py:183} INFO - Processing /opt/airflow/dags/hn_pipeline_dag.py took 0.058 seconds
[2026-05-15T05:25:30.804+0000] {processor.py:161} INFO - Started process (PID=279) to work on /opt/airflow/dags/hn_pipeline_dag.py
[2026-05-15T05:25:30.805+0000] {processor.py:830} INFO - Processing file /opt/airflow/dags/hn_pipeline_dag.py for tasks to queue
[2026-05-15T05:25:30.806+0000] {logging_mixin.py:188} INFO - [2026-05-15T05:25:30.806+0000] {dagbag.py:538} INFO - Filling up the DagBag from /opt/airflow/dags/hn_pipeline_dag.py
[2026-05-15T05:25:30.821+0000] {processor.py:840} INFO - DAG(s) 'hn_pipeline' retrieved from /opt/airflow/dags/hn_pipeline_dag.py
[2026-05-15T05:25:30.842+0000] {logging_mixin.py:188} INFO - [2026-05-15T05:25:30.842+0000] {dag.py:3036} INFO - Sync 1 DAGs
[2026-05-15T05:25:30.853+0000] {logging_mixin.py:188} INFO - [2026-05-15T05:25:30.853+0000] {dag.py:3823} INFO - Setting next_dagrun for hn_pipeline to 2026-05-15 05:00:00+00:00, run_after=2026-05-15 06:00:00+00:00
[2026-05-15T05:25:30.860+0000] {processor.py:183} INFO - Processing /opt/airflow/dags/hn_pipeline_dag.py took 0.060 seconds
[2026-05-15T05:26:01.006+0000] {processor.py:161} INFO - Started process (PID=284) to work on /opt/airflow/dags/hn_pipeline_dag.py
[2026-05-15T05:26:01.008+0000] {processor.py:830} INFO - Processing file /opt/airflow/dags/hn_pipeline_dag.py for tasks to queue
[2026-05-15T05:26:01.009+0000] {logging_mixin.py:188} INFO - [2026-05-15T05:26:01.009+0000] {dagbag.py:538} INFO - Filling up the DagBag from /opt/airflow/dags/hn_pipeline_dag.py
[2026-05-15T05:26:01.025+0000] {processor.py:840} INFO - DAG(s) 'hn_pipeline' retrieved from /opt/airflow/dags/hn_pipeline_dag.py
[2026-05-15T05:26:01.045+0000] {logging_mixin.py:188} INFO - [2026-05-15T05:26:01.045+0000] {dag.py:3036} INFO - Sync 1 DAGs
[2026-05-15T05:26:01.058+0000] {logging_mixin.py:188} INFO - [2026-05-15T05:26:01.057+0000] {dag.py:3823} INFO - Setting next_dagrun for hn_pipeline to 2026-05-15 05:00:00+00:00, run_after=2026-05-15 06:00:00+00:00
[2026-05-15T05:26:01.066+0000] {processor.py:183} INFO - Processing /opt/airflow/dags/hn_pipeline_dag.py took 0.065 seconds
[2026-05-15T05:26:31.346+0000] {processor.py:161} INFO - Started process (PID=289) to work on /opt/airflow/dags/hn_pipeline_dag.py
[2026-05-15T05:26:31.347+0000] {processor.py:830} INFO - Processing file /opt/airflow/dags/hn_pipeline_dag.py for tasks to queue
[2026-05-15T05:26:31.348+0000] {logging_mixin.py:188} INFO - [2026-05-15T05:26:31.348+0000] {dagbag.py:538} INFO - Filling up the DagBag from /opt/airflow/dags/hn_pipeline_dag.py
[2026-05-15T05:26:31.362+0000] {processor.py:840} INFO - DAG(s) 'hn_pipeline' retrieved from /opt/airflow/dags/hn_pipeline_dag.py
[2026-05-15T05:26:31.381+0000] {logging_mixin.py:188} INFO - [2026-05-15T05:26:31.381+0000] {dag.py:3036} INFO - Sync 1 DAGs
[2026-05-15T05:26:31.393+0000] {logging_mixin.py:188} INFO - [2026-05-15T05:26:31.393+0000] {dag.py:3823} INFO - Setting next_dagrun for hn_pipeline to 2026-05-15 05:00:00+00:00, run_after=2026-05-15 06:00:00+00:00
[2026-05-15T05:26:31.400+0000] {processor.py:183} INFO - Processing /opt/airflow/dags/hn_pipeline_dag.py took 0.057 seconds
[2026-05-15T05:27:01.690+0000] {processor.py:161} INFO - Started process (PID=302) to work on /opt/airflow/dags/hn_pipeline_dag.py
[2026-05-15T05:27:01.692+0000] {processor.py:830} INFO - Processing file /opt/airflow/dags/hn_pipeline_dag.py for tasks to queue
[2026-05-15T05:27:01.693+0000] {logging_mixin.py:188} INFO - [2026-05-15T05:27:01.692+0000] {dagbag.py:538} INFO - Filling up the DagBag from /opt/airflow/dags/hn_pipeline_dag.py
[2026-05-15T05:27:01.708+0000] {processor.py:840} INFO - DAG(s) 'hn_pipeline' retrieved from /opt/airflow/dags/hn_pipeline_dag.py
[2026-05-15T05:27:01.729+0000] {logging_mixin.py:188} INFO - [2026-05-15T05:27:01.729+0000] {dag.py:3036} INFO - Sync 1 DAGs
[2026-05-15T05:27:01.740+0000] {logging_mixin.py:188} INFO - [2026-05-15T05:27:01.740+0000] {dag.py:3823} INFO - Setting next_dagrun for hn_pipeline to 2026-05-15 05:00:00+00:00, run_after=2026-05-15 06:00:00+00:00
[2026-05-15T05:27:01.747+0000] {processor.py:183} INFO - Processing /opt/airflow/dags/hn_pipeline_dag.py took 0.061 seconds
[2026-05-15T05:27:31.935+0000] {processor.py:161} INFO - Started process (PID=307) to work on /opt/airflow/dags/hn_pipeline_dag.py
[2026-05-15T05:27:31.936+0000] {processor.py:830} INFO - Processing file /opt/airflow/dags/hn_pipeline_dag.py for tasks to queue
[2026-05-15T05:27:31.937+0000] {logging_mixin.py:188} INFO - [2026-05-15T05:27:31.937+0000] {dagbag.py:538} INFO - Filling up the DagBag from /opt/airflow/dags/hn_pipeline_dag.py
[2026-05-15T05:27:31.952+0000] {processor.py:840} INFO - DAG(s) 'hn_pipeline' retrieved from /opt/airflow/dags/hn_pipeline_dag.py
[2026-05-15T05:27:31.976+0000] {logging_mixin.py:188} INFO - [2026-05-15T05:27:31.976+0000] {dag.py:3036} INFO - Sync 1 DAGs
[2026-05-15T05:27:31.990+0000] {logging_mixin.py:188} INFO - [2026-05-15T05:27:31.990+0000] {dag.py:3823} INFO - Setting next_dagrun for hn_pipeline to 2026-05-15 05:00:00+00:00, run_after=2026-05-15 06:00:00+00:00
[2026-05-15T05:27:31.998+0000] {processor.py:183} INFO - Processing /opt/airflow/dags/hn_pipeline_dag.py took 0.068 seconds
[2026-05-15T05:28:02.275+0000] {processor.py:161} INFO - Started process (PID=312) to work on /opt/airflow/dags/hn_pipeline_dag.py
[2026-05-15T05:28:02.276+0000] {processor.py:830} INFO - Processing file /opt/airflow/dags/hn_pipeline_dag.py for tasks to queue
[2026-05-15T05:28:02.277+0000] {logging_mixin.py:188} INFO - [2026-05-15T05:28:02.277+0000] {dagbag.py:538} INFO - Filling up the DagBag from /opt/airflow/dags/hn_pipeline_dag.py
[2026-05-15T05:28:02.292+0000] {processor.py:840} INFO - DAG(s) 'hn_pipeline' retrieved from /opt/airflow/dags/hn_pipeline_dag.py
[2026-05-15T05:28:02.313+0000] {logging_mixin.py:188} INFO - [2026-05-15T05:28:02.313+0000] {dag.py:3036} INFO - Sync 1 DAGs
[2026-05-15T05:28:02.325+0000] {logging_mixin.py:188} INFO - [2026-05-15T05:28:02.325+0000] {dag.py:3823} INFO - Setting next_dagrun for hn_pipeline to 2026-05-15 05:00:00+00:00, run_after=2026-05-15 06:00:00+00:00
[2026-05-15T05:28:02.333+0000] {processor.py:183} INFO - Processing /opt/airflow/dags/hn_pipeline_dag.py took 0.063 seconds
[2026-05-15T05:28:32.608+0000] {processor.py:161} INFO - Started process (PID=317) to work on /opt/airflow/dags/hn_pipeline_dag.py
[2026-05-15T05:28:32.609+0000] {processor.py:830} INFO - Processing file /opt/airflow/dags/hn_pipeline_dag.py for tasks to queue
[2026-05-15T05:28:32.610+0000] {logging_mixin.py:188} INFO - [2026-05-15T05:28:32.609+0000] {dagbag.py:538} INFO - Filling up the DagBag from /opt/airflow/dags/hn_pipeline_dag.py
[2026-05-15T05:28:32.618+0000] {processor.py:840} INFO - DAG(s) 'hn_pipeline' retrieved from /opt/airflow/dags/hn_pipeline_dag.py
[2026-05-15T05:28:32.632+0000] {logging_mixin.py:188} INFO - [2026-05-15T05:28:32.632+0000] {dag.py:3036} INFO - Sync 1 DAGs
[2026-05-15T05:28:32.650+0000] {logging_mixin.py:188} INFO - [2026-05-15T05:28:32.650+0000] {dag.py:3823} INFO - Setting next_dagrun for hn_pipeline to 2026-05-15 05:00:00+00:00, run_after=2026-05-15 06:00:00+00:00
[2026-05-15T05:28:32.658+0000] {processor.py:183} INFO - Processing /opt/airflow/dags/hn_pipeline_dag.py took 0.051 seconds
[2026-05-15T05:29:02.847+0000] {processor.py:161} INFO - Started process (PID=322) to work on /opt/airflow/dags/hn_pipeline_dag.py
[2026-05-15T05:29:02.849+0000] {processor.py:830} INFO - Processing file /opt/airflow/dags/hn_pipeline_dag.py for tasks to queue
[2026-05-15T05:29:02.850+0000] {logging_mixin.py:188} INFO - [2026-05-15T05:29:02.849+0000] {dagbag.py:538} INFO - Filling up the DagBag from /opt/airflow/dags/hn_pipeline_dag.py
[2026-05-15T05:29:02.867+0000] {processor.py:840} INFO - DAG(s) 'hn_pipeline' retrieved from /opt/airflow/dags/hn_pipeline_dag.py
[2026-05-15T05:29:02.889+0000] {logging_mixin.py:188} INFO - [2026-05-15T05:29:02.889+0000] {dag.py:3036} INFO - Sync 1 DAGs
[2026-05-15T05:29:02.901+0000] {logging_mixin.py:188} INFO - [2026-05-15T05:29:02.901+0000] {dag.py:3823} INFO - Setting next_dagrun for hn_pipeline to 2026-05-15 05:00:00+00:00, run_after=2026-05-15 06:00:00+00:00
[2026-05-15T05:29:02.910+0000] {processor.py:183} INFO - Processing /opt/airflow/dags/hn_pipeline_dag.py took 0.068 seconds
[2026-05-15T05:29:08.898+0000] {processor.py:161} INFO - Started process (PID=327) to work on /opt/airflow/dags/hn_pipeline_dag.py
[2026-05-15T05:29:08.898+0000] {processor.py:830} INFO - Processing file /opt/airflow/dags/hn_pipeline_dag.py for tasks to queue
[2026-05-15T05:29:08.899+0000] {logging_mixin.py:188} INFO - [2026-05-15T05:29:08.898+0000] {dagbag.py:538} INFO - Filling up the DagBag from /opt/airflow/dags/hn_pipeline_dag.py
[2026-05-15T05:29:08.908+0000] {processor.py:840} INFO - DAG(s) 'hn_pipeline' retrieved from /opt/airflow/dags/hn_pipeline_dag.py
[2026-05-15T05:29:08.973+0000] {logging_mixin.py:188} INFO - [2026-05-15T05:29:08.973+0000] {dag.py:3036} INFO - Sync 1 DAGs
[2026-05-15T05:29:08.983+0000] {logging_mixin.py:188} INFO - [2026-05-15T05:29:08.983+0000] {dag.py:3823} INFO - Setting next_dagrun for hn_pipeline to 2026-05-15 05:00:00+00:00, run_after=2026-05-15 06:00:00+00:00
[2026-05-15T05:29:08.990+0000] {processor.py:183} INFO - Processing /opt/airflow/dags/hn_pipeline_dag.py took 0.095 seconds
[2026-05-15T05:29:26.016+0000] {processor.py:161} INFO - Started process (PID=332) to work on /opt/airflow/dags/hn_pipeline_dag.py
[2026-05-15T05:29:26.017+0000] {processor.py:830} INFO - Processing file /opt/airflow/dags/hn_pipeline_dag.py for tasks to queue
[2026-05-15T05:29:26.018+0000] {logging_mixin.py:188} INFO - [2026-05-15T05:29:26.018+0000] {dagbag.py:538} INFO - Filling up the DagBag from /opt/airflow/dags/hn_pipeline_dag.py
[2026-05-15T05:29:26.032+0000] {processor.py:840} INFO - DAG(s) 'hn_pipeline' retrieved from /opt/airflow/dags/hn_pipeline_dag.py
[2026-05-15T05:29:26.042+0000] {logging_mixin.py:188} INFO - [2026-05-15T05:29:26.042+0000] {dag.py:3036} INFO - Sync 1 DAGs
[2026-05-15T05:29:26.055+0000] {logging_mixin.py:188} INFO - [2026-05-15T05:29:26.055+0000] {dag.py:3823} INFO - Setting next_dagrun for hn_pipeline to 2026-05-15 05:00:00+00:00, run_after=2026-05-15 06:00:00+00:00
[2026-05-15T05:29:26.064+0000] {processor.py:183} INFO - Processing /opt/airflow/dags/hn_pipeline_dag.py took 0.051 seconds
[2026-05-15T05:29:56.309+0000] {processor.py:161} INFO - Started process (PID=337) to work on /opt/airflow/dags/hn_pipeline_dag.py
[2026-05-15T05:29:56.310+0000] {processor.py:830} INFO - Processing file /opt/airflow/dags/hn_pipeline_dag.py for tasks to queue
[2026-05-15T05:29:56.311+0000] {logging_mixin.py:188} INFO - [2026-05-15T05:29:56.311+0000] {dagbag.py:538} INFO - Filling up the DagBag from /opt/airflow/dags/hn_pipeline_dag.py
[2026-05-15T05:29:56.324+0000] {processor.py:840} INFO - DAG(s) 'hn_pipeline' retrieved from /opt/airflow/dags/hn_pipeline_dag.py
[2026-05-15T05:29:56.343+0000] {logging_mixin.py:188} INFO - [2026-05-15T05:29:56.343+0000] {dag.py:3036} INFO - Sync 1 DAGs
[2026-05-15T05:29:56.354+0000] {logging_mixin.py:188} INFO - [2026-05-15T05:29:56.354+0000] {dag.py:3823} INFO - Setting next_dagrun for hn_pipeline to 2026-05-15 05:00:00+00:00, run_after=2026-05-15 06:00:00+00:00
[2026-05-15T05:29:56.361+0000] {processor.py:183} INFO - Processing /opt/airflow/dags/hn_pipeline_dag.py took 0.056 seconds
[2026-05-15T05:30:26.623+0000] {processor.py:161} INFO - Started process (PID=348) to work on /opt/airflow/dags/hn_pipeline_dag.py
[2026-05-15T05:30:26.624+0000] {processor.py:830} INFO - Processing file /opt/airflow/dags/hn_pipeline_dag.py for tasks to queue
[2026-05-15T05:30:26.624+0000] {logging_mixin.py:188} INFO - [2026-05-15T05:30:26.624+0000] {dagbag.py:538} INFO - Filling up the DagBag from /opt/airflow/dags/hn_pipeline_dag.py
[2026-05-15T05:30:26.630+0000] {processor.py:840} INFO - DAG(s) 'hn_pipeline' retrieved from /opt/airflow/dags/hn_pipeline_dag.py
[2026-05-15T05:30:26.644+0000] {logging_mixin.py:188} INFO - [2026-05-15T05:30:26.644+0000] {dag.py:3036} INFO - Sync 1 DAGs
[2026-05-15T05:30:26.654+0000] {logging_mixin.py:188} INFO - [2026-05-15T05:30:26.654+0000] {dag.py:3823} INFO - Setting next_dagrun for hn_pipeline to 2026-05-15 05:00:00+00:00, run_after=2026-05-15 06:00:00+00:00
[2026-05-15T05:30:26.661+0000] {processor.py:183} INFO - Processing /opt/airflow/dags/hn_pipeline_dag.py took 0.039 seconds
[2026-05-15T05:30:56.889+0000] {processor.py:161} INFO - Started process (PID=353) to work on /opt/airflow/dags/hn_pipeline_dag.py
[2026-05-15T05:30:56.890+0000] {processor.py:830} INFO - Processing file /opt/airflow/dags/hn_pipeline_dag.py for tasks to queue
[2026-05-15T05:30:56.891+0000] {logging_mixin.py:188} INFO - [2026-05-15T05:30:56.891+0000] {dagbag.py:538} INFO - Filling up the DagBag from /opt/airflow/dags/hn_pipeline_dag.py
[2026-05-15T05:30:56.905+0000] {processor.py:840} INFO - DAG(s) 'hn_pipeline' retrieved from /opt/airflow/dags/hn_pipeline_dag.py
[2026-05-15T05:30:56.925+0000] {logging_mixin.py:188} INFO - [2026-05-15T05:30:56.925+0000] {dag.py:3036} INFO - Sync 1 DAGs
[2026-05-15T05:30:56.937+0000] {logging_mixin.py:188} INFO - [2026-05-15T05:30:56.937+0000] {dag.py:3823} INFO - Setting next_dagrun for hn_pipeline to 2026-05-15 05:00:00+00:00, run_after=2026-05-15 06:00:00+00:00
[2026-05-15T05:30:56.944+0000] {processor.py:183} INFO - Processing /opt/airflow/dags/hn_pipeline_dag.py took 0.060 seconds
[2026-05-15T05:31:27.110+0000] {processor.py:161} INFO - Started process (PID=358) to work on /opt/airflow/dags/hn_pipeline_dag.py
[2026-05-15T05:31:27.112+0000] {processor.py:830} INFO - Processing file /opt/airflow/dags/hn_pipeline_dag.py for tasks to queue
[2026-05-15T05:31:27.113+0000] {logging_mixin.py:188} INFO - [2026-05-15T05:31:27.112+0000] {dagbag.py:538} INFO - Filling up the DagBag from /opt/airflow/dags/hn_pipeline_dag.py
[2026-05-15T05:31:27.125+0000] {processor.py:840} INFO - DAG(s) 'hn_pipeline' retrieved from /opt/airflow/dags/hn_pipeline_dag.py
[2026-05-15T05:31:27.143+0000] {logging_mixin.py:188} INFO - [2026-05-15T05:31:27.143+0000] {dag.py:3036} INFO - Sync 1 DAGs
[2026-05-15T05:31:27.154+0000] {logging_mixin.py:188} INFO - [2026-05-15T05:31:27.154+0000] {dag.py:3823} INFO - Setting next_dagrun for hn_pipeline to 2026-05-15 05:00:00+00:00, run_after=2026-05-15 06:00:00+00:00
[2026-05-15T05:31:27.162+0000] {processor.py:183} INFO - Processing /opt/airflow/dags/hn_pipeline_dag.py took 0.055 seconds
[2026-05-15T05:31:57.461+0000] {processor.py:161} INFO - Started process (PID=363) to work on /opt/airflow/dags/hn_pipeline_dag.py
[2026-05-15T05:31:57.462+0000] {processor.py:830} INFO - Processing file /opt/airflow/dags/hn_pipeline_dag.py for tasks to queue
[2026-05-15T05:31:57.463+0000] {logging_mixin.py:188} INFO - [2026-05-15T05:31:57.463+0000] {dagbag.py:538} INFO - Filling up the DagBag from /opt/airflow/dags/hn_pipeline_dag.py
[2026-05-15T05:31:57.474+0000] {processor.py:840} INFO - DAG(s) 'hn_pipeline' retrieved from /opt/airflow/dags/hn_pipeline_dag.py
[2026-05-15T05:31:57.491+0000] {logging_mixin.py:188} INFO - [2026-05-15T05:31:57.491+0000] {dag.py:3036} INFO - Sync 1 DAGs
[2026-05-15T05:31:57.502+0000] {logging_mixin.py:188} INFO - [2026-05-15T05:31:57.502+0000] {dag.py:3823} INFO - Setting next_dagrun for hn_pipeline to 2026-05-15 05:00:00+00:00, run_after=2026-05-15 06:00:00+00:00
[2026-05-15T05:31:57.509+0000] {processor.py:183} INFO - Processing /opt/airflow/dags/hn_pipeline_dag.py took 0.052 seconds
[2026-05-15T05:32:27.773+0000] {processor.py:161} INFO - Started process (PID=368) to work on /opt/airflow/dags/hn_pipeline_dag.py
[2026-05-15T05:32:27.774+0000] {processor.py:830} INFO - Processing file /opt/airflow/dags/hn_pipeline_dag.py for tasks to queue
[2026-05-15T05:32:27.775+0000] {logging_mixin.py:188} INFO - [2026-05-15T05:32:27.775+0000] {dagbag.py:538} INFO - Filling up the DagBag from /opt/airflow/dags/hn_pipeline_dag.py
[2026-05-15T05:32:27.789+0000] {processor.py:840} INFO - DAG(s) 'hn_pipeline' retrieved from /opt/airflow/dags/hn_pipeline_dag.py
[2026-05-15T05:32:27.809+0000] {logging_mixin.py:188} INFO - [2026-05-15T05:32:27.809+0000] {dag.py:3036} INFO - Sync 1 DAGs
[2026-05-15T05:32:27.824+0000] {logging_mixin.py:188} INFO - [2026-05-15T05:32:27.824+0000] {dag.py:3823} INFO - Setting next_dagrun for hn_pipeline to 2026-05-15 05:00:00+00:00, run_after=2026-05-15 06:00:00+00:00
[2026-05-15T05:32:27.831+0000] {processor.py:183} INFO - Processing /opt/airflow/dags/hn_pipeline_dag.py took 0.063 seconds
[2026-05-15T05:32:58.107+0000] {processor.py:161} INFO - Started process (PID=373) to work on /opt/airflow/dags/hn_pipeline_dag.py
[2026-05-15T05:32:58.108+0000] {processor.py:830} INFO - Processing file /opt/airflow/dags/hn_pipeline_dag.py for tasks to queue
[2026-05-15T05:32:58.109+0000] {logging_mixin.py:188} INFO - [2026-05-15T05:32:58.109+0000] {dagbag.py:538} INFO - Filling up the DagBag from /opt/airflow/dags/hn_pipeline_dag.py
[2026-05-15T05:32:58.121+0000] {processor.py:840} INFO - DAG(s) 'hn_pipeline' retrieved from /opt/airflow/dags/hn_pipeline_dag.py
[2026-05-15T05:32:58.135+0000] {logging_mixin.py:188} INFO - [2026-05-15T05:32:58.135+0000] {dag.py:3036} INFO - Sync 1 DAGs
[2026-05-15T05:32:58.146+0000] {logging_mixin.py:188} INFO - [2026-05-15T05:32:58.145+0000] {dag.py:3823} INFO - Setting next_dagrun for hn_pipeline to 2026-05-15 05:00:00+00:00, run_after=2026-05-15 06:00:00+00:00
[2026-05-15T05:32:58.154+0000] {processor.py:183} INFO - Processing /opt/airflow/dags/hn_pipeline_dag.py took 0.050 seconds
[2026-05-15T05:33:28.464+0000] {processor.py:161} INFO - Started process (PID=378) to work on /opt/airflow/dags/hn_pipeline_dag.py
[2026-05-15T05:33:28.465+0000] {processor.py:830} INFO - Processing file /opt/airflow/dags/hn_pipeline_dag.py for tasks to queue
[2026-05-15T05:33:28.466+0000] {logging_mixin.py:188} INFO - [2026-05-15T05:33:28.466+0000] {dagbag.py:538} INFO - Filling up the DagBag from /opt/airflow/dags/hn_pipeline_dag.py
[2026-05-15T05:33:28.480+0000] {processor.py:840} INFO - DAG(s) 'hn_pipeline' retrieved from /opt/airflow/dags/hn_pipeline_dag.py
[2026-05-15T05:33:28.500+0000] {logging_mixin.py:188} INFO - [2026-05-15T05:33:28.500+0000] {dag.py:3036} INFO - Sync 1 DAGs
[2026-05-15T05:33:28.512+0000] {logging_mixin.py:188} INFO - [2026-05-15T05:33:28.512+0000] {dag.py:3823} INFO - Setting next_dagrun for hn_pipeline to 2026-05-15 05:00:00+00:00, run_after=2026-05-15 06:00:00+00:00
[2026-05-15T05:33:28.521+0000] {processor.py:183} INFO - Processing /opt/airflow/dags/hn_pipeline_dag.py took 0.062 seconds
[2026-05-15T05:33:58.817+0000] {processor.py:161} INFO - Started process (PID=383) to work on /opt/airflow/dags/hn_pipeline_dag.py
[2026-05-15T05:33:58.817+0000] {processor.py:830} INFO - Processing file /opt/airflow/dags/hn_pipeline_dag.py for tasks to queue
[2026-05-15T05:33:58.818+0000] {logging_mixin.py:188} INFO - [2026-05-15T05:33:58.818+0000] {dagbag.py:538} INFO - Filling up the DagBag from /opt/airflow/dags/hn_pipeline_dag.py
[2026-05-15T05:33:58.826+0000] {processor.py:840} INFO - DAG(s) 'hn_pipeline' retrieved from /opt/airflow/dags/hn_pipeline_dag.py
[2026-05-15T05:33:58.839+0000] {logging_mixin.py:188} INFO - [2026-05-15T05:33:58.839+0000] {dag.py:3036} INFO - Sync 1 DAGs
[2026-05-15T05:33:58.848+0000] {logging_mixin.py:188} INFO - [2026-05-15T05:33:58.848+0000] {dag.py:3823} INFO - Setting next_dagrun for hn_pipeline to 2026-05-15 05:00:00+00:00, run_after=2026-05-15 06:00:00+00:00
[2026-05-15T05:33:58.855+0000] {processor.py:183} INFO - Processing /opt/airflow/dags/hn_pipeline_dag.py took 0.040 seconds
[2026-05-15T05:34:29.036+0000] {processor.py:161} INFO - Started process (PID=388) to work on /opt/airflow/dags/hn_pipeline_dag.py
[2026-05-15T05:34:29.037+0000] {processor.py:830} INFO - Processing file /opt/airflow/dags/hn_pipeline_dag.py for tasks to queue
[2026-05-15T05:34:29.038+0000] {logging_mixin.py:188} INFO - [2026-05-15T05:34:29.037+0000] {dagbag.py:538} INFO - Filling up the DagBag from /opt/airflow/dags/hn_pipeline_dag.py
[2026-05-15T05:34:29.047+0000] {processor.py:840} INFO - DAG(s) 'hn_pipeline' retrieved from /opt/airflow/dags/hn_pipeline_dag.py
[2026-05-15T05:34:29.062+0000] {logging_mixin.py:188} INFO - [2026-05-15T05:34:29.062+0000] {dag.py:3036} INFO - Sync 1 DAGs
[2026-05-15T05:34:29.073+0000] {logging_mixin.py:188} INFO - [2026-05-15T05:34:29.073+0000] {dag.py:3823} INFO - Setting next_dagrun for hn_pipeline to 2026-05-15 05:00:00+00:00, run_after=2026-05-15 06:00:00+00:00
[2026-05-15T05:34:29.081+0000] {processor.py:183} INFO - Processing /opt/airflow/dags/hn_pipeline_dag.py took 0.048 seconds
[2026-05-15T05:35:07.639+0000] {processor.py:161} INFO - Started process (PID=179) to work on /opt/airflow/dags/hn_pipeline_dag.py
[2026-05-15T05:35:07.639+0000] {processor.py:830} INFO - Processing file /opt/airflow/dags/hn_pipeline_dag.py for tasks to queue
[2026-05-15T05:35:07.639+0000] {logging_mixin.py:188} INFO - [2026-05-15T05:35:07.639+0000] {dagbag.py:538} INFO - Filling up the DagBag from /opt/airflow/dags/hn_pipeline_dag.py
[2026-05-15T05:35:07.652+0000] {processor.py:840} INFO - DAG(s) 'hn_pipeline' retrieved from /opt/airflow/dags/hn_pipeline_dag.py
[2026-05-15T05:35:07.786+0000] {logging_mixin.py:188} INFO - [2026-05-15T05:35:07.786+0000] {override.py:1769} INFO - Created Permission View: can delete on DAG:hn_pipeline
[2026-05-15T05:35:07.789+0000] {logging_mixin.py:188} INFO - [2026-05-15T05:35:07.789+0000] {override.py:1769} INFO - Created Permission View: can edit on DAG:hn_pipeline
[2026-05-15T05:35:07.791+0000] {logging_mixin.py:188} INFO - [2026-05-15T05:35:07.791+0000] {override.py:1769} INFO - Created Permission View: can read on DAG:hn_pipeline
[2026-05-15T05:35:07.792+0000] {logging_mixin.py:188} INFO - [2026-05-15T05:35:07.792+0000] {dag.py:3036} INFO - Sync 1 DAGs
[2026-05-15T05:35:07.797+0000] {logging_mixin.py:188} INFO - [2026-05-15T05:35:07.797+0000] {dag.py:3058} INFO - Creating ORM DAG for hn_pipeline
[2026-05-15T05:35:07.803+0000] {logging_mixin.py:188} INFO - [2026-05-15T05:35:07.803+0000] {dag.py:3823} INFO - Setting next_dagrun for hn_pipeline to 2026-05-15 04:00:00+00:00, run_after=2026-05-15 05:00:00+00:00
[2026-05-15T05:35:07.811+0000] {processor.py:183} INFO - Processing /opt/airflow/dags/hn_pipeline_dag.py took 0.176 seconds
[2026-05-15T05:35:38.847+0000] {processor.py:161} INFO - Started process (PID=185) to work on /opt/airflow/dags/hn_pipeline_dag.py
[2026-05-15T05:35:38.974+0000] {processor.py:830} INFO - Processing file /opt/airflow/dags/hn_pipeline_dag.py for tasks to queue
[2026-05-15T05:35:39.363+0000] {logging_mixin.py:188} INFO - [2026-05-15T05:35:39.323+0000] {dagbag.py:538} INFO - Filling up the DagBag from /opt/airflow/dags/hn_pipeline_dag.py
[2026-05-15T05:35:46.711+0000] {processor.py:840} INFO - DAG(s) 'hn_pipeline' retrieved from /opt/airflow/dags/hn_pipeline_dag.py
[2026-05-15T05:36:29.993+0000] {logging_mixin.py:188} INFO - [2026-05-15T05:36:29.578+0000] {dag.py:3036} INFO - Sync 1 DAGs
[2026-05-15T05:37:08.094+0000] {processor.py:161} INFO - Started process (PID=188) to work on /opt/airflow/dags/hn_pipeline_dag.py
[2026-05-15T05:37:08.095+0000] {processor.py:830} INFO - Processing file /opt/airflow/dags/hn_pipeline_dag.py for tasks to queue
[2026-05-15T05:37:08.096+0000] {logging_mixin.py:188} INFO - [2026-05-15T05:37:08.095+0000] {dagbag.py:538} INFO - Filling up the DagBag from /opt/airflow/dags/hn_pipeline_dag.py
[2026-05-15T05:37:08.113+0000] {processor.py:840} INFO - DAG(s) 'hn_pipeline' retrieved from /opt/airflow/dags/hn_pipeline_dag.py
[2026-05-15T05:37:08.140+0000] {logging_mixin.py:188} INFO - [2026-05-15T05:37:08.139+0000] {dag.py:3036} INFO - Sync 1 DAGs
[2026-05-15T05:37:08.150+0000] {logging_mixin.py:188} INFO - [2026-05-15T05:37:08.150+0000] {dag.py:3823} INFO - Setting next_dagrun for hn_pipeline to 2026-05-15 04:00:00+00:00, run_after=2026-05-15 05:00:00+00:00
[2026-05-15T05:37:08.158+0000] {processor.py:183} INFO - Processing /opt/airflow/dags/hn_pipeline_dag.py took 0.068 seconds
[2026-05-15T05:37:42.673+0000] {processor.py:161} INFO - Started process (PID=195) to work on /opt/airflow/dags/hn_pipeline_dag.py
[2026-05-15T05:37:42.702+0000] {processor.py:830} INFO - Processing file /opt/airflow/dags/hn_pipeline_dag.py for tasks to queue
[2026-05-15T05:37:42.983+0000] {logging_mixin.py:188} INFO - [2026-05-15T05:37:42.837+0000] {dagbag.py:538} INFO - Filling up the DagBag from /opt/airflow/dags/hn_pipeline_dag.py
[2026-05-15T05:37:55.581+0000] {processor.py:840} INFO - DAG(s) 'hn_pipeline' retrieved from /opt/airflow/dags/hn_pipeline_dag.py
[2026-05-15T05:37:58.996+0000] {logging_mixin.py:188} INFO - [2026-05-15T05:37:58.987+0000] {dag.py:3036} INFO - Sync 1 DAGs
[2026-05-15T05:38:03.943+0000] {logging_mixin.py:188} INFO - [2026-05-15T05:38:03.939+0000] {dag.py:3823} INFO - Setting next_dagrun for hn_pipeline to 2026-05-15 05:00:00+00:00, run_after=2026-05-15 06:00:00+00:00
[2026-05-15T05:38:04.005+0000] {processor.py:183} INFO - Processing /opt/airflow/dags/hn_pipeline_dag.py took 21.518 seconds
[2026-05-15T05:38:34.202+0000] {processor.py:161} INFO - Started process (PID=204) to work on /opt/airflow/dags/hn_pipeline_dag.py
[2026-05-15T05:38:34.203+0000] {processor.py:830} INFO - Processing file /opt/airflow/dags/hn_pipeline_dag.py for tasks to queue
[2026-05-15T05:38:34.204+0000] {logging_mixin.py:188} INFO - [2026-05-15T05:38:34.204+0000] {dagbag.py:538} INFO - Filling up the DagBag from /opt/airflow/dags/hn_pipeline_dag.py
[2026-05-15T05:38:34.216+0000] {processor.py:840} INFO - DAG(s) 'hn_pipeline' retrieved from /opt/airflow/dags/hn_pipeline_dag.py
[2026-05-15T05:38:34.233+0000] {logging_mixin.py:188} INFO - [2026-05-15T05:38:34.232+0000] {dag.py:3036} INFO - Sync 1 DAGs
[2026-05-15T05:38:34.244+0000] {logging_mixin.py:188} INFO - [2026-05-15T05:38:34.244+0000] {dag.py:3823} INFO - Setting next_dagrun for hn_pipeline to 2026-05-15 05:00:00+00:00, run_after=2026-05-15 06:00:00+00:00
[2026-05-15T05:38:34.251+0000] {processor.py:183} INFO - Processing /opt/airflow/dags/hn_pipeline_dag.py took 0.050 seconds
[2026-05-15T05:39:04.430+0000] {processor.py:161} INFO - Started process (PID=209) to work on /opt/airflow/dags/hn_pipeline_dag.py
[2026-05-15T05:39:04.431+0000] {processor.py:830} INFO - Processing file /opt/airflow/dags/hn_pipeline_dag.py for tasks to queue
[2026-05-15T05:39:04.432+0000] {logging_mixin.py:188} INFO - [2026-05-15T05:39:04.432+0000] {dagbag.py:538} INFO - Filling up the DagBag from /opt/airflow/dags/hn_pipeline_dag.py
[2026-05-15T05:39:04.445+0000] {processor.py:840} INFO - DAG(s) 'hn_pipeline' retrieved from /opt/airflow/dags/hn_pipeline_dag.py
[2026-05-15T05:39:04.464+0000] {logging_mixin.py:188} INFO - [2026-05-15T05:39:04.463+0000] {dag.py:3036} INFO - Sync 1 DAGs
[2026-05-15T05:39:04.475+0000] {logging_mixin.py:188} INFO - [2026-05-15T05:39:04.475+0000] {dag.py:3823} INFO - Setting next_dagrun for hn_pipeline to 2026-05-15 05:00:00+00:00, run_after=2026-05-15 06:00:00+00:00
[2026-05-15T05:39:04.483+0000] {processor.py:183} INFO - Processing /opt/airflow/dags/hn_pipeline_dag.py took 0.056 seconds
[2026-05-15T05:39:34.598+0000] {processor.py:161} INFO - Started process (PID=214) to work on /opt/airflow/dags/hn_pipeline_dag.py
[2026-05-15T05:39:34.599+0000] {processor.py:830} INFO - Processing file /opt/airflow/dags/hn_pipeline_dag.py for tasks to queue
[2026-05-15T05:39:34.600+0000] {logging_mixin.py:188} INFO - [2026-05-15T05:39:34.600+0000] {dagbag.py:538} INFO - Filling up the DagBag from /opt/airflow/dags/hn_pipeline_dag.py
[2026-05-15T05:39:34.614+0000] {processor.py:840} INFO - DAG(s) 'hn_pipeline' retrieved from /opt/airflow/dags/hn_pipeline_dag.py
[2026-05-15T05:39:34.635+0000] {logging_mixin.py:188} INFO - [2026-05-15T05:39:34.635+0000] {dag.py:3036} INFO - Sync 1 DAGs
[2026-05-15T05:39:34.646+0000] {logging_mixin.py:188} INFO - [2026-05-15T05:39:34.646+0000] {dag.py:3823} INFO - Setting next_dagrun for hn_pipeline to 2026-05-15 05:00:00+00:00, run_after=2026-05-15 06:00:00+00:00
[2026-05-15T05:39:34.653+0000] {processor.py:183} INFO - Processing /opt/airflow/dags/hn_pipeline_dag.py took 0.060 seconds
[2026-05-15T05:40:05.409+0000] {processor.py:161} INFO - Started process (PID=219) to work on /opt/airflow/dags/hn_pipeline_dag.py
[2026-05-15T05:40:05.412+0000] {processor.py:830} INFO - Processing file /opt/airflow/dags/hn_pipeline_dag.py for tasks to queue
[2026-05-15T05:40:05.412+0000] {logging_mixin.py:188} INFO - [2026-05-15T05:40:05.412+0000] {dagbag.py:538} INFO - Filling up the DagBag from /opt/airflow/dags/hn_pipeline_dag.py
[2026-05-15T05:40:05.426+0000] {processor.py:840} INFO - DAG(s) 'hn_pipeline' retrieved from /opt/airflow/dags/hn_pipeline_dag.py
[2026-05-15T05:40:05.454+0000] {logging_mixin.py:188} INFO - [2026-05-15T05:40:05.454+0000] {dag.py:3036} INFO - Sync 1 DAGs
[2026-05-15T05:40:05.473+0000] {logging_mixin.py:188} INFO - [2026-05-15T05:40:05.473+0000] {dag.py:3823} INFO - Setting next_dagrun for hn_pipeline to 2026-05-15 05:00:00+00:00, run_after=2026-05-15 06:00:00+00:00
[2026-05-15T05:40:05.488+0000] {processor.py:183} INFO - Processing /opt/airflow/dags/hn_pipeline_dag.py took 0.081 seconds
[2026-05-15T05:40:35.546+0000] {processor.py:161} INFO - Started process (PID=224) to work on /opt/airflow/dags/hn_pipeline_dag.py
[2026-05-15T05:40:35.546+0000] {processor.py:830} INFO - Processing file /opt/airflow/dags/hn_pipeline_dag.py for tasks to queue
[2026-05-15T05:40:35.547+0000] {logging_mixin.py:188} INFO - [2026-05-15T05:40:35.546+0000] {dagbag.py:538} INFO - Filling up the DagBag from /opt/airflow/dags/hn_pipeline_dag.py
[2026-05-15T05:40:35.559+0000] {processor.py:840} INFO - DAG(s) 'hn_pipeline' retrieved from /opt/airflow/dags/hn_pipeline_dag.py
[2026-05-15T05:40:35.583+0000] {logging_mixin.py:188} INFO - [2026-05-15T05:40:35.583+0000] {dag.py:3036} INFO - Sync 1 DAGs
[2026-05-15T05:40:35.601+0000] {logging_mixin.py:188} INFO - [2026-05-15T05:40:35.601+0000] {dag.py:3823} INFO - Setting next_dagrun for hn_pipeline to 2026-05-15 05:00:00+00:00, run_after=2026-05-15 06:00:00+00:00
[2026-05-15T05:40:35.616+0000] {processor.py:183} INFO - Processing /opt/airflow/dags/hn_pipeline_dag.py took 0.074 seconds
[2026-05-15T05:41:05.661+0000] {processor.py:161} INFO - Started process (PID=229) to work on /opt/airflow/dags/hn_pipeline_dag.py
[2026-05-15T05:41:05.662+0000] {processor.py:830} INFO - Processing file /opt/airflow/dags/hn_pipeline_dag.py for tasks to queue
[2026-05-15T05:41:05.662+0000] {logging_mixin.py:188} INFO - [2026-05-15T05:41:05.662+0000] {dagbag.py:538} INFO - Filling up the DagBag from /opt/airflow/dags/hn_pipeline_dag.py
[2026-05-15T05:41:05.677+0000] {processor.py:840} INFO - DAG(s) 'hn_pipeline' retrieved from /opt/airflow/dags/hn_pipeline_dag.py
[2026-05-15T05:41:05.710+0000] {logging_mixin.py:188} INFO - [2026-05-15T05:41:05.710+0000] {dag.py:3036} INFO - Sync 1 DAGs
[2026-05-15T05:41:05.727+0000] {logging_mixin.py:188} INFO - [2026-05-15T05:41:05.727+0000] {dag.py:3823} INFO - Setting next_dagrun for hn_pipeline to 2026-05-15 05:00:00+00:00, run_after=2026-05-15 06:00:00+00:00
[2026-05-15T05:41:05.740+0000] {processor.py:183} INFO - Processing /opt/airflow/dags/hn_pipeline_dag.py took 0.084 seconds
[2026-05-15T05:41:35.919+0000] {processor.py:161} INFO - Started process (PID=234) to work on /opt/airflow/dags/hn_pipeline_dag.py
[2026-05-15T05:41:35.919+0000] {processor.py:830} INFO - Processing file /opt/airflow/dags/hn_pipeline_dag.py for tasks to queue
[2026-05-15T05:41:35.920+0000] {logging_mixin.py:188} INFO - [2026-05-15T05:41:35.920+0000] {dagbag.py:538} INFO - Filling up the DagBag from /opt/airflow/dags/hn_pipeline_dag.py
[2026-05-15T05:41:35.930+0000] {processor.py:840} INFO - DAG(s) 'hn_pipeline' retrieved from /opt/airflow/dags/hn_pipeline_dag.py
[2026-05-15T05:41:35.944+0000] {logging_mixin.py:188} INFO - [2026-05-15T05:41:35.944+0000] {dag.py:3036} INFO - Sync 1 DAGs
[2026-05-15T05:41:35.955+0000] {logging_mixin.py:188} INFO - [2026-05-15T05:41:35.955+0000] {dag.py:3823} INFO - Setting next_dagrun for hn_pipeline to 2026-05-15 05:00:00+00:00, run_after=2026-05-15 06:00:00+00:00
[2026-05-15T05:41:35.962+0000] {processor.py:183} INFO - Processing /opt/airflow/dags/hn_pipeline_dag.py took 0.045 seconds
[2026-05-15T05:42:06.220+0000] {processor.py:161} INFO - Started process (PID=239) to work on /opt/airflow/dags/hn_pipeline_dag.py
[2026-05-15T05:42:06.221+0000] {processor.py:830} INFO - Processing file /opt/airflow/dags/hn_pipeline_dag.py for tasks to queue
[2026-05-15T05:42:06.222+0000] {logging_mixin.py:188} INFO - [2026-05-15T05:42:06.221+0000] {dagbag.py:538} INFO - Filling up the DagBag from /opt/airflow/dags/hn_pipeline_dag.py
[2026-05-15T05:42:06.234+0000] {processor.py:840} INFO - DAG(s) 'hn_pipeline' retrieved from /opt/airflow/dags/hn_pipeline_dag.py
[2026-05-15T05:42:06.251+0000] {logging_mixin.py:188} INFO - [2026-05-15T05:42:06.250+0000] {dag.py:3036} INFO - Sync 1 DAGs
[2026-05-15T05:42:06.261+0000] {logging_mixin.py:188} INFO - [2026-05-15T05:42:06.261+0000] {dag.py:3823} INFO - Setting next_dagrun for hn_pipeline to 2026-05-15 05:00:00+00:00, run_after=2026-05-15 06:00:00+00:00
[2026-05-15T05:42:06.269+0000] {processor.py:183} INFO - Processing /opt/airflow/dags/hn_pipeline_dag.py took 0.053 seconds
[2026-05-15T05:42:36.521+0000] {processor.py:161} INFO - Started process (PID=244) to work on /opt/airflow/dags/hn_pipeline_dag.py
[2026-05-15T05:42:36.522+0000] {processor.py:830} INFO - Processing file /opt/airflow/dags/hn_pipeline_dag.py for tasks to queue
[2026-05-15T05:42:36.523+0000] {logging_mixin.py:188} INFO - [2026-05-15T05:42:36.523+0000] {dagbag.py:538} INFO - Filling up the DagBag from /opt/airflow/dags/hn_pipeline_dag.py
[2026-05-15T05:42:36.535+0000] {processor.py:840} INFO - DAG(s) 'hn_pipeline' retrieved from /opt/airflow/dags/hn_pipeline_dag.py
[2026-05-15T05:42:36.551+0000] {logging_mixin.py:188} INFO - [2026-05-15T05:42:36.551+0000] {dag.py:3036} INFO - Sync 1 DAGs
[2026-05-15T05:42:36.562+0000] {logging_mixin.py:188} INFO - [2026-05-15T05:42:36.562+0000] {dag.py:3823} INFO - Setting next_dagrun for hn_pipeline to 2026-05-15 05:00:00+00:00, run_after=2026-05-15 06:00:00+00:00
[2026-05-15T05:42:36.570+0000] {processor.py:183} INFO - Processing /opt/airflow/dags/hn_pipeline_dag.py took 0.052 seconds
[2026-05-15T05:43:06.822+0000] {processor.py:161} INFO - Started process (PID=255) to work on /opt/airflow/dags/hn_pipeline_dag.py
[2026-05-15T05:43:06.823+0000] {processor.py:830} INFO - Processing file /opt/airflow/dags/hn_pipeline_dag.py for tasks to queue
[2026-05-15T05:43:06.824+0000] {logging_mixin.py:188} INFO - [2026-05-15T05:43:06.824+0000] {dagbag.py:538} INFO - Filling up the DagBag from /opt/airflow/dags/hn_pipeline_dag.py
[2026-05-15T05:43:06.837+0000] {processor.py:840} INFO - DAG(s) 'hn_pipeline' retrieved from /opt/airflow/dags/hn_pipeline_dag.py
[2026-05-15T05:43:06.855+0000] {logging_mixin.py:188} INFO - [2026-05-15T05:43:06.855+0000] {dag.py:3036} INFO - Sync 1 DAGs
[2026-05-15T05:43:06.867+0000] {logging_mixin.py:188} INFO - [2026-05-15T05:43:06.867+0000] {dag.py:3823} INFO - Setting next_dagrun for hn_pipeline to 2026-05-15 05:00:00+00:00, run_after=2026-05-15 06:00:00+00:00
[2026-05-15T05:43:06.874+0000] {processor.py:183} INFO - Processing /opt/airflow/dags/hn_pipeline_dag.py took 0.056 seconds
[2026-05-15T05:43:37.014+0000] {processor.py:161} INFO - Started process (PID=260) to work on /opt/airflow/dags/hn_pipeline_dag.py
[2026-05-15T05:43:37.015+0000] {processor.py:830} INFO - Processing file /opt/airflow/dags/hn_pipeline_dag.py for tasks to queue
[2026-05-15T05:43:37.016+0000] {logging_mixin.py:188} INFO - [2026-05-15T05:43:37.015+0000] {dagbag.py:538} INFO - Filling up the DagBag from /opt/airflow/dags/hn_pipeline_dag.py
[2026-05-15T05:43:37.028+0000] {processor.py:840} INFO - DAG(s) 'hn_pipeline' retrieved from /opt/airflow/dags/hn_pipeline_dag.py
[2026-05-15T05:43:37.044+0000] {logging_mixin.py:188} INFO - [2026-05-15T05:43:37.044+0000] {dag.py:3036} INFO - Sync 1 DAGs
[2026-05-15T05:43:37.056+0000] {logging_mixin.py:188} INFO - [2026-05-15T05:43:37.056+0000] {dag.py:3823} INFO - Setting next_dagrun for hn_pipeline to 2026-05-15 05:00:00+00:00, run_after=2026-05-15 06:00:00+00:00
[2026-05-15T05:43:37.063+0000] {processor.py:183} INFO - Processing /opt/airflow/dags/hn_pipeline_dag.py took 0.053 seconds
[2026-05-15T05:44:07.301+0000] {processor.py:161} INFO - Started process (PID=265) to work on /opt/airflow/dags/hn_pipeline_dag.py
[2026-05-15T05:44:07.302+0000] {processor.py:830} INFO - Processing file /opt/airflow/dags/hn_pipeline_dag.py for tasks to queue
[2026-05-15T05:44:07.303+0000] {logging_mixin.py:188} INFO - [2026-05-15T05:44:07.303+0000] {dagbag.py:538} INFO - Filling up the DagBag from /opt/airflow/dags/hn_pipeline_dag.py
[2026-05-15T05:44:07.315+0000] {processor.py:840} INFO - DAG(s) 'hn_pipeline' retrieved from /opt/airflow/dags/hn_pipeline_dag.py
[2026-05-15T05:44:07.332+0000] {logging_mixin.py:188} INFO - [2026-05-15T05:44:07.332+0000] {dag.py:3036} INFO - Sync 1 DAGs
[2026-05-15T05:44:07.343+0000] {logging_mixin.py:188} INFO - [2026-05-15T05:44:07.343+0000] {dag.py:3823} INFO - Setting next_dagrun for hn_pipeline to 2026-05-15 05:00:00+00:00, run_after=2026-05-15 06:00:00+00:00
[2026-05-15T05:44:07.351+0000] {processor.py:183} INFO - Processing /opt/airflow/dags/hn_pipeline_dag.py took 0.054 seconds
[2026-05-15T05:44:37.510+0000] {processor.py:161} INFO - Started process (PID=270) to work on /opt/airflow/dags/hn_pipeline_dag.py
[2026-05-15T05:44:37.512+0000] {processor.py:830} INFO - Processing file /opt/airflow/dags/hn_pipeline_dag.py for tasks to queue
[2026-05-15T05:44:37.513+0000] {logging_mixin.py:188} INFO - [2026-05-15T05:44:37.512+0000] {dagbag.py:538} INFO - Filling up the DagBag from /opt/airflow/dags/hn_pipeline_dag.py
[2026-05-15T05:44:37.525+0000] {processor.py:840} INFO - DAG(s) 'hn_pipeline' retrieved from /opt/airflow/dags/hn_pipeline_dag.py
[2026-05-15T05:44:37.542+0000] {logging_mixin.py:188} INFO - [2026-05-15T05:44:37.542+0000] {dag.py:3036} INFO - Sync 1 DAGs
[2026-05-15T05:44:37.554+0000] {logging_mixin.py:188} INFO - [2026-05-15T05:44:37.554+0000] {dag.py:3823} INFO - Setting next_dagrun for hn_pipeline to 2026-05-15 05:00:00+00:00, run_after=2026-05-15 06:00:00+00:00
[2026-05-15T05:44:37.561+0000] {processor.py:183} INFO - Processing /opt/airflow/dags/hn_pipeline_dag.py took 0.054 seconds
[2026-05-15T05:45:07.805+0000] {processor.py:161} INFO - Started process (PID=275) to work on /opt/airflow/dags/hn_pipeline_dag.py
[2026-05-15T05:45:07.806+0000] {processor.py:830} INFO - Processing file /opt/airflow/dags/hn_pipeline_dag.py for tasks to queue
[2026-05-15T05:45:07.807+0000] {logging_mixin.py:188} INFO - [2026-05-15T05:45:07.807+0000] {dagbag.py:538} INFO - Filling up the DagBag from /opt/airflow/dags/hn_pipeline_dag.py
[2026-05-15T05:45:07.820+0000] {processor.py:840} INFO - DAG(s) 'hn_pipeline' retrieved from /opt/airflow/dags/hn_pipeline_dag.py
[2026-05-15T05:45:07.838+0000] {logging_mixin.py:188} INFO - [2026-05-15T05:45:07.838+0000] {dag.py:3036} INFO - Sync 1 DAGs
[2026-05-15T05:45:07.849+0000] {logging_mixin.py:188} INFO - [2026-05-15T05:45:07.849+0000] {dag.py:3823} INFO - Setting next_dagrun for hn_pipeline to 2026-05-15 05:00:00+00:00, run_after=2026-05-15 06:00:00+00:00
[2026-05-15T05:45:07.857+0000] {processor.py:183} INFO - Processing /opt/airflow/dags/hn_pipeline_dag.py took 0.055 seconds
[2026-05-15T05:45:38.181+0000] {processor.py:161} INFO - Started process (PID=280) to work on /opt/airflow/dags/hn_pipeline_dag.py
[2026-05-15T05:45:38.182+0000] {processor.py:830} INFO - Processing file /opt/airflow/dags/hn_pipeline_dag.py for tasks to queue
[2026-05-15T05:45:38.183+0000] {logging_mixin.py:188} INFO - [2026-05-15T05:45:38.183+0000] {dagbag.py:538} INFO - Filling up the DagBag from /opt/airflow/dags/hn_pipeline_dag.py
[2026-05-15T05:45:38.198+0000] {processor.py:840} INFO - DAG(s) 'hn_pipeline' retrieved from /opt/airflow/dags/hn_pipeline_dag.py
[2026-05-15T05:45:38.218+0000] {logging_mixin.py:188} INFO - [2026-05-15T05:45:38.218+0000] {dag.py:3036} INFO - Sync 1 DAGs
[2026-05-15T05:45:38.230+0000] {logging_mixin.py:188} INFO - [2026-05-15T05:45:38.230+0000] {dag.py:3823} INFO - Setting next_dagrun for hn_pipeline to 2026-05-15 05:00:00+00:00, run_after=2026-05-15 06:00:00+00:00
[2026-05-15T05:45:38.237+0000] {processor.py:183} INFO - Processing /opt/airflow/dags/hn_pipeline_dag.py took 0.060 seconds
[2026-05-15T05:46:08.433+0000] {processor.py:161} INFO - Started process (PID=285) to work on /opt/airflow/dags/hn_pipeline_dag.py
[2026-05-15T05:46:08.434+0000] {processor.py:830} INFO - Processing file /opt/airflow/dags/hn_pipeline_dag.py for tasks to queue
[2026-05-15T05:46:08.435+0000] {logging_mixin.py:188} INFO - [2026-05-15T05:46:08.435+0000] {dagbag.py:538} INFO - Filling up the DagBag from /opt/airflow/dags/hn_pipeline_dag.py
[2026-05-15T05:46:08.451+0000] {processor.py:840} INFO - DAG(s) 'hn_pipeline' retrieved from /opt/airflow/dags/hn_pipeline_dag.py
[2026-05-15T05:46:08.472+0000] {logging_mixin.py:188} INFO - [2026-05-15T05:46:08.472+0000] {dag.py:3036} INFO - Sync 1 DAGs
[2026-05-15T05:46:08.484+0000] {logging_mixin.py:188} INFO - [2026-05-15T05:46:08.484+0000] {dag.py:3823} INFO - Setting next_dagrun for hn_pipeline to 2026-05-15 05:00:00+00:00, run_after=2026-05-15 06:00:00+00:00
[2026-05-15T05:46:08.491+0000] {processor.py:183} INFO - Processing /opt/airflow/dags/hn_pipeline_dag.py took 0.063 seconds
[2026-05-15T05:46:38.703+0000] {processor.py:161} INFO - Started process (PID=290) to work on /opt/airflow/dags/hn_pipeline_dag.py
[2026-05-15T05:46:38.704+0000] {processor.py:830} INFO - Processing file /opt/airflow/dags/hn_pipeline_dag.py for tasks to queue
[2026-05-15T05:46:38.705+0000] {logging_mixin.py:188} INFO - [2026-05-15T05:46:38.705+0000] {dagbag.py:538} INFO - Filling up the DagBag from /opt/airflow/dags/hn_pipeline_dag.py
[2026-05-15T05:46:38.720+0000] {processor.py:840} INFO - DAG(s) 'hn_pipeline' retrieved from /opt/airflow/dags/hn_pipeline_dag.py
[2026-05-15T05:46:38.742+0000] {logging_mixin.py:188} INFO - [2026-05-15T05:46:38.742+0000] {dag.py:3036} INFO - Sync 1 DAGs
[2026-05-15T05:46:38.754+0000] {logging_mixin.py:188} INFO - [2026-05-15T05:46:38.754+0000] {dag.py:3823} INFO - Setting next_dagrun for hn_pipeline to 2026-05-15 05:00:00+00:00, run_after=2026-05-15 06:00:00+00:00
[2026-05-15T05:46:38.761+0000] {processor.py:183} INFO - Processing /opt/airflow/dags/hn_pipeline_dag.py took 0.063 seconds
[2026-05-15T05:47:09.046+0000] {processor.py:161} INFO - Started process (PID=295) to work on /opt/airflow/dags/hn_pipeline_dag.py
[2026-05-15T05:47:09.047+0000] {processor.py:830} INFO - Processing file /opt/airflow/dags/hn_pipeline_dag.py for tasks to queue
[2026-05-15T05:47:09.047+0000] {logging_mixin.py:188} INFO - [2026-05-15T05:47:09.047+0000] {dagbag.py:538} INFO - Filling up the DagBag from /opt/airflow/dags/hn_pipeline_dag.py
[2026-05-15T05:47:09.060+0000] {processor.py:840} INFO - DAG(s) 'hn_pipeline' retrieved from /opt/airflow/dags/hn_pipeline_dag.py
[2026-05-15T05:47:09.080+0000] {logging_mixin.py:188} INFO - [2026-05-15T05:47:09.080+0000] {dag.py:3036} INFO - Sync 1 DAGs
[2026-05-15T05:47:09.093+0000] {logging_mixin.py:188} INFO - [2026-05-15T05:47:09.093+0000] {dag.py:3823} INFO - Setting next_dagrun for hn_pipeline to 2026-05-15 05:00:00+00:00, run_after=2026-05-15 06:00:00+00:00
[2026-05-15T05:47:09.101+0000] {processor.py:183} INFO - Processing /opt/airflow/dags/hn_pipeline_dag.py took 0.059 seconds
[2026-05-15T05:47:39.361+0000] {processor.py:161} INFO - Started process (PID=300) to work on /opt/airflow/dags/hn_pipeline_dag.py
[2026-05-15T05:47:39.362+0000] {processor.py:830} INFO - Processing file /opt/airflow/dags/hn_pipeline_dag.py for tasks to queue
[2026-05-15T05:47:39.363+0000] {logging_mixin.py:188} INFO - [2026-05-15T05:47:39.363+0000] {dagbag.py:538} INFO - Filling up the DagBag from /opt/airflow/dags/hn_pipeline_dag.py
[2026-05-15T05:47:39.372+0000] {processor.py:840} INFO - DAG(s) 'hn_pipeline' retrieved from /opt/airflow/dags/hn_pipeline_dag.py
[2026-05-15T05:47:39.393+0000] {logging_mixin.py:188} INFO - [2026-05-15T05:47:39.393+0000] {dag.py:3036} INFO - Sync 1 DAGs
[2026-05-15T05:47:39.406+0000] {logging_mixin.py:188} INFO - [2026-05-15T05:47:39.406+0000] {dag.py:3823} INFO - Setting next_dagrun for hn_pipeline to 2026-05-15 05:00:00+00:00, run_after=2026-05-15 06:00:00+00:00
[2026-05-15T05:47:39.415+0000] {processor.py:183} INFO - Processing /opt/airflow/dags/hn_pipeline_dag.py took 0.056 seconds
[2026-05-15T05:48:09.725+0000] {processor.py:161} INFO - Started process (PID=311) to work on /opt/airflow/dags/hn_pipeline_dag.py
[2026-05-15T05:48:09.727+0000] {processor.py:830} INFO - Processing file /opt/airflow/dags/hn_pipeline_dag.py for tasks to queue
[2026-05-15T05:48:09.728+0000] {logging_mixin.py:188} INFO - [2026-05-15T05:48:09.727+0000] {dagbag.py:538} INFO - Filling up the DagBag from /opt/airflow/dags/hn_pipeline_dag.py
[2026-05-15T05:48:09.745+0000] {processor.py:840} INFO - DAG(s) 'hn_pipeline' retrieved from /opt/airflow/dags/hn_pipeline_dag.py
[2026-05-15T05:48:09.763+0000] {logging_mixin.py:188} INFO - [2026-05-15T05:48:09.763+0000] {dag.py:3036} INFO - Sync 1 DAGs
[2026-05-15T05:48:09.775+0000] {logging_mixin.py:188} INFO - [2026-05-15T05:48:09.775+0000] {dag.py:3823} INFO - Setting next_dagrun for hn_pipeline to 2026-05-15 05:00:00+00:00, run_after=2026-05-15 06:00:00+00:00
[2026-05-15T05:48:09.782+0000] {processor.py:183} INFO - Processing /opt/airflow/dags/hn_pipeline_dag.py took 0.061 seconds
[2026-05-15T05:48:40.050+0000] {processor.py:161} INFO - Started process (PID=316) to work on /opt/airflow/dags/hn_pipeline_dag.py
[2026-05-15T05:48:40.051+0000] {processor.py:830} INFO - Processing file /opt/airflow/dags/hn_pipeline_dag.py for tasks to queue
[2026-05-15T05:48:40.051+0000] {logging_mixin.py:188} INFO - [2026-05-15T05:48:40.051+0000] {dagbag.py:538} INFO - Filling up the DagBag from /opt/airflow/dags/hn_pipeline_dag.py
[2026-05-15T05:48:40.059+0000] {processor.py:840} INFO - DAG(s) 'hn_pipeline' retrieved from /opt/airflow/dags/hn_pipeline_dag.py
[2026-05-15T05:48:40.072+0000] {logging_mixin.py:188} INFO - [2026-05-15T05:48:40.072+0000] {dag.py:3036} INFO - Sync 1 DAGs
[2026-05-15T05:48:40.082+0000] {logging_mixin.py:188} INFO - [2026-05-15T05:48:40.082+0000] {dag.py:3823} INFO - Setting next_dagrun for hn_pipeline to 2026-05-15 05:00:00+00:00, run_after=2026-05-15 06:00:00+00:00
[2026-05-15T05:48:40.090+0000] {processor.py:183} INFO - Processing /opt/airflow/dags/hn_pipeline_dag.py took 0.042 seconds
[2026-05-15T05:49:10.418+0000] {processor.py:161} INFO - Started process (PID=321) to work on /opt/airflow/dags/hn_pipeline_dag.py
[2026-05-15T05:49:10.420+0000] {processor.py:830} INFO - Processing file /opt/airflow/dags/hn_pipeline_dag.py for tasks to queue
[2026-05-15T05:49:10.421+0000] {logging_mixin.py:188} INFO - [2026-05-15T05:49:10.420+0000] {dagbag.py:538} INFO - Filling up the DagBag from /opt/airflow/dags/hn_pipeline_dag.py
[2026-05-15T05:49:10.433+0000] {processor.py:840} INFO - DAG(s) 'hn_pipeline' retrieved from /opt/airflow/dags/hn_pipeline_dag.py
[2026-05-15T05:49:10.447+0000] {logging_mixin.py:188} INFO - [2026-05-15T05:49:10.446+0000] {dag.py:3036} INFO - Sync 1 DAGs
[2026-05-15T05:49:10.459+0000] {logging_mixin.py:188} INFO - [2026-05-15T05:49:10.459+0000] {dag.py:3823} INFO - Setting next_dagrun for hn_pipeline to 2026-05-15 05:00:00+00:00, run_after=2026-05-15 06:00:00+00:00
[2026-05-15T05:49:10.467+0000] {processor.py:183} INFO - Processing /opt/airflow/dags/hn_pipeline_dag.py took 0.053 seconds
[2026-05-15T05:49:40.783+0000] {processor.py:161} INFO - Started process (PID=326) to work on /opt/airflow/dags/hn_pipeline_dag.py
[2026-05-15T05:49:40.784+0000] {processor.py:830} INFO - Processing file /opt/airflow/dags/hn_pipeline_dag.py for tasks to queue
[2026-05-15T05:49:40.785+0000] {logging_mixin.py:188} INFO - [2026-05-15T05:49:40.785+0000] {dagbag.py:538} INFO - Filling up the DagBag from /opt/airflow/dags/hn_pipeline_dag.py
[2026-05-15T05:49:40.800+0000] {processor.py:840} INFO - DAG(s) 'hn_pipeline' retrieved from /opt/airflow/dags/hn_pipeline_dag.py
[2026-05-15T05:49:40.821+0000] {logging_mixin.py:188} INFO - [2026-05-15T05:49:40.821+0000] {dag.py:3036} INFO - Sync 1 DAGs
[2026-05-15T05:49:40.840+0000] {logging_mixin.py:188} INFO - [2026-05-15T05:49:40.840+0000] {dag.py:3823} INFO - Setting next_dagrun for hn_pipeline to 2026-05-15 05:00:00+00:00, run_after=2026-05-15 06:00:00+00:00
[2026-05-15T05:49:40.848+0000] {processor.py:183} INFO - Processing /opt/airflow/dags/hn_pipeline_dag.py took 0.070 seconds
[2026-05-15T05:50:11.147+0000] {processor.py:161} INFO - Started process (PID=331) to work on /opt/airflow/dags/hn_pipeline_dag.py
[2026-05-15T05:50:11.148+0000] {processor.py:830} INFO - Processing file /opt/airflow/dags/hn_pipeline_dag.py for tasks to queue
[2026-05-15T05:50:11.150+0000] {logging_mixin.py:188} INFO - [2026-05-15T05:50:11.149+0000] {dagbag.py:538} INFO - Filling up the DagBag from /opt/airflow/dags/hn_pipeline_dag.py
[2026-05-15T05:50:11.165+0000] {processor.py:840} INFO - DAG(s) 'hn_pipeline' retrieved from /opt/airflow/dags/hn_pipeline_dag.py
[2026-05-15T05:50:11.185+0000] {logging_mixin.py:188} INFO - [2026-05-15T05:50:11.185+0000] {dag.py:3036} INFO - Sync 1 DAGs
[2026-05-15T05:50:11.197+0000] {logging_mixin.py:188} INFO - [2026-05-15T05:50:11.197+0000] {dag.py:3823} INFO - Setting next_dagrun for hn_pipeline to 2026-05-15 05:00:00+00:00, run_after=2026-05-15 06:00:00+00:00
[2026-05-15T05:50:11.204+0000] {processor.py:183} INFO - Processing /opt/airflow/dags/hn_pipeline_dag.py took 0.061 seconds
[2026-05-15T05:50:41.511+0000] {processor.py:161} INFO - Started process (PID=336) to work on /opt/airflow/dags/hn_pipeline_dag.py
[2026-05-15T05:50:41.512+0000] {processor.py:830} INFO - Processing file /opt/airflow/dags/hn_pipeline_dag.py for tasks to queue
[2026-05-15T05:50:41.513+0000] {logging_mixin.py:188} INFO - [2026-05-15T05:50:41.512+0000] {dagbag.py:538} INFO - Filling up the DagBag from /opt/airflow/dags/hn_pipeline_dag.py
[2026-05-15T05:50:41.528+0000] {processor.py:840} INFO - DAG(s) 'hn_pipeline' retrieved from /opt/airflow/dags/hn_pipeline_dag.py
[2026-05-15T05:50:41.548+0000] {logging_mixin.py:188} INFO - [2026-05-15T05:50:41.548+0000] {dag.py:3036} INFO - Sync 1 DAGs
[2026-05-15T05:50:41.559+0000] {logging_mixin.py:188} INFO - [2026-05-15T05:50:41.559+0000] {dag.py:3823} INFO - Setting next_dagrun for hn_pipeline to 2026-05-15 05:00:00+00:00, run_after=2026-05-15 06:00:00+00:00
[2026-05-15T05:50:41.567+0000] {processor.py:183} INFO - Processing /opt/airflow/dags/hn_pipeline_dag.py took 0.061 seconds
[2026-05-15T05:51:11.863+0000] {processor.py:161} INFO - Started process (PID=341) to work on /opt/airflow/dags/hn_pipeline_dag.py
[2026-05-15T05:51:11.864+0000] {processor.py:830} INFO - Processing file /opt/airflow/dags/hn_pipeline_dag.py for tasks to queue
[2026-05-15T05:51:11.865+0000] {logging_mixin.py:188} INFO - [2026-05-15T05:51:11.865+0000] {dagbag.py:538} INFO - Filling up the DagBag from /opt/airflow/dags/hn_pipeline_dag.py
[2026-05-15T05:51:11.880+0000] {processor.py:840} INFO - DAG(s) 'hn_pipeline' retrieved from /opt/airflow/dags/hn_pipeline_dag.py
[2026-05-15T05:51:11.898+0000] {logging_mixin.py:188} INFO - [2026-05-15T05:51:11.898+0000] {dag.py:3036} INFO - Sync 1 DAGs
[2026-05-15T05:51:11.910+0000] {logging_mixin.py:188} INFO - [2026-05-15T05:51:11.909+0000] {dag.py:3823} INFO - Setting next_dagrun for hn_pipeline to 2026-05-15 05:00:00+00:00, run_after=2026-05-15 06:00:00+00:00
[2026-05-15T05:51:11.916+0000] {processor.py:183} INFO - Processing /opt/airflow/dags/hn_pipeline_dag.py took 0.057 seconds
[2026-05-15T05:51:42.190+0000] {processor.py:161} INFO - Started process (PID=346) to work on /opt/airflow/dags/hn_pipeline_dag.py
[2026-05-15T05:51:42.192+0000] {processor.py:830} INFO - Processing file /opt/airflow/dags/hn_pipeline_dag.py for tasks to queue
[2026-05-15T05:51:42.193+0000] {logging_mixin.py:188} INFO - [2026-05-15T05:51:42.192+0000] {dagbag.py:538} INFO - Filling up the DagBag from /opt/airflow/dags/hn_pipeline_dag.py
[2026-05-15T05:51:42.207+0000] {processor.py:840} INFO - DAG(s) 'hn_pipeline' retrieved from /opt/airflow/dags/hn_pipeline_dag.py
[2026-05-15T05:51:42.227+0000] {logging_mixin.py:188} INFO - [2026-05-15T05:51:42.227+0000] {dag.py:3036} INFO - Sync 1 DAGs
[2026-05-15T05:51:42.238+0000] {logging_mixin.py:188} INFO - [2026-05-15T05:51:42.238+0000] {dag.py:3823} INFO - Setting next_dagrun for hn_pipeline to 2026-05-15 05:00:00+00:00, run_after=2026-05-15 06:00:00+00:00
[2026-05-15T05:51:42.245+0000] {processor.py:183} INFO - Processing /opt/airflow/dags/hn_pipeline_dag.py took 0.059 seconds
[2026-05-15T05:52:12.411+0000] {processor.py:161} INFO - Started process (PID=351) to work on /opt/airflow/dags/hn_pipeline_dag.py
[2026-05-15T05:52:12.412+0000] {processor.py:830} INFO - Processing file /opt/airflow/dags/hn_pipeline_dag.py for tasks to queue
[2026-05-15T05:52:12.413+0000] {logging_mixin.py:188} INFO - [2026-05-15T05:52:12.413+0000] {dagbag.py:538} INFO - Filling up the DagBag from /opt/airflow/dags/hn_pipeline_dag.py
[2026-05-15T05:52:12.428+0000] {processor.py:840} INFO - DAG(s) 'hn_pipeline' retrieved from /opt/airflow/dags/hn_pipeline_dag.py
[2026-05-15T05:52:12.447+0000] {logging_mixin.py:188} INFO - [2026-05-15T05:52:12.447+0000] {dag.py:3036} INFO - Sync 1 DAGs
[2026-05-15T05:52:12.461+0000] {logging_mixin.py:188} INFO - [2026-05-15T05:52:12.461+0000] {dag.py:3823} INFO - Setting next_dagrun for hn_pipeline to 2026-05-15 05:00:00+00:00, run_after=2026-05-15 06:00:00+00:00
[2026-05-15T05:52:12.469+0000] {processor.py:183} INFO - Processing /opt/airflow/dags/hn_pipeline_dag.py took 0.063 seconds
[2026-05-15T05:52:42.679+0000] {processor.py:161} INFO - Started process (PID=356) to work on /opt/airflow/dags/hn_pipeline_dag.py
[2026-05-15T05:52:42.680+0000] {processor.py:830} INFO - Processing file /opt/airflow/dags/hn_pipeline_dag.py for tasks to queue
[2026-05-15T05:52:42.681+0000] {logging_mixin.py:188} INFO - [2026-05-15T05:52:42.680+0000] {dagbag.py:538} INFO - Filling up the DagBag from /opt/airflow/dags/hn_pipeline_dag.py
[2026-05-15T05:52:42.693+0000] {processor.py:840} INFO - DAG(s) 'hn_pipeline' retrieved from /opt/airflow/dags/hn_pipeline_dag.py
[2026-05-15T05:52:42.711+0000] {logging_mixin.py:188} INFO - [2026-05-15T05:52:42.711+0000] {dag.py:3036} INFO - Sync 1 DAGs
[2026-05-15T05:52:42.723+0000] {logging_mixin.py:188} INFO - [2026-05-15T05:52:42.722+0000] {dag.py:3823} INFO - Setting next_dagrun for hn_pipeline to 2026-05-15 05:00:00+00:00, run_after=2026-05-15 06:00:00+00:00
[2026-05-15T05:52:42.730+0000] {processor.py:183} INFO - Processing /opt/airflow/dags/hn_pipeline_dag.py took 0.055 seconds
[2026-05-15T05:53:12.953+0000] {processor.py:161} INFO - Started process (PID=361) to work on /opt/airflow/dags/hn_pipeline_dag.py
[2026-05-15T05:53:12.955+0000] {processor.py:830} INFO - Processing file /opt/airflow/dags/hn_pipeline_dag.py for tasks to queue
[2026-05-15T05:53:12.955+0000] {logging_mixin.py:188} INFO - [2026-05-15T05:53:12.955+0000] {dagbag.py:538} INFO - Filling up the DagBag from /opt/airflow/dags/hn_pipeline_dag.py
[2026-05-15T05:53:12.970+0000] {processor.py:840} INFO - DAG(s) 'hn_pipeline' retrieved from /opt/airflow/dags/hn_pipeline_dag.py
[2026-05-15T05:53:12.993+0000] {logging_mixin.py:188} INFO - [2026-05-15T05:53:12.993+0000] {dag.py:3036} INFO - Sync 1 DAGs
[2026-05-15T05:53:13.008+0000] {logging_mixin.py:188} INFO - [2026-05-15T05:53:13.007+0000] {dag.py:3823} INFO - Setting next_dagrun for hn_pipeline to 2026-05-15 05:00:00+00:00, run_after=2026-05-15 06:00:00+00:00
[2026-05-15T05:53:13.016+0000] {processor.py:183} INFO - Processing /opt/airflow/dags/hn_pipeline_dag.py took 0.066 seconds
[2026-05-15T05:53:43.217+0000] {processor.py:161} INFO - Started process (PID=366) to work on /opt/airflow/dags/hn_pipeline_dag.py
[2026-05-15T05:53:43.218+0000] {processor.py:830} INFO - Processing file /opt/airflow/dags/hn_pipeline_dag.py for tasks to queue
[2026-05-15T05:53:43.219+0000] {logging_mixin.py:188} INFO - [2026-05-15T05:53:43.219+0000] {dagbag.py:538} INFO - Filling up the DagBag from /opt/airflow/dags/hn_pipeline_dag.py
[2026-05-15T05:53:43.231+0000] {processor.py:840} INFO - DAG(s) 'hn_pipeline' retrieved from /opt/airflow/dags/hn_pipeline_dag.py
[2026-05-15T05:53:43.249+0000] {logging_mixin.py:188} INFO - [2026-05-15T05:53:43.248+0000] {dag.py:3036} INFO - Sync 1 DAGs
[2026-05-15T05:53:43.259+0000] {logging_mixin.py:188} INFO - [2026-05-15T05:53:43.259+0000] {dag.py:3823} INFO - Setting next_dagrun for hn_pipeline to 2026-05-15 05:00:00+00:00, run_after=2026-05-15 06:00:00+00:00
[2026-05-15T05:53:43.267+0000] {processor.py:183} INFO - Processing /opt/airflow/dags/hn_pipeline_dag.py took 0.053 seconds
[2026-05-15T05:54:13.395+0000] {processor.py:161} INFO - Started process (PID=377) to work on /opt/airflow/dags/hn_pipeline_dag.py
[2026-05-15T05:54:13.396+0000] {processor.py:830} INFO - Processing file /opt/airflow/dags/hn_pipeline_dag.py for tasks to queue
[2026-05-15T05:54:13.397+0000] {logging_mixin.py:188} INFO - [2026-05-15T05:54:13.397+0000] {dagbag.py:538} INFO - Filling up the DagBag from /opt/airflow/dags/hn_pipeline_dag.py
[2026-05-15T05:54:13.409+0000] {processor.py:840} INFO - DAG(s) 'hn_pipeline' retrieved from /opt/airflow/dags/hn_pipeline_dag.py
[2026-05-15T05:54:13.426+0000] {logging_mixin.py:188} INFO - [2026-05-15T05:54:13.426+0000] {dag.py:3036} INFO - Sync 1 DAGs
[2026-05-15T05:54:13.438+0000] {logging_mixin.py:188} INFO - [2026-05-15T05:54:13.438+0000] {dag.py:3823} INFO - Setting next_dagrun for hn_pipeline to 2026-05-15 05:00:00+00:00, run_after=2026-05-15 06:00:00+00:00
[2026-05-15T05:54:13.446+0000] {processor.py:183} INFO - Processing /opt/airflow/dags/hn_pipeline_dag.py took 0.054 seconds
[2026-05-15T05:54:43.665+0000] {processor.py:161} INFO - Started process (PID=382) to work on /opt/airflow/dags/hn_pipeline_dag.py
[2026-05-15T05:54:43.666+0000] {processor.py:830} INFO - Processing file /opt/airflow/dags/hn_pipeline_dag.py for tasks to queue
[2026-05-15T05:54:43.667+0000] {logging_mixin.py:188} INFO - [2026-05-15T05:54:43.667+0000] {dagbag.py:538} INFO - Filling up the DagBag from /opt/airflow/dags/hn_pipeline_dag.py
[2026-05-15T05:54:43.679+0000] {processor.py:840} INFO - DAG(s) 'hn_pipeline' retrieved from /opt/airflow/dags/hn_pipeline_dag.py
[2026-05-15T05:54:43.696+0000] {logging_mixin.py:188} INFO - [2026-05-15T05:54:43.696+0000] {dag.py:3036} INFO - Sync 1 DAGs
[2026-05-15T05:54:43.707+0000] {logging_mixin.py:188} INFO - [2026-05-15T05:54:43.707+0000] {dag.py:3823} INFO - Setting next_dagrun for hn_pipeline to 2026-05-15 05:00:00+00:00, run_after=2026-05-15 06:00:00+00:00
[2026-05-15T05:54:43.715+0000] {processor.py:183} INFO - Processing /opt/airflow/dags/hn_pipeline_dag.py took 0.053 seconds
[2026-05-15T05:55:13.983+0000] {processor.py:161} INFO - Started process (PID=387) to work on /opt/airflow/dags/hn_pipeline_dag.py
[2026-05-15T05:55:13.984+0000] {processor.py:830} INFO - Processing file /opt/airflow/dags/hn_pipeline_dag.py for tasks to queue
[2026-05-15T05:55:13.985+0000] {logging_mixin.py:188} INFO - [2026-05-15T05:55:13.985+0000] {dagbag.py:538} INFO - Filling up the DagBag from /opt/airflow/dags/hn_pipeline_dag.py
[2026-05-15T05:55:13.998+0000] {processor.py:840} INFO - DAG(s) 'hn_pipeline' retrieved from /opt/airflow/dags/hn_pipeline_dag.py
[2026-05-15T05:55:14.016+0000] {logging_mixin.py:188} INFO - [2026-05-15T05:55:14.016+0000] {dag.py:3036} INFO - Sync 1 DAGs
[2026-05-15T05:55:14.028+0000] {logging_mixin.py:188} INFO - [2026-05-15T05:55:14.028+0000] {dag.py:3823} INFO - Setting next_dagrun for hn_pipeline to 2026-05-15 05:00:00+00:00, run_after=2026-05-15 06:00:00+00:00
[2026-05-15T05:55:14.035+0000] {processor.py:183} INFO - Processing /opt/airflow/dags/hn_pipeline_dag.py took 0.056 seconds
[2026-05-15T05:55:44.151+0000] {processor.py:161} INFO - Started process (PID=392) to work on /opt/airflow/dags/hn_pipeline_dag.py
[2026-05-15T05:55:44.152+0000] {processor.py:830} INFO - Processing file /opt/airflow/dags/hn_pipeline_dag.py for tasks to queue
[2026-05-15T05:55:44.153+0000] {logging_mixin.py:188} INFO - [2026-05-15T05:55:44.152+0000] {dagbag.py:538} INFO - Filling up the DagBag from /opt/airflow/dags/hn_pipeline_dag.py
[2026-05-15T05:55:44.165+0000] {processor.py:840} INFO - DAG(s) 'hn_pipeline' retrieved from /opt/airflow/dags/hn_pipeline_dag.py
[2026-05-15T05:55:44.182+0000] {logging_mixin.py:188} INFO - [2026-05-15T05:55:44.182+0000] {dag.py:3036} INFO - Sync 1 DAGs
[2026-05-15T05:55:44.193+0000] {logging_mixin.py:188} INFO - [2026-05-15T05:55:44.193+0000] {dag.py:3823} INFO - Setting next_dagrun for hn_pipeline to 2026-05-15 05:00:00+00:00, run_after=2026-05-15 06:00:00+00:00
[2026-05-15T05:55:44.203+0000] {processor.py:183} INFO - Processing /opt/airflow/dags/hn_pipeline_dag.py took 0.056 seconds
[2026-05-15T05:56:14.438+0000] {processor.py:161} INFO - Started process (PID=397) to work on /opt/airflow/dags/hn_pipeline_dag.py
[2026-05-15T05:56:14.439+0000] {processor.py:830} INFO - Processing file /opt/airflow/dags/hn_pipeline_dag.py for tasks to queue
[2026-05-15T05:56:14.440+0000] {logging_mixin.py:188} INFO - [2026-05-15T05:56:14.440+0000] {dagbag.py:538} INFO - Filling up the DagBag from /opt/airflow/dags/hn_pipeline_dag.py
[2026-05-15T05:56:14.453+0000] {processor.py:840} INFO - DAG(s) 'hn_pipeline' retrieved from /opt/airflow/dags/hn_pipeline_dag.py
[2026-05-15T05:56:14.470+0000] {logging_mixin.py:188} INFO - [2026-05-15T05:56:14.470+0000] {dag.py:3036} INFO - Sync 1 DAGs
[2026-05-15T05:56:14.481+0000] {logging_mixin.py:188} INFO - [2026-05-15T05:56:14.481+0000] {dag.py:3823} INFO - Setting next_dagrun for hn_pipeline to 2026-05-15 05:00:00+00:00, run_after=2026-05-15 06:00:00+00:00
[2026-05-15T05:56:14.490+0000] {processor.py:183} INFO - Processing /opt/airflow/dags/hn_pipeline_dag.py took 0.055 seconds
[2026-05-15T05:56:44.703+0000] {processor.py:161} INFO - Started process (PID=402) to work on /opt/airflow/dags/hn_pipeline_dag.py
[2026-05-15T05:56:44.704+0000] {processor.py:830} INFO - Processing file /opt/airflow/dags/hn_pipeline_dag.py for tasks to queue
[2026-05-15T05:56:44.705+0000] {logging_mixin.py:188} INFO - [2026-05-15T05:56:44.705+0000] {dagbag.py:538} INFO - Filling up the DagBag from /opt/airflow/dags/hn_pipeline_dag.py
[2026-05-15T05:56:44.718+0000] {processor.py:840} INFO - DAG(s) 'hn_pipeline' retrieved from /opt/airflow/dags/hn_pipeline_dag.py
[2026-05-15T05:56:44.736+0000] {logging_mixin.py:188} INFO - [2026-05-15T05:56:44.736+0000] {dag.py:3036} INFO - Sync 1 DAGs
[2026-05-15T05:56:44.747+0000] {logging_mixin.py:188} INFO - [2026-05-15T05:56:44.747+0000] {dag.py:3823} INFO - Setting next_dagrun for hn_pipeline to 2026-05-15 05:00:00+00:00, run_after=2026-05-15 06:00:00+00:00
[2026-05-15T05:56:44.756+0000] {processor.py:183} INFO - Processing /opt/airflow/dags/hn_pipeline_dag.py took 0.057 seconds
[2026-05-15T05:57:14.885+0000] {processor.py:161} INFO - Started process (PID=407) to work on /opt/airflow/dags/hn_pipeline_dag.py
[2026-05-15T05:57:14.886+0000] {processor.py:830} INFO - Processing file /opt/airflow/dags/hn_pipeline_dag.py for tasks to queue
[2026-05-15T05:57:14.887+0000] {logging_mixin.py:188} INFO - [2026-05-15T05:57:14.886+0000] {dagbag.py:538} INFO - Filling up the DagBag from /opt/airflow/dags/hn_pipeline_dag.py
[2026-05-15T05:57:14.900+0000] {processor.py:840} INFO - DAG(s) 'hn_pipeline' retrieved from /opt/airflow/dags/hn_pipeline_dag.py
[2026-05-15T05:57:14.917+0000] {logging_mixin.py:188} INFO - [2026-05-15T05:57:14.917+0000] {dag.py:3036} INFO - Sync 1 DAGs
[2026-05-15T05:57:14.928+0000] {logging_mixin.py:188} INFO - [2026-05-15T05:57:14.928+0000] {dag.py:3823} INFO - Setting next_dagrun for hn_pipeline to 2026-05-15 05:00:00+00:00, run_after=2026-05-15 06:00:00+00:00
[2026-05-15T05:57:14.936+0000] {processor.py:183} INFO - Processing /opt/airflow/dags/hn_pipeline_dag.py took 0.055 seconds
[2026-05-15T05:57:45.182+0000] {processor.py:161} INFO - Started process (PID=412) to work on /opt/airflow/dags/hn_pipeline_dag.py
[2026-05-15T05:57:45.183+0000] {processor.py:830} INFO - Processing file /opt/airflow/dags/hn_pipeline_dag.py for tasks to queue
[2026-05-15T05:57:45.184+0000] {logging_mixin.py:188} INFO - [2026-05-15T05:57:45.183+0000] {dagbag.py:538} INFO - Filling up the DagBag from /opt/airflow/dags/hn_pipeline_dag.py
[2026-05-15T05:57:45.198+0000] {processor.py:840} INFO - DAG(s) 'hn_pipeline' retrieved from /opt/airflow/dags/hn_pipeline_dag.py
[2026-05-15T05:57:45.218+0000] {logging_mixin.py:188} INFO - [2026-05-15T05:57:45.218+0000] {dag.py:3036} INFO - Sync 1 DAGs
[2026-05-15T05:57:45.229+0000] {logging_mixin.py:188} INFO - [2026-05-15T05:57:45.229+0000] {dag.py:3823} INFO - Setting next_dagrun for hn_pipeline to 2026-05-15 05:00:00+00:00, run_after=2026-05-15 06:00:00+00:00
[2026-05-15T05:57:45.237+0000] {processor.py:183} INFO - Processing /opt/airflow/dags/hn_pipeline_dag.py took 0.059 seconds
[2026-05-15T05:58:15.485+0000] {processor.py:161} INFO - Started process (PID=417) to work on /opt/airflow/dags/hn_pipeline_dag.py
[2026-05-15T05:58:15.486+0000] {processor.py:830} INFO - Processing file /opt/airflow/dags/hn_pipeline_dag.py for tasks to queue
[2026-05-15T05:58:15.487+0000] {logging_mixin.py:188} INFO - [2026-05-15T05:58:15.486+0000] {dagbag.py:538} INFO - Filling up the DagBag from /opt/airflow/dags/hn_pipeline_dag.py
[2026-05-15T05:58:15.498+0000] {processor.py:840} INFO - DAG(s) 'hn_pipeline' retrieved from /opt/airflow/dags/hn_pipeline_dag.py
[2026-05-15T05:58:15.515+0000] {logging_mixin.py:188} INFO - [2026-05-15T05:58:15.515+0000] {dag.py:3036} INFO - Sync 1 DAGs
[2026-05-15T05:58:15.526+0000] {logging_mixin.py:188} INFO - [2026-05-15T05:58:15.526+0000] {dag.py:3823} INFO - Setting next_dagrun for hn_pipeline to 2026-05-15 05:00:00+00:00, run_after=2026-05-15 06:00:00+00:00
[2026-05-15T05:58:15.534+0000] {processor.py:183} INFO - Processing /opt/airflow/dags/hn_pipeline_dag.py took 0.052 seconds
[2026-05-15T05:58:45.709+0000] {processor.py:161} INFO - Started process (PID=422) to work on /opt/airflow/dags/hn_pipeline_dag.py
[2026-05-15T05:58:45.710+0000] {processor.py:830} INFO - Processing file /opt/airflow/dags/hn_pipeline_dag.py for tasks to queue
[2026-05-15T05:58:45.711+0000] {logging_mixin.py:188} INFO - [2026-05-15T05:58:45.711+0000] {dagbag.py:538} INFO - Filling up the DagBag from /opt/airflow/dags/hn_pipeline_dag.py
[2026-05-15T05:58:45.725+0000] {processor.py:840} INFO - DAG(s) 'hn_pipeline' retrieved from /opt/airflow/dags/hn_pipeline_dag.py
[2026-05-15T05:58:45.745+0000] {logging_mixin.py:188} INFO - [2026-05-15T05:58:45.745+0000] {dag.py:3036} INFO - Sync 1 DAGs
[2026-05-15T05:58:45.757+0000] {logging_mixin.py:188} INFO - [2026-05-15T05:58:45.756+0000] {dag.py:3823} INFO - Setting next_dagrun for hn_pipeline to 2026-05-15 05:00:00+00:00, run_after=2026-05-15 06:00:00+00:00
[2026-05-15T05:58:45.764+0000] {processor.py:183} INFO - Processing /opt/airflow/dags/hn_pipeline_dag.py took 0.059 seconds
[2026-05-15T05:59:16.044+0000] {processor.py:161} INFO - Started process (PID=433) to work on /opt/airflow/dags/hn_pipeline_dag.py
[2026-05-15T05:59:16.046+0000] {processor.py:830} INFO - Processing file /opt/airflow/dags/hn_pipeline_dag.py for tasks to queue
[2026-05-15T05:59:16.047+0000] {logging_mixin.py:188} INFO - [2026-05-15T05:59:16.046+0000] {dagbag.py:538} INFO - Filling up the DagBag from /opt/airflow/dags/hn_pipeline_dag.py
[2026-05-15T05:59:16.060+0000] {processor.py:840} INFO - DAG(s) 'hn_pipeline' retrieved from /opt/airflow/dags/hn_pipeline_dag.py
[2026-05-15T05:59:16.080+0000] {logging_mixin.py:188} INFO - [2026-05-15T05:59:16.079+0000] {dag.py:3036} INFO - Sync 1 DAGs
[2026-05-15T05:59:16.092+0000] {logging_mixin.py:188} INFO - [2026-05-15T05:59:16.092+0000] {dag.py:3823} INFO - Setting next_dagrun for hn_pipeline to 2026-05-15 05:00:00+00:00, run_after=2026-05-15 06:00:00+00:00
[2026-05-15T05:59:16.100+0000] {processor.py:183} INFO - Processing /opt/airflow/dags/hn_pipeline_dag.py took 0.060 seconds
[2026-05-15T05:59:46.334+0000] {processor.py:161} INFO - Started process (PID=438) to work on /opt/airflow/dags/hn_pipeline_dag.py
[2026-05-15T05:59:46.335+0000] {processor.py:830} INFO - Processing file /opt/airflow/dags/hn_pipeline_dag.py for tasks to queue
[2026-05-15T05:59:46.336+0000] {logging_mixin.py:188} INFO - [2026-05-15T05:59:46.336+0000] {dagbag.py:538} INFO - Filling up the DagBag from /opt/airflow/dags/hn_pipeline_dag.py
[2026-05-15T05:59:46.348+0000] {processor.py:840} INFO - DAG(s) 'hn_pipeline' retrieved from /opt/airflow/dags/hn_pipeline_dag.py
[2026-05-15T05:59:46.365+0000] {logging_mixin.py:188} INFO - [2026-05-15T05:59:46.364+0000] {dag.py:3036} INFO - Sync 1 DAGs
[2026-05-15T05:59:46.375+0000] {logging_mixin.py:188} INFO - [2026-05-15T05:59:46.375+0000] {dag.py:3823} INFO - Setting next_dagrun for hn_pipeline to 2026-05-15 05:00:00+00:00, run_after=2026-05-15 06:00:00+00:00
[2026-05-15T05:59:46.383+0000] {processor.py:183} INFO - Processing /opt/airflow/dags/hn_pipeline_dag.py took 0.052 seconds
[2026-05-15T06:00:29.541+0000] {processor.py:161} INFO - Started process (PID=180) to work on /opt/airflow/dags/hn_pipeline_dag.py
[2026-05-15T06:00:29.545+0000] {processor.py:830} INFO - Processing file /opt/airflow/dags/hn_pipeline_dag.py for tasks to queue
[2026-05-15T06:00:29.548+0000] {logging_mixin.py:188} INFO - [2026-05-15T06:00:29.546+0000] {dagbag.py:538} INFO - Filling up the DagBag from /opt/airflow/dags/hn_pipeline_dag.py
[2026-05-15T06:00:29.571+0000] {processor.py:840} INFO - DAG(s) 'hn_pipeline' retrieved from /opt/airflow/dags/hn_pipeline_dag.py
[2026-05-15T06:00:29.692+0000] {logging_mixin.py:188} INFO - [2026-05-15T06:00:29.692+0000] {override.py:1769} INFO - Created Permission View: can edit on DAG:hn_pipeline
[2026-05-15T06:00:29.698+0000] {logging_mixin.py:188} INFO - [2026-05-15T06:00:29.698+0000] {override.py:1769} INFO - Created Permission View: can read on DAG:hn_pipeline
[2026-05-15T06:00:29.700+0000] {logging_mixin.py:188} INFO - [2026-05-15T06:00:29.700+0000] {override.py:1769} INFO - Created Permission View: can delete on DAG:hn_pipeline
[2026-05-15T06:00:29.700+0000] {logging_mixin.py:188} INFO - [2026-05-15T06:00:29.700+0000] {dag.py:3036} INFO - Sync 1 DAGs
[2026-05-15T06:00:29.706+0000] {logging_mixin.py:188} INFO - [2026-05-15T06:00:29.706+0000] {dag.py:3058} INFO - Creating ORM DAG for hn_pipeline
[2026-05-15T06:00:29.710+0000] {logging_mixin.py:188} INFO - [2026-05-15T06:00:29.710+0000] {dag.py:3823} INFO - Setting next_dagrun for hn_pipeline to 2026-05-15 05:00:00+00:00, run_after=2026-05-15 06:00:00+00:00
[2026-05-15T06:00:29.720+0000] {processor.py:183} INFO - Processing /opt/airflow/dags/hn_pipeline_dag.py took 0.186 seconds
[2026-05-15T06:01:00.097+0000] {processor.py:161} INFO - Started process (PID=185) to work on /opt/airflow/dags/hn_pipeline_dag.py
[2026-05-15T06:01:00.098+0000] {processor.py:830} INFO - Processing file /opt/airflow/dags/hn_pipeline_dag.py for tasks to queue
[2026-05-15T06:01:00.100+0000] {logging_mixin.py:188} INFO - [2026-05-15T06:01:00.099+0000] {dagbag.py:538} INFO - Filling up the DagBag from /opt/airflow/dags/hn_pipeline_dag.py
[2026-05-15T06:01:00.117+0000] {processor.py:840} INFO - DAG(s) 'hn_pipeline' retrieved from /opt/airflow/dags/hn_pipeline_dag.py
[2026-05-15T06:01:00.141+0000] {logging_mixin.py:188} INFO - [2026-05-15T06:01:00.141+0000] {dag.py:3036} INFO - Sync 1 DAGs
[2026-05-15T06:01:00.151+0000] {logging_mixin.py:188} INFO - [2026-05-15T06:01:00.151+0000] {dag.py:3823} INFO - Setting next_dagrun for hn_pipeline to 2026-05-15 05:00:00+00:00, run_after=2026-05-15 06:00:00+00:00
[2026-05-15T06:01:00.158+0000] {processor.py:183} INFO - Processing /opt/airflow/dags/hn_pipeline_dag.py took 0.064 seconds
[2026-05-15T06:01:30.298+0000] {processor.py:161} INFO - Started process (PID=190) to work on /opt/airflow/dags/hn_pipeline_dag.py
[2026-05-15T06:01:30.299+0000] {processor.py:830} INFO - Processing file /opt/airflow/dags/hn_pipeline_dag.py for tasks to queue
[2026-05-15T06:01:30.300+0000] {logging_mixin.py:188} INFO - [2026-05-15T06:01:30.300+0000] {dagbag.py:538} INFO - Filling up the DagBag from /opt/airflow/dags/hn_pipeline_dag.py
[2026-05-15T06:01:30.313+0000] {processor.py:840} INFO - DAG(s) 'hn_pipeline' retrieved from /opt/airflow/dags/hn_pipeline_dag.py
[2026-05-15T06:01:30.333+0000] {logging_mixin.py:188} INFO - [2026-05-15T06:01:30.333+0000] {dag.py:3036} INFO - Sync 1 DAGs
[2026-05-15T06:01:30.344+0000] {logging_mixin.py:188} INFO - [2026-05-15T06:01:30.344+0000] {dag.py:3823} INFO - Setting next_dagrun for hn_pipeline to 2026-05-15 05:00:00+00:00, run_after=2026-05-15 06:00:00+00:00
[2026-05-15T06:01:30.351+0000] {processor.py:183} INFO - Processing /opt/airflow/dags/hn_pipeline_dag.py took 0.057 seconds
[2026-05-15T06:02:00.595+0000] {processor.py:161} INFO - Started process (PID=195) to work on /opt/airflow/dags/hn_pipeline_dag.py
[2026-05-15T06:02:00.596+0000] {processor.py:830} INFO - Processing file /opt/airflow/dags/hn_pipeline_dag.py for tasks to queue
[2026-05-15T06:02:00.597+0000] {logging_mixin.py:188} INFO - [2026-05-15T06:02:00.596+0000] {dagbag.py:538} INFO - Filling up the DagBag from /opt/airflow/dags/hn_pipeline_dag.py
[2026-05-15T06:02:00.609+0000] {processor.py:840} INFO - DAG(s) 'hn_pipeline' retrieved from /opt/airflow/dags/hn_pipeline_dag.py
[2026-05-15T06:02:00.626+0000] {logging_mixin.py:188} INFO - [2026-05-15T06:02:00.626+0000] {dag.py:3036} INFO - Sync 1 DAGs
[2026-05-15T06:02:00.637+0000] {logging_mixin.py:188} INFO - [2026-05-15T06:02:00.637+0000] {dag.py:3823} INFO - Setting next_dagrun for hn_pipeline to 2026-05-15 05:00:00+00:00, run_after=2026-05-15 06:00:00+00:00
[2026-05-15T06:02:00.644+0000] {processor.py:183} INFO - Processing /opt/airflow/dags/hn_pipeline_dag.py took 0.053 seconds
[2026-05-15T06:02:30.871+0000] {processor.py:161} INFO - Started process (PID=200) to work on /opt/airflow/dags/hn_pipeline_dag.py
[2026-05-15T06:02:30.872+0000] {processor.py:830} INFO - Processing file /opt/airflow/dags/hn_pipeline_dag.py for tasks to queue
[2026-05-15T06:02:30.873+0000] {logging_mixin.py:188} INFO - [2026-05-15T06:02:30.873+0000] {dagbag.py:538} INFO - Filling up the DagBag from /opt/airflow/dags/hn_pipeline_dag.py
[2026-05-15T06:02:30.884+0000] {processor.py:840} INFO - DAG(s) 'hn_pipeline' retrieved from /opt/airflow/dags/hn_pipeline_dag.py
[2026-05-15T06:02:30.902+0000] {logging_mixin.py:188} INFO - [2026-05-15T06:02:30.902+0000] {dag.py:3036} INFO - Sync 1 DAGs
[2026-05-15T06:02:30.912+0000] {logging_mixin.py:188} INFO - [2026-05-15T06:02:30.912+0000] {dag.py:3823} INFO - Setting next_dagrun for hn_pipeline to 2026-05-15 05:00:00+00:00, run_after=2026-05-15 06:00:00+00:00
[2026-05-15T06:02:30.919+0000] {processor.py:183} INFO - Processing /opt/airflow/dags/hn_pipeline_dag.py took 0.051 seconds
[2026-05-15T06:03:01.160+0000] {processor.py:161} INFO - Started process (PID=205) to work on /opt/airflow/dags/hn_pipeline_dag.py
[2026-05-15T06:03:01.161+0000] {processor.py:830} INFO - Processing file /opt/airflow/dags/hn_pipeline_dag.py for tasks to queue
[2026-05-15T06:03:01.162+0000] {logging_mixin.py:188} INFO - [2026-05-15T06:03:01.162+0000] {dagbag.py:538} INFO - Filling up the DagBag from /opt/airflow/dags/hn_pipeline_dag.py
[2026-05-15T06:03:01.180+0000] {processor.py:840} INFO - DAG(s) 'hn_pipeline' retrieved from /opt/airflow/dags/hn_pipeline_dag.py
[2026-05-15T06:03:01.208+0000] {logging_mixin.py:188} INFO - [2026-05-15T06:03:01.208+0000] {dag.py:3036} INFO - Sync 1 DAGs
[2026-05-15T06:03:01.218+0000] {logging_mixin.py:188} INFO - [2026-05-15T06:03:01.218+0000] {dag.py:3823} INFO - Setting next_dagrun for hn_pipeline to 2026-05-15 05:00:00+00:00, run_after=2026-05-15 06:00:00+00:00
[2026-05-15T06:03:01.225+0000] {processor.py:183} INFO - Processing /opt/airflow/dags/hn_pipeline_dag.py took 0.069 seconds
[2026-05-15T06:03:31.379+0000] {processor.py:161} INFO - Started process (PID=210) to work on /opt/airflow/dags/hn_pipeline_dag.py
[2026-05-15T06:03:31.379+0000] {processor.py:830} INFO - Processing file /opt/airflow/dags/hn_pipeline_dag.py for tasks to queue
[2026-05-15T06:03:31.380+0000] {logging_mixin.py:188} INFO - [2026-05-15T06:03:31.379+0000] {dagbag.py:538} INFO - Filling up the DagBag from /opt/airflow/dags/hn_pipeline_dag.py
[2026-05-15T06:03:31.392+0000] {processor.py:840} INFO - DAG(s) 'hn_pipeline' retrieved from /opt/airflow/dags/hn_pipeline_dag.py
[2026-05-15T06:03:31.425+0000] {logging_mixin.py:188} INFO - [2026-05-15T06:03:31.424+0000] {dag.py:3036} INFO - Sync 1 DAGs
[2026-05-15T06:03:31.437+0000] {logging_mixin.py:188} INFO - [2026-05-15T06:03:31.437+0000] {dag.py:3823} INFO - Setting next_dagrun for hn_pipeline to 2026-05-15 05:00:00+00:00, run_after=2026-05-15 06:00:00+00:00
[2026-05-15T06:03:31.450+0000] {processor.py:183} INFO - Processing /opt/airflow/dags/hn_pipeline_dag.py took 0.074 seconds
[2026-05-15T06:04:01.713+0000] {processor.py:161} INFO - Started process (PID=215) to work on /opt/airflow/dags/hn_pipeline_dag.py
[2026-05-15T06:04:01.715+0000] {processor.py:830} INFO - Processing file /opt/airflow/dags/hn_pipeline_dag.py for tasks to queue
[2026-05-15T06:04:01.716+0000] {logging_mixin.py:188} INFO - [2026-05-15T06:04:01.715+0000] {dagbag.py:538} INFO - Filling up the DagBag from /opt/airflow/dags/hn_pipeline_dag.py
[2026-05-15T06:04:01.733+0000] {processor.py:840} INFO - DAG(s) 'hn_pipeline' retrieved from /opt/airflow/dags/hn_pipeline_dag.py
[2026-05-15T06:04:01.765+0000] {logging_mixin.py:188} INFO - [2026-05-15T06:04:01.765+0000] {dag.py:3036} INFO - Sync 1 DAGs
[2026-05-15T06:04:01.775+0000] {logging_mixin.py:188} INFO - [2026-05-15T06:04:01.775+0000] {dag.py:3823} INFO - Setting next_dagrun for hn_pipeline to 2026-05-15 05:00:00+00:00, run_after=2026-05-15 06:00:00+00:00
[2026-05-15T06:04:01.785+0000] {processor.py:183} INFO - Processing /opt/airflow/dags/hn_pipeline_dag.py took 0.077 seconds
[2026-05-15T06:04:31.950+0000] {processor.py:161} INFO - Started process (PID=220) to work on /opt/airflow/dags/hn_pipeline_dag.py
[2026-05-15T06:04:31.951+0000] {processor.py:830} INFO - Processing file /opt/airflow/dags/hn_pipeline_dag.py for tasks to queue
[2026-05-15T06:04:31.953+0000] {logging_mixin.py:188} INFO - [2026-05-15T06:04:31.952+0000] {dagbag.py:538} INFO - Filling up the DagBag from /opt/airflow/dags/hn_pipeline_dag.py
[2026-05-15T06:04:31.971+0000] {processor.py:840} INFO - DAG(s) 'hn_pipeline' retrieved from /opt/airflow/dags/hn_pipeline_dag.py
[2026-05-15T06:04:32.004+0000] {logging_mixin.py:188} INFO - [2026-05-15T06:04:32.004+0000] {dag.py:3036} INFO - Sync 1 DAGs
[2026-05-15T06:04:32.017+0000] {logging_mixin.py:188} INFO - [2026-05-15T06:04:32.017+0000] {dag.py:3823} INFO - Setting next_dagrun for hn_pipeline to 2026-05-15 05:00:00+00:00, run_after=2026-05-15 06:00:00+00:00
[2026-05-15T06:04:32.024+0000] {processor.py:183} INFO - Processing /opt/airflow/dags/hn_pipeline_dag.py took 0.079 seconds
[2026-05-15T06:05:02.301+0000] {processor.py:161} INFO - Started process (PID=225) to work on /opt/airflow/dags/hn_pipeline_dag.py
[2026-05-15T06:05:02.302+0000] {processor.py:830} INFO - Processing file /opt/airflow/dags/hn_pipeline_dag.py for tasks to queue
[2026-05-15T06:05:02.303+0000] {logging_mixin.py:188} INFO - [2026-05-15T06:05:02.303+0000] {dagbag.py:538} INFO - Filling up the DagBag from /opt/airflow/dags/hn_pipeline_dag.py
[2026-05-15T06:05:02.320+0000] {processor.py:840} INFO - DAG(s) 'hn_pipeline' retrieved from /opt/airflow/dags/hn_pipeline_dag.py
[2026-05-15T06:05:02.349+0000] {logging_mixin.py:188} INFO - [2026-05-15T06:05:02.349+0000] {dag.py:3036} INFO - Sync 1 DAGs
[2026-05-15T06:05:02.360+0000] {logging_mixin.py:188} INFO - [2026-05-15T06:05:02.360+0000] {dag.py:3823} INFO - Setting next_dagrun for hn_pipeline to 2026-05-15 05:00:00+00:00, run_after=2026-05-15 06:00:00+00:00
[2026-05-15T06:05:02.367+0000] {processor.py:183} INFO - Processing /opt/airflow/dags/hn_pipeline_dag.py took 0.070 seconds
[2026-05-15T06:05:32.693+0000] {processor.py:161} INFO - Started process (PID=230) to work on /opt/airflow/dags/hn_pipeline_dag.py
[2026-05-15T06:05:32.693+0000] {processor.py:830} INFO - Processing file /opt/airflow/dags/hn_pipeline_dag.py for tasks to queue
[2026-05-15T06:05:32.694+0000] {logging_mixin.py:188} INFO - [2026-05-15T06:05:32.694+0000] {dagbag.py:538} INFO - Filling up the DagBag from /opt/airflow/dags/hn_pipeline_dag.py
[2026-05-15T06:05:32.710+0000] {processor.py:840} INFO - DAG(s) 'hn_pipeline' retrieved from /opt/airflow/dags/hn_pipeline_dag.py
[2026-05-15T06:05:32.736+0000] {logging_mixin.py:188} INFO - [2026-05-15T06:05:32.736+0000] {dag.py:3036} INFO - Sync 1 DAGs
[2026-05-15T06:05:32.747+0000] {logging_mixin.py:188} INFO - [2026-05-15T06:05:32.747+0000] {dag.py:3823} INFO - Setting next_dagrun for hn_pipeline to 2026-05-15 05:00:00+00:00, run_after=2026-05-15 06:00:00+00:00
[2026-05-15T06:05:32.755+0000] {processor.py:183} INFO - Processing /opt/airflow/dags/hn_pipeline_dag.py took 0.066 seconds
[2026-05-15T06:06:03.075+0000] {processor.py:161} INFO - Started process (PID=235) to work on /opt/airflow/dags/hn_pipeline_dag.py
[2026-05-15T06:06:03.076+0000] {processor.py:830} INFO - Processing file /opt/airflow/dags/hn_pipeline_dag.py for tasks to queue
[2026-05-15T06:06:03.078+0000] {logging_mixin.py:188} INFO - [2026-05-15T06:06:03.077+0000] {dagbag.py:538} INFO - Filling up the DagBag from /opt/airflow/dags/hn_pipeline_dag.py
[2026-05-15T06:06:03.094+0000] {processor.py:840} INFO - DAG(s) 'hn_pipeline' retrieved from /opt/airflow/dags/hn_pipeline_dag.py
[2026-05-15T06:06:03.125+0000] {logging_mixin.py:188} INFO - [2026-05-15T06:06:03.125+0000] {dag.py:3036} INFO - Sync 1 DAGs
[2026-05-15T06:06:03.136+0000] {logging_mixin.py:188} INFO - [2026-05-15T06:06:03.136+0000] {dag.py:3823} INFO - Setting next_dagrun for hn_pipeline to 2026-05-15 05:00:00+00:00, run_after=2026-05-15 06:00:00+00:00
[2026-05-15T06:06:03.144+0000] {processor.py:183} INFO - Processing /opt/airflow/dags/hn_pipeline_dag.py took 0.073 seconds
[2026-05-15T06:06:33.466+0000] {processor.py:161} INFO - Started process (PID=240) to work on /opt/airflow/dags/hn_pipeline_dag.py
[2026-05-15T06:06:33.466+0000] {processor.py:830} INFO - Processing file /opt/airflow/dags/hn_pipeline_dag.py for tasks to queue
[2026-05-15T06:06:33.468+0000] {logging_mixin.py:188} INFO - [2026-05-15T06:06:33.467+0000] {dagbag.py:538} INFO - Filling up the DagBag from /opt/airflow/dags/hn_pipeline_dag.py
[2026-05-15T06:06:33.485+0000] {processor.py:840} INFO - DAG(s) 'hn_pipeline' retrieved from /opt/airflow/dags/hn_pipeline_dag.py
[2026-05-15T06:06:33.512+0000] {logging_mixin.py:188} INFO - [2026-05-15T06:06:33.512+0000] {dag.py:3036} INFO - Sync 1 DAGs
[2026-05-15T06:06:33.523+0000] {logging_mixin.py:188} INFO - [2026-05-15T06:06:33.522+0000] {dag.py:3823} INFO - Setting next_dagrun for hn_pipeline to 2026-05-15 05:00:00+00:00, run_after=2026-05-15 06:00:00+00:00
[2026-05-15T06:06:33.530+0000] {processor.py:183} INFO - Processing /opt/airflow/dags/hn_pipeline_dag.py took 0.069 seconds
[2026-05-15T06:07:05.448+0000] {processor.py:161} INFO - Started process (PID=245) to work on /opt/airflow/dags/hn_pipeline_dag.py
[2026-05-15T06:07:05.563+0000] {processor.py:830} INFO - Processing file /opt/airflow/dags/hn_pipeline_dag.py for tasks to queue
[2026-05-15T06:07:05.951+0000] {logging_mixin.py:188} INFO - [2026-05-15T06:07:05.944+0000] {dagbag.py:538} INFO - Filling up the DagBag from /opt/airflow/dags/hn_pipeline_dag.py
[2026-05-15T06:07:07.067+0000] {processor.py:840} INFO - DAG(s) 'hn_pipeline' retrieved from /opt/airflow/dags/hn_pipeline_dag.py
[2026-05-15T06:07:07.554+0000] {logging_mixin.py:188} INFO - [2026-05-15T06:07:07.547+0000] {dag.py:3036} INFO - Sync 1 DAGs
[2026-05-15T06:07:10.832+0000] {logging_mixin.py:188} INFO - [2026-05-15T06:07:10.829+0000] {dag.py:3823} INFO - Setting next_dagrun for hn_pipeline to 2026-05-15 05:00:00+00:00, run_after=2026-05-15 06:00:00+00:00
[2026-05-15T06:07:10.977+0000] {processor.py:183} INFO - Processing /opt/airflow/dags/hn_pipeline_dag.py took 5.849 seconds
[2026-05-15T06:07:49.506+0000] {processor.py:161} INFO - Started process (PID=251) to work on /opt/airflow/dags/hn_pipeline_dag.py
[2026-05-15T06:07:50.000+0000] {processor.py:830} INFO - Processing file /opt/airflow/dags/hn_pipeline_dag.py for tasks to queue
[2026-05-15T06:07:50.021+0000] {logging_mixin.py:188} INFO - [2026-05-15T06:07:50.011+0000] {dagbag.py:538} INFO - Filling up the DagBag from /opt/airflow/dags/hn_pipeline_dag.py
[2026-05-15T06:07:51.987+0000] {processor.py:840} INFO - DAG(s) 'hn_pipeline' retrieved from /opt/airflow/dags/hn_pipeline_dag.py
[2026-05-15T06:08:33.827+0000] {logging_mixin.py:188} INFO - [2026-05-15T06:08:33.818+0000] {dag.py:3036} INFO - Sync 1 DAGs
[2026-05-15T06:08:33.888+0000] {logging_mixin.py:188} INFO - [2026-05-15T06:08:33.887+0000] {dag.py:3823} INFO - Setting next_dagrun for hn_pipeline to 2026-05-15 06:00:00+00:00, run_after=2026-05-15 07:00:00+00:00
[2026-05-15T06:08:33.901+0000] {processor.py:183} INFO - Processing /opt/airflow/dags/hn_pipeline_dag.py took 46.641 seconds
[2026-05-15T06:09:04.518+0000] {processor.py:161} INFO - Started process (PID=257) to work on /opt/airflow/dags/hn_pipeline_dag.py
[2026-05-15T06:09:04.519+0000] {processor.py:830} INFO - Processing file /opt/airflow/dags/hn_pipeline_dag.py for tasks to queue
[2026-05-15T06:09:04.520+0000] {logging_mixin.py:188} INFO - [2026-05-15T06:09:04.520+0000] {dagbag.py:538} INFO - Filling up the DagBag from /opt/airflow/dags/hn_pipeline_dag.py
[2026-05-15T06:09:04.538+0000] {processor.py:840} INFO - DAG(s) 'hn_pipeline' retrieved from /opt/airflow/dags/hn_pipeline_dag.py
[2026-05-15T06:09:04.560+0000] {logging_mixin.py:188} INFO - [2026-05-15T06:09:04.560+0000] {dag.py:3036} INFO - Sync 1 DAGs
[2026-05-15T06:09:04.570+0000] {logging_mixin.py:188} INFO - [2026-05-15T06:09:04.570+0000] {dag.py:3823} INFO - Setting next_dagrun for hn_pipeline to 2026-05-15 06:00:00+00:00, run_after=2026-05-15 07:00:00+00:00
[2026-05-15T06:09:04.578+0000] {processor.py:183} INFO - Processing /opt/airflow/dags/hn_pipeline_dag.py took 0.064 seconds
[2026-05-15T06:09:34.821+0000] {processor.py:161} INFO - Started process (PID=262) to work on /opt/airflow/dags/hn_pipeline_dag.py
[2026-05-15T06:09:34.822+0000] {processor.py:830} INFO - Processing file /opt/airflow/dags/hn_pipeline_dag.py for tasks to queue
[2026-05-15T06:09:34.823+0000] {logging_mixin.py:188} INFO - [2026-05-15T06:09:34.823+0000] {dagbag.py:538} INFO - Filling up the DagBag from /opt/airflow/dags/hn_pipeline_dag.py
[2026-05-15T06:09:34.837+0000] {processor.py:840} INFO - DAG(s) 'hn_pipeline' retrieved from /opt/airflow/dags/hn_pipeline_dag.py
[2026-05-15T06:09:34.857+0000] {logging_mixin.py:188} INFO - [2026-05-15T06:09:34.857+0000] {dag.py:3036} INFO - Sync 1 DAGs
[2026-05-15T06:09:34.869+0000] {logging_mixin.py:188} INFO - [2026-05-15T06:09:34.869+0000] {dag.py:3823} INFO - Setting next_dagrun for hn_pipeline to 2026-05-15 06:00:00+00:00, run_after=2026-05-15 07:00:00+00:00
[2026-05-15T06:09:34.876+0000] {processor.py:183} INFO - Processing /opt/airflow/dags/hn_pipeline_dag.py took 0.059 seconds
[2026-05-15T06:10:05.175+0000] {processor.py:161} INFO - Started process (PID=267) to work on /opt/airflow/dags/hn_pipeline_dag.py
[2026-05-15T06:10:05.177+0000] {processor.py:830} INFO - Processing file /opt/airflow/dags/hn_pipeline_dag.py for tasks to queue
[2026-05-15T06:10:05.178+0000] {logging_mixin.py:188} INFO - [2026-05-15T06:10:05.177+0000] {dagbag.py:538} INFO - Filling up the DagBag from /opt/airflow/dags/hn_pipeline_dag.py
[2026-05-15T06:10:05.191+0000] {processor.py:840} INFO - DAG(s) 'hn_pipeline' retrieved from /opt/airflow/dags/hn_pipeline_dag.py
[2026-05-15T06:10:05.212+0000] {logging_mixin.py:188} INFO - [2026-05-15T06:10:05.212+0000] {dag.py:3036} INFO - Sync 1 DAGs
[2026-05-15T06:10:05.222+0000] {logging_mixin.py:188} INFO - [2026-05-15T06:10:05.222+0000] {dag.py:3823} INFO - Setting next_dagrun for hn_pipeline to 2026-05-15 06:00:00+00:00, run_after=2026-05-15 07:00:00+00:00
[2026-05-15T06:10:05.230+0000] {processor.py:183} INFO - Processing /opt/airflow/dags/hn_pipeline_dag.py took 0.058 seconds
[2026-05-15T06:10:35.518+0000] {processor.py:161} INFO - Started process (PID=272) to work on /opt/airflow/dags/hn_pipeline_dag.py
[2026-05-15T06:10:35.518+0000] {processor.py:830} INFO - Processing file /opt/airflow/dags/hn_pipeline_dag.py for tasks to queue
[2026-05-15T06:10:35.519+0000] {logging_mixin.py:188} INFO - [2026-05-15T06:10:35.519+0000] {dagbag.py:538} INFO - Filling up the DagBag from /opt/airflow/dags/hn_pipeline_dag.py
[2026-05-15T06:10:35.528+0000] {processor.py:840} INFO - DAG(s) 'hn_pipeline' retrieved from /opt/airflow/dags/hn_pipeline_dag.py
[2026-05-15T06:10:35.549+0000] {logging_mixin.py:188} INFO - [2026-05-15T06:10:35.549+0000] {dag.py:3036} INFO - Sync 1 DAGs
[2026-05-15T06:10:35.562+0000] {logging_mixin.py:188} INFO - [2026-05-15T06:10:35.562+0000] {dag.py:3823} INFO - Setting next_dagrun for hn_pipeline to 2026-05-15 06:00:00+00:00, run_after=2026-05-15 07:00:00+00:00
[2026-05-15T06:10:35.569+0000] {processor.py:183} INFO - Processing /opt/airflow/dags/hn_pipeline_dag.py took 0.054 seconds
[2026-05-15T06:11:05.963+0000] {processor.py:161} INFO - Started process (PID=277) to work on /opt/airflow/dags/hn_pipeline_dag.py
[2026-05-15T06:11:05.964+0000] {processor.py:830} INFO - Processing file /opt/airflow/dags/hn_pipeline_dag.py for tasks to queue
[2026-05-15T06:11:05.966+0000] {logging_mixin.py:188} INFO - [2026-05-15T06:11:05.965+0000] {dagbag.py:538} INFO - Filling up the DagBag from /opt/airflow/dags/hn_pipeline_dag.py
[2026-05-15T06:11:05.986+0000] {processor.py:840} INFO - DAG(s) 'hn_pipeline' retrieved from /opt/airflow/dags/hn_pipeline_dag.py
[2026-05-15T06:11:06.020+0000] {logging_mixin.py:188} INFO - [2026-05-15T06:11:06.019+0000] {dag.py:3036} INFO - Sync 1 DAGs
[2026-05-15T06:11:06.033+0000] {logging_mixin.py:188} INFO - [2026-05-15T06:11:06.032+0000] {dag.py:3823} INFO - Setting next_dagrun for hn_pipeline to 2026-05-15 06:00:00+00:00, run_after=2026-05-15 07:00:00+00:00
[2026-05-15T06:11:06.041+0000] {processor.py:183} INFO - Processing /opt/airflow/dags/hn_pipeline_dag.py took 0.082 seconds
[2026-05-15T06:11:36.316+0000] {processor.py:161} INFO - Started process (PID=282) to work on /opt/airflow/dags/hn_pipeline_dag.py
[2026-05-15T06:11:36.317+0000] {processor.py:830} INFO - Processing file /opt/airflow/dags/hn_pipeline_dag.py for tasks to queue
[2026-05-15T06:11:36.318+0000] {logging_mixin.py:188} INFO - [2026-05-15T06:11:36.317+0000] {dagbag.py:538} INFO - Filling up the DagBag from /opt/airflow/dags/hn_pipeline_dag.py
[2026-05-15T06:11:36.351+0000] {processor.py:840} INFO - DAG(s) 'hn_pipeline' retrieved from /opt/airflow/dags/hn_pipeline_dag.py
[2026-05-15T06:11:36.389+0000] {logging_mixin.py:188} INFO - [2026-05-15T06:11:36.388+0000] {dag.py:3036} INFO - Sync 1 DAGs
[2026-05-15T06:11:36.400+0000] {logging_mixin.py:188} INFO - [2026-05-15T06:11:36.400+0000] {dag.py:3823} INFO - Setting next_dagrun for hn_pipeline to 2026-05-15 06:00:00+00:00, run_after=2026-05-15 07:00:00+00:00
[2026-05-15T06:11:36.408+0000] {processor.py:183} INFO - Processing /opt/airflow/dags/hn_pipeline_dag.py took 0.095 seconds
[2026-05-15T06:12:06.749+0000] {processor.py:161} INFO - Started process (PID=287) to work on /opt/airflow/dags/hn_pipeline_dag.py
[2026-05-15T06:12:06.750+0000] {processor.py:830} INFO - Processing file /opt/airflow/dags/hn_pipeline_dag.py for tasks to queue
[2026-05-15T06:12:06.751+0000] {logging_mixin.py:188} INFO - [2026-05-15T06:12:06.751+0000] {dagbag.py:538} INFO - Filling up the DagBag from /opt/airflow/dags/hn_pipeline_dag.py
[2026-05-15T06:12:06.766+0000] {processor.py:840} INFO - DAG(s) 'hn_pipeline' retrieved from /opt/airflow/dags/hn_pipeline_dag.py
[2026-05-15T06:12:06.799+0000] {logging_mixin.py:188} INFO - [2026-05-15T06:12:06.799+0000] {dag.py:3036} INFO - Sync 1 DAGs
[2026-05-15T06:12:06.813+0000] {logging_mixin.py:188} INFO - [2026-05-15T06:12:06.813+0000] {dag.py:3823} INFO - Setting next_dagrun for hn_pipeline to 2026-05-15 06:00:00+00:00, run_after=2026-05-15 07:00:00+00:00
[2026-05-15T06:12:06.821+0000] {processor.py:183} INFO - Processing /opt/airflow/dags/hn_pipeline_dag.py took 0.076 seconds
[2026-05-15T06:12:37.093+0000] {processor.py:161} INFO - Started process (PID=292) to work on /opt/airflow/dags/hn_pipeline_dag.py
[2026-05-15T06:12:37.094+0000] {processor.py:830} INFO - Processing file /opt/airflow/dags/hn_pipeline_dag.py for tasks to queue
[2026-05-15T06:12:37.095+0000] {logging_mixin.py:188} INFO - [2026-05-15T06:12:37.094+0000] {dagbag.py:538} INFO - Filling up the DagBag from /opt/airflow/dags/hn_pipeline_dag.py
[2026-05-15T06:12:37.110+0000] {processor.py:840} INFO - DAG(s) 'hn_pipeline' retrieved from /opt/airflow/dags/hn_pipeline_dag.py
[2026-05-15T06:12:37.148+0000] {logging_mixin.py:188} INFO - [2026-05-15T06:12:37.147+0000] {dag.py:3036} INFO - Sync 1 DAGs
[2026-05-15T06:12:37.162+0000] {logging_mixin.py:188} INFO - [2026-05-15T06:12:37.162+0000] {dag.py:3823} INFO - Setting next_dagrun for hn_pipeline to 2026-05-15 06:00:00+00:00, run_after=2026-05-15 07:00:00+00:00
[2026-05-15T06:12:37.175+0000] {processor.py:183} INFO - Processing /opt/airflow/dags/hn_pipeline_dag.py took 0.086 seconds
[2026-05-15T06:13:07.405+0000] {processor.py:161} INFO - Started process (PID=297) to work on /opt/airflow/dags/hn_pipeline_dag.py
[2026-05-15T06:13:07.406+0000] {processor.py:830} INFO - Processing file /opt/airflow/dags/hn_pipeline_dag.py for tasks to queue
[2026-05-15T06:13:07.408+0000] {logging_mixin.py:188} INFO - [2026-05-15T06:13:07.407+0000] {dagbag.py:538} INFO - Filling up the DagBag from /opt/airflow/dags/hn_pipeline_dag.py
[2026-05-15T06:13:07.425+0000] {processor.py:840} INFO - DAG(s) 'hn_pipeline' retrieved from /opt/airflow/dags/hn_pipeline_dag.py
[2026-05-15T06:13:07.458+0000] {logging_mixin.py:188} INFO - [2026-05-15T06:13:07.457+0000] {dag.py:3036} INFO - Sync 1 DAGs
[2026-05-15T06:13:07.468+0000] {logging_mixin.py:188} INFO - [2026-05-15T06:13:07.468+0000] {dag.py:3823} INFO - Setting next_dagrun for hn_pipeline to 2026-05-15 06:00:00+00:00, run_after=2026-05-15 07:00:00+00:00
[2026-05-15T06:13:07.478+0000] {processor.py:183} INFO - Processing /opt/airflow/dags/hn_pipeline_dag.py took 0.076 seconds
[2026-05-15T06:13:37.882+0000] {processor.py:161} INFO - Started process (PID=302) to work on /opt/airflow/dags/hn_pipeline_dag.py
[2026-05-15T06:13:37.885+0000] {processor.py:830} INFO - Processing file /opt/airflow/dags/hn_pipeline_dag.py for tasks to queue
[2026-05-15T06:13:37.886+0000] {logging_mixin.py:188} INFO - [2026-05-15T06:13:37.886+0000] {dagbag.py:538} INFO - Filling up the DagBag from /opt/airflow/dags/hn_pipeline_dag.py
[2026-05-15T06:13:37.914+0000] {processor.py:840} INFO - DAG(s) 'hn_pipeline' retrieved from /opt/airflow/dags/hn_pipeline_dag.py
[2026-05-15T06:13:42.151+0000] {logging_mixin.py:188} INFO - [2026-05-15T06:13:42.138+0000] {dag.py:3036} INFO - Sync 1 DAGs
[2026-05-15T06:14:06.265+0000] {logging_mixin.py:188} INFO - [2026-05-15T06:14:05.147+0000] {dag.py:3823} INFO - Setting next_dagrun for hn_pipeline to 2026-05-15 06:00:00+00:00, run_after=2026-05-15 07:00:00+00:00
[2026-05-15T06:14:10.044+0000] {processor.py:183} INFO - Processing /opt/airflow/dags/hn_pipeline_dag.py took 32.424 seconds
[2026-05-15T06:14:40.164+0000] {processor.py:161} INFO - Started process (PID=310) to work on /opt/airflow/dags/hn_pipeline_dag.py
[2026-05-15T06:14:40.164+0000] {processor.py:830} INFO - Processing file /opt/airflow/dags/hn_pipeline_dag.py for tasks to queue
[2026-05-15T06:14:40.165+0000] {logging_mixin.py:188} INFO - [2026-05-15T06:14:40.165+0000] {dagbag.py:538} INFO - Filling up the DagBag from /opt/airflow/dags/hn_pipeline_dag.py
[2026-05-15T06:14:40.173+0000] {processor.py:840} INFO - DAG(s) 'hn_pipeline' retrieved from /opt/airflow/dags/hn_pipeline_dag.py
[2026-05-15T06:14:40.190+0000] {logging_mixin.py:188} INFO - [2026-05-15T06:14:40.190+0000] {dag.py:3036} INFO - Sync 1 DAGs
[2026-05-15T06:14:40.199+0000] {logging_mixin.py:188} INFO - [2026-05-15T06:14:40.199+0000] {dag.py:3823} INFO - Setting next_dagrun for hn_pipeline to 2026-05-15 06:00:00+00:00, run_after=2026-05-15 07:00:00+00:00
[2026-05-15T06:14:40.206+0000] {processor.py:183} INFO - Processing /opt/airflow/dags/hn_pipeline_dag.py took 0.044 seconds
[2026-05-15T06:15:10.408+0000] {processor.py:161} INFO - Started process (PID=315) to work on /opt/airflow/dags/hn_pipeline_dag.py
[2026-05-15T06:15:10.409+0000] {processor.py:830} INFO - Processing file /opt/airflow/dags/hn_pipeline_dag.py for tasks to queue
[2026-05-15T06:15:10.410+0000] {logging_mixin.py:188} INFO - [2026-05-15T06:15:10.409+0000] {dagbag.py:538} INFO - Filling up the DagBag from /opt/airflow/dags/hn_pipeline_dag.py
[2026-05-15T06:15:10.418+0000] {processor.py:840} INFO - DAG(s) 'hn_pipeline' retrieved from /opt/airflow/dags/hn_pipeline_dag.py
[2026-05-15T06:15:10.433+0000] {logging_mixin.py:188} INFO - [2026-05-15T06:15:10.433+0000] {dag.py:3036} INFO - Sync 1 DAGs
[2026-05-15T06:15:10.444+0000] {logging_mixin.py:188} INFO - [2026-05-15T06:15:10.443+0000] {dag.py:3823} INFO - Setting next_dagrun for hn_pipeline to 2026-05-15 06:00:00+00:00, run_after=2026-05-15 07:00:00+00:00
[2026-05-15T06:15:10.451+0000] {processor.py:183} INFO - Processing /opt/airflow/dags/hn_pipeline_dag.py took 0.045 seconds
[2026-05-15T06:15:40.563+0000] {processor.py:161} INFO - Started process (PID=320) to work on /opt/airflow/dags/hn_pipeline_dag.py
[2026-05-15T06:15:40.564+0000] {processor.py:830} INFO - Processing file /opt/airflow/dags/hn_pipeline_dag.py for tasks to queue
[2026-05-15T06:15:40.565+0000] {logging_mixin.py:188} INFO - [2026-05-15T06:15:40.564+0000] {dagbag.py:538} INFO - Filling up the DagBag from /opt/airflow/dags/hn_pipeline_dag.py
[2026-05-15T06:15:40.573+0000] {processor.py:840} INFO - DAG(s) 'hn_pipeline' retrieved from /opt/airflow/dags/hn_pipeline_dag.py
[2026-05-15T06:15:40.589+0000] {logging_mixin.py:188} INFO - [2026-05-15T06:15:40.589+0000] {dag.py:3036} INFO - Sync 1 DAGs
[2026-05-15T06:15:40.601+0000] {logging_mixin.py:188} INFO - [2026-05-15T06:15:40.601+0000] {dag.py:3823} INFO - Setting next_dagrun for hn_pipeline to 2026-05-15 06:00:00+00:00, run_after=2026-05-15 07:00:00+00:00
[2026-05-15T06:15:40.608+0000] {processor.py:183} INFO - Processing /opt/airflow/dags/hn_pipeline_dag.py took 0.047 seconds
[2026-05-15T06:16:11.032+0000] {processor.py:161} INFO - Started process (PID=325) to work on /opt/airflow/dags/hn_pipeline_dag.py
[2026-05-15T06:16:11.033+0000] {processor.py:830} INFO - Processing file /opt/airflow/dags/hn_pipeline_dag.py for tasks to queue
[2026-05-15T06:16:11.034+0000] {logging_mixin.py:188} INFO - [2026-05-15T06:16:11.033+0000] {dagbag.py:538} INFO - Filling up the DagBag from /opt/airflow/dags/hn_pipeline_dag.py
[2026-05-15T06:16:11.049+0000] {processor.py:840} INFO - DAG(s) 'hn_pipeline' retrieved from /opt/airflow/dags/hn_pipeline_dag.py
[2026-05-15T06:16:11.067+0000] {logging_mixin.py:188} INFO - [2026-05-15T06:16:11.067+0000] {dag.py:3036} INFO - Sync 1 DAGs
[2026-05-15T06:16:11.078+0000] {logging_mixin.py:188} INFO - [2026-05-15T06:16:11.078+0000] {dag.py:3823} INFO - Setting next_dagrun for hn_pipeline to 2026-05-15 06:00:00+00:00, run_after=2026-05-15 07:00:00+00:00
[2026-05-15T06:16:11.085+0000] {processor.py:183} INFO - Processing /opt/airflow/dags/hn_pipeline_dag.py took 0.057 seconds
[2026-05-15T06:16:42.124+0000] {processor.py:161} INFO - Started process (PID=330) to work on /opt/airflow/dags/hn_pipeline_dag.py
[2026-05-15T06:16:42.126+0000] {processor.py:830} INFO - Processing file /opt/airflow/dags/hn_pipeline_dag.py for tasks to queue
[2026-05-15T06:16:42.127+0000] {logging_mixin.py:188} INFO - [2026-05-15T06:16:42.126+0000] {dagbag.py:538} INFO - Filling up the DagBag from /opt/airflow/dags/hn_pipeline_dag.py
[2026-05-15T06:16:42.143+0000] {processor.py:840} INFO - DAG(s) 'hn_pipeline' retrieved from /opt/airflow/dags/hn_pipeline_dag.py
[2026-05-15T06:16:42.164+0000] {logging_mixin.py:188} INFO - [2026-05-15T06:16:42.164+0000] {dag.py:3036} INFO - Sync 1 DAGs
[2026-05-15T06:16:42.176+0000] {logging_mixin.py:188} INFO - [2026-05-15T06:16:42.176+0000] {dag.py:3823} INFO - Setting next_dagrun for hn_pipeline to 2026-05-15 06:00:00+00:00, run_after=2026-05-15 07:00:00+00:00
[2026-05-15T06:16:42.184+0000] {processor.py:183} INFO - Processing /opt/airflow/dags/hn_pipeline_dag.py took 0.063 seconds
[2026-05-15T06:17:12.447+0000] {processor.py:161} INFO - Started process (PID=335) to work on /opt/airflow/dags/hn_pipeline_dag.py
[2026-05-15T06:17:12.449+0000] {processor.py:830} INFO - Processing file /opt/airflow/dags/hn_pipeline_dag.py for tasks to queue
[2026-05-15T06:17:12.450+0000] {logging_mixin.py:188} INFO - [2026-05-15T06:17:12.449+0000] {dagbag.py:538} INFO - Filling up the DagBag from /opt/airflow/dags/hn_pipeline_dag.py
[2026-05-15T06:17:12.467+0000] {processor.py:840} INFO - DAG(s) 'hn_pipeline' retrieved from /opt/airflow/dags/hn_pipeline_dag.py
[2026-05-15T06:17:12.487+0000] {logging_mixin.py:188} INFO - [2026-05-15T06:17:12.487+0000] {dag.py:3036} INFO - Sync 1 DAGs
[2026-05-15T06:17:12.501+0000] {logging_mixin.py:188} INFO - [2026-05-15T06:17:12.501+0000] {dag.py:3823} INFO - Setting next_dagrun for hn_pipeline to 2026-05-15 06:00:00+00:00, run_after=2026-05-15 07:00:00+00:00
[2026-05-15T06:17:12.509+0000] {processor.py:183} INFO - Processing /opt/airflow/dags/hn_pipeline_dag.py took 0.067 seconds
[2026-05-15T06:17:42.691+0000] {processor.py:161} INFO - Started process (PID=340) to work on /opt/airflow/dags/hn_pipeline_dag.py
[2026-05-15T06:17:42.692+0000] {processor.py:830} INFO - Processing file /opt/airflow/dags/hn_pipeline_dag.py for tasks to queue
[2026-05-15T06:17:42.693+0000] {logging_mixin.py:188} INFO - [2026-05-15T06:17:42.693+0000] {dagbag.py:538} INFO - Filling up the DagBag from /opt/airflow/dags/hn_pipeline_dag.py
[2026-05-15T06:17:42.708+0000] {processor.py:840} INFO - DAG(s) 'hn_pipeline' retrieved from /opt/airflow/dags/hn_pipeline_dag.py
[2026-05-15T06:17:42.728+0000] {logging_mixin.py:188} INFO - [2026-05-15T06:17:42.728+0000] {dag.py:3036} INFO - Sync 1 DAGs
[2026-05-15T06:17:42.740+0000] {logging_mixin.py:188} INFO - [2026-05-15T06:17:42.740+0000] {dag.py:3823} INFO - Setting next_dagrun for hn_pipeline to 2026-05-15 06:00:00+00:00, run_after=2026-05-15 07:00:00+00:00
[2026-05-15T06:17:42.748+0000] {processor.py:183} INFO - Processing /opt/airflow/dags/hn_pipeline_dag.py took 0.061 seconds
[2026-05-15T06:18:13.029+0000] {processor.py:161} INFO - Started process (PID=345) to work on /opt/airflow/dags/hn_pipeline_dag.py
[2026-05-15T06:18:13.030+0000] {processor.py:830} INFO - Processing file /opt/airflow/dags/hn_pipeline_dag.py for tasks to queue
[2026-05-15T06:18:13.031+0000] {logging_mixin.py:188} INFO - [2026-05-15T06:18:13.031+0000] {dagbag.py:538} INFO - Filling up the DagBag from /opt/airflow/dags/hn_pipeline_dag.py
[2026-05-15T06:18:13.047+0000] {processor.py:840} INFO - DAG(s) 'hn_pipeline' retrieved from /opt/airflow/dags/hn_pipeline_dag.py
[2026-05-15T06:18:13.067+0000] {logging_mixin.py:188} INFO - [2026-05-15T06:18:13.067+0000] {dag.py:3036} INFO - Sync 1 DAGs
[2026-05-15T06:18:13.079+0000] {logging_mixin.py:188} INFO - [2026-05-15T06:18:13.078+0000] {dag.py:3823} INFO - Setting next_dagrun for hn_pipeline to 2026-05-15 06:00:00+00:00, run_after=2026-05-15 07:00:00+00:00
[2026-05-15T06:18:13.086+0000] {processor.py:183} INFO - Processing /opt/airflow/dags/hn_pipeline_dag.py took 0.062 seconds
[2026-05-15T06:18:43.279+0000] {processor.py:161} INFO - Started process (PID=350) to work on /opt/airflow/dags/hn_pipeline_dag.py
[2026-05-15T06:18:43.281+0000] {processor.py:830} INFO - Processing file /opt/airflow/dags/hn_pipeline_dag.py for tasks to queue
[2026-05-15T06:18:43.282+0000] {logging_mixin.py:188} INFO - [2026-05-15T06:18:43.281+0000] {dagbag.py:538} INFO - Filling up the DagBag from /opt/airflow/dags/hn_pipeline_dag.py
[2026-05-15T06:18:43.295+0000] {processor.py:840} INFO - DAG(s) 'hn_pipeline' retrieved from /opt/airflow/dags/hn_pipeline_dag.py
[2026-05-15T06:18:43.315+0000] {logging_mixin.py:188} INFO - [2026-05-15T06:18:43.315+0000] {dag.py:3036} INFO - Sync 1 DAGs
[2026-05-15T06:18:43.327+0000] {logging_mixin.py:188} INFO - [2026-05-15T06:18:43.327+0000] {dag.py:3823} INFO - Setting next_dagrun for hn_pipeline to 2026-05-15 06:00:00+00:00, run_after=2026-05-15 07:00:00+00:00
[2026-05-15T06:18:43.335+0000] {processor.py:183} INFO - Processing /opt/airflow/dags/hn_pipeline_dag.py took 0.060 seconds
[2026-05-15T06:19:13.652+0000] {processor.py:161} INFO - Started process (PID=358) to work on /opt/airflow/dags/hn_pipeline_dag.py
[2026-05-15T06:19:13.653+0000] {processor.py:830} INFO - Processing file /opt/airflow/dags/hn_pipeline_dag.py for tasks to queue
[2026-05-15T06:19:13.654+0000] {logging_mixin.py:188} INFO - [2026-05-15T06:19:13.654+0000] {dagbag.py:538} INFO - Filling up the DagBag from /opt/airflow/dags/hn_pipeline_dag.py
[2026-05-15T06:19:13.670+0000] {processor.py:840} INFO - DAG(s) 'hn_pipeline' retrieved from /opt/airflow/dags/hn_pipeline_dag.py
[2026-05-15T06:19:13.692+0000] {logging_mixin.py:188} INFO - [2026-05-15T06:19:13.692+0000] {dag.py:3036} INFO - Sync 1 DAGs
[2026-05-15T06:19:13.703+0000] {logging_mixin.py:188} INFO - [2026-05-15T06:19:13.703+0000] {dag.py:3823} INFO - Setting next_dagrun for hn_pipeline to 2026-05-15 06:00:00+00:00, run_after=2026-05-15 07:00:00+00:00
[2026-05-15T06:19:13.711+0000] {processor.py:183} INFO - Processing /opt/airflow/dags/hn_pipeline_dag.py took 0.063 seconds
[2026-05-15T06:19:44.001+0000] {processor.py:161} INFO - Started process (PID=363) to work on /opt/airflow/dags/hn_pipeline_dag.py
[2026-05-15T06:19:44.002+0000] {processor.py:830} INFO - Processing file /opt/airflow/dags/hn_pipeline_dag.py for tasks to queue
[2026-05-15T06:19:44.003+0000] {logging_mixin.py:188} INFO - [2026-05-15T06:19:44.002+0000] {dagbag.py:538} INFO - Filling up the DagBag from /opt/airflow/dags/hn_pipeline_dag.py
[2026-05-15T06:19:44.017+0000] {processor.py:840} INFO - DAG(s) 'hn_pipeline' retrieved from /opt/airflow/dags/hn_pipeline_dag.py
[2026-05-15T06:19:44.039+0000] {logging_mixin.py:188} INFO - [2026-05-15T06:19:44.039+0000] {dag.py:3036} INFO - Sync 1 DAGs
[2026-05-15T06:19:44.050+0000] {logging_mixin.py:188} INFO - [2026-05-15T06:19:44.050+0000] {dag.py:3823} INFO - Setting next_dagrun for hn_pipeline to 2026-05-15 06:00:00+00:00, run_after=2026-05-15 07:00:00+00:00
[2026-05-15T06:19:44.058+0000] {processor.py:183} INFO - Processing /opt/airflow/dags/hn_pipeline_dag.py took 0.061 seconds
[2026-05-15T06:20:14.349+0000] {processor.py:161} INFO - Started process (PID=368) to work on /opt/airflow/dags/hn_pipeline_dag.py
[2026-05-15T06:20:14.350+0000] {processor.py:830} INFO - Processing file /opt/airflow/dags/hn_pipeline_dag.py for tasks to queue
[2026-05-15T06:20:14.351+0000] {logging_mixin.py:188} INFO - [2026-05-15T06:20:14.350+0000] {dagbag.py:538} INFO - Filling up the DagBag from /opt/airflow/dags/hn_pipeline_dag.py
[2026-05-15T06:20:14.358+0000] {processor.py:840} INFO - DAG(s) 'hn_pipeline' retrieved from /opt/airflow/dags/hn_pipeline_dag.py
[2026-05-15T06:20:14.372+0000] {logging_mixin.py:188} INFO - [2026-05-15T06:20:14.372+0000] {dag.py:3036} INFO - Sync 1 DAGs
[2026-05-15T06:20:14.382+0000] {logging_mixin.py:188} INFO - [2026-05-15T06:20:14.382+0000] {dag.py:3823} INFO - Setting next_dagrun for hn_pipeline to 2026-05-15 06:00:00+00:00, run_after=2026-05-15 07:00:00+00:00
[2026-05-15T06:20:14.390+0000] {processor.py:183} INFO - Processing /opt/airflow/dags/hn_pipeline_dag.py took 0.043 seconds
[2026-05-15T06:20:44.707+0000] {processor.py:161} INFO - Started process (PID=373) to work on /opt/airflow/dags/hn_pipeline_dag.py
[2026-05-15T06:20:44.708+0000] {processor.py:830} INFO - Processing file /opt/airflow/dags/hn_pipeline_dag.py for tasks to queue
[2026-05-15T06:20:44.709+0000] {logging_mixin.py:188} INFO - [2026-05-15T06:20:44.709+0000] {dagbag.py:538} INFO - Filling up the DagBag from /opt/airflow/dags/hn_pipeline_dag.py
[2026-05-15T06:20:44.724+0000] {processor.py:840} INFO - DAG(s) 'hn_pipeline' retrieved from /opt/airflow/dags/hn_pipeline_dag.py
[2026-05-15T06:20:44.746+0000] {logging_mixin.py:188} INFO - [2026-05-15T06:20:44.746+0000] {dag.py:3036} INFO - Sync 1 DAGs
[2026-05-15T06:20:44.758+0000] {logging_mixin.py:188} INFO - [2026-05-15T06:20:44.758+0000] {dag.py:3823} INFO - Setting next_dagrun for hn_pipeline to 2026-05-15 06:00:00+00:00, run_after=2026-05-15 07:00:00+00:00
[2026-05-15T06:20:44.766+0000] {processor.py:183} INFO - Processing /opt/airflow/dags/hn_pipeline_dag.py took 0.064 seconds
[2026-05-15T06:21:15.044+0000] {processor.py:161} INFO - Started process (PID=378) to work on /opt/airflow/dags/hn_pipeline_dag.py
[2026-05-15T06:21:15.045+0000] {processor.py:830} INFO - Processing file /opt/airflow/dags/hn_pipeline_dag.py for tasks to queue
[2026-05-15T06:21:15.046+0000] {logging_mixin.py:188} INFO - [2026-05-15T06:21:15.046+0000] {dagbag.py:538} INFO - Filling up the DagBag from /opt/airflow/dags/hn_pipeline_dag.py
[2026-05-15T06:21:15.059+0000] {processor.py:840} INFO - DAG(s) 'hn_pipeline' retrieved from /opt/airflow/dags/hn_pipeline_dag.py
[2026-05-15T06:21:15.079+0000] {logging_mixin.py:188} INFO - [2026-05-15T06:21:15.079+0000] {dag.py:3036} INFO - Sync 1 DAGs
[2026-05-15T06:21:15.090+0000] {logging_mixin.py:188} INFO - [2026-05-15T06:21:15.090+0000] {dag.py:3823} INFO - Setting next_dagrun for hn_pipeline to 2026-05-15 06:00:00+00:00, run_after=2026-05-15 07:00:00+00:00
[2026-05-15T06:21:15.098+0000] {processor.py:183} INFO - Processing /opt/airflow/dags/hn_pipeline_dag.py took 0.058 seconds
[2026-05-15T06:21:45.318+0000] {processor.py:161} INFO - Started process (PID=383) to work on /opt/airflow/dags/hn_pipeline_dag.py
[2026-05-15T06:21:45.319+0000] {processor.py:830} INFO - Processing file /opt/airflow/dags/hn_pipeline_dag.py for tasks to queue
[2026-05-15T06:21:45.320+0000] {logging_mixin.py:188} INFO - [2026-05-15T06:21:45.320+0000] {dagbag.py:538} INFO - Filling up the DagBag from /opt/airflow/dags/hn_pipeline_dag.py
[2026-05-15T06:21:45.334+0000] {processor.py:840} INFO - DAG(s) 'hn_pipeline' retrieved from /opt/airflow/dags/hn_pipeline_dag.py
[2026-05-15T06:21:45.354+0000] {logging_mixin.py:188} INFO - [2026-05-15T06:21:45.354+0000] {dag.py:3036} INFO - Sync 1 DAGs
[2026-05-15T06:21:45.365+0000] {logging_mixin.py:188} INFO - [2026-05-15T06:21:45.365+0000] {dag.py:3823} INFO - Setting next_dagrun for hn_pipeline to 2026-05-15 06:00:00+00:00, run_after=2026-05-15 07:00:00+00:00
[2026-05-15T06:21:45.373+0000] {processor.py:183} INFO - Processing /opt/airflow/dags/hn_pipeline_dag.py took 0.059 seconds
[2026-05-15T06:22:15.682+0000] {processor.py:161} INFO - Started process (PID=388) to work on /opt/airflow/dags/hn_pipeline_dag.py
[2026-05-15T06:22:15.684+0000] {processor.py:830} INFO - Processing file /opt/airflow/dags/hn_pipeline_dag.py for tasks to queue
[2026-05-15T06:22:15.685+0000] {logging_mixin.py:188} INFO - [2026-05-15T06:22:15.684+0000] {dagbag.py:538} INFO - Filling up the DagBag from /opt/airflow/dags/hn_pipeline_dag.py
[2026-05-15T06:22:15.699+0000] {processor.py:840} INFO - DAG(s) 'hn_pipeline' retrieved from /opt/airflow/dags/hn_pipeline_dag.py
[2026-05-15T06:22:15.720+0000] {logging_mixin.py:188} INFO - [2026-05-15T06:22:15.720+0000] {dag.py:3036} INFO - Sync 1 DAGs
[2026-05-15T06:22:15.731+0000] {logging_mixin.py:188} INFO - [2026-05-15T06:22:15.731+0000] {dag.py:3823} INFO - Setting next_dagrun for hn_pipeline to 2026-05-15 06:00:00+00:00, run_after=2026-05-15 07:00:00+00:00
[2026-05-15T06:22:15.739+0000] {processor.py:183} INFO - Processing /opt/airflow/dags/hn_pipeline_dag.py took 0.061 seconds
[2026-05-15T06:22:46.032+0000] {processor.py:161} INFO - Started process (PID=393) to work on /opt/airflow/dags/hn_pipeline_dag.py
[2026-05-15T06:22:46.033+0000] {processor.py:830} INFO - Processing file /opt/airflow/dags/hn_pipeline_dag.py for tasks to queue
[2026-05-15T06:22:46.035+0000] {logging_mixin.py:188} INFO - [2026-05-15T06:22:46.034+0000] {dagbag.py:538} INFO - Filling up the DagBag from /opt/airflow/dags/hn_pipeline_dag.py
[2026-05-15T06:22:46.054+0000] {processor.py:840} INFO - DAG(s) 'hn_pipeline' retrieved from /opt/airflow/dags/hn_pipeline_dag.py
[2026-05-15T06:22:46.076+0000] {logging_mixin.py:188} INFO - [2026-05-15T06:22:46.076+0000] {dag.py:3036} INFO - Sync 1 DAGs
[2026-05-15T06:22:46.088+0000] {logging_mixin.py:188} INFO - [2026-05-15T06:22:46.088+0000] {dag.py:3823} INFO - Setting next_dagrun for hn_pipeline to 2026-05-15 06:00:00+00:00, run_after=2026-05-15 07:00:00+00:00
[2026-05-15T06:22:46.096+0000] {processor.py:183} INFO - Processing /opt/airflow/dags/hn_pipeline_dag.py took 0.069 seconds
[2026-05-15T06:23:16.381+0000] {processor.py:161} INFO - Started process (PID=398) to work on /opt/airflow/dags/hn_pipeline_dag.py
[2026-05-15T06:23:16.382+0000] {processor.py:830} INFO - Processing file /opt/airflow/dags/hn_pipeline_dag.py for tasks to queue
[2026-05-15T06:23:16.383+0000] {logging_mixin.py:188} INFO - [2026-05-15T06:23:16.383+0000] {dagbag.py:538} INFO - Filling up the DagBag from /opt/airflow/dags/hn_pipeline_dag.py
[2026-05-15T06:23:16.396+0000] {processor.py:840} INFO - DAG(s) 'hn_pipeline' retrieved from /opt/airflow/dags/hn_pipeline_dag.py
[2026-05-15T06:23:16.417+0000] {logging_mixin.py:188} INFO - [2026-05-15T06:23:16.416+0000] {dag.py:3036} INFO - Sync 1 DAGs
[2026-05-15T06:23:16.429+0000] {logging_mixin.py:188} INFO - [2026-05-15T06:23:16.429+0000] {dag.py:3823} INFO - Setting next_dagrun for hn_pipeline to 2026-05-15 06:00:00+00:00, run_after=2026-05-15 07:00:00+00:00
[2026-05-15T06:23:16.437+0000] {processor.py:183} INFO - Processing /opt/airflow/dags/hn_pipeline_dag.py took 0.061 seconds
[2026-05-15T06:23:46.741+0000] {processor.py:161} INFO - Started process (PID=403) to work on /opt/airflow/dags/hn_pipeline_dag.py
[2026-05-15T06:23:46.742+0000] {processor.py:830} INFO - Processing file /opt/airflow/dags/hn_pipeline_dag.py for tasks to queue
[2026-05-15T06:23:46.743+0000] {logging_mixin.py:188} INFO - [2026-05-15T06:23:46.743+0000] {dagbag.py:538} INFO - Filling up the DagBag from /opt/airflow/dags/hn_pipeline_dag.py
[2026-05-15T06:23:46.757+0000] {processor.py:840} INFO - DAG(s) 'hn_pipeline' retrieved from /opt/airflow/dags/hn_pipeline_dag.py
[2026-05-15T06:23:46.776+0000] {logging_mixin.py:188} INFO - [2026-05-15T06:23:46.776+0000] {dag.py:3036} INFO - Sync 1 DAGs
[2026-05-15T06:23:46.787+0000] {logging_mixin.py:188} INFO - [2026-05-15T06:23:46.787+0000] {dag.py:3823} INFO - Setting next_dagrun for hn_pipeline to 2026-05-15 06:00:00+00:00, run_after=2026-05-15 07:00:00+00:00
[2026-05-15T06:23:46.795+0000] {processor.py:183} INFO - Processing /opt/airflow/dags/hn_pipeline_dag.py took 0.058 seconds
[2026-05-15T06:24:17.024+0000] {processor.py:161} INFO - Started process (PID=411) to work on /opt/airflow/dags/hn_pipeline_dag.py
[2026-05-15T06:24:17.026+0000] {processor.py:830} INFO - Processing file /opt/airflow/dags/hn_pipeline_dag.py for tasks to queue
[2026-05-15T06:24:17.027+0000] {logging_mixin.py:188} INFO - [2026-05-15T06:24:17.026+0000] {dagbag.py:538} INFO - Filling up the DagBag from /opt/airflow/dags/hn_pipeline_dag.py
[2026-05-15T06:24:17.043+0000] {processor.py:840} INFO - DAG(s) 'hn_pipeline' retrieved from /opt/airflow/dags/hn_pipeline_dag.py
[2026-05-15T06:24:17.066+0000] {logging_mixin.py:188} INFO - [2026-05-15T06:24:17.065+0000] {dag.py:3036} INFO - Sync 1 DAGs
[2026-05-15T06:24:17.077+0000] {logging_mixin.py:188} INFO - [2026-05-15T06:24:17.076+0000] {dag.py:3823} INFO - Setting next_dagrun for hn_pipeline to 2026-05-15 06:00:00+00:00, run_after=2026-05-15 07:00:00+00:00
[2026-05-15T06:24:17.083+0000] {processor.py:183} INFO - Processing /opt/airflow/dags/hn_pipeline_dag.py took 0.063 seconds
[2026-05-15T06:24:47.343+0000] {processor.py:161} INFO - Started process (PID=416) to work on /opt/airflow/dags/hn_pipeline_dag.py
[2026-05-15T06:24:47.344+0000] {processor.py:830} INFO - Processing file /opt/airflow/dags/hn_pipeline_dag.py for tasks to queue
[2026-05-15T06:24:47.344+0000] {logging_mixin.py:188} INFO - [2026-05-15T06:24:47.344+0000] {dagbag.py:538} INFO - Filling up the DagBag from /opt/airflow/dags/hn_pipeline_dag.py
[2026-05-15T06:24:47.356+0000] {processor.py:840} INFO - DAG(s) 'hn_pipeline' retrieved from /opt/airflow/dags/hn_pipeline_dag.py
[2026-05-15T06:24:47.374+0000] {logging_mixin.py:188} INFO - [2026-05-15T06:24:47.374+0000] {dag.py:3036} INFO - Sync 1 DAGs
[2026-05-15T06:24:47.387+0000] {logging_mixin.py:188} INFO - [2026-05-15T06:24:47.387+0000] {dag.py:3823} INFO - Setting next_dagrun for hn_pipeline to 2026-05-15 06:00:00+00:00, run_after=2026-05-15 07:00:00+00:00
[2026-05-15T06:24:47.396+0000] {processor.py:183} INFO - Processing /opt/airflow/dags/hn_pipeline_dag.py took 0.056 seconds
[2026-05-15T06:25:17.727+0000] {processor.py:161} INFO - Started process (PID=421) to work on /opt/airflow/dags/hn_pipeline_dag.py
[2026-05-15T06:25:17.729+0000] {processor.py:830} INFO - Processing file /opt/airflow/dags/hn_pipeline_dag.py for tasks to queue
[2026-05-15T06:25:17.730+0000] {logging_mixin.py:188} INFO - [2026-05-15T06:25:17.729+0000] {dagbag.py:538} INFO - Filling up the DagBag from /opt/airflow/dags/hn_pipeline_dag.py
[2026-05-15T06:25:17.744+0000] {processor.py:840} INFO - DAG(s) 'hn_pipeline' retrieved from /opt/airflow/dags/hn_pipeline_dag.py
[2026-05-15T06:25:17.764+0000] {logging_mixin.py:188} INFO - [2026-05-15T06:25:17.763+0000] {dag.py:3036} INFO - Sync 1 DAGs
[2026-05-15T06:25:17.775+0000] {logging_mixin.py:188} INFO - [2026-05-15T06:25:17.775+0000] {dag.py:3823} INFO - Setting next_dagrun for hn_pipeline to 2026-05-15 06:00:00+00:00, run_after=2026-05-15 07:00:00+00:00
[2026-05-15T06:25:17.782+0000] {processor.py:183} INFO - Processing /opt/airflow/dags/hn_pipeline_dag.py took 0.059 seconds
[2026-05-15T06:25:48.110+0000] {processor.py:161} INFO - Started process (PID=426) to work on /opt/airflow/dags/hn_pipeline_dag.py
[2026-05-15T06:25:48.112+0000] {processor.py:830} INFO - Processing file /opt/airflow/dags/hn_pipeline_dag.py for tasks to queue
[2026-05-15T06:25:48.113+0000] {logging_mixin.py:188} INFO - [2026-05-15T06:25:48.113+0000] {dagbag.py:538} INFO - Filling up the DagBag from /opt/airflow/dags/hn_pipeline_dag.py
[2026-05-15T06:25:48.127+0000] {processor.py:840} INFO - DAG(s) 'hn_pipeline' retrieved from /opt/airflow/dags/hn_pipeline_dag.py
[2026-05-15T06:25:48.149+0000] {logging_mixin.py:188} INFO - [2026-05-15T06:25:48.149+0000] {dag.py:3036} INFO - Sync 1 DAGs
[2026-05-15T06:25:48.160+0000] {logging_mixin.py:188} INFO - [2026-05-15T06:25:48.160+0000] {dag.py:3823} INFO - Setting next_dagrun for hn_pipeline to 2026-05-15 06:00:00+00:00, run_after=2026-05-15 07:00:00+00:00
[2026-05-15T06:25:48.167+0000] {processor.py:183} INFO - Processing /opt/airflow/dags/hn_pipeline_dag.py took 0.061 seconds
[2026-05-15T06:26:18.409+0000] {processor.py:161} INFO - Started process (PID=431) to work on /opt/airflow/dags/hn_pipeline_dag.py
[2026-05-15T06:26:18.410+0000] {processor.py:830} INFO - Processing file /opt/airflow/dags/hn_pipeline_dag.py for tasks to queue
[2026-05-15T06:26:18.411+0000] {logging_mixin.py:188} INFO - [2026-05-15T06:26:18.411+0000] {dagbag.py:538} INFO - Filling up the DagBag from /opt/airflow/dags/hn_pipeline_dag.py
[2026-05-15T06:26:18.425+0000] {processor.py:840} INFO - DAG(s) 'hn_pipeline' retrieved from /opt/airflow/dags/hn_pipeline_dag.py
[2026-05-15T06:26:18.445+0000] {logging_mixin.py:188} INFO - [2026-05-15T06:26:18.445+0000] {dag.py:3036} INFO - Sync 1 DAGs
[2026-05-15T06:26:18.456+0000] {logging_mixin.py:188} INFO - [2026-05-15T06:26:18.456+0000] {dag.py:3823} INFO - Setting next_dagrun for hn_pipeline to 2026-05-15 06:00:00+00:00, run_after=2026-05-15 07:00:00+00:00
[2026-05-15T06:26:18.463+0000] {processor.py:183} INFO - Processing /opt/airflow/dags/hn_pipeline_dag.py took 0.058 seconds
[2026-05-15T06:26:48.696+0000] {processor.py:161} INFO - Started process (PID=436) to work on /opt/airflow/dags/hn_pipeline_dag.py
[2026-05-15T06:26:48.697+0000] {processor.py:830} INFO - Processing file /opt/airflow/dags/hn_pipeline_dag.py for tasks to queue
[2026-05-15T06:26:48.698+0000] {logging_mixin.py:188} INFO - [2026-05-15T06:26:48.698+0000] {dagbag.py:538} INFO - Filling up the DagBag from /opt/airflow/dags/hn_pipeline_dag.py
[2026-05-15T06:26:48.711+0000] {processor.py:840} INFO - DAG(s) 'hn_pipeline' retrieved from /opt/airflow/dags/hn_pipeline_dag.py
[2026-05-15T06:26:48.731+0000] {logging_mixin.py:188} INFO - [2026-05-15T06:26:48.731+0000] {dag.py:3036} INFO - Sync 1 DAGs
[2026-05-15T06:26:48.742+0000] {logging_mixin.py:188} INFO - [2026-05-15T06:26:48.742+0000] {dag.py:3823} INFO - Setting next_dagrun for hn_pipeline to 2026-05-15 06:00:00+00:00, run_after=2026-05-15 07:00:00+00:00
[2026-05-15T06:26:48.749+0000] {processor.py:183} INFO - Processing /opt/airflow/dags/hn_pipeline_dag.py took 0.057 seconds
[2026-05-15T06:27:18.936+0000] {processor.py:161} INFO - Started process (PID=441) to work on /opt/airflow/dags/hn_pipeline_dag.py
[2026-05-15T06:27:18.936+0000] {processor.py:830} INFO - Processing file /opt/airflow/dags/hn_pipeline_dag.py for tasks to queue
[2026-05-15T06:27:18.937+0000] {logging_mixin.py:188} INFO - [2026-05-15T06:27:18.937+0000] {dagbag.py:538} INFO - Filling up the DagBag from /opt/airflow/dags/hn_pipeline_dag.py
[2026-05-15T06:27:18.952+0000] {processor.py:840} INFO - DAG(s) 'hn_pipeline' retrieved from /opt/airflow/dags/hn_pipeline_dag.py
[2026-05-15T06:27:18.967+0000] {logging_mixin.py:188} INFO - [2026-05-15T06:27:18.966+0000] {dag.py:3036} INFO - Sync 1 DAGs
[2026-05-15T06:27:18.977+0000] {logging_mixin.py:188} INFO - [2026-05-15T06:27:18.977+0000] {dag.py:3823} INFO - Setting next_dagrun for hn_pipeline to 2026-05-15 06:00:00+00:00, run_after=2026-05-15 07:00:00+00:00
[2026-05-15T06:27:18.984+0000] {processor.py:183} INFO - Processing /opt/airflow/dags/hn_pipeline_dag.py took 0.051 seconds
[2026-05-15T06:27:49.184+0000] {processor.py:161} INFO - Started process (PID=446) to work on /opt/airflow/dags/hn_pipeline_dag.py
[2026-05-15T06:27:49.185+0000] {processor.py:830} INFO - Processing file /opt/airflow/dags/hn_pipeline_dag.py for tasks to queue
[2026-05-15T06:27:49.185+0000] {logging_mixin.py:188} INFO - [2026-05-15T06:27:49.185+0000] {dagbag.py:538} INFO - Filling up the DagBag from /opt/airflow/dags/hn_pipeline_dag.py
[2026-05-15T06:27:49.194+0000] {processor.py:840} INFO - DAG(s) 'hn_pipeline' retrieved from /opt/airflow/dags/hn_pipeline_dag.py
[2026-05-15T06:27:49.211+0000] {logging_mixin.py:188} INFO - [2026-05-15T06:27:49.210+0000] {dag.py:3036} INFO - Sync 1 DAGs
[2026-05-15T06:27:49.222+0000] {logging_mixin.py:188} INFO - [2026-05-15T06:27:49.221+0000] {dag.py:3823} INFO - Setting next_dagrun for hn_pipeline to 2026-05-15 06:00:00+00:00, run_after=2026-05-15 07:00:00+00:00
[2026-05-15T06:27:49.229+0000] {processor.py:183} INFO - Processing /opt/airflow/dags/hn_pipeline_dag.py took 0.049 seconds
[2026-05-15T06:28:19.475+0000] {processor.py:161} INFO - Started process (PID=451) to work on /opt/airflow/dags/hn_pipeline_dag.py
[2026-05-15T06:28:19.476+0000] {processor.py:830} INFO - Processing file /opt/airflow/dags/hn_pipeline_dag.py for tasks to queue
[2026-05-15T06:28:19.476+0000] {logging_mixin.py:188} INFO - [2026-05-15T06:28:19.476+0000] {dagbag.py:538} INFO - Filling up the DagBag from /opt/airflow/dags/hn_pipeline_dag.py
[2026-05-15T06:28:19.485+0000] {processor.py:840} INFO - DAG(s) 'hn_pipeline' retrieved from /opt/airflow/dags/hn_pipeline_dag.py
[2026-05-15T06:28:19.502+0000] {logging_mixin.py:188} INFO - [2026-05-15T06:28:19.502+0000] {dag.py:3036} INFO - Sync 1 DAGs
[2026-05-15T06:28:19.514+0000] {logging_mixin.py:188} INFO - [2026-05-15T06:28:19.513+0000] {dag.py:3823} INFO - Setting next_dagrun for hn_pipeline to 2026-05-15 06:00:00+00:00, run_after=2026-05-15 07:00:00+00:00
[2026-05-15T06:28:19.521+0000] {processor.py:183} INFO - Processing /opt/airflow/dags/hn_pipeline_dag.py took 0.049 seconds
[2026-05-15T06:28:49.784+0000] {processor.py:161} INFO - Started process (PID=456) to work on /opt/airflow/dags/hn_pipeline_dag.py
[2026-05-15T06:28:49.786+0000] {processor.py:830} INFO - Processing file /opt/airflow/dags/hn_pipeline_dag.py for tasks to queue
[2026-05-15T06:28:49.787+0000] {logging_mixin.py:188} INFO - [2026-05-15T06:28:49.786+0000] {dagbag.py:538} INFO - Filling up the DagBag from /opt/airflow/dags/hn_pipeline_dag.py
[2026-05-15T06:28:49.806+0000] {processor.py:840} INFO - DAG(s) 'hn_pipeline' retrieved from /opt/airflow/dags/hn_pipeline_dag.py
[2026-05-15T06:28:49.824+0000] {logging_mixin.py:188} INFO - [2026-05-15T06:28:49.824+0000] {dag.py:3036} INFO - Sync 1 DAGs
[2026-05-15T06:28:49.835+0000] {logging_mixin.py:188} INFO - [2026-05-15T06:28:49.835+0000] {dag.py:3823} INFO - Setting next_dagrun for hn_pipeline to 2026-05-15 06:00:00+00:00, run_after=2026-05-15 07:00:00+00:00
[2026-05-15T06:28:49.842+0000] {processor.py:183} INFO - Processing /opt/airflow/dags/hn_pipeline_dag.py took 0.063 seconds
[2026-05-15T06:29:17.029+0000] {processor.py:161} INFO - Started process (PID=461) to work on /opt/airflow/dags/hn_pipeline_dag.py
[2026-05-15T06:29:17.030+0000] {processor.py:830} INFO - Processing file /opt/airflow/dags/hn_pipeline_dag.py for tasks to queue
[2026-05-15T06:29:17.031+0000] {logging_mixin.py:188} INFO - [2026-05-15T06:29:17.030+0000] {dagbag.py:538} INFO - Filling up the DagBag from /opt/airflow/dags/hn_pipeline_dag.py
[2026-05-15T06:29:17.047+0000] {logging_mixin.py:188} INFO - [2026-05-15T06:29:17.045+0000] {dagbag.py:348} ERROR - Failed to import: /opt/airflow/dags/hn_pipeline_dag.py
Traceback (most recent call last):
  File "/home/airflow/.local/lib/python3.8/site-packages/airflow/models/dagbag.py", line 344, in parse
    loader.exec_module(new_module)
  File "<frozen importlib._bootstrap_external>", line 843, in exec_module
  File "<frozen importlib._bootstrap>", line 219, in _call_with_frames_removed
  File "/opt/airflow/dags/hn_pipeline_dag.py", line 218, in <module>
    ingest_task >> spark_task >> dq_task
NameError: name 'spark_task' is not defined
[2026-05-15T06:29:17.048+0000] {processor.py:842} WARNING - No viable dags retrieved from /opt/airflow/dags/hn_pipeline_dag.py
[2026-05-15T06:29:17.061+0000] {processor.py:183} INFO - Processing /opt/airflow/dags/hn_pipeline_dag.py took 0.035 seconds
[2026-05-15T06:29:59.633+0000] {processor.py:161} INFO - Started process (PID=179) to work on /opt/airflow/dags/hn_pipeline_dag.py
[2026-05-15T06:29:59.635+0000] {processor.py:830} INFO - Processing file /opt/airflow/dags/hn_pipeline_dag.py for tasks to queue
[2026-05-15T06:29:59.636+0000] {logging_mixin.py:188} INFO - [2026-05-15T06:29:59.636+0000] {dagbag.py:538} INFO - Filling up the DagBag from /opt/airflow/dags/hn_pipeline_dag.py
[2026-05-15T06:29:59.645+0000] {logging_mixin.py:188} INFO - [2026-05-15T06:29:59.642+0000] {dagbag.py:348} ERROR - Failed to import: /opt/airflow/dags/hn_pipeline_dag.py
Traceback (most recent call last):
  File "/home/airflow/.local/lib/python3.8/site-packages/airflow/models/dagbag.py", line 344, in parse
    loader.exec_module(new_module)
  File "<frozen importlib._bootstrap_external>", line 843, in exec_module
  File "<frozen importlib._bootstrap>", line 219, in _call_with_frames_removed
  File "/opt/airflow/dags/hn_pipeline_dag.py", line 218, in <module>
    ingest_task >> spark_task >> dq_task
NameError: name 'spark_task' is not defined
[2026-05-15T06:29:59.645+0000] {processor.py:842} WARNING - No viable dags retrieved from /opt/airflow/dags/hn_pipeline_dag.py
[2026-05-15T06:29:59.657+0000] {processor.py:183} INFO - Processing /opt/airflow/dags/hn_pipeline_dag.py took 0.028 seconds
[2026-05-15T06:30:29.880+0000] {processor.py:161} INFO - Started process (PID=185) to work on /opt/airflow/dags/hn_pipeline_dag.py
[2026-05-15T06:30:29.881+0000] {processor.py:830} INFO - Processing file /opt/airflow/dags/hn_pipeline_dag.py for tasks to queue
[2026-05-15T06:30:29.882+0000] {logging_mixin.py:188} INFO - [2026-05-15T06:30:29.882+0000] {dagbag.py:538} INFO - Filling up the DagBag from /opt/airflow/dags/hn_pipeline_dag.py
[2026-05-15T06:30:29.894+0000] {logging_mixin.py:188} INFO - [2026-05-15T06:30:29.891+0000] {dagbag.py:348} ERROR - Failed to import: /opt/airflow/dags/hn_pipeline_dag.py
Traceback (most recent call last):
  File "/home/airflow/.local/lib/python3.8/site-packages/airflow/models/dagbag.py", line 344, in parse
    loader.exec_module(new_module)
  File "<frozen importlib._bootstrap_external>", line 843, in exec_module
  File "<frozen importlib._bootstrap>", line 219, in _call_with_frames_removed
  File "/opt/airflow/dags/hn_pipeline_dag.py", line 218, in <module>
    ingest_task >> spark_task >> dq_task
NameError: name 'spark_task' is not defined
[2026-05-15T06:30:29.894+0000] {processor.py:842} WARNING - No viable dags retrieved from /opt/airflow/dags/hn_pipeline_dag.py
[2026-05-15T06:30:29.914+0000] {processor.py:183} INFO - Processing /opt/airflow/dags/hn_pipeline_dag.py took 0.038 seconds
[2026-05-15T06:31:00.105+0000] {processor.py:161} INFO - Started process (PID=190) to work on /opt/airflow/dags/hn_pipeline_dag.py
[2026-05-15T06:31:00.105+0000] {processor.py:830} INFO - Processing file /opt/airflow/dags/hn_pipeline_dag.py for tasks to queue
[2026-05-15T06:31:00.106+0000] {logging_mixin.py:188} INFO - [2026-05-15T06:31:00.106+0000] {dagbag.py:538} INFO - Filling up the DagBag from /opt/airflow/dags/hn_pipeline_dag.py
[2026-05-15T06:31:00.115+0000] {logging_mixin.py:188} INFO - [2026-05-15T06:31:00.113+0000] {dagbag.py:348} ERROR - Failed to import: /opt/airflow/dags/hn_pipeline_dag.py
Traceback (most recent call last):
  File "/home/airflow/.local/lib/python3.8/site-packages/airflow/models/dagbag.py", line 344, in parse
    loader.exec_module(new_module)
  File "<frozen importlib._bootstrap_external>", line 843, in exec_module
  File "<frozen importlib._bootstrap>", line 219, in _call_with_frames_removed
  File "/opt/airflow/dags/hn_pipeline_dag.py", line 218, in <module>
    ingest_task >> spark_task >> dq_task
NameError: name 'spark_task' is not defined
[2026-05-15T06:31:00.115+0000] {processor.py:842} WARNING - No viable dags retrieved from /opt/airflow/dags/hn_pipeline_dag.py
[2026-05-15T06:31:00.145+0000] {processor.py:183} INFO - Processing /opt/airflow/dags/hn_pipeline_dag.py took 0.044 seconds
[2026-05-15T06:31:30.214+0000] {processor.py:161} INFO - Started process (PID=195) to work on /opt/airflow/dags/hn_pipeline_dag.py
[2026-05-15T06:31:30.215+0000] {processor.py:830} INFO - Processing file /opt/airflow/dags/hn_pipeline_dag.py for tasks to queue
[2026-05-15T06:31:30.216+0000] {logging_mixin.py:188} INFO - [2026-05-15T06:31:30.215+0000] {dagbag.py:538} INFO - Filling up the DagBag from /opt/airflow/dags/hn_pipeline_dag.py
[2026-05-15T06:31:30.228+0000] {logging_mixin.py:188} INFO - [2026-05-15T06:31:30.226+0000] {dagbag.py:348} ERROR - Failed to import: /opt/airflow/dags/hn_pipeline_dag.py
Traceback (most recent call last):
  File "/home/airflow/.local/lib/python3.8/site-packages/airflow/models/dagbag.py", line 344, in parse
    loader.exec_module(new_module)
  File "<frozen importlib._bootstrap_external>", line 843, in exec_module
  File "<frozen importlib._bootstrap>", line 219, in _call_with_frames_removed
  File "/opt/airflow/dags/hn_pipeline_dag.py", line 218, in <module>
    ingest_task >> spark_task >> dq_task
NameError: name 'spark_task' is not defined
[2026-05-15T06:31:30.229+0000] {processor.py:842} WARNING - No viable dags retrieved from /opt/airflow/dags/hn_pipeline_dag.py
[2026-05-15T06:31:30.249+0000] {processor.py:183} INFO - Processing /opt/airflow/dags/hn_pipeline_dag.py took 0.039 seconds
[2026-05-15T06:32:00.547+0000] {processor.py:161} INFO - Started process (PID=200) to work on /opt/airflow/dags/hn_pipeline_dag.py
[2026-05-15T06:32:00.548+0000] {processor.py:830} INFO - Processing file /opt/airflow/dags/hn_pipeline_dag.py for tasks to queue
[2026-05-15T06:32:00.549+0000] {logging_mixin.py:188} INFO - [2026-05-15T06:32:00.548+0000] {dagbag.py:538} INFO - Filling up the DagBag from /opt/airflow/dags/hn_pipeline_dag.py
[2026-05-15T06:32:00.560+0000] {logging_mixin.py:188} INFO - [2026-05-15T06:32:00.558+0000] {dagbag.py:348} ERROR - Failed to import: /opt/airflow/dags/hn_pipeline_dag.py
Traceback (most recent call last):
  File "/home/airflow/.local/lib/python3.8/site-packages/airflow/models/dagbag.py", line 344, in parse
    loader.exec_module(new_module)
  File "<frozen importlib._bootstrap_external>", line 843, in exec_module
  File "<frozen importlib._bootstrap>", line 219, in _call_with_frames_removed
  File "/opt/airflow/dags/hn_pipeline_dag.py", line 218, in <module>
    ingest_task >> spark_task >> dq_task
NameError: name 'spark_task' is not defined
[2026-05-15T06:32:00.560+0000] {processor.py:842} WARNING - No viable dags retrieved from /opt/airflow/dags/hn_pipeline_dag.py
[2026-05-15T06:32:00.576+0000] {processor.py:183} INFO - Processing /opt/airflow/dags/hn_pipeline_dag.py took 0.034 seconds
[2026-05-15T06:32:30.942+0000] {processor.py:161} INFO - Started process (PID=205) to work on /opt/airflow/dags/hn_pipeline_dag.py
[2026-05-15T06:32:30.943+0000] {processor.py:830} INFO - Processing file /opt/airflow/dags/hn_pipeline_dag.py for tasks to queue
[2026-05-15T06:32:30.944+0000] {logging_mixin.py:188} INFO - [2026-05-15T06:32:30.944+0000] {dagbag.py:538} INFO - Filling up the DagBag from /opt/airflow/dags/hn_pipeline_dag.py
[2026-05-15T06:32:30.955+0000] {logging_mixin.py:188} INFO - [2026-05-15T06:32:30.954+0000] {dagbag.py:348} ERROR - Failed to import: /opt/airflow/dags/hn_pipeline_dag.py
Traceback (most recent call last):
  File "/home/airflow/.local/lib/python3.8/site-packages/airflow/models/dagbag.py", line 344, in parse
    loader.exec_module(new_module)
  File "<frozen importlib._bootstrap_external>", line 843, in exec_module
  File "<frozen importlib._bootstrap>", line 219, in _call_with_frames_removed
  File "/opt/airflow/dags/hn_pipeline_dag.py", line 218, in <module>
    ingest_task >> spark_task >> dq_task
NameError: name 'spark_task' is not defined
[2026-05-15T06:32:30.955+0000] {processor.py:842} WARNING - No viable dags retrieved from /opt/airflow/dags/hn_pipeline_dag.py
[2026-05-15T06:32:30.972+0000] {processor.py:183} INFO - Processing /opt/airflow/dags/hn_pipeline_dag.py took 0.034 seconds
[2026-05-15T06:33:01.330+0000] {processor.py:161} INFO - Started process (PID=210) to work on /opt/airflow/dags/hn_pipeline_dag.py
[2026-05-15T06:33:01.331+0000] {processor.py:830} INFO - Processing file /opt/airflow/dags/hn_pipeline_dag.py for tasks to queue
[2026-05-15T06:33:01.332+0000] {logging_mixin.py:188} INFO - [2026-05-15T06:33:01.332+0000] {dagbag.py:538} INFO - Filling up the DagBag from /opt/airflow/dags/hn_pipeline_dag.py
[2026-05-15T06:33:01.343+0000] {logging_mixin.py:188} INFO - [2026-05-15T06:33:01.342+0000] {dagbag.py:348} ERROR - Failed to import: /opt/airflow/dags/hn_pipeline_dag.py
Traceback (most recent call last):
  File "/home/airflow/.local/lib/python3.8/site-packages/airflow/models/dagbag.py", line 344, in parse
    loader.exec_module(new_module)
  File "<frozen importlib._bootstrap_external>", line 843, in exec_module
  File "<frozen importlib._bootstrap>", line 219, in _call_with_frames_removed
  File "/opt/airflow/dags/hn_pipeline_dag.py", line 218, in <module>
    ingest_task >> spark_task >> dq_task
NameError: name 'spark_task' is not defined
[2026-05-15T06:33:01.344+0000] {processor.py:842} WARNING - No viable dags retrieved from /opt/airflow/dags/hn_pipeline_dag.py
[2026-05-15T06:33:01.361+0000] {processor.py:183} INFO - Processing /opt/airflow/dags/hn_pipeline_dag.py took 0.035 seconds
[2026-05-15T06:33:31.649+0000] {processor.py:161} INFO - Started process (PID=215) to work on /opt/airflow/dags/hn_pipeline_dag.py
[2026-05-15T06:33:31.650+0000] {processor.py:830} INFO - Processing file /opt/airflow/dags/hn_pipeline_dag.py for tasks to queue
[2026-05-15T06:33:31.650+0000] {logging_mixin.py:188} INFO - [2026-05-15T06:33:31.650+0000] {dagbag.py:538} INFO - Filling up the DagBag from /opt/airflow/dags/hn_pipeline_dag.py
[2026-05-15T06:33:31.659+0000] {logging_mixin.py:188} INFO - [2026-05-15T06:33:31.658+0000] {dagbag.py:348} ERROR - Failed to import: /opt/airflow/dags/hn_pipeline_dag.py
Traceback (most recent call last):
  File "/home/airflow/.local/lib/python3.8/site-packages/airflow/models/dagbag.py", line 344, in parse
    loader.exec_module(new_module)
  File "<frozen importlib._bootstrap_external>", line 843, in exec_module
  File "<frozen importlib._bootstrap>", line 219, in _call_with_frames_removed
  File "/opt/airflow/dags/hn_pipeline_dag.py", line 218, in <module>
    ingest_task >> spark_task >> dq_task
NameError: name 'spark_task' is not defined
[2026-05-15T06:33:31.659+0000] {processor.py:842} WARNING - No viable dags retrieved from /opt/airflow/dags/hn_pipeline_dag.py
[2026-05-15T06:33:31.673+0000] {processor.py:183} INFO - Processing /opt/airflow/dags/hn_pipeline_dag.py took 0.027 seconds
[2026-05-15T06:34:10.316+0000] {processor.py:161} INFO - Started process (PID=220) to work on /opt/airflow/dags/hn_pipeline_dag.py
[2026-05-15T06:34:10.318+0000] {processor.py:830} INFO - Processing file /opt/airflow/dags/hn_pipeline_dag.py for tasks to queue
[2026-05-15T06:34:10.319+0000] {logging_mixin.py:188} INFO - [2026-05-15T06:34:10.318+0000] {dagbag.py:538} INFO - Filling up the DagBag from /opt/airflow/dags/hn_pipeline_dag.py
[2026-05-15T06:34:10.425+0000] {logging_mixin.py:188} INFO - [2026-05-15T06:34:10.397+0000] {dagbag.py:348} ERROR - Failed to import: /opt/airflow/dags/hn_pipeline_dag.py
Traceback (most recent call last):
  File "/home/airflow/.local/lib/python3.8/site-packages/airflow/models/dagbag.py", line 344, in parse
    loader.exec_module(new_module)
  File "<frozen importlib._bootstrap_external>", line 843, in exec_module
  File "<frozen importlib._bootstrap>", line 219, in _call_with_frames_removed
  File "/opt/airflow/dags/hn_pipeline_dag.py", line 218, in <module>
    ingest_task >> spark_task >> dq_task
NameError: name 'spark_task' is not defined
[2026-05-15T06:34:10.466+0000] {processor.py:842} WARNING - No viable dags retrieved from /opt/airflow/dags/hn_pipeline_dag.py
[2026-05-15T06:34:15.266+0000] {processor.py:183} INFO - Processing /opt/airflow/dags/hn_pipeline_dag.py took 5.419 seconds
[2026-05-15T06:34:45.836+0000] {processor.py:161} INFO - Started process (PID=225) to work on /opt/airflow/dags/hn_pipeline_dag.py
[2026-05-15T06:34:45.838+0000] {processor.py:830} INFO - Processing file /opt/airflow/dags/hn_pipeline_dag.py for tasks to queue
[2026-05-15T06:34:45.839+0000] {logging_mixin.py:188} INFO - [2026-05-15T06:34:45.839+0000] {dagbag.py:538} INFO - Filling up the DagBag from /opt/airflow/dags/hn_pipeline_dag.py
[2026-05-15T06:34:45.867+0000] {logging_mixin.py:188} INFO - [2026-05-15T06:34:45.863+0000] {dagbag.py:348} ERROR - Failed to import: /opt/airflow/dags/hn_pipeline_dag.py
Traceback (most recent call last):
  File "/home/airflow/.local/lib/python3.8/site-packages/airflow/models/dagbag.py", line 344, in parse
    loader.exec_module(new_module)
  File "<frozen importlib._bootstrap_external>", line 843, in exec_module
  File "<frozen importlib._bootstrap>", line 219, in _call_with_frames_removed
  File "/opt/airflow/dags/hn_pipeline_dag.py", line 218, in <module>
    ingest_task >> spark_task >> dq_task
NameError: name 'spark_task' is not defined
[2026-05-15T06:34:45.867+0000] {processor.py:842} WARNING - No viable dags retrieved from /opt/airflow/dags/hn_pipeline_dag.py
[2026-05-15T06:34:46.277+0000] {processor.py:183} INFO - Processing /opt/airflow/dags/hn_pipeline_dag.py took 0.444 seconds
[2026-05-15T06:35:16.481+0000] {processor.py:161} INFO - Started process (PID=230) to work on /opt/airflow/dags/hn_pipeline_dag.py
[2026-05-15T06:35:16.482+0000] {processor.py:830} INFO - Processing file /opt/airflow/dags/hn_pipeline_dag.py for tasks to queue
[2026-05-15T06:35:16.483+0000] {logging_mixin.py:188} INFO - [2026-05-15T06:35:16.482+0000] {dagbag.py:538} INFO - Filling up the DagBag from /opt/airflow/dags/hn_pipeline_dag.py
[2026-05-15T06:35:16.493+0000] {logging_mixin.py:188} INFO - [2026-05-15T06:35:16.491+0000] {dagbag.py:348} ERROR - Failed to import: /opt/airflow/dags/hn_pipeline_dag.py
Traceback (most recent call last):
  File "/home/airflow/.local/lib/python3.8/site-packages/airflow/models/dagbag.py", line 344, in parse
    loader.exec_module(new_module)
  File "<frozen importlib._bootstrap_external>", line 843, in exec_module
  File "<frozen importlib._bootstrap>", line 219, in _call_with_frames_removed
  File "/opt/airflow/dags/hn_pipeline_dag.py", line 218, in <module>
    ingest_task >> spark_task >> dq_task
NameError: name 'spark_task' is not defined
[2026-05-15T06:35:16.493+0000] {processor.py:842} WARNING - No viable dags retrieved from /opt/airflow/dags/hn_pipeline_dag.py
[2026-05-15T06:35:17.005+0000] {processor.py:183} INFO - Processing /opt/airflow/dags/hn_pipeline_dag.py took 0.525 seconds
[2026-05-15T06:35:47.987+0000] {processor.py:161} INFO - Started process (PID=235) to work on /opt/airflow/dags/hn_pipeline_dag.py
[2026-05-15T06:35:47.988+0000] {processor.py:830} INFO - Processing file /opt/airflow/dags/hn_pipeline_dag.py for tasks to queue
[2026-05-15T06:35:47.989+0000] {logging_mixin.py:188} INFO - [2026-05-15T06:35:47.989+0000] {dagbag.py:538} INFO - Filling up the DagBag from /opt/airflow/dags/hn_pipeline_dag.py
[2026-05-15T06:35:47.998+0000] {logging_mixin.py:188} INFO - [2026-05-15T06:35:47.996+0000] {dagbag.py:348} ERROR - Failed to import: /opt/airflow/dags/hn_pipeline_dag.py
Traceback (most recent call last):
  File "/home/airflow/.local/lib/python3.8/site-packages/airflow/models/dagbag.py", line 344, in parse
    loader.exec_module(new_module)
  File "<frozen importlib._bootstrap_external>", line 843, in exec_module
  File "<frozen importlib._bootstrap>", line 219, in _call_with_frames_removed
  File "/opt/airflow/dags/hn_pipeline_dag.py", line 218, in <module>
    ingest_task >> spark_task >> dq_task
NameError: name 'spark_task' is not defined
[2026-05-15T06:35:47.998+0000] {processor.py:842} WARNING - No viable dags retrieved from /opt/airflow/dags/hn_pipeline_dag.py
[2026-05-15T06:35:49.556+0000] {processor.py:183} INFO - Processing /opt/airflow/dags/hn_pipeline_dag.py took 1.572 seconds
[2026-05-15T06:36:20.552+0000] {processor.py:161} INFO - Started process (PID=240) to work on /opt/airflow/dags/hn_pipeline_dag.py
[2026-05-15T06:36:20.605+0000] {processor.py:830} INFO - Processing file /opt/airflow/dags/hn_pipeline_dag.py for tasks to queue
[2026-05-15T06:36:20.741+0000] {logging_mixin.py:188} INFO - [2026-05-15T06:36:20.675+0000] {dagbag.py:538} INFO - Filling up the DagBag from /opt/airflow/dags/hn_pipeline_dag.py
[2026-05-15T06:36:22.909+0000] {logging_mixin.py:188} INFO - [2026-05-15T06:36:22.890+0000] {dagbag.py:348} ERROR - Failed to import: /opt/airflow/dags/hn_pipeline_dag.py
Traceback (most recent call last):
  File "/home/airflow/.local/lib/python3.8/site-packages/airflow/models/dagbag.py", line 344, in parse
    loader.exec_module(new_module)
  File "<frozen importlib._bootstrap_external>", line 843, in exec_module
  File "<frozen importlib._bootstrap>", line 219, in _call_with_frames_removed
  File "/opt/airflow/dags/hn_pipeline_dag.py", line 218, in <module>
    ingest_task >> spark_task >> dq_task
NameError: name 'spark_task' is not defined
[2026-05-15T06:36:22.928+0000] {processor.py:842} WARNING - No viable dags retrieved from /opt/airflow/dags/hn_pipeline_dag.py
[2026-05-15T06:36:23.465+0000] {processor.py:183} INFO - Processing /opt/airflow/dags/hn_pipeline_dag.py took 3.092 seconds
[2026-05-15T06:36:53.837+0000] {processor.py:161} INFO - Started process (PID=245) to work on /opt/airflow/dags/hn_pipeline_dag.py
[2026-05-15T06:36:53.838+0000] {processor.py:830} INFO - Processing file /opt/airflow/dags/hn_pipeline_dag.py for tasks to queue
[2026-05-15T06:36:53.839+0000] {logging_mixin.py:188} INFO - [2026-05-15T06:36:53.839+0000] {dagbag.py:538} INFO - Filling up the DagBag from /opt/airflow/dags/hn_pipeline_dag.py
[2026-05-15T06:36:53.848+0000] {logging_mixin.py:188} INFO - [2026-05-15T06:36:53.847+0000] {dagbag.py:348} ERROR - Failed to import: /opt/airflow/dags/hn_pipeline_dag.py
Traceback (most recent call last):
  File "/home/airflow/.local/lib/python3.8/site-packages/airflow/models/dagbag.py", line 344, in parse
    loader.exec_module(new_module)
  File "<frozen importlib._bootstrap_external>", line 843, in exec_module
  File "<frozen importlib._bootstrap>", line 219, in _call_with_frames_removed
  File "/opt/airflow/dags/hn_pipeline_dag.py", line 218, in <module>
    ingest_task >> spark_task >> dq_task
NameError: name 'spark_task' is not defined
[2026-05-15T06:36:53.849+0000] {processor.py:842} WARNING - No viable dags retrieved from /opt/airflow/dags/hn_pipeline_dag.py
[2026-05-15T06:36:53.879+0000] {processor.py:183} INFO - Processing /opt/airflow/dags/hn_pipeline_dag.py took 0.047 seconds
[2026-05-15T06:37:08.068+0000] {processor.py:161} INFO - Started process (PID=250) to work on /opt/airflow/dags/hn_pipeline_dag.py
[2026-05-15T06:37:08.069+0000] {processor.py:830} INFO - Processing file /opt/airflow/dags/hn_pipeline_dag.py for tasks to queue
[2026-05-15T06:37:08.070+0000] {logging_mixin.py:188} INFO - [2026-05-15T06:37:08.070+0000] {dagbag.py:538} INFO - Filling up the DagBag from /opt/airflow/dags/hn_pipeline_dag.py
[2026-05-15T06:37:08.088+0000] {logging_mixin.py:188} INFO - [2026-05-15T06:37:08.086+0000] {dagbag.py:348} ERROR - Failed to import: /opt/airflow/dags/hn_pipeline_dag.py
Traceback (most recent call last):
  File "/home/airflow/.local/lib/python3.8/site-packages/airflow/models/dagbag.py", line 344, in parse
    loader.exec_module(new_module)
  File "<frozen importlib._bootstrap_external>", line 843, in exec_module
  File "<frozen importlib._bootstrap>", line 219, in _call_with_frames_removed
  File "/opt/airflow/dags/hn_pipeline_dag.py", line 226, in <module>
    ingest_task >> spark_task >> dq_task
NameError: name 'spark_task' is not defined
[2026-05-15T06:37:08.088+0000] {processor.py:842} WARNING - No viable dags retrieved from /opt/airflow/dags/hn_pipeline_dag.py
[2026-05-15T06:37:08.116+0000] {processor.py:183} INFO - Processing /opt/airflow/dags/hn_pipeline_dag.py took 0.052 seconds
[2026-05-15T06:37:38.380+0000] {processor.py:161} INFO - Started process (PID=255) to work on /opt/airflow/dags/hn_pipeline_dag.py
[2026-05-15T06:37:38.381+0000] {processor.py:830} INFO - Processing file /opt/airflow/dags/hn_pipeline_dag.py for tasks to queue
[2026-05-15T06:37:38.382+0000] {logging_mixin.py:188} INFO - [2026-05-15T06:37:38.382+0000] {dagbag.py:538} INFO - Filling up the DagBag from /opt/airflow/dags/hn_pipeline_dag.py
[2026-05-15T06:37:38.393+0000] {logging_mixin.py:188} INFO - [2026-05-15T06:37:38.391+0000] {dagbag.py:348} ERROR - Failed to import: /opt/airflow/dags/hn_pipeline_dag.py
Traceback (most recent call last):
  File "/home/airflow/.local/lib/python3.8/site-packages/airflow/models/dagbag.py", line 344, in parse
    loader.exec_module(new_module)
  File "<frozen importlib._bootstrap_external>", line 843, in exec_module
  File "<frozen importlib._bootstrap>", line 219, in _call_with_frames_removed
  File "/opt/airflow/dags/hn_pipeline_dag.py", line 226, in <module>
    ingest_task >> spark_task >> dq_task
NameError: name 'spark_task' is not defined
[2026-05-15T06:37:38.393+0000] {processor.py:842} WARNING - No viable dags retrieved from /opt/airflow/dags/hn_pipeline_dag.py
[2026-05-15T06:37:38.420+0000] {processor.py:183} INFO - Processing /opt/airflow/dags/hn_pipeline_dag.py took 0.045 seconds
[2026-05-15T06:38:08.762+0000] {processor.py:161} INFO - Started process (PID=260) to work on /opt/airflow/dags/hn_pipeline_dag.py
[2026-05-15T06:38:08.763+0000] {processor.py:830} INFO - Processing file /opt/airflow/dags/hn_pipeline_dag.py for tasks to queue
[2026-05-15T06:38:08.764+0000] {logging_mixin.py:188} INFO - [2026-05-15T06:38:08.763+0000] {dagbag.py:538} INFO - Filling up the DagBag from /opt/airflow/dags/hn_pipeline_dag.py
[2026-05-15T06:38:08.773+0000] {logging_mixin.py:188} INFO - [2026-05-15T06:38:08.771+0000] {dagbag.py:348} ERROR - Failed to import: /opt/airflow/dags/hn_pipeline_dag.py
Traceback (most recent call last):
  File "/home/airflow/.local/lib/python3.8/site-packages/airflow/models/dagbag.py", line 344, in parse
    loader.exec_module(new_module)
  File "<frozen importlib._bootstrap_external>", line 843, in exec_module
  File "<frozen importlib._bootstrap>", line 219, in _call_with_frames_removed
  File "/opt/airflow/dags/hn_pipeline_dag.py", line 226, in <module>
    ingest_task >> spark_task >> dq_task
NameError: name 'spark_task' is not defined
[2026-05-15T06:38:08.774+0000] {processor.py:842} WARNING - No viable dags retrieved from /opt/airflow/dags/hn_pipeline_dag.py
[2026-05-15T06:38:08.806+0000] {processor.py:183} INFO - Processing /opt/airflow/dags/hn_pipeline_dag.py took 0.047 seconds
[2026-05-15T06:39:09.564+0000] {processor.py:161} INFO - Started process (PID=179) to work on /opt/airflow/dags/hn_pipeline_dag.py
[2026-05-15T06:39:09.567+0000] {processor.py:830} INFO - Processing file /opt/airflow/dags/hn_pipeline_dag.py for tasks to queue
[2026-05-15T06:39:09.568+0000] {logging_mixin.py:188} INFO - [2026-05-15T06:39:09.567+0000] {dagbag.py:538} INFO - Filling up the DagBag from /opt/airflow/dags/hn_pipeline_dag.py
[2026-05-15T06:39:09.576+0000] {logging_mixin.py:188} INFO - [2026-05-15T06:39:09.576+0000] {dagbag.py:348} ERROR - Failed to import: /opt/airflow/dags/hn_pipeline_dag.py
Traceback (most recent call last):
  File "/home/airflow/.local/lib/python3.8/site-packages/airflow/models/dagbag.py", line 344, in parse
    loader.exec_module(new_module)
  File "<frozen importlib._bootstrap_external>", line 843, in exec_module
  File "<frozen importlib._bootstrap>", line 219, in _call_with_frames_removed
  File "/opt/airflow/dags/hn_pipeline_dag.py", line 226, in <module>
    ingest_task >> spark_task >> dq_task
NameError: name 'spark_task' is not defined
[2026-05-15T06:39:09.577+0000] {processor.py:842} WARNING - No viable dags retrieved from /opt/airflow/dags/hn_pipeline_dag.py
[2026-05-15T06:39:09.586+0000] {processor.py:183} INFO - Processing /opt/airflow/dags/hn_pipeline_dag.py took 0.025 seconds
[2026-05-15T06:39:39.784+0000] {processor.py:161} INFO - Started process (PID=184) to work on /opt/airflow/dags/hn_pipeline_dag.py
[2026-05-15T06:39:39.784+0000] {processor.py:830} INFO - Processing file /opt/airflow/dags/hn_pipeline_dag.py for tasks to queue
[2026-05-15T06:39:39.785+0000] {logging_mixin.py:188} INFO - [2026-05-15T06:39:39.785+0000] {dagbag.py:538} INFO - Filling up the DagBag from /opt/airflow/dags/hn_pipeline_dag.py
[2026-05-15T06:39:39.797+0000] {logging_mixin.py:188} INFO - [2026-05-15T06:39:39.795+0000] {dagbag.py:348} ERROR - Failed to import: /opt/airflow/dags/hn_pipeline_dag.py
Traceback (most recent call last):
  File "/home/airflow/.local/lib/python3.8/site-packages/airflow/models/dagbag.py", line 344, in parse
    loader.exec_module(new_module)
  File "<frozen importlib._bootstrap_external>", line 843, in exec_module
  File "<frozen importlib._bootstrap>", line 219, in _call_with_frames_removed
  File "/opt/airflow/dags/hn_pipeline_dag.py", line 226, in <module>
    ingest_task >> spark_task >> dq_task
NameError: name 'spark_task' is not defined
[2026-05-15T06:39:39.798+0000] {processor.py:842} WARNING - No viable dags retrieved from /opt/airflow/dags/hn_pipeline_dag.py
[2026-05-15T06:39:39.822+0000] {processor.py:183} INFO - Processing /opt/airflow/dags/hn_pipeline_dag.py took 0.042 seconds
[2026-05-15T06:40:10.098+0000] {processor.py:161} INFO - Started process (PID=189) to work on /opt/airflow/dags/hn_pipeline_dag.py
[2026-05-15T06:40:10.099+0000] {processor.py:830} INFO - Processing file /opt/airflow/dags/hn_pipeline_dag.py for tasks to queue
[2026-05-15T06:40:10.100+0000] {logging_mixin.py:188} INFO - [2026-05-15T06:40:10.100+0000] {dagbag.py:538} INFO - Filling up the DagBag from /opt/airflow/dags/hn_pipeline_dag.py
[2026-05-15T06:40:10.114+0000] {logging_mixin.py:188} INFO - [2026-05-15T06:40:10.112+0000] {dagbag.py:348} ERROR - Failed to import: /opt/airflow/dags/hn_pipeline_dag.py
Traceback (most recent call last):
  File "/home/airflow/.local/lib/python3.8/site-packages/airflow/models/dagbag.py", line 344, in parse
    loader.exec_module(new_module)
  File "<frozen importlib._bootstrap_external>", line 843, in exec_module
  File "<frozen importlib._bootstrap>", line 219, in _call_with_frames_removed
  File "/opt/airflow/dags/hn_pipeline_dag.py", line 226, in <module>
    ingest_task >> spark_task >> dq_task
NameError: name 'spark_task' is not defined
[2026-05-15T06:40:10.114+0000] {processor.py:842} WARNING - No viable dags retrieved from /opt/airflow/dags/hn_pipeline_dag.py
[2026-05-15T06:40:10.144+0000] {processor.py:183} INFO - Processing /opt/airflow/dags/hn_pipeline_dag.py took 0.051 seconds
[2026-05-15T06:40:42.274+0000] {processor.py:161} INFO - Started process (PID=194) to work on /opt/airflow/dags/hn_pipeline_dag.py
[2026-05-15T06:40:42.285+0000] {processor.py:830} INFO - Processing file /opt/airflow/dags/hn_pipeline_dag.py for tasks to queue
[2026-05-15T06:40:42.298+0000] {logging_mixin.py:188} INFO - [2026-05-15T06:40:42.291+0000] {dagbag.py:538} INFO - Filling up the DagBag from /opt/airflow/dags/hn_pipeline_dag.py
[2026-05-15T06:40:42.356+0000] {logging_mixin.py:188} INFO - [2026-05-15T06:40:42.354+0000] {dagbag.py:348} ERROR - Failed to import: /opt/airflow/dags/hn_pipeline_dag.py
Traceback (most recent call last):
  File "/home/airflow/.local/lib/python3.8/site-packages/airflow/models/dagbag.py", line 344, in parse
    loader.exec_module(new_module)
  File "<frozen importlib._bootstrap_external>", line 843, in exec_module
  File "<frozen importlib._bootstrap>", line 219, in _call_with_frames_removed
  File "/opt/airflow/dags/hn_pipeline_dag.py", line 226, in <module>
    ingest_task >> spark_task >> dq_task
NameError: name 'spark_task' is not defined
[2026-05-15T06:40:42.357+0000] {processor.py:842} WARNING - No viable dags retrieved from /opt/airflow/dags/hn_pipeline_dag.py
[2026-05-15T06:40:42.435+0000] {processor.py:183} INFO - Processing /opt/airflow/dags/hn_pipeline_dag.py took 0.196 seconds
[2026-05-15T06:41:12.554+0000] {processor.py:161} INFO - Started process (PID=199) to work on /opt/airflow/dags/hn_pipeline_dag.py
[2026-05-15T06:41:12.555+0000] {processor.py:830} INFO - Processing file /opt/airflow/dags/hn_pipeline_dag.py for tasks to queue
[2026-05-15T06:41:12.556+0000] {logging_mixin.py:188} INFO - [2026-05-15T06:41:12.555+0000] {dagbag.py:538} INFO - Filling up the DagBag from /opt/airflow/dags/hn_pipeline_dag.py
[2026-05-15T06:41:12.566+0000] {logging_mixin.py:188} INFO - [2026-05-15T06:41:12.564+0000] {dagbag.py:348} ERROR - Failed to import: /opt/airflow/dags/hn_pipeline_dag.py
Traceback (most recent call last):
  File "/home/airflow/.local/lib/python3.8/site-packages/airflow/models/dagbag.py", line 344, in parse
    loader.exec_module(new_module)
  File "<frozen importlib._bootstrap_external>", line 843, in exec_module
  File "<frozen importlib._bootstrap>", line 219, in _call_with_frames_removed
  File "/opt/airflow/dags/hn_pipeline_dag.py", line 226, in <module>
    ingest_task >> spark_task >> dq_task
NameError: name 'spark_task' is not defined
[2026-05-15T06:41:12.566+0000] {processor.py:842} WARNING - No viable dags retrieved from /opt/airflow/dags/hn_pipeline_dag.py
[2026-05-15T06:41:12.582+0000] {processor.py:183} INFO - Processing /opt/airflow/dags/hn_pipeline_dag.py took 0.031 seconds
[2026-05-15T06:41:42.802+0000] {processor.py:161} INFO - Started process (PID=204) to work on /opt/airflow/dags/hn_pipeline_dag.py
[2026-05-15T06:41:42.803+0000] {processor.py:830} INFO - Processing file /opt/airflow/dags/hn_pipeline_dag.py for tasks to queue
[2026-05-15T06:41:42.804+0000] {logging_mixin.py:188} INFO - [2026-05-15T06:41:42.804+0000] {dagbag.py:538} INFO - Filling up the DagBag from /opt/airflow/dags/hn_pipeline_dag.py
[2026-05-15T06:41:42.813+0000] {logging_mixin.py:188} INFO - [2026-05-15T06:41:42.812+0000] {dagbag.py:348} ERROR - Failed to import: /opt/airflow/dags/hn_pipeline_dag.py
Traceback (most recent call last):
  File "/home/airflow/.local/lib/python3.8/site-packages/airflow/models/dagbag.py", line 344, in parse
    loader.exec_module(new_module)
  File "<frozen importlib._bootstrap_external>", line 843, in exec_module
  File "<frozen importlib._bootstrap>", line 219, in _call_with_frames_removed
  File "/opt/airflow/dags/hn_pipeline_dag.py", line 226, in <module>
    ingest_task >> spark_task >> dq_task
NameError: name 'spark_task' is not defined
[2026-05-15T06:41:42.813+0000] {processor.py:842} WARNING - No viable dags retrieved from /opt/airflow/dags/hn_pipeline_dag.py
[2026-05-15T06:41:42.827+0000] {processor.py:183} INFO - Processing /opt/airflow/dags/hn_pipeline_dag.py took 0.028 seconds
[2026-05-15T06:42:13.070+0000] {processor.py:161} INFO - Started process (PID=209) to work on /opt/airflow/dags/hn_pipeline_dag.py
[2026-05-15T06:42:13.071+0000] {processor.py:830} INFO - Processing file /opt/airflow/dags/hn_pipeline_dag.py for tasks to queue
[2026-05-15T06:42:13.072+0000] {logging_mixin.py:188} INFO - [2026-05-15T06:42:13.071+0000] {dagbag.py:538} INFO - Filling up the DagBag from /opt/airflow/dags/hn_pipeline_dag.py
[2026-05-15T06:42:13.080+0000] {logging_mixin.py:188} INFO - [2026-05-15T06:42:13.079+0000] {dagbag.py:348} ERROR - Failed to import: /opt/airflow/dags/hn_pipeline_dag.py
Traceback (most recent call last):
  File "/home/airflow/.local/lib/python3.8/site-packages/airflow/models/dagbag.py", line 344, in parse
    loader.exec_module(new_module)
  File "<frozen importlib._bootstrap_external>", line 843, in exec_module
  File "<frozen importlib._bootstrap>", line 219, in _call_with_frames_removed
  File "/opt/airflow/dags/hn_pipeline_dag.py", line 226, in <module>
    ingest_task >> spark_task >> dq_task
NameError: name 'spark_task' is not defined
[2026-05-15T06:42:13.081+0000] {processor.py:842} WARNING - No viable dags retrieved from /opt/airflow/dags/hn_pipeline_dag.py
[2026-05-15T06:42:13.095+0000] {processor.py:183} INFO - Processing /opt/airflow/dags/hn_pipeline_dag.py took 0.028 seconds
[2026-05-15T06:42:43.375+0000] {processor.py:161} INFO - Started process (PID=214) to work on /opt/airflow/dags/hn_pipeline_dag.py
[2026-05-15T06:42:43.376+0000] {processor.py:830} INFO - Processing file /opt/airflow/dags/hn_pipeline_dag.py for tasks to queue
[2026-05-15T06:42:43.377+0000] {logging_mixin.py:188} INFO - [2026-05-15T06:42:43.377+0000] {dagbag.py:538} INFO - Filling up the DagBag from /opt/airflow/dags/hn_pipeline_dag.py
[2026-05-15T06:42:43.388+0000] {logging_mixin.py:188} INFO - [2026-05-15T06:42:43.387+0000] {dagbag.py:348} ERROR - Failed to import: /opt/airflow/dags/hn_pipeline_dag.py
Traceback (most recent call last):
  File "/home/airflow/.local/lib/python3.8/site-packages/airflow/models/dagbag.py", line 344, in parse
    loader.exec_module(new_module)
  File "<frozen importlib._bootstrap_external>", line 843, in exec_module
  File "<frozen importlib._bootstrap>", line 219, in _call_with_frames_removed
  File "/opt/airflow/dags/hn_pipeline_dag.py", line 226, in <module>
    ingest_task >> spark_task >> dq_task
NameError: name 'spark_task' is not defined
[2026-05-15T06:42:43.389+0000] {processor.py:842} WARNING - No viable dags retrieved from /opt/airflow/dags/hn_pipeline_dag.py
[2026-05-15T06:42:43.406+0000] {processor.py:183} INFO - Processing /opt/airflow/dags/hn_pipeline_dag.py took 0.035 seconds
[2026-05-15T06:43:13.672+0000] {processor.py:161} INFO - Started process (PID=219) to work on /opt/airflow/dags/hn_pipeline_dag.py
[2026-05-15T06:43:13.673+0000] {processor.py:830} INFO - Processing file /opt/airflow/dags/hn_pipeline_dag.py for tasks to queue
[2026-05-15T06:43:13.674+0000] {logging_mixin.py:188} INFO - [2026-05-15T06:43:13.674+0000] {dagbag.py:538} INFO - Filling up the DagBag from /opt/airflow/dags/hn_pipeline_dag.py
[2026-05-15T06:43:13.687+0000] {logging_mixin.py:188} INFO - [2026-05-15T06:43:13.685+0000] {dagbag.py:348} ERROR - Failed to import: /opt/airflow/dags/hn_pipeline_dag.py
Traceback (most recent call last):
  File "/home/airflow/.local/lib/python3.8/site-packages/airflow/models/dagbag.py", line 344, in parse
    loader.exec_module(new_module)
  File "<frozen importlib._bootstrap_external>", line 843, in exec_module
  File "<frozen importlib._bootstrap>", line 219, in _call_with_frames_removed
  File "/opt/airflow/dags/hn_pipeline_dag.py", line 226, in <module>
    ingest_task >> spark_task >> dq_task
NameError: name 'spark_task' is not defined
[2026-05-15T06:43:13.688+0000] {processor.py:842} WARNING - No viable dags retrieved from /opt/airflow/dags/hn_pipeline_dag.py
[2026-05-15T06:43:13.708+0000] {processor.py:183} INFO - Processing /opt/airflow/dags/hn_pipeline_dag.py took 0.040 seconds
[2026-05-15T06:43:44.002+0000] {processor.py:161} INFO - Started process (PID=224) to work on /opt/airflow/dags/hn_pipeline_dag.py
[2026-05-15T06:43:44.002+0000] {processor.py:830} INFO - Processing file /opt/airflow/dags/hn_pipeline_dag.py for tasks to queue
[2026-05-15T06:43:44.004+0000] {logging_mixin.py:188} INFO - [2026-05-15T06:43:44.003+0000] {dagbag.py:538} INFO - Filling up the DagBag from /opt/airflow/dags/hn_pipeline_dag.py
[2026-05-15T06:43:44.015+0000] {logging_mixin.py:188} INFO - [2026-05-15T06:43:44.013+0000] {dagbag.py:348} ERROR - Failed to import: /opt/airflow/dags/hn_pipeline_dag.py
Traceback (most recent call last):
  File "/home/airflow/.local/lib/python3.8/site-packages/airflow/models/dagbag.py", line 344, in parse
    loader.exec_module(new_module)
  File "<frozen importlib._bootstrap_external>", line 843, in exec_module
  File "<frozen importlib._bootstrap>", line 219, in _call_with_frames_removed
  File "/opt/airflow/dags/hn_pipeline_dag.py", line 226, in <module>
    ingest_task >> spark_task >> dq_task
NameError: name 'spark_task' is not defined
[2026-05-15T06:43:44.015+0000] {processor.py:842} WARNING - No viable dags retrieved from /opt/airflow/dags/hn_pipeline_dag.py
[2026-05-15T06:43:44.044+0000] {processor.py:183} INFO - Processing /opt/airflow/dags/hn_pipeline_dag.py took 0.046 seconds
[2026-05-15T06:44:14.499+0000] {processor.py:161} INFO - Started process (PID=229) to work on /opt/airflow/dags/hn_pipeline_dag.py
[2026-05-15T06:44:14.499+0000] {processor.py:830} INFO - Processing file /opt/airflow/dags/hn_pipeline_dag.py for tasks to queue
[2026-05-15T06:44:14.501+0000] {logging_mixin.py:188} INFO - [2026-05-15T06:44:14.500+0000] {dagbag.py:538} INFO - Filling up the DagBag from /opt/airflow/dags/hn_pipeline_dag.py
[2026-05-15T06:44:14.511+0000] {logging_mixin.py:188} INFO - [2026-05-15T06:44:14.509+0000] {dagbag.py:348} ERROR - Failed to import: /opt/airflow/dags/hn_pipeline_dag.py
Traceback (most recent call last):
  File "/home/airflow/.local/lib/python3.8/site-packages/airflow/models/dagbag.py", line 344, in parse
    loader.exec_module(new_module)
  File "<frozen importlib._bootstrap_external>", line 843, in exec_module
  File "<frozen importlib._bootstrap>", line 219, in _call_with_frames_removed
  File "/opt/airflow/dags/hn_pipeline_dag.py", line 226, in <module>
    ingest_task >> spark_task >> dq_task
NameError: name 'spark_task' is not defined
[2026-05-15T06:44:14.511+0000] {processor.py:842} WARNING - No viable dags retrieved from /opt/airflow/dags/hn_pipeline_dag.py
[2026-05-15T06:44:14.616+0000] {processor.py:183} INFO - Processing /opt/airflow/dags/hn_pipeline_dag.py took 0.121 seconds
[2026-05-15T06:44:45.118+0000] {processor.py:161} INFO - Started process (PID=234) to work on /opt/airflow/dags/hn_pipeline_dag.py
[2026-05-15T06:44:45.119+0000] {processor.py:830} INFO - Processing file /opt/airflow/dags/hn_pipeline_dag.py for tasks to queue
[2026-05-15T06:44:45.120+0000] {logging_mixin.py:188} INFO - [2026-05-15T06:44:45.119+0000] {dagbag.py:538} INFO - Filling up the DagBag from /opt/airflow/dags/hn_pipeline_dag.py
[2026-05-15T06:44:45.139+0000] {logging_mixin.py:188} INFO - [2026-05-15T06:44:45.131+0000] {dagbag.py:348} ERROR - Failed to import: /opt/airflow/dags/hn_pipeline_dag.py
Traceback (most recent call last):
  File "/home/airflow/.local/lib/python3.8/site-packages/airflow/models/dagbag.py", line 344, in parse
    loader.exec_module(new_module)
  File "<frozen importlib._bootstrap_external>", line 843, in exec_module
  File "<frozen importlib._bootstrap>", line 219, in _call_with_frames_removed
  File "/opt/airflow/dags/hn_pipeline_dag.py", line 226, in <module>
    ingest_task >> spark_task >> dq_task
NameError: name 'spark_task' is not defined
[2026-05-15T06:44:45.139+0000] {processor.py:842} WARNING - No viable dags retrieved from /opt/airflow/dags/hn_pipeline_dag.py
[2026-05-15T06:44:45.629+0000] {processor.py:183} INFO - Processing /opt/airflow/dags/hn_pipeline_dag.py took 0.512 seconds
[2026-05-15T06:45:16.217+0000] {processor.py:161} INFO - Started process (PID=239) to work on /opt/airflow/dags/hn_pipeline_dag.py
[2026-05-15T06:45:16.219+0000] {processor.py:830} INFO - Processing file /opt/airflow/dags/hn_pipeline_dag.py for tasks to queue
[2026-05-15T06:45:16.221+0000] {logging_mixin.py:188} INFO - [2026-05-15T06:45:16.220+0000] {dagbag.py:538} INFO - Filling up the DagBag from /opt/airflow/dags/hn_pipeline_dag.py
[2026-05-15T06:45:16.235+0000] {logging_mixin.py:188} INFO - [2026-05-15T06:45:16.231+0000] {dagbag.py:348} ERROR - Failed to import: /opt/airflow/dags/hn_pipeline_dag.py
Traceback (most recent call last):
  File "/home/airflow/.local/lib/python3.8/site-packages/airflow/models/dagbag.py", line 344, in parse
    loader.exec_module(new_module)
  File "<frozen importlib._bootstrap_external>", line 843, in exec_module
  File "<frozen importlib._bootstrap>", line 219, in _call_with_frames_removed
  File "/opt/airflow/dags/hn_pipeline_dag.py", line 226, in <module>
    ingest_task >> spark_task >> dq_task
NameError: name 'spark_task' is not defined
[2026-05-15T06:45:16.236+0000] {processor.py:842} WARNING - No viable dags retrieved from /opt/airflow/dags/hn_pipeline_dag.py
[2026-05-15T06:45:16.290+0000] {processor.py:183} INFO - Processing /opt/airflow/dags/hn_pipeline_dag.py took 0.078 seconds
[2026-05-15T06:45:22.295+0000] {processor.py:161} INFO - Started process (PID=244) to work on /opt/airflow/dags/hn_pipeline_dag.py
[2026-05-15T06:45:22.296+0000] {processor.py:830} INFO - Processing file /opt/airflow/dags/hn_pipeline_dag.py for tasks to queue
[2026-05-15T06:45:22.297+0000] {logging_mixin.py:188} INFO - [2026-05-15T06:45:22.297+0000] {dagbag.py:538} INFO - Filling up the DagBag from /opt/airflow/dags/hn_pipeline_dag.py
[2026-05-15T06:45:22.319+0000] {processor.py:840} INFO - DAG(s) 'hn_pipeline' retrieved from /opt/airflow/dags/hn_pipeline_dag.py
[2026-05-15T06:45:27.170+0000] {logging_mixin.py:188} INFO - [2026-05-15T06:45:27.165+0000] {override.py:1769} INFO - Created Permission View: can edit on DAG:hn_pipeline
[2026-05-15T06:45:27.177+0000] {logging_mixin.py:188} INFO - [2026-05-15T06:45:27.177+0000] {override.py:1769} INFO - Created Permission View: can read on DAG:hn_pipeline
[2026-05-15T06:45:27.179+0000] {logging_mixin.py:188} INFO - [2026-05-15T06:45:27.179+0000] {override.py:1769} INFO - Created Permission View: can delete on DAG:hn_pipeline
[2026-05-15T06:45:27.180+0000] {logging_mixin.py:188} INFO - [2026-05-15T06:45:27.180+0000] {dag.py:3036} INFO - Sync 1 DAGs
[2026-05-15T06:45:27.186+0000] {logging_mixin.py:188} INFO - [2026-05-15T06:45:27.186+0000] {dag.py:3058} INFO - Creating ORM DAG for hn_pipeline
[2026-05-15T06:45:27.195+0000] {logging_mixin.py:188} INFO - [2026-05-15T06:45:27.195+0000] {dag.py:3823} INFO - Setting next_dagrun for hn_pipeline to 2026-05-15 05:00:00+00:00, run_after=2026-05-15 06:00:00+00:00
[2026-05-15T06:45:27.208+0000] {processor.py:183} INFO - Processing /opt/airflow/dags/hn_pipeline_dag.py took 4.915 seconds
[2026-05-15T06:46:14.356+0000] {processor.py:161} INFO - Started process (PID=179) to work on /opt/airflow/dags/hn_pipeline_dag.py
[2026-05-15T06:46:14.359+0000] {processor.py:830} INFO - Processing file /opt/airflow/dags/hn_pipeline_dag.py for tasks to queue
[2026-05-15T06:46:14.359+0000] {logging_mixin.py:188} INFO - [2026-05-15T06:46:14.359+0000] {dagbag.py:538} INFO - Filling up the DagBag from /opt/airflow/dags/hn_pipeline_dag.py
[2026-05-15T06:46:14.379+0000] {processor.py:840} INFO - DAG(s) 'hn_pipeline' retrieved from /opt/airflow/dags/hn_pipeline_dag.py
[2026-05-15T06:46:14.501+0000] {logging_mixin.py:188} INFO - [2026-05-15T06:46:14.501+0000] {override.py:1769} INFO - Created Permission View: can delete on DAG:hn_pipeline
[2026-05-15T06:46:14.505+0000] {logging_mixin.py:188} INFO - [2026-05-15T06:46:14.505+0000] {override.py:1769} INFO - Created Permission View: can edit on DAG:hn_pipeline
[2026-05-15T06:46:14.513+0000] {logging_mixin.py:188} INFO - [2026-05-15T06:46:14.513+0000] {override.py:1769} INFO - Created Permission View: can read on DAG:hn_pipeline
[2026-05-15T06:46:14.514+0000] {logging_mixin.py:188} INFO - [2026-05-15T06:46:14.514+0000] {dag.py:3036} INFO - Sync 1 DAGs
[2026-05-15T06:46:14.519+0000] {logging_mixin.py:188} INFO - [2026-05-15T06:46:14.519+0000] {dag.py:3058} INFO - Creating ORM DAG for hn_pipeline
[2026-05-15T06:46:14.524+0000] {logging_mixin.py:188} INFO - [2026-05-15T06:46:14.524+0000] {dag.py:3823} INFO - Setting next_dagrun for hn_pipeline to 2026-05-15 05:00:00+00:00, run_after=2026-05-15 06:00:00+00:00
[2026-05-15T06:46:14.532+0000] {processor.py:183} INFO - Processing /opt/airflow/dags/hn_pipeline_dag.py took 0.177 seconds
[2026-05-15T06:46:44.614+0000] {processor.py:161} INFO - Started process (PID=185) to work on /opt/airflow/dags/hn_pipeline_dag.py
[2026-05-15T06:46:44.615+0000] {processor.py:830} INFO - Processing file /opt/airflow/dags/hn_pipeline_dag.py for tasks to queue
[2026-05-15T06:46:44.617+0000] {logging_mixin.py:188} INFO - [2026-05-15T06:46:44.616+0000] {dagbag.py:538} INFO - Filling up the DagBag from /opt/airflow/dags/hn_pipeline_dag.py
[2026-05-15T06:46:44.634+0000] {processor.py:840} INFO - DAG(s) 'hn_pipeline' retrieved from /opt/airflow/dags/hn_pipeline_dag.py
[2026-05-15T06:46:44.667+0000] {logging_mixin.py:188} INFO - [2026-05-15T06:46:44.667+0000] {dag.py:3036} INFO - Sync 1 DAGs
[2026-05-15T06:46:44.680+0000] {logging_mixin.py:188} INFO - [2026-05-15T06:46:44.679+0000] {dag.py:3823} INFO - Setting next_dagrun for hn_pipeline to 2026-05-15 05:00:00+00:00, run_after=2026-05-15 06:00:00+00:00
[2026-05-15T06:46:44.688+0000] {processor.py:183} INFO - Processing /opt/airflow/dags/hn_pipeline_dag.py took 0.078 seconds
[2026-05-15T06:47:14.865+0000] {processor.py:161} INFO - Started process (PID=197) to work on /opt/airflow/dags/hn_pipeline_dag.py
[2026-05-15T06:47:14.866+0000] {processor.py:830} INFO - Processing file /opt/airflow/dags/hn_pipeline_dag.py for tasks to queue
[2026-05-15T06:47:14.868+0000] {logging_mixin.py:188} INFO - [2026-05-15T06:47:14.867+0000] {dagbag.py:538} INFO - Filling up the DagBag from /opt/airflow/dags/hn_pipeline_dag.py
[2026-05-15T06:47:14.887+0000] {processor.py:840} INFO - DAG(s) 'hn_pipeline' retrieved from /opt/airflow/dags/hn_pipeline_dag.py
[2026-05-15T06:47:14.925+0000] {logging_mixin.py:188} INFO - [2026-05-15T06:47:14.923+0000] {dag.py:3036} INFO - Sync 1 DAGs
[2026-05-15T06:47:14.940+0000] {logging_mixin.py:188} INFO - [2026-05-15T06:47:14.940+0000] {dag.py:3823} INFO - Setting next_dagrun for hn_pipeline to 2026-05-15 05:00:00+00:00, run_after=2026-05-15 06:00:00+00:00
[2026-05-15T06:47:14.948+0000] {processor.py:183} INFO - Processing /opt/airflow/dags/hn_pipeline_dag.py took 0.088 seconds
[2026-05-15T06:47:45.230+0000] {processor.py:161} INFO - Started process (PID=207) to work on /opt/airflow/dags/hn_pipeline_dag.py
[2026-05-15T06:47:45.230+0000] {processor.py:830} INFO - Processing file /opt/airflow/dags/hn_pipeline_dag.py for tasks to queue
[2026-05-15T06:47:45.232+0000] {logging_mixin.py:188} INFO - [2026-05-15T06:47:45.231+0000] {dagbag.py:538} INFO - Filling up the DagBag from /opt/airflow/dags/hn_pipeline_dag.py
[2026-05-15T06:47:45.250+0000] {processor.py:840} INFO - DAG(s) 'hn_pipeline' retrieved from /opt/airflow/dags/hn_pipeline_dag.py
[2026-05-15T06:47:45.280+0000] {logging_mixin.py:188} INFO - [2026-05-15T06:47:45.280+0000] {dag.py:3036} INFO - Sync 1 DAGs
[2026-05-15T06:47:45.292+0000] {logging_mixin.py:188} INFO - [2026-05-15T06:47:45.292+0000] {dag.py:3823} INFO - Setting next_dagrun for hn_pipeline to 2026-05-15 05:00:00+00:00, run_after=2026-05-15 06:00:00+00:00
[2026-05-15T06:47:45.300+0000] {processor.py:183} INFO - Processing /opt/airflow/dags/hn_pipeline_dag.py took 0.074 seconds
[2026-05-15T06:48:15.540+0000] {processor.py:161} INFO - Started process (PID=224) to work on /opt/airflow/dags/hn_pipeline_dag.py
[2026-05-15T06:48:15.541+0000] {processor.py:830} INFO - Processing file /opt/airflow/dags/hn_pipeline_dag.py for tasks to queue
[2026-05-15T06:48:15.542+0000] {logging_mixin.py:188} INFO - [2026-05-15T06:48:15.541+0000] {dagbag.py:538} INFO - Filling up the DagBag from /opt/airflow/dags/hn_pipeline_dag.py
[2026-05-15T06:48:15.561+0000] {processor.py:840} INFO - DAG(s) 'hn_pipeline' retrieved from /opt/airflow/dags/hn_pipeline_dag.py
[2026-05-15T06:48:15.596+0000] {logging_mixin.py:188} INFO - [2026-05-15T06:48:15.596+0000] {dag.py:3036} INFO - Sync 1 DAGs
[2026-05-15T06:48:15.608+0000] {logging_mixin.py:188} INFO - [2026-05-15T06:48:15.608+0000] {dag.py:3823} INFO - Setting next_dagrun for hn_pipeline to 2026-05-15 05:00:00+00:00, run_after=2026-05-15 06:00:00+00:00
[2026-05-15T06:48:15.617+0000] {processor.py:183} INFO - Processing /opt/airflow/dags/hn_pipeline_dag.py took 0.081 seconds
[2026-05-15T06:48:45.947+0000] {processor.py:161} INFO - Started process (PID=229) to work on /opt/airflow/dags/hn_pipeline_dag.py
[2026-05-15T06:48:45.995+0000] {processor.py:830} INFO - Processing file /opt/airflow/dags/hn_pipeline_dag.py for tasks to queue
[2026-05-15T06:48:46.435+0000] {logging_mixin.py:188} INFO - [2026-05-15T06:48:46.266+0000] {dagbag.py:538} INFO - Filling up the DagBag from /opt/airflow/dags/hn_pipeline_dag.py
[2026-05-15T06:48:48.907+0000] {processor.py:840} INFO - DAG(s) 'hn_pipeline' retrieved from /opt/airflow/dags/hn_pipeline_dag.py
[2026-05-15T06:48:50.953+0000] {logging_mixin.py:188} INFO - [2026-05-15T06:48:50.736+0000] {dag.py:3036} INFO - Sync 1 DAGs
[2026-05-15T06:49:01.097+0000] {logging_mixin.py:188} INFO - [2026-05-15T06:49:01.088+0000] {dag.py:3823} INFO - Setting next_dagrun for hn_pipeline to 2026-05-15 05:00:00+00:00, run_after=2026-05-15 06:00:00+00:00
[2026-05-15T06:49:01.535+0000] {processor.py:183} INFO - Processing /opt/airflow/dags/hn_pipeline_dag.py took 15.897 seconds
[2026-05-15T06:49:31.928+0000] {processor.py:161} INFO - Started process (PID=234) to work on /opt/airflow/dags/hn_pipeline_dag.py
[2026-05-15T06:49:31.930+0000] {processor.py:830} INFO - Processing file /opt/airflow/dags/hn_pipeline_dag.py for tasks to queue
[2026-05-15T06:49:31.931+0000] {logging_mixin.py:188} INFO - [2026-05-15T06:49:31.930+0000] {dagbag.py:538} INFO - Filling up the DagBag from /opt/airflow/dags/hn_pipeline_dag.py
[2026-05-15T06:49:31.953+0000] {processor.py:840} INFO - DAG(s) 'hn_pipeline' retrieved from /opt/airflow/dags/hn_pipeline_dag.py
[2026-05-15T06:49:31.979+0000] {logging_mixin.py:188} INFO - [2026-05-15T06:49:31.979+0000] {dag.py:3036} INFO - Sync 1 DAGs
[2026-05-15T06:49:31.989+0000] {logging_mixin.py:188} INFO - [2026-05-15T06:49:31.989+0000] {dag.py:3823} INFO - Setting next_dagrun for hn_pipeline to 2026-05-15 05:00:00+00:00, run_after=2026-05-15 06:00:00+00:00
[2026-05-15T06:49:31.997+0000] {processor.py:183} INFO - Processing /opt/airflow/dags/hn_pipeline_dag.py took 0.073 seconds
[2026-05-15T06:50:02.224+0000] {processor.py:161} INFO - Started process (PID=245) to work on /opt/airflow/dags/hn_pipeline_dag.py
[2026-05-15T06:50:02.225+0000] {processor.py:830} INFO - Processing file /opt/airflow/dags/hn_pipeline_dag.py for tasks to queue
[2026-05-15T06:50:02.226+0000] {logging_mixin.py:188} INFO - [2026-05-15T06:50:02.226+0000] {dagbag.py:538} INFO - Filling up the DagBag from /opt/airflow/dags/hn_pipeline_dag.py
[2026-05-15T06:50:02.241+0000] {processor.py:840} INFO - DAG(s) 'hn_pipeline' retrieved from /opt/airflow/dags/hn_pipeline_dag.py
[2026-05-15T06:50:02.261+0000] {logging_mixin.py:188} INFO - [2026-05-15T06:50:02.261+0000] {dag.py:3036} INFO - Sync 1 DAGs
[2026-05-15T06:50:02.272+0000] {logging_mixin.py:188} INFO - [2026-05-15T06:50:02.272+0000] {dag.py:3823} INFO - Setting next_dagrun for hn_pipeline to 2026-05-15 05:00:00+00:00, run_after=2026-05-15 06:00:00+00:00
[2026-05-15T06:50:02.280+0000] {processor.py:183} INFO - Processing /opt/airflow/dags/hn_pipeline_dag.py took 0.060 seconds
[2026-05-15T06:50:32.404+0000] {processor.py:161} INFO - Started process (PID=250) to work on /opt/airflow/dags/hn_pipeline_dag.py
[2026-05-15T06:50:32.405+0000] {processor.py:830} INFO - Processing file /opt/airflow/dags/hn_pipeline_dag.py for tasks to queue
[2026-05-15T06:50:32.405+0000] {logging_mixin.py:188} INFO - [2026-05-15T06:50:32.405+0000] {dagbag.py:538} INFO - Filling up the DagBag from /opt/airflow/dags/hn_pipeline_dag.py
[2026-05-15T06:50:32.416+0000] {processor.py:840} INFO - DAG(s) 'hn_pipeline' retrieved from /opt/airflow/dags/hn_pipeline_dag.py
[2026-05-15T06:50:32.433+0000] {logging_mixin.py:188} INFO - [2026-05-15T06:50:32.433+0000] {dag.py:3036} INFO - Sync 1 DAGs
[2026-05-15T06:50:32.445+0000] {logging_mixin.py:188} INFO - [2026-05-15T06:50:32.445+0000] {dag.py:3823} INFO - Setting next_dagrun for hn_pipeline to 2026-05-15 05:00:00+00:00, run_after=2026-05-15 06:00:00+00:00
[2026-05-15T06:50:32.453+0000] {processor.py:183} INFO - Processing /opt/airflow/dags/hn_pipeline_dag.py took 0.052 seconds
[2026-05-15T06:51:02.621+0000] {processor.py:161} INFO - Started process (PID=255) to work on /opt/airflow/dags/hn_pipeline_dag.py
[2026-05-15T06:51:02.623+0000] {processor.py:830} INFO - Processing file /opt/airflow/dags/hn_pipeline_dag.py for tasks to queue
[2026-05-15T06:51:02.624+0000] {logging_mixin.py:188} INFO - [2026-05-15T06:51:02.623+0000] {dagbag.py:538} INFO - Filling up the DagBag from /opt/airflow/dags/hn_pipeline_dag.py
[2026-05-15T06:51:02.639+0000] {processor.py:840} INFO - DAG(s) 'hn_pipeline' retrieved from /opt/airflow/dags/hn_pipeline_dag.py
[2026-05-15T06:51:02.660+0000] {logging_mixin.py:188} INFO - [2026-05-15T06:51:02.660+0000] {dag.py:3036} INFO - Sync 1 DAGs
[2026-05-15T06:51:02.671+0000] {logging_mixin.py:188} INFO - [2026-05-15T06:51:02.671+0000] {dag.py:3823} INFO - Setting next_dagrun for hn_pipeline to 2026-05-15 05:00:00+00:00, run_after=2026-05-15 06:00:00+00:00
[2026-05-15T06:51:02.679+0000] {processor.py:183} INFO - Processing /opt/airflow/dags/hn_pipeline_dag.py took 0.063 seconds
[2026-05-15T06:51:33.537+0000] {processor.py:161} INFO - Started process (PID=261) to work on /opt/airflow/dags/hn_pipeline_dag.py
[2026-05-15T06:51:33.538+0000] {processor.py:830} INFO - Processing file /opt/airflow/dags/hn_pipeline_dag.py for tasks to queue
[2026-05-15T06:51:33.539+0000] {logging_mixin.py:188} INFO - [2026-05-15T06:51:33.539+0000] {dagbag.py:538} INFO - Filling up the DagBag from /opt/airflow/dags/hn_pipeline_dag.py
[2026-05-15T06:51:33.557+0000] {processor.py:840} INFO - DAG(s) 'hn_pipeline' retrieved from /opt/airflow/dags/hn_pipeline_dag.py
[2026-05-15T06:51:37.433+0000] {logging_mixin.py:188} INFO - [2026-05-15T06:51:37.413+0000] {dag.py:3036} INFO - Sync 1 DAGs
[2026-05-15T06:51:45.203+0000] {logging_mixin.py:188} INFO - [2026-05-15T06:51:45.179+0000] {dag.py:3823} INFO - Setting next_dagrun for hn_pipeline to 2026-05-15 06:00:00+00:00, run_after=2026-05-15 07:00:00+00:00
[2026-05-15T06:51:46.960+0000] {processor.py:183} INFO - Processing /opt/airflow/dags/hn_pipeline_dag.py took 13.435 seconds
[2026-05-15T06:52:38.854+0000] {processor.py:161} INFO - Started process (PID=180) to work on /opt/airflow/dags/hn_pipeline_dag.py
[2026-05-15T06:52:38.855+0000] {processor.py:830} INFO - Processing file /opt/airflow/dags/hn_pipeline_dag.py for tasks to queue
[2026-05-15T06:52:38.855+0000] {logging_mixin.py:188} INFO - [2026-05-15T06:52:38.855+0000] {dagbag.py:538} INFO - Filling up the DagBag from /opt/airflow/dags/hn_pipeline_dag.py
[2026-05-15T06:52:38.884+0000] {processor.py:840} INFO - DAG(s) 'hn_pipeline' retrieved from /opt/airflow/dags/hn_pipeline_dag.py
[2026-05-15T06:52:39.021+0000] {logging_mixin.py:188} INFO - [2026-05-15T06:52:39.021+0000] {override.py:1769} INFO - Created Permission View: can delete on DAG:hn_pipeline
[2026-05-15T06:52:39.025+0000] {logging_mixin.py:188} INFO - [2026-05-15T06:52:39.025+0000] {override.py:1769} INFO - Created Permission View: can read on DAG:hn_pipeline
[2026-05-15T06:52:39.027+0000] {logging_mixin.py:188} INFO - [2026-05-15T06:52:39.027+0000] {override.py:1769} INFO - Created Permission View: can edit on DAG:hn_pipeline
[2026-05-15T06:52:39.027+0000] {logging_mixin.py:188} INFO - [2026-05-15T06:52:39.027+0000] {dag.py:3036} INFO - Sync 1 DAGs
[2026-05-15T06:52:39.032+0000] {logging_mixin.py:188} INFO - [2026-05-15T06:52:39.032+0000] {dag.py:3058} INFO - Creating ORM DAG for hn_pipeline
[2026-05-15T06:52:39.037+0000] {logging_mixin.py:188} INFO - [2026-05-15T06:52:39.037+0000] {dag.py:3823} INFO - Setting next_dagrun for hn_pipeline to 2026-05-15 05:00:00+00:00, run_after=2026-05-15 06:00:00+00:00
[2026-05-15T06:52:39.045+0000] {processor.py:183} INFO - Processing /opt/airflow/dags/hn_pipeline_dag.py took 0.194 seconds
[2026-05-15T06:53:09.194+0000] {processor.py:161} INFO - Started process (PID=192) to work on /opt/airflow/dags/hn_pipeline_dag.py
[2026-05-15T06:53:09.195+0000] {processor.py:830} INFO - Processing file /opt/airflow/dags/hn_pipeline_dag.py for tasks to queue
[2026-05-15T06:53:09.198+0000] {logging_mixin.py:188} INFO - [2026-05-15T06:53:09.197+0000] {dagbag.py:538} INFO - Filling up the DagBag from /opt/airflow/dags/hn_pipeline_dag.py
[2026-05-15T06:53:09.218+0000] {processor.py:840} INFO - DAG(s) 'hn_pipeline' retrieved from /opt/airflow/dags/hn_pipeline_dag.py
[2026-05-15T06:53:09.253+0000] {logging_mixin.py:188} INFO - [2026-05-15T06:53:09.253+0000] {dag.py:3036} INFO - Sync 1 DAGs
[2026-05-15T06:53:09.268+0000] {logging_mixin.py:188} INFO - [2026-05-15T06:53:09.268+0000] {dag.py:3823} INFO - Setting next_dagrun for hn_pipeline to 2026-05-15 05:00:00+00:00, run_after=2026-05-15 06:00:00+00:00
[2026-05-15T06:53:09.276+0000] {processor.py:183} INFO - Processing /opt/airflow/dags/hn_pipeline_dag.py took 0.087 seconds
[2026-05-15T06:53:39.575+0000] {processor.py:161} INFO - Started process (PID=203) to work on /opt/airflow/dags/hn_pipeline_dag.py
[2026-05-15T06:53:39.576+0000] {processor.py:830} INFO - Processing file /opt/airflow/dags/hn_pipeline_dag.py for tasks to queue
[2026-05-15T06:53:39.577+0000] {logging_mixin.py:188} INFO - [2026-05-15T06:53:39.576+0000] {dagbag.py:538} INFO - Filling up the DagBag from /opt/airflow/dags/hn_pipeline_dag.py
[2026-05-15T06:53:39.589+0000] {processor.py:840} INFO - DAG(s) 'hn_pipeline' retrieved from /opt/airflow/dags/hn_pipeline_dag.py
[2026-05-15T06:53:39.611+0000] {logging_mixin.py:188} INFO - [2026-05-15T06:53:39.610+0000] {dag.py:3036} INFO - Sync 1 DAGs
[2026-05-15T06:53:39.622+0000] {logging_mixin.py:188} INFO - [2026-05-15T06:53:39.622+0000] {dag.py:3823} INFO - Setting next_dagrun for hn_pipeline to 2026-05-15 05:00:00+00:00, run_after=2026-05-15 06:00:00+00:00
[2026-05-15T06:53:39.629+0000] {processor.py:183} INFO - Processing /opt/airflow/dags/hn_pipeline_dag.py took 0.056 seconds
[2026-05-15T06:54:09.750+0000] {processor.py:161} INFO - Started process (PID=208) to work on /opt/airflow/dags/hn_pipeline_dag.py
[2026-05-15T06:54:09.751+0000] {processor.py:830} INFO - Processing file /opt/airflow/dags/hn_pipeline_dag.py for tasks to queue
[2026-05-15T06:54:09.752+0000] {logging_mixin.py:188} INFO - [2026-05-15T06:54:09.751+0000] {dagbag.py:538} INFO - Filling up the DagBag from /opt/airflow/dags/hn_pipeline_dag.py
[2026-05-15T06:54:09.765+0000] {processor.py:840} INFO - DAG(s) 'hn_pipeline' retrieved from /opt/airflow/dags/hn_pipeline_dag.py
[2026-05-15T06:54:09.785+0000] {logging_mixin.py:188} INFO - [2026-05-15T06:54:09.785+0000] {dag.py:3036} INFO - Sync 1 DAGs
[2026-05-15T06:54:09.795+0000] {logging_mixin.py:188} INFO - [2026-05-15T06:54:09.795+0000] {dag.py:3823} INFO - Setting next_dagrun for hn_pipeline to 2026-05-15 05:00:00+00:00, run_after=2026-05-15 06:00:00+00:00
[2026-05-15T06:54:09.803+0000] {processor.py:183} INFO - Processing /opt/airflow/dags/hn_pipeline_dag.py took 0.058 seconds
[2026-05-15T06:54:39.997+0000] {processor.py:161} INFO - Started process (PID=213) to work on /opt/airflow/dags/hn_pipeline_dag.py
[2026-05-15T06:54:39.998+0000] {processor.py:830} INFO - Processing file /opt/airflow/dags/hn_pipeline_dag.py for tasks to queue
[2026-05-15T06:54:39.999+0000] {logging_mixin.py:188} INFO - [2026-05-15T06:54:39.998+0000] {dagbag.py:538} INFO - Filling up the DagBag from /opt/airflow/dags/hn_pipeline_dag.py
[2026-05-15T06:54:40.011+0000] {processor.py:840} INFO - DAG(s) 'hn_pipeline' retrieved from /opt/airflow/dags/hn_pipeline_dag.py
[2026-05-15T06:54:40.029+0000] {logging_mixin.py:188} INFO - [2026-05-15T06:54:40.029+0000] {dag.py:3036} INFO - Sync 1 DAGs
[2026-05-15T06:54:40.040+0000] {logging_mixin.py:188} INFO - [2026-05-15T06:54:40.040+0000] {dag.py:3823} INFO - Setting next_dagrun for hn_pipeline to 2026-05-15 05:00:00+00:00, run_after=2026-05-15 06:00:00+00:00
[2026-05-15T06:54:40.047+0000] {processor.py:183} INFO - Processing /opt/airflow/dags/hn_pipeline_dag.py took 0.053 seconds
[2026-05-15T06:55:10.256+0000] {processor.py:161} INFO - Started process (PID=224) to work on /opt/airflow/dags/hn_pipeline_dag.py
[2026-05-15T06:55:10.257+0000] {processor.py:830} INFO - Processing file /opt/airflow/dags/hn_pipeline_dag.py for tasks to queue
[2026-05-15T06:55:10.258+0000] {logging_mixin.py:188} INFO - [2026-05-15T06:55:10.258+0000] {dagbag.py:538} INFO - Filling up the DagBag from /opt/airflow/dags/hn_pipeline_dag.py
[2026-05-15T06:55:10.272+0000] {processor.py:840} INFO - DAG(s) 'hn_pipeline' retrieved from /opt/airflow/dags/hn_pipeline_dag.py
[2026-05-15T06:55:10.291+0000] {logging_mixin.py:188} INFO - [2026-05-15T06:55:10.291+0000] {dag.py:3036} INFO - Sync 1 DAGs
[2026-05-15T06:55:10.302+0000] {logging_mixin.py:188} INFO - [2026-05-15T06:55:10.302+0000] {dag.py:3823} INFO - Setting next_dagrun for hn_pipeline to 2026-05-15 05:00:00+00:00, run_after=2026-05-15 06:00:00+00:00
[2026-05-15T06:55:10.310+0000] {processor.py:183} INFO - Processing /opt/airflow/dags/hn_pipeline_dag.py took 0.058 seconds
[2026-05-15T06:55:40.534+0000] {processor.py:161} INFO - Started process (PID=229) to work on /opt/airflow/dags/hn_pipeline_dag.py
[2026-05-15T06:55:40.535+0000] {processor.py:830} INFO - Processing file /opt/airflow/dags/hn_pipeline_dag.py for tasks to queue
[2026-05-15T06:55:40.536+0000] {logging_mixin.py:188} INFO - [2026-05-15T06:55:40.535+0000] {dagbag.py:538} INFO - Filling up the DagBag from /opt/airflow/dags/hn_pipeline_dag.py
[2026-05-15T06:55:40.547+0000] {processor.py:840} INFO - DAG(s) 'hn_pipeline' retrieved from /opt/airflow/dags/hn_pipeline_dag.py
[2026-05-15T06:55:40.566+0000] {logging_mixin.py:188} INFO - [2026-05-15T06:55:40.566+0000] {dag.py:3036} INFO - Sync 1 DAGs
[2026-05-15T06:55:40.577+0000] {logging_mixin.py:188} INFO - [2026-05-15T06:55:40.577+0000] {dag.py:3823} INFO - Setting next_dagrun for hn_pipeline to 2026-05-15 05:00:00+00:00, run_after=2026-05-15 06:00:00+00:00
[2026-05-15T06:55:40.584+0000] {processor.py:183} INFO - Processing /opt/airflow/dags/hn_pipeline_dag.py took 0.054 seconds
[2026-05-15T06:56:10.718+0000] {processor.py:161} INFO - Started process (PID=234) to work on /opt/airflow/dags/hn_pipeline_dag.py
[2026-05-15T06:56:10.719+0000] {processor.py:830} INFO - Processing file /opt/airflow/dags/hn_pipeline_dag.py for tasks to queue
[2026-05-15T06:56:10.719+0000] {logging_mixin.py:188} INFO - [2026-05-15T06:56:10.719+0000] {dagbag.py:538} INFO - Filling up the DagBag from /opt/airflow/dags/hn_pipeline_dag.py
[2026-05-15T06:56:10.731+0000] {processor.py:840} INFO - DAG(s) 'hn_pipeline' retrieved from /opt/airflow/dags/hn_pipeline_dag.py
[2026-05-15T06:56:10.757+0000] {logging_mixin.py:188} INFO - [2026-05-15T06:56:10.757+0000] {dag.py:3036} INFO - Sync 1 DAGs
[2026-05-15T06:56:10.768+0000] {logging_mixin.py:188} INFO - [2026-05-15T06:56:10.768+0000] {dag.py:3823} INFO - Setting next_dagrun for hn_pipeline to 2026-05-15 05:00:00+00:00, run_after=2026-05-15 06:00:00+00:00
[2026-05-15T06:56:10.777+0000] {processor.py:183} INFO - Processing /opt/airflow/dags/hn_pipeline_dag.py took 0.061 seconds
[2026-05-15T06:56:40.899+0000] {processor.py:161} INFO - Started process (PID=239) to work on /opt/airflow/dags/hn_pipeline_dag.py
[2026-05-15T06:56:40.900+0000] {processor.py:830} INFO - Processing file /opt/airflow/dags/hn_pipeline_dag.py for tasks to queue
[2026-05-15T06:56:40.901+0000] {logging_mixin.py:188} INFO - [2026-05-15T06:56:40.900+0000] {dagbag.py:538} INFO - Filling up the DagBag from /opt/airflow/dags/hn_pipeline_dag.py
[2026-05-15T06:56:40.913+0000] {processor.py:840} INFO - DAG(s) 'hn_pipeline' retrieved from /opt/airflow/dags/hn_pipeline_dag.py
[2026-05-15T06:56:40.939+0000] {logging_mixin.py:188} INFO - [2026-05-15T06:56:40.939+0000] {dag.py:3036} INFO - Sync 1 DAGs
[2026-05-15T06:56:40.951+0000] {logging_mixin.py:188} INFO - [2026-05-15T06:56:40.951+0000] {dag.py:3823} INFO - Setting next_dagrun for hn_pipeline to 2026-05-15 05:00:00+00:00, run_after=2026-05-15 06:00:00+00:00
[2026-05-15T06:56:40.959+0000] {processor.py:183} INFO - Processing /opt/airflow/dags/hn_pipeline_dag.py took 0.065 seconds
[2026-05-15T06:57:11.135+0000] {processor.py:161} INFO - Started process (PID=244) to work on /opt/airflow/dags/hn_pipeline_dag.py
[2026-05-15T06:57:11.135+0000] {processor.py:830} INFO - Processing file /opt/airflow/dags/hn_pipeline_dag.py for tasks to queue
[2026-05-15T06:57:11.137+0000] {logging_mixin.py:188} INFO - [2026-05-15T06:57:11.136+0000] {dagbag.py:538} INFO - Filling up the DagBag from /opt/airflow/dags/hn_pipeline_dag.py
[2026-05-15T06:57:11.153+0000] {processor.py:840} INFO - DAG(s) 'hn_pipeline' retrieved from /opt/airflow/dags/hn_pipeline_dag.py
[2026-05-15T06:57:11.182+0000] {logging_mixin.py:188} INFO - [2026-05-15T06:57:11.181+0000] {dag.py:3036} INFO - Sync 1 DAGs
[2026-05-15T06:57:11.193+0000] {logging_mixin.py:188} INFO - [2026-05-15T06:57:11.192+0000] {dag.py:3823} INFO - Setting next_dagrun for hn_pipeline to 2026-05-15 05:00:00+00:00, run_after=2026-05-15 06:00:00+00:00
[2026-05-15T06:57:11.200+0000] {processor.py:183} INFO - Processing /opt/airflow/dags/hn_pipeline_dag.py took 0.070 seconds
[2026-05-15T06:57:43.114+0000] {processor.py:161} INFO - Started process (PID=251) to work on /opt/airflow/dags/hn_pipeline_dag.py
[2026-05-15T06:57:43.195+0000] {processor.py:830} INFO - Processing file /opt/airflow/dags/hn_pipeline_dag.py for tasks to queue
[2026-05-15T06:57:43.221+0000] {logging_mixin.py:188} INFO - [2026-05-15T06:57:43.203+0000] {dagbag.py:538} INFO - Filling up the DagBag from /opt/airflow/dags/hn_pipeline_dag.py
[2026-05-15T06:57:44.209+0000] {processor.py:840} INFO - DAG(s) 'hn_pipeline' retrieved from /opt/airflow/dags/hn_pipeline_dag.py
[2026-05-15T06:57:45.661+0000] {logging_mixin.py:188} INFO - [2026-05-15T06:57:45.656+0000] {dag.py:3036} INFO - Sync 1 DAGs
[2026-05-15T06:58:14.381+0000] {logging_mixin.py:188} INFO - [2026-05-15T06:58:14.250+0000] {dag.py:3823} INFO - Setting next_dagrun for hn_pipeline to 2026-05-15 06:00:00+00:00, run_after=2026-05-15 07:00:00+00:00
[2026-05-15T06:58:19.028+0000] {processor.py:183} INFO - Processing /opt/airflow/dags/hn_pipeline_dag.py took 36.635 seconds
[2026-05-15T06:59:07.675+0000] {processor.py:161} INFO - Started process (PID=186) to work on /opt/airflow/dags/hn_pipeline_dag.py
[2026-05-15T06:59:07.686+0000] {processor.py:830} INFO - Processing file /opt/airflow/dags/hn_pipeline_dag.py for tasks to queue
[2026-05-15T06:59:07.690+0000] {logging_mixin.py:188} INFO - [2026-05-15T06:59:07.687+0000] {dagbag.py:538} INFO - Filling up the DagBag from /opt/airflow/dags/hn_pipeline_dag.py
[2026-05-15T06:59:07.701+0000] {processor.py:840} INFO - DAG(s) 'hn_pipeline' retrieved from /opt/airflow/dags/hn_pipeline_dag.py
[2026-05-15T06:59:07.832+0000] {logging_mixin.py:188} INFO - [2026-05-15T06:59:07.832+0000] {override.py:1769} INFO - Created Permission View: can read on DAG:hn_pipeline
[2026-05-15T06:59:07.837+0000] {logging_mixin.py:188} INFO - [2026-05-15T06:59:07.836+0000] {override.py:1769} INFO - Created Permission View: can edit on DAG:hn_pipeline
[2026-05-15T06:59:07.839+0000] {logging_mixin.py:188} INFO - [2026-05-15T06:59:07.839+0000] {override.py:1769} INFO - Created Permission View: can delete on DAG:hn_pipeline
[2026-05-15T06:59:07.839+0000] {logging_mixin.py:188} INFO - [2026-05-15T06:59:07.839+0000] {dag.py:3036} INFO - Sync 1 DAGs
[2026-05-15T06:59:07.846+0000] {logging_mixin.py:188} INFO - [2026-05-15T06:59:07.846+0000] {dag.py:3058} INFO - Creating ORM DAG for hn_pipeline
[2026-05-15T06:59:07.854+0000] {logging_mixin.py:188} INFO - [2026-05-15T06:59:07.854+0000] {dag.py:3823} INFO - Setting next_dagrun for hn_pipeline to 2026-05-15 05:00:00+00:00, run_after=2026-05-15 06:00:00+00:00
[2026-05-15T06:59:07.865+0000] {processor.py:183} INFO - Processing /opt/airflow/dags/hn_pipeline_dag.py took 0.194 seconds
[2026-05-15T06:59:37.994+0000] {processor.py:161} INFO - Started process (PID=198) to work on /opt/airflow/dags/hn_pipeline_dag.py
[2026-05-15T06:59:37.995+0000] {processor.py:830} INFO - Processing file /opt/airflow/dags/hn_pipeline_dag.py for tasks to queue
[2026-05-15T06:59:37.997+0000] {logging_mixin.py:188} INFO - [2026-05-15T06:59:37.996+0000] {dagbag.py:538} INFO - Filling up the DagBag from /opt/airflow/dags/hn_pipeline_dag.py
[2026-05-15T06:59:38.010+0000] {processor.py:840} INFO - DAG(s) 'hn_pipeline' retrieved from /opt/airflow/dags/hn_pipeline_dag.py
[2026-05-15T06:59:38.043+0000] {logging_mixin.py:188} INFO - [2026-05-15T06:59:38.042+0000] {dag.py:3036} INFO - Sync 1 DAGs
[2026-05-15T06:59:38.056+0000] {logging_mixin.py:188} INFO - [2026-05-15T06:59:38.056+0000] {dag.py:3823} INFO - Setting next_dagrun for hn_pipeline to 2026-05-15 05:00:00+00:00, run_after=2026-05-15 06:00:00+00:00
[2026-05-15T06:59:38.064+0000] {processor.py:183} INFO - Processing /opt/airflow/dags/hn_pipeline_dag.py took 0.074 seconds
[2026-05-15T07:00:08.404+0000] {processor.py:161} INFO - Started process (PID=203) to work on /opt/airflow/dags/hn_pipeline_dag.py
[2026-05-15T07:00:08.405+0000] {processor.py:830} INFO - Processing file /opt/airflow/dags/hn_pipeline_dag.py for tasks to queue
[2026-05-15T07:00:08.406+0000] {logging_mixin.py:188} INFO - [2026-05-15T07:00:08.406+0000] {dagbag.py:538} INFO - Filling up the DagBag from /opt/airflow/dags/hn_pipeline_dag.py
[2026-05-15T07:00:08.422+0000] {processor.py:840} INFO - DAG(s) 'hn_pipeline' retrieved from /opt/airflow/dags/hn_pipeline_dag.py
[2026-05-15T07:00:08.462+0000] {logging_mixin.py:188} INFO - [2026-05-15T07:00:08.461+0000] {dag.py:3036} INFO - Sync 1 DAGs
[2026-05-15T07:00:08.486+0000] {logging_mixin.py:188} INFO - [2026-05-15T07:00:08.484+0000] {dag.py:3823} INFO - Setting next_dagrun for hn_pipeline to 2026-05-15 06:00:00+00:00, run_after=2026-05-15 07:00:00+00:00
[2026-05-15T07:00:08.617+0000] {processor.py:183} INFO - Processing /opt/airflow/dags/hn_pipeline_dag.py took 0.217 seconds
[2026-05-15T07:00:38.713+0000] {processor.py:161} INFO - Started process (PID=208) to work on /opt/airflow/dags/hn_pipeline_dag.py
[2026-05-15T07:00:38.714+0000] {processor.py:830} INFO - Processing file /opt/airflow/dags/hn_pipeline_dag.py for tasks to queue
[2026-05-15T07:00:38.715+0000] {logging_mixin.py:188} INFO - [2026-05-15T07:00:38.715+0000] {dagbag.py:538} INFO - Filling up the DagBag from /opt/airflow/dags/hn_pipeline_dag.py
[2026-05-15T07:00:38.734+0000] {processor.py:840} INFO - DAG(s) 'hn_pipeline' retrieved from /opt/airflow/dags/hn_pipeline_dag.py
[2026-05-15T07:00:38.778+0000] {logging_mixin.py:188} INFO - [2026-05-15T07:00:38.777+0000] {dag.py:3036} INFO - Sync 1 DAGs
[2026-05-15T07:00:38.793+0000] {logging_mixin.py:188} INFO - [2026-05-15T07:00:38.792+0000] {dag.py:3823} INFO - Setting next_dagrun for hn_pipeline to 2026-05-15 06:00:00+00:00, run_after=2026-05-15 07:00:00+00:00
[2026-05-15T07:00:38.831+0000] {processor.py:183} INFO - Processing /opt/airflow/dags/hn_pipeline_dag.py took 0.123 seconds
[2026-05-15T07:01:09.002+0000] {processor.py:161} INFO - Started process (PID=213) to work on /opt/airflow/dags/hn_pipeline_dag.py
[2026-05-15T07:01:09.012+0000] {processor.py:830} INFO - Processing file /opt/airflow/dags/hn_pipeline_dag.py for tasks to queue
[2026-05-15T07:01:09.116+0000] {logging_mixin.py:188} INFO - [2026-05-15T07:01:09.097+0000] {dagbag.py:538} INFO - Filling up the DagBag from /opt/airflow/dags/hn_pipeline_dag.py
[2026-05-15T07:01:09.157+0000] {processor.py:840} INFO - DAG(s) 'hn_pipeline' retrieved from /opt/airflow/dags/hn_pipeline_dag.py
[2026-05-15T07:01:09.212+0000] {logging_mixin.py:188} INFO - [2026-05-15T07:01:09.210+0000] {dag.py:3036} INFO - Sync 1 DAGs
[2026-05-15T07:01:09.250+0000] {logging_mixin.py:188} INFO - [2026-05-15T07:01:09.249+0000] {dag.py:3823} INFO - Setting next_dagrun for hn_pipeline to 2026-05-15 06:00:00+00:00, run_after=2026-05-15 07:00:00+00:00
[2026-05-15T07:01:09.268+0000] {processor.py:183} INFO - Processing /opt/airflow/dags/hn_pipeline_dag.py took 0.280 seconds
[2026-05-15T07:01:39.475+0000] {processor.py:161} INFO - Started process (PID=224) to work on /opt/airflow/dags/hn_pipeline_dag.py
[2026-05-15T07:01:39.476+0000] {processor.py:830} INFO - Processing file /opt/airflow/dags/hn_pipeline_dag.py for tasks to queue
[2026-05-15T07:01:39.479+0000] {logging_mixin.py:188} INFO - [2026-05-15T07:01:39.478+0000] {dagbag.py:538} INFO - Filling up the DagBag from /opt/airflow/dags/hn_pipeline_dag.py
[2026-05-15T07:01:39.499+0000] {processor.py:840} INFO - DAG(s) 'hn_pipeline' retrieved from /opt/airflow/dags/hn_pipeline_dag.py
[2026-05-15T07:01:39.521+0000] {logging_mixin.py:188} INFO - [2026-05-15T07:01:39.521+0000] {dag.py:3036} INFO - Sync 1 DAGs
[2026-05-15T07:01:39.533+0000] {logging_mixin.py:188} INFO - [2026-05-15T07:01:39.533+0000] {dag.py:3823} INFO - Setting next_dagrun for hn_pipeline to 2026-05-15 06:00:00+00:00, run_after=2026-05-15 07:00:00+00:00
[2026-05-15T07:01:39.540+0000] {processor.py:183} INFO - Processing /opt/airflow/dags/hn_pipeline_dag.py took 0.072 seconds
[2026-05-15T07:02:09.794+0000] {processor.py:161} INFO - Started process (PID=229) to work on /opt/airflow/dags/hn_pipeline_dag.py
[2026-05-15T07:02:09.795+0000] {processor.py:830} INFO - Processing file /opt/airflow/dags/hn_pipeline_dag.py for tasks to queue
[2026-05-15T07:02:09.796+0000] {logging_mixin.py:188} INFO - [2026-05-15T07:02:09.796+0000] {dagbag.py:538} INFO - Filling up the DagBag from /opt/airflow/dags/hn_pipeline_dag.py
[2026-05-15T07:02:09.809+0000] {processor.py:840} INFO - DAG(s) 'hn_pipeline' retrieved from /opt/airflow/dags/hn_pipeline_dag.py
[2026-05-15T07:02:09.827+0000] {logging_mixin.py:188} INFO - [2026-05-15T07:02:09.826+0000] {dag.py:3036} INFO - Sync 1 DAGs
[2026-05-15T07:02:09.838+0000] {logging_mixin.py:188} INFO - [2026-05-15T07:02:09.838+0000] {dag.py:3823} INFO - Setting next_dagrun for hn_pipeline to 2026-05-15 06:00:00+00:00, run_after=2026-05-15 07:00:00+00:00
[2026-05-15T07:02:09.846+0000] {processor.py:183} INFO - Processing /opt/airflow/dags/hn_pipeline_dag.py took 0.056 seconds
[2026-05-15T07:02:40.093+0000] {processor.py:161} INFO - Started process (PID=240) to work on /opt/airflow/dags/hn_pipeline_dag.py
[2026-05-15T07:02:40.094+0000] {processor.py:830} INFO - Processing file /opt/airflow/dags/hn_pipeline_dag.py for tasks to queue
[2026-05-15T07:02:40.094+0000] {logging_mixin.py:188} INFO - [2026-05-15T07:02:40.094+0000] {dagbag.py:538} INFO - Filling up the DagBag from /opt/airflow/dags/hn_pipeline_dag.py
[2026-05-15T07:02:40.106+0000] {processor.py:840} INFO - DAG(s) 'hn_pipeline' retrieved from /opt/airflow/dags/hn_pipeline_dag.py
[2026-05-15T07:02:40.123+0000] {logging_mixin.py:188} INFO - [2026-05-15T07:02:40.123+0000] {dag.py:3036} INFO - Sync 1 DAGs
[2026-05-15T07:02:40.133+0000] {logging_mixin.py:188} INFO - [2026-05-15T07:02:40.133+0000] {dag.py:3823} INFO - Setting next_dagrun for hn_pipeline to 2026-05-15 06:00:00+00:00, run_after=2026-05-15 07:00:00+00:00
[2026-05-15T07:02:40.143+0000] {processor.py:183} INFO - Processing /opt/airflow/dags/hn_pipeline_dag.py took 0.053 seconds
[2026-05-15T07:03:10.333+0000] {processor.py:161} INFO - Started process (PID=579) to work on /opt/airflow/dags/hn_pipeline_dag.py
[2026-05-15T07:03:10.334+0000] {processor.py:830} INFO - Processing file /opt/airflow/dags/hn_pipeline_dag.py for tasks to queue
[2026-05-15T07:03:10.334+0000] {logging_mixin.py:188} INFO - [2026-05-15T07:03:10.334+0000] {dagbag.py:538} INFO - Filling up the DagBag from /opt/airflow/dags/hn_pipeline_dag.py
[2026-05-15T07:03:10.347+0000] {processor.py:840} INFO - DAG(s) 'hn_pipeline' retrieved from /opt/airflow/dags/hn_pipeline_dag.py
[2026-05-15T07:03:10.364+0000] {logging_mixin.py:188} INFO - [2026-05-15T07:03:10.364+0000] {dag.py:3036} INFO - Sync 1 DAGs
[2026-05-15T07:03:10.375+0000] {logging_mixin.py:188} INFO - [2026-05-15T07:03:10.375+0000] {dag.py:3823} INFO - Setting next_dagrun for hn_pipeline to 2026-05-15 06:00:00+00:00, run_after=2026-05-15 07:00:00+00:00
[2026-05-15T07:03:10.383+0000] {processor.py:183} INFO - Processing /opt/airflow/dags/hn_pipeline_dag.py took 0.054 seconds
[2026-05-15T07:03:40.954+0000] {processor.py:161} INFO - Started process (PID=595) to work on /opt/airflow/dags/hn_pipeline_dag.py
[2026-05-15T07:03:41.030+0000] {processor.py:830} INFO - Processing file /opt/airflow/dags/hn_pipeline_dag.py for tasks to queue
[2026-05-15T07:03:41.221+0000] {logging_mixin.py:188} INFO - [2026-05-15T07:03:41.046+0000] {dagbag.py:538} INFO - Filling up the DagBag from /opt/airflow/dags/hn_pipeline_dag.py
[2026-05-15T07:03:43.552+0000] {processor.py:840} INFO - DAG(s) 'hn_pipeline' retrieved from /opt/airflow/dags/hn_pipeline_dag.py
[2026-05-15T07:03:48.210+0000] {logging_mixin.py:188} INFO - [2026-05-15T07:03:48.209+0000] {dag.py:3036} INFO - Sync 1 DAGs
[2026-05-15T07:03:48.231+0000] {logging_mixin.py:188} INFO - [2026-05-15T07:03:48.231+0000] {dag.py:3823} INFO - Setting next_dagrun for hn_pipeline to 2026-05-15 06:00:00+00:00, run_after=2026-05-15 07:00:00+00:00
[2026-05-15T07:03:48.244+0000] {processor.py:183} INFO - Processing /opt/airflow/dags/hn_pipeline_dag.py took 7.352 seconds
[2026-05-15T07:04:18.471+0000] {processor.py:161} INFO - Started process (PID=600) to work on /opt/airflow/dags/hn_pipeline_dag.py
[2026-05-15T07:04:18.472+0000] {processor.py:830} INFO - Processing file /opt/airflow/dags/hn_pipeline_dag.py for tasks to queue
[2026-05-15T07:04:18.473+0000] {logging_mixin.py:188} INFO - [2026-05-15T07:04:18.472+0000] {dagbag.py:538} INFO - Filling up the DagBag from /opt/airflow/dags/hn_pipeline_dag.py
[2026-05-15T07:04:18.484+0000] {processor.py:840} INFO - DAG(s) 'hn_pipeline' retrieved from /opt/airflow/dags/hn_pipeline_dag.py
[2026-05-15T07:04:18.506+0000] {logging_mixin.py:188} INFO - [2026-05-15T07:04:18.506+0000] {dag.py:3036} INFO - Sync 1 DAGs
[2026-05-15T07:04:18.516+0000] {logging_mixin.py:188} INFO - [2026-05-15T07:04:18.516+0000] {dag.py:3823} INFO - Setting next_dagrun for hn_pipeline to 2026-05-15 06:00:00+00:00, run_after=2026-05-15 07:00:00+00:00
[2026-05-15T07:04:18.524+0000] {processor.py:183} INFO - Processing /opt/airflow/dags/hn_pipeline_dag.py took 0.055 seconds
[2026-05-15T07:04:48.541+0000] {processor.py:161} INFO - Started process (PID=3004) to work on /opt/airflow/dags/hn_pipeline_dag.py
[2026-05-15T07:04:48.542+0000] {processor.py:830} INFO - Processing file /opt/airflow/dags/hn_pipeline_dag.py for tasks to queue
[2026-05-15T07:04:48.542+0000] {logging_mixin.py:188} INFO - [2026-05-15T07:04:48.542+0000] {dagbag.py:538} INFO - Filling up the DagBag from /opt/airflow/dags/hn_pipeline_dag.py
[2026-05-15T07:04:48.557+0000] {processor.py:840} INFO - DAG(s) 'hn_pipeline' retrieved from /opt/airflow/dags/hn_pipeline_dag.py
[2026-05-15T07:04:48.575+0000] {logging_mixin.py:188} INFO - [2026-05-15T07:04:48.575+0000] {dag.py:3036} INFO - Sync 1 DAGs
[2026-05-15T07:04:48.587+0000] {logging_mixin.py:188} INFO - [2026-05-15T07:04:48.587+0000] {dag.py:3823} INFO - Setting next_dagrun for hn_pipeline to 2026-05-15 06:00:00+00:00, run_after=2026-05-15 07:00:00+00:00
[2026-05-15T07:04:48.595+0000] {processor.py:183} INFO - Processing /opt/airflow/dags/hn_pipeline_dag.py took 0.056 seconds
[2026-05-15T07:05:18.813+0000] {processor.py:161} INFO - Started process (PID=3236) to work on /opt/airflow/dags/hn_pipeline_dag.py
[2026-05-15T07:05:18.813+0000] {processor.py:830} INFO - Processing file /opt/airflow/dags/hn_pipeline_dag.py for tasks to queue
[2026-05-15T07:05:18.814+0000] {logging_mixin.py:188} INFO - [2026-05-15T07:05:18.814+0000] {dagbag.py:538} INFO - Filling up the DagBag from /opt/airflow/dags/hn_pipeline_dag.py
[2026-05-15T07:05:18.822+0000] {processor.py:840} INFO - DAG(s) 'hn_pipeline' retrieved from /opt/airflow/dags/hn_pipeline_dag.py
[2026-05-15T07:05:18.837+0000] {logging_mixin.py:188} INFO - [2026-05-15T07:05:18.837+0000] {dag.py:3036} INFO - Sync 1 DAGs
[2026-05-15T07:05:18.848+0000] {logging_mixin.py:188} INFO - [2026-05-15T07:05:18.848+0000] {dag.py:3823} INFO - Setting next_dagrun for hn_pipeline to 2026-05-15 06:00:00+00:00, run_after=2026-05-15 07:00:00+00:00
[2026-05-15T07:05:18.855+0000] {processor.py:183} INFO - Processing /opt/airflow/dags/hn_pipeline_dag.py took 0.045 seconds
[2026-05-15T07:05:49.007+0000] {processor.py:161} INFO - Started process (PID=3264) to work on /opt/airflow/dags/hn_pipeline_dag.py
[2026-05-15T07:05:49.007+0000] {processor.py:830} INFO - Processing file /opt/airflow/dags/hn_pipeline_dag.py for tasks to queue
[2026-05-15T07:05:49.008+0000] {logging_mixin.py:188} INFO - [2026-05-15T07:05:49.008+0000] {dagbag.py:538} INFO - Filling up the DagBag from /opt/airflow/dags/hn_pipeline_dag.py
[2026-05-15T07:05:49.021+0000] {processor.py:840} INFO - DAG(s) 'hn_pipeline' retrieved from /opt/airflow/dags/hn_pipeline_dag.py
[2026-05-15T07:05:49.040+0000] {logging_mixin.py:188} INFO - [2026-05-15T07:05:49.040+0000] {dag.py:3036} INFO - Sync 1 DAGs
[2026-05-15T07:05:49.053+0000] {logging_mixin.py:188} INFO - [2026-05-15T07:05:49.053+0000] {dag.py:3823} INFO - Setting next_dagrun for hn_pipeline to 2026-05-15 06:00:00+00:00, run_after=2026-05-15 07:00:00+00:00
[2026-05-15T07:05:49.061+0000] {processor.py:183} INFO - Processing /opt/airflow/dags/hn_pipeline_dag.py took 0.058 seconds
[2026-05-15T07:06:19.295+0000] {processor.py:161} INFO - Started process (PID=3269) to work on /opt/airflow/dags/hn_pipeline_dag.py
[2026-05-15T07:06:19.296+0000] {processor.py:830} INFO - Processing file /opt/airflow/dags/hn_pipeline_dag.py for tasks to queue
[2026-05-15T07:06:19.297+0000] {logging_mixin.py:188} INFO - [2026-05-15T07:06:19.296+0000] {dagbag.py:538} INFO - Filling up the DagBag from /opt/airflow/dags/hn_pipeline_dag.py
[2026-05-15T07:06:19.312+0000] {processor.py:840} INFO - DAG(s) 'hn_pipeline' retrieved from /opt/airflow/dags/hn_pipeline_dag.py
[2026-05-15T07:06:19.343+0000] {logging_mixin.py:188} INFO - [2026-05-15T07:06:19.343+0000] {dag.py:3036} INFO - Sync 1 DAGs
[2026-05-15T07:06:19.354+0000] {logging_mixin.py:188} INFO - [2026-05-15T07:06:19.354+0000] {dag.py:3823} INFO - Setting next_dagrun for hn_pipeline to 2026-05-15 06:00:00+00:00, run_after=2026-05-15 07:00:00+00:00
[2026-05-15T07:06:19.364+0000] {processor.py:183} INFO - Processing /opt/airflow/dags/hn_pipeline_dag.py took 0.073 seconds
[2026-05-15T07:06:27.397+0000] {processor.py:161} INFO - Started process (PID=3274) to work on /opt/airflow/dags/hn_pipeline_dag.py
[2026-05-15T07:06:27.398+0000] {processor.py:830} INFO - Processing file /opt/airflow/dags/hn_pipeline_dag.py for tasks to queue
[2026-05-15T07:06:27.399+0000] {logging_mixin.py:188} INFO - [2026-05-15T07:06:27.399+0000] {dagbag.py:538} INFO - Filling up the DagBag from /opt/airflow/dags/hn_pipeline_dag.py
[2026-05-15T07:06:27.419+0000] {processor.py:840} INFO - DAG(s) 'hn_pipeline' retrieved from /opt/airflow/dags/hn_pipeline_dag.py
[2026-05-15T07:06:27.455+0000] {logging_mixin.py:188} INFO - [2026-05-15T07:06:27.454+0000] {dag.py:3036} INFO - Sync 1 DAGs
[2026-05-15T07:06:27.468+0000] {logging_mixin.py:188} INFO - [2026-05-15T07:06:27.467+0000] {dag.py:3823} INFO - Setting next_dagrun for hn_pipeline to 2026-05-15 06:00:00+00:00, run_after=2026-05-15 07:00:00+00:00
[2026-05-15T07:06:27.477+0000] {processor.py:183} INFO - Processing /opt/airflow/dags/hn_pipeline_dag.py took 0.086 seconds
[2026-05-15T07:06:57.754+0000] {processor.py:161} INFO - Started process (PID=3279) to work on /opt/airflow/dags/hn_pipeline_dag.py
[2026-05-15T07:06:57.755+0000] {processor.py:830} INFO - Processing file /opt/airflow/dags/hn_pipeline_dag.py for tasks to queue
[2026-05-15T07:06:57.756+0000] {logging_mixin.py:188} INFO - [2026-05-15T07:06:57.756+0000] {dagbag.py:538} INFO - Filling up the DagBag from /opt/airflow/dags/hn_pipeline_dag.py
[2026-05-15T07:06:57.777+0000] {processor.py:840} INFO - DAG(s) 'hn_pipeline' retrieved from /opt/airflow/dags/hn_pipeline_dag.py
[2026-05-15T07:06:57.820+0000] {logging_mixin.py:188} INFO - [2026-05-15T07:06:57.819+0000] {dag.py:3036} INFO - Sync 1 DAGs
[2026-05-15T07:06:57.835+0000] {logging_mixin.py:188} INFO - [2026-05-15T07:06:57.835+0000] {dag.py:3823} INFO - Setting next_dagrun for hn_pipeline to 2026-05-15 06:00:00+00:00, run_after=2026-05-15 07:00:00+00:00
[2026-05-15T07:06:57.847+0000] {processor.py:183} INFO - Processing /opt/airflow/dags/hn_pipeline_dag.py took 0.096 seconds
[2026-05-15T07:07:28.076+0000] {processor.py:161} INFO - Started process (PID=3284) to work on /opt/airflow/dags/hn_pipeline_dag.py
[2026-05-15T07:07:28.077+0000] {processor.py:830} INFO - Processing file /opt/airflow/dags/hn_pipeline_dag.py for tasks to queue
[2026-05-15T07:07:28.078+0000] {logging_mixin.py:188} INFO - [2026-05-15T07:07:28.077+0000] {dagbag.py:538} INFO - Filling up the DagBag from /opt/airflow/dags/hn_pipeline_dag.py
[2026-05-15T07:07:28.099+0000] {processor.py:840} INFO - DAG(s) 'hn_pipeline' retrieved from /opt/airflow/dags/hn_pipeline_dag.py
[2026-05-15T07:07:28.141+0000] {logging_mixin.py:188} INFO - [2026-05-15T07:07:28.140+0000] {dag.py:3036} INFO - Sync 1 DAGs
[2026-05-15T07:07:28.155+0000] {logging_mixin.py:188} INFO - [2026-05-15T07:07:28.155+0000] {dag.py:3823} INFO - Setting next_dagrun for hn_pipeline to 2026-05-15 06:00:00+00:00, run_after=2026-05-15 07:00:00+00:00
[2026-05-15T07:07:28.163+0000] {processor.py:183} INFO - Processing /opt/airflow/dags/hn_pipeline_dag.py took 0.092 seconds
[2026-05-15T07:07:58.514+0000] {processor.py:161} INFO - Started process (PID=3289) to work on /opt/airflow/dags/hn_pipeline_dag.py
[2026-05-15T07:07:58.515+0000] {processor.py:830} INFO - Processing file /opt/airflow/dags/hn_pipeline_dag.py for tasks to queue
[2026-05-15T07:07:58.516+0000] {logging_mixin.py:188} INFO - [2026-05-15T07:07:58.515+0000] {dagbag.py:538} INFO - Filling up the DagBag from /opt/airflow/dags/hn_pipeline_dag.py
[2026-05-15T07:07:58.530+0000] {processor.py:840} INFO - DAG(s) 'hn_pipeline' retrieved from /opt/airflow/dags/hn_pipeline_dag.py
[2026-05-15T07:07:58.594+0000] {logging_mixin.py:188} INFO - [2026-05-15T07:07:58.591+0000] {dag.py:3036} INFO - Sync 1 DAGs
[2026-05-15T07:07:58.641+0000] {logging_mixin.py:188} INFO - [2026-05-15T07:07:58.639+0000] {dag.py:3823} INFO - Setting next_dagrun for hn_pipeline to 2026-05-15 06:00:00+00:00, run_after=2026-05-15 07:00:00+00:00
[2026-05-15T07:07:58.699+0000] {processor.py:183} INFO - Processing /opt/airflow/dags/hn_pipeline_dag.py took 0.189 seconds
[2026-05-15T07:08:28.839+0000] {processor.py:161} INFO - Started process (PID=3294) to work on /opt/airflow/dags/hn_pipeline_dag.py
[2026-05-15T07:08:28.840+0000] {processor.py:830} INFO - Processing file /opt/airflow/dags/hn_pipeline_dag.py for tasks to queue
[2026-05-15T07:08:28.842+0000] {logging_mixin.py:188} INFO - [2026-05-15T07:08:28.841+0000] {dagbag.py:538} INFO - Filling up the DagBag from /opt/airflow/dags/hn_pipeline_dag.py
[2026-05-15T07:08:28.863+0000] {processor.py:840} INFO - DAG(s) 'hn_pipeline' retrieved from /opt/airflow/dags/hn_pipeline_dag.py
[2026-05-15T07:08:28.928+0000] {logging_mixin.py:188} INFO - [2026-05-15T07:08:28.928+0000] {dag.py:3036} INFO - Sync 1 DAGs
[2026-05-15T07:08:28.947+0000] {logging_mixin.py:188} INFO - [2026-05-15T07:08:28.947+0000] {dag.py:3823} INFO - Setting next_dagrun for hn_pipeline to 2026-05-15 06:00:00+00:00, run_after=2026-05-15 07:00:00+00:00
[2026-05-15T07:08:28.957+0000] {processor.py:183} INFO - Processing /opt/airflow/dags/hn_pipeline_dag.py took 0.123 seconds
[2026-05-15T07:08:36.969+0000] {processor.py:161} INFO - Started process (PID=3299) to work on /opt/airflow/dags/hn_pipeline_dag.py
[2026-05-15T07:08:36.970+0000] {processor.py:830} INFO - Processing file /opt/airflow/dags/hn_pipeline_dag.py for tasks to queue
[2026-05-15T07:08:36.972+0000] {logging_mixin.py:188} INFO - [2026-05-15T07:08:36.971+0000] {dagbag.py:538} INFO - Filling up the DagBag from /opt/airflow/dags/hn_pipeline_dag.py
[2026-05-15T07:08:36.992+0000] {processor.py:840} INFO - DAG(s) 'hn_pipeline' retrieved from /opt/airflow/dags/hn_pipeline_dag.py
[2026-05-15T07:08:37.033+0000] {logging_mixin.py:188} INFO - [2026-05-15T07:08:37.032+0000] {dag.py:3036} INFO - Sync 1 DAGs
[2026-05-15T07:08:37.046+0000] {logging_mixin.py:188} INFO - [2026-05-15T07:08:37.045+0000] {dag.py:3823} INFO - Setting next_dagrun for hn_pipeline to 2026-05-15 06:00:00+00:00, run_after=2026-05-15 07:00:00+00:00
[2026-05-15T07:08:37.056+0000] {processor.py:183} INFO - Processing /opt/airflow/dags/hn_pipeline_dag.py took 0.092 seconds
[2026-05-15T07:09:07.419+0000] {processor.py:161} INFO - Started process (PID=3304) to work on /opt/airflow/dags/hn_pipeline_dag.py
[2026-05-15T07:09:07.420+0000] {processor.py:830} INFO - Processing file /opt/airflow/dags/hn_pipeline_dag.py for tasks to queue
[2026-05-15T07:09:07.420+0000] {logging_mixin.py:188} INFO - [2026-05-15T07:09:07.420+0000] {dagbag.py:538} INFO - Filling up the DagBag from /opt/airflow/dags/hn_pipeline_dag.py
[2026-05-15T07:09:07.431+0000] {processor.py:840} INFO - DAG(s) 'hn_pipeline' retrieved from /opt/airflow/dags/hn_pipeline_dag.py
[2026-05-15T07:09:07.460+0000] {logging_mixin.py:188} INFO - [2026-05-15T07:09:07.460+0000] {dag.py:3036} INFO - Sync 1 DAGs
[2026-05-15T07:09:07.472+0000] {logging_mixin.py:188} INFO - [2026-05-15T07:09:07.472+0000] {dag.py:3823} INFO - Setting next_dagrun for hn_pipeline to 2026-05-15 06:00:00+00:00, run_after=2026-05-15 07:00:00+00:00
[2026-05-15T07:09:07.479+0000] {processor.py:183} INFO - Processing /opt/airflow/dags/hn_pipeline_dag.py took 0.062 seconds
[2026-05-15T07:09:39.579+0000] {processor.py:161} INFO - Started process (PID=3309) to work on /opt/airflow/dags/hn_pipeline_dag.py
[2026-05-15T07:09:39.581+0000] {processor.py:830} INFO - Processing file /opt/airflow/dags/hn_pipeline_dag.py for tasks to queue
[2026-05-15T07:09:39.584+0000] {logging_mixin.py:188} INFO - [2026-05-15T07:09:39.581+0000] {dagbag.py:538} INFO - Filling up the DagBag from /opt/airflow/dags/hn_pipeline_dag.py
[2026-05-15T07:09:39.628+0000] {processor.py:840} INFO - DAG(s) 'hn_pipeline' retrieved from /opt/airflow/dags/hn_pipeline_dag.py
[2026-05-15T07:09:39.792+0000] {logging_mixin.py:188} INFO - [2026-05-15T07:09:39.780+0000] {dag.py:3036} INFO - Sync 1 DAGs
[2026-05-15T07:09:48.865+0000] {logging_mixin.py:188} INFO - [2026-05-15T07:09:48.474+0000] {dag.py:3823} INFO - Setting next_dagrun for hn_pipeline to 2026-05-15 06:00:00+00:00, run_after=2026-05-15 07:00:00+00:00
[2026-05-15T07:11:02.859+0000] {processor.py:161} INFO - Started process (PID=3312) to work on /opt/airflow/dags/hn_pipeline_dag.py
[2026-05-15T07:11:02.906+0000] {processor.py:830} INFO - Processing file /opt/airflow/dags/hn_pipeline_dag.py for tasks to queue
[2026-05-15T07:11:03.066+0000] {logging_mixin.py:188} INFO - [2026-05-15T07:11:02.958+0000] {dagbag.py:538} INFO - Filling up the DagBag from /opt/airflow/dags/hn_pipeline_dag.py
[2026-05-15T07:11:13.449+0000] {processor.py:840} INFO - DAG(s) 'hn_pipeline' retrieved from /opt/airflow/dags/hn_pipeline_dag.py
[2026-05-15T07:11:14.071+0000] {logging_mixin.py:188} INFO - [2026-05-15T07:11:14.052+0000] {dag.py:3036} INFO - Sync 1 DAGs
[2026-05-15T07:11:15.572+0000] {logging_mixin.py:188} INFO - [2026-05-15T07:11:15.571+0000] {dag.py:3823} INFO - Setting next_dagrun for hn_pipeline to 2026-05-15 06:00:00+00:00, run_after=2026-05-15 07:00:00+00:00
[2026-05-15T07:11:16.440+0000] {processor.py:183} INFO - Processing /opt/airflow/dags/hn_pipeline_dag.py took 13.671 seconds
[2026-05-15T07:11:46.918+0000] {processor.py:161} INFO - Started process (PID=3317) to work on /opt/airflow/dags/hn_pipeline_dag.py
[2026-05-15T07:11:46.919+0000] {processor.py:830} INFO - Processing file /opt/airflow/dags/hn_pipeline_dag.py for tasks to queue
[2026-05-15T07:11:46.919+0000] {logging_mixin.py:188} INFO - [2026-05-15T07:11:46.919+0000] {dagbag.py:538} INFO - Filling up the DagBag from /opt/airflow/dags/hn_pipeline_dag.py
[2026-05-15T07:11:46.929+0000] {processor.py:840} INFO - DAG(s) 'hn_pipeline' retrieved from /opt/airflow/dags/hn_pipeline_dag.py
[2026-05-15T07:11:47.000+0000] {logging_mixin.py:188} INFO - [2026-05-15T07:11:46.999+0000] {dag.py:3036} INFO - Sync 1 DAGs
[2026-05-15T07:11:47.670+0000] {logging_mixin.py:188} INFO - [2026-05-15T07:11:47.656+0000] {dag.py:3823} INFO - Setting next_dagrun for hn_pipeline to 2026-05-15 06:00:00+00:00, run_after=2026-05-15 07:00:00+00:00
[2026-05-15T07:11:48.776+0000] {processor.py:183} INFO - Processing /opt/airflow/dags/hn_pipeline_dag.py took 1.856 seconds
[2026-05-15T07:12:19.200+0000] {processor.py:161} INFO - Started process (PID=3322) to work on /opt/airflow/dags/hn_pipeline_dag.py
[2026-05-15T07:12:19.201+0000] {processor.py:830} INFO - Processing file /opt/airflow/dags/hn_pipeline_dag.py for tasks to queue
[2026-05-15T07:12:19.202+0000] {logging_mixin.py:188} INFO - [2026-05-15T07:12:19.201+0000] {dagbag.py:538} INFO - Filling up the DagBag from /opt/airflow/dags/hn_pipeline_dag.py
[2026-05-15T07:12:19.221+0000] {processor.py:840} INFO - DAG(s) 'hn_pipeline' retrieved from /opt/airflow/dags/hn_pipeline_dag.py
[2026-05-15T07:12:19.282+0000] {logging_mixin.py:188} INFO - [2026-05-15T07:12:19.280+0000] {dag.py:3036} INFO - Sync 1 DAGs
[2026-05-15T07:12:19.640+0000] {logging_mixin.py:188} INFO - [2026-05-15T07:12:19.629+0000] {dag.py:3823} INFO - Setting next_dagrun for hn_pipeline to 2026-05-15 06:00:00+00:00, run_after=2026-05-15 07:00:00+00:00
[2026-05-15T07:12:19.822+0000] {processor.py:183} INFO - Processing /opt/airflow/dags/hn_pipeline_dag.py took 0.627 seconds
[2026-05-15T07:12:50.124+0000] {processor.py:161} INFO - Started process (PID=3327) to work on /opt/airflow/dags/hn_pipeline_dag.py
[2026-05-15T07:12:50.125+0000] {processor.py:830} INFO - Processing file /opt/airflow/dags/hn_pipeline_dag.py for tasks to queue
[2026-05-15T07:12:50.126+0000] {logging_mixin.py:188} INFO - [2026-05-15T07:12:50.126+0000] {dagbag.py:538} INFO - Filling up the DagBag from /opt/airflow/dags/hn_pipeline_dag.py
[2026-05-15T07:12:50.138+0000] {processor.py:840} INFO - DAG(s) 'hn_pipeline' retrieved from /opt/airflow/dags/hn_pipeline_dag.py
[2026-05-15T07:12:50.189+0000] {logging_mixin.py:188} INFO - [2026-05-15T07:12:50.187+0000] {dag.py:3036} INFO - Sync 1 DAGs
[2026-05-15T07:12:50.214+0000] {logging_mixin.py:188} INFO - [2026-05-15T07:12:50.214+0000] {dag.py:3823} INFO - Setting next_dagrun for hn_pipeline to 2026-05-15 06:00:00+00:00, run_after=2026-05-15 07:00:00+00:00
[2026-05-15T07:12:50.239+0000] {processor.py:183} INFO - Processing /opt/airflow/dags/hn_pipeline_dag.py took 0.119 seconds
[2026-05-15T07:13:20.478+0000] {processor.py:161} INFO - Started process (PID=3332) to work on /opt/airflow/dags/hn_pipeline_dag.py
[2026-05-15T07:13:20.480+0000] {processor.py:830} INFO - Processing file /opt/airflow/dags/hn_pipeline_dag.py for tasks to queue
[2026-05-15T07:13:20.482+0000] {logging_mixin.py:188} INFO - [2026-05-15T07:13:20.481+0000] {dagbag.py:538} INFO - Filling up the DagBag from /opt/airflow/dags/hn_pipeline_dag.py
[2026-05-15T07:13:20.507+0000] {processor.py:840} INFO - DAG(s) 'hn_pipeline' retrieved from /opt/airflow/dags/hn_pipeline_dag.py
[2026-05-15T07:13:21.162+0000] {logging_mixin.py:188} INFO - [2026-05-15T07:13:21.158+0000] {dag.py:3036} INFO - Sync 1 DAGs
[2026-05-15T07:13:21.649+0000] {logging_mixin.py:188} INFO - [2026-05-15T07:13:21.648+0000] {dag.py:3823} INFO - Setting next_dagrun for hn_pipeline to 2026-05-15 06:00:00+00:00, run_after=2026-05-15 07:00:00+00:00
[2026-05-15T07:13:22.020+0000] {processor.py:183} INFO - Processing /opt/airflow/dags/hn_pipeline_dag.py took 1.546 seconds
[2026-05-15T07:13:52.080+0000] {processor.py:161} INFO - Started process (PID=3337) to work on /opt/airflow/dags/hn_pipeline_dag.py
[2026-05-15T07:13:52.082+0000] {processor.py:830} INFO - Processing file /opt/airflow/dags/hn_pipeline_dag.py for tasks to queue
[2026-05-15T07:13:52.083+0000] {logging_mixin.py:188} INFO - [2026-05-15T07:13:52.082+0000] {dagbag.py:538} INFO - Filling up the DagBag from /opt/airflow/dags/hn_pipeline_dag.py
[2026-05-15T07:13:52.097+0000] {processor.py:840} INFO - DAG(s) 'hn_pipeline' retrieved from /opt/airflow/dags/hn_pipeline_dag.py
[2026-05-15T07:13:52.142+0000] {logging_mixin.py:188} INFO - [2026-05-15T07:13:52.141+0000] {dag.py:3036} INFO - Sync 1 DAGs
[2026-05-15T07:13:52.233+0000] {logging_mixin.py:188} INFO - [2026-05-15T07:13:52.232+0000] {dag.py:3823} INFO - Setting next_dagrun for hn_pipeline to 2026-05-15 06:00:00+00:00, run_after=2026-05-15 07:00:00+00:00
[2026-05-15T07:13:52.370+0000] {processor.py:183} INFO - Processing /opt/airflow/dags/hn_pipeline_dag.py took 0.293 seconds
[2026-05-15T07:14:22.852+0000] {processor.py:161} INFO - Started process (PID=3342) to work on /opt/airflow/dags/hn_pipeline_dag.py
[2026-05-15T07:14:22.853+0000] {processor.py:830} INFO - Processing file /opt/airflow/dags/hn_pipeline_dag.py for tasks to queue
[2026-05-15T07:14:22.854+0000] {logging_mixin.py:188} INFO - [2026-05-15T07:14:22.853+0000] {dagbag.py:538} INFO - Filling up the DagBag from /opt/airflow/dags/hn_pipeline_dag.py
[2026-05-15T07:14:22.870+0000] {processor.py:840} INFO - DAG(s) 'hn_pipeline' retrieved from /opt/airflow/dags/hn_pipeline_dag.py
[2026-05-15T07:14:22.912+0000] {logging_mixin.py:188} INFO - [2026-05-15T07:14:22.912+0000] {dag.py:3036} INFO - Sync 1 DAGs
[2026-05-15T07:14:22.933+0000] {logging_mixin.py:188} INFO - [2026-05-15T07:14:22.928+0000] {dag.py:3823} INFO - Setting next_dagrun for hn_pipeline to 2026-05-15 06:00:00+00:00, run_after=2026-05-15 07:00:00+00:00
[2026-05-15T07:14:23.031+0000] {processor.py:183} INFO - Processing /opt/airflow/dags/hn_pipeline_dag.py took 0.183 seconds
[2026-05-15T07:14:53.164+0000] {processor.py:161} INFO - Started process (PID=3347) to work on /opt/airflow/dags/hn_pipeline_dag.py
[2026-05-15T07:14:53.165+0000] {processor.py:830} INFO - Processing file /opt/airflow/dags/hn_pipeline_dag.py for tasks to queue
[2026-05-15T07:14:53.166+0000] {logging_mixin.py:188} INFO - [2026-05-15T07:14:53.166+0000] {dagbag.py:538} INFO - Filling up the DagBag from /opt/airflow/dags/hn_pipeline_dag.py
[2026-05-15T07:14:53.178+0000] {processor.py:840} INFO - DAG(s) 'hn_pipeline' retrieved from /opt/airflow/dags/hn_pipeline_dag.py
[2026-05-15T07:14:53.329+0000] {logging_mixin.py:188} INFO - [2026-05-15T07:14:53.327+0000] {dag.py:3036} INFO - Sync 1 DAGs
[2026-05-15T07:14:53.515+0000] {logging_mixin.py:188} INFO - [2026-05-15T07:14:53.515+0000] {dag.py:3823} INFO - Setting next_dagrun for hn_pipeline to 2026-05-15 06:00:00+00:00, run_after=2026-05-15 07:00:00+00:00
[2026-05-15T07:14:53.536+0000] {processor.py:183} INFO - Processing /opt/airflow/dags/hn_pipeline_dag.py took 0.374 seconds
[2026-05-15T07:15:23.806+0000] {processor.py:161} INFO - Started process (PID=3352) to work on /opt/airflow/dags/hn_pipeline_dag.py
[2026-05-15T07:15:23.807+0000] {processor.py:830} INFO - Processing file /opt/airflow/dags/hn_pipeline_dag.py for tasks to queue
[2026-05-15T07:15:23.808+0000] {logging_mixin.py:188} INFO - [2026-05-15T07:15:23.807+0000] {dagbag.py:538} INFO - Filling up the DagBag from /opt/airflow/dags/hn_pipeline_dag.py
[2026-05-15T07:15:23.820+0000] {processor.py:840} INFO - DAG(s) 'hn_pipeline' retrieved from /opt/airflow/dags/hn_pipeline_dag.py
[2026-05-15T07:15:25.614+0000] {logging_mixin.py:188} INFO - [2026-05-15T07:15:25.612+0000] {dag.py:3036} INFO - Sync 1 DAGs
[2026-05-15T07:15:25.673+0000] {logging_mixin.py:188} INFO - [2026-05-15T07:15:25.672+0000] {dag.py:3823} INFO - Setting next_dagrun for hn_pipeline to 2026-05-15 06:00:00+00:00, run_after=2026-05-15 07:00:00+00:00
[2026-05-15T07:15:27.177+0000] {processor.py:183} INFO - Processing /opt/airflow/dags/hn_pipeline_dag.py took 3.372 seconds
[2026-05-15T07:15:57.722+0000] {processor.py:161} INFO - Started process (PID=3357) to work on /opt/airflow/dags/hn_pipeline_dag.py
[2026-05-15T07:15:57.723+0000] {processor.py:830} INFO - Processing file /opt/airflow/dags/hn_pipeline_dag.py for tasks to queue
[2026-05-15T07:15:57.724+0000] {logging_mixin.py:188} INFO - [2026-05-15T07:15:57.723+0000] {dagbag.py:538} INFO - Filling up the DagBag from /opt/airflow/dags/hn_pipeline_dag.py
[2026-05-15T07:15:57.750+0000] {processor.py:840} INFO - DAG(s) 'hn_pipeline' retrieved from /opt/airflow/dags/hn_pipeline_dag.py
[2026-05-15T07:15:58.425+0000] {logging_mixin.py:188} INFO - [2026-05-15T07:15:58.409+0000] {dag.py:3036} INFO - Sync 1 DAGs
[2026-05-15T07:16:00.348+0000] {logging_mixin.py:188} INFO - [2026-05-15T07:16:00.323+0000] {dag.py:3823} INFO - Setting next_dagrun for hn_pipeline to 2026-05-15 06:00:00+00:00, run_after=2026-05-15 07:00:00+00:00
[2026-05-15T07:16:05.375+0000] {processor.py:183} INFO - Processing /opt/airflow/dags/hn_pipeline_dag.py took 7.655 seconds
[2026-05-15T07:16:35.875+0000] {processor.py:161} INFO - Started process (PID=3362) to work on /opt/airflow/dags/hn_pipeline_dag.py
[2026-05-15T07:16:35.878+0000] {processor.py:830} INFO - Processing file /opt/airflow/dags/hn_pipeline_dag.py for tasks to queue
[2026-05-15T07:16:35.880+0000] {logging_mixin.py:188} INFO - [2026-05-15T07:16:35.879+0000] {dagbag.py:538} INFO - Filling up the DagBag from /opt/airflow/dags/hn_pipeline_dag.py
[2026-05-15T07:16:35.894+0000] {processor.py:840} INFO - DAG(s) 'hn_pipeline' retrieved from /opt/airflow/dags/hn_pipeline_dag.py
[2026-05-15T07:16:35.975+0000] {logging_mixin.py:188} INFO - [2026-05-15T07:16:35.973+0000] {dag.py:3036} INFO - Sync 1 DAGs
[2026-05-15T07:16:36.010+0000] {logging_mixin.py:188} INFO - [2026-05-15T07:16:36.009+0000] {dag.py:3823} INFO - Setting next_dagrun for hn_pipeline to 2026-05-15 06:00:00+00:00, run_after=2026-05-15 07:00:00+00:00
[2026-05-15T07:16:36.049+0000] {processor.py:183} INFO - Processing /opt/airflow/dags/hn_pipeline_dag.py took 0.178 seconds
[2026-05-15T07:17:06.403+0000] {processor.py:161} INFO - Started process (PID=3367) to work on /opt/airflow/dags/hn_pipeline_dag.py
[2026-05-15T07:17:06.404+0000] {processor.py:830} INFO - Processing file /opt/airflow/dags/hn_pipeline_dag.py for tasks to queue
[2026-05-15T07:17:06.406+0000] {logging_mixin.py:188} INFO - [2026-05-15T07:17:06.405+0000] {dagbag.py:538} INFO - Filling up the DagBag from /opt/airflow/dags/hn_pipeline_dag.py
[2026-05-15T07:17:06.422+0000] {processor.py:840} INFO - DAG(s) 'hn_pipeline' retrieved from /opt/airflow/dags/hn_pipeline_dag.py
[2026-05-15T07:17:07.488+0000] {logging_mixin.py:188} INFO - [2026-05-15T07:17:07.485+0000] {dag.py:3036} INFO - Sync 1 DAGs
[2026-05-15T07:17:09.692+0000] {logging_mixin.py:188} INFO - [2026-05-15T07:17:09.690+0000] {dag.py:3823} INFO - Setting next_dagrun for hn_pipeline to 2026-05-15 06:00:00+00:00, run_after=2026-05-15 07:00:00+00:00
[2026-05-15T07:17:12.292+0000] {processor.py:183} INFO - Processing /opt/airflow/dags/hn_pipeline_dag.py took 6.009 seconds
[2026-05-15T07:17:42.768+0000] {processor.py:161} INFO - Started process (PID=3372) to work on /opt/airflow/dags/hn_pipeline_dag.py
[2026-05-15T07:17:42.769+0000] {processor.py:830} INFO - Processing file /opt/airflow/dags/hn_pipeline_dag.py for tasks to queue
[2026-05-15T07:17:42.771+0000] {logging_mixin.py:188} INFO - [2026-05-15T07:17:42.770+0000] {dagbag.py:538} INFO - Filling up the DagBag from /opt/airflow/dags/hn_pipeline_dag.py
[2026-05-15T07:17:42.783+0000] {processor.py:840} INFO - DAG(s) 'hn_pipeline' retrieved from /opt/airflow/dags/hn_pipeline_dag.py
[2026-05-15T07:17:42.904+0000] {logging_mixin.py:188} INFO - [2026-05-15T07:17:42.883+0000] {dag.py:3036} INFO - Sync 1 DAGs
[2026-05-15T07:17:43.093+0000] {logging_mixin.py:188} INFO - [2026-05-15T07:17:43.092+0000] {dag.py:3823} INFO - Setting next_dagrun for hn_pipeline to 2026-05-15 06:00:00+00:00, run_after=2026-05-15 07:00:00+00:00
[2026-05-15T07:17:43.194+0000] {processor.py:183} INFO - Processing /opt/airflow/dags/hn_pipeline_dag.py took 0.427 seconds
[2026-05-15T07:18:13.599+0000] {processor.py:161} INFO - Started process (PID=3377) to work on /opt/airflow/dags/hn_pipeline_dag.py
[2026-05-15T07:18:13.600+0000] {processor.py:830} INFO - Processing file /opt/airflow/dags/hn_pipeline_dag.py for tasks to queue
[2026-05-15T07:18:13.601+0000] {logging_mixin.py:188} INFO - [2026-05-15T07:18:13.600+0000] {dagbag.py:538} INFO - Filling up the DagBag from /opt/airflow/dags/hn_pipeline_dag.py
[2026-05-15T07:18:13.617+0000] {processor.py:840} INFO - DAG(s) 'hn_pipeline' retrieved from /opt/airflow/dags/hn_pipeline_dag.py
[2026-05-15T07:18:13.666+0000] {logging_mixin.py:188} INFO - [2026-05-15T07:18:13.664+0000] {dag.py:3036} INFO - Sync 1 DAGs
[2026-05-15T07:18:13.750+0000] {logging_mixin.py:188} INFO - [2026-05-15T07:18:13.748+0000] {dag.py:3823} INFO - Setting next_dagrun for hn_pipeline to 2026-05-15 06:00:00+00:00, run_after=2026-05-15 07:00:00+00:00
[2026-05-15T07:18:13.788+0000] {processor.py:183} INFO - Processing /opt/airflow/dags/hn_pipeline_dag.py took 0.193 seconds
[2026-05-15T07:18:44.048+0000] {processor.py:161} INFO - Started process (PID=3382) to work on /opt/airflow/dags/hn_pipeline_dag.py
[2026-05-15T07:18:44.049+0000] {processor.py:830} INFO - Processing file /opt/airflow/dags/hn_pipeline_dag.py for tasks to queue
[2026-05-15T07:18:44.050+0000] {logging_mixin.py:188} INFO - [2026-05-15T07:18:44.049+0000] {dagbag.py:538} INFO - Filling up the DagBag from /opt/airflow/dags/hn_pipeline_dag.py
[2026-05-15T07:18:44.069+0000] {processor.py:840} INFO - DAG(s) 'hn_pipeline' retrieved from /opt/airflow/dags/hn_pipeline_dag.py
[2026-05-15T07:18:44.318+0000] {logging_mixin.py:188} INFO - [2026-05-15T07:18:44.308+0000] {dag.py:3036} INFO - Sync 1 DAGs
[2026-05-15T07:18:44.869+0000] {logging_mixin.py:188} INFO - [2026-05-15T07:18:44.861+0000] {dag.py:3823} INFO - Setting next_dagrun for hn_pipeline to 2026-05-15 06:00:00+00:00, run_after=2026-05-15 07:00:00+00:00
[2026-05-15T07:18:45.870+0000] {processor.py:183} INFO - Processing /opt/airflow/dags/hn_pipeline_dag.py took 1.826 seconds
[2026-05-15T07:19:16.423+0000] {processor.py:161} INFO - Started process (PID=3387) to work on /opt/airflow/dags/hn_pipeline_dag.py
[2026-05-15T07:19:16.425+0000] {processor.py:830} INFO - Processing file /opt/airflow/dags/hn_pipeline_dag.py for tasks to queue
[2026-05-15T07:19:16.426+0000] {logging_mixin.py:188} INFO - [2026-05-15T07:19:16.425+0000] {dagbag.py:538} INFO - Filling up the DagBag from /opt/airflow/dags/hn_pipeline_dag.py
[2026-05-15T07:19:16.446+0000] {processor.py:840} INFO - DAG(s) 'hn_pipeline' retrieved from /opt/airflow/dags/hn_pipeline_dag.py
[2026-05-15T07:19:16.485+0000] {logging_mixin.py:188} INFO - [2026-05-15T07:19:16.484+0000] {dag.py:3036} INFO - Sync 1 DAGs
[2026-05-15T07:19:16.501+0000] {logging_mixin.py:188} INFO - [2026-05-15T07:19:16.500+0000] {dag.py:3823} INFO - Setting next_dagrun for hn_pipeline to 2026-05-15 06:00:00+00:00, run_after=2026-05-15 07:00:00+00:00
[2026-05-15T07:19:16.512+0000] {processor.py:183} INFO - Processing /opt/airflow/dags/hn_pipeline_dag.py took 0.094 seconds
[2026-05-15T07:19:47.780+0000] {processor.py:161} INFO - Started process (PID=3392) to work on /opt/airflow/dags/hn_pipeline_dag.py
[2026-05-15T07:19:48.037+0000] {processor.py:830} INFO - Processing file /opt/airflow/dags/hn_pipeline_dag.py for tasks to queue
[2026-05-15T07:19:48.046+0000] {logging_mixin.py:188} INFO - [2026-05-15T07:19:48.043+0000] {dagbag.py:538} INFO - Filling up the DagBag from /opt/airflow/dags/hn_pipeline_dag.py
[2026-05-15T07:19:48.110+0000] {processor.py:840} INFO - DAG(s) 'hn_pipeline' retrieved from /opt/airflow/dags/hn_pipeline_dag.py
[2026-05-15T07:19:50.099+0000] {logging_mixin.py:188} INFO - [2026-05-15T07:19:50.090+0000] {dag.py:3036} INFO - Sync 1 DAGs
[2026-05-15T07:19:53.192+0000] {logging_mixin.py:188} INFO - [2026-05-15T07:19:53.184+0000] {dag.py:3823} INFO - Setting next_dagrun for hn_pipeline to 2026-05-15 06:00:00+00:00, run_after=2026-05-15 07:00:00+00:00
[2026-05-15T07:20:04.216+0000] {processor.py:183} INFO - Processing /opt/airflow/dags/hn_pipeline_dag.py took 16.657 seconds
[2026-05-15T07:20:34.579+0000] {processor.py:161} INFO - Started process (PID=3397) to work on /opt/airflow/dags/hn_pipeline_dag.py
[2026-05-15T07:20:34.580+0000] {processor.py:830} INFO - Processing file /opt/airflow/dags/hn_pipeline_dag.py for tasks to queue
[2026-05-15T07:20:34.581+0000] {logging_mixin.py:188} INFO - [2026-05-15T07:20:34.580+0000] {dagbag.py:538} INFO - Filling up the DagBag from /opt/airflow/dags/hn_pipeline_dag.py
[2026-05-15T07:20:34.595+0000] {processor.py:840} INFO - DAG(s) 'hn_pipeline' retrieved from /opt/airflow/dags/hn_pipeline_dag.py
[2026-05-15T07:20:34.643+0000] {logging_mixin.py:188} INFO - [2026-05-15T07:20:34.642+0000] {dag.py:3036} INFO - Sync 1 DAGs
[2026-05-15T07:20:34.668+0000] {logging_mixin.py:188} INFO - [2026-05-15T07:20:34.667+0000] {dag.py:3823} INFO - Setting next_dagrun for hn_pipeline to 2026-05-15 06:00:00+00:00, run_after=2026-05-15 07:00:00+00:00
[2026-05-15T07:20:34.889+0000] {processor.py:183} INFO - Processing /opt/airflow/dags/hn_pipeline_dag.py took 0.312 seconds
[2026-05-15T07:21:05.249+0000] {processor.py:161} INFO - Started process (PID=3402) to work on /opt/airflow/dags/hn_pipeline_dag.py
[2026-05-15T07:21:05.251+0000] {processor.py:830} INFO - Processing file /opt/airflow/dags/hn_pipeline_dag.py for tasks to queue
[2026-05-15T07:21:05.252+0000] {logging_mixin.py:188} INFO - [2026-05-15T07:21:05.252+0000] {dagbag.py:538} INFO - Filling up the DagBag from /opt/airflow/dags/hn_pipeline_dag.py
[2026-05-15T07:21:05.271+0000] {processor.py:840} INFO - DAG(s) 'hn_pipeline' retrieved from /opt/airflow/dags/hn_pipeline_dag.py
[2026-05-15T07:21:05.336+0000] {logging_mixin.py:188} INFO - [2026-05-15T07:21:05.334+0000] {dag.py:3036} INFO - Sync 1 DAGs
[2026-05-15T07:21:05.430+0000] {logging_mixin.py:188} INFO - [2026-05-15T07:21:05.429+0000] {dag.py:3823} INFO - Setting next_dagrun for hn_pipeline to 2026-05-15 06:00:00+00:00, run_after=2026-05-15 07:00:00+00:00
[2026-05-15T07:21:05.521+0000] {processor.py:183} INFO - Processing /opt/airflow/dags/hn_pipeline_dag.py took 0.277 seconds
[2026-05-15T07:21:35.819+0000] {processor.py:161} INFO - Started process (PID=3407) to work on /opt/airflow/dags/hn_pipeline_dag.py
[2026-05-15T07:21:35.820+0000] {processor.py:830} INFO - Processing file /opt/airflow/dags/hn_pipeline_dag.py for tasks to queue
[2026-05-15T07:21:35.822+0000] {logging_mixin.py:188} INFO - [2026-05-15T07:21:35.821+0000] {dagbag.py:538} INFO - Filling up the DagBag from /opt/airflow/dags/hn_pipeline_dag.py
[2026-05-15T07:21:35.840+0000] {processor.py:840} INFO - DAG(s) 'hn_pipeline' retrieved from /opt/airflow/dags/hn_pipeline_dag.py
[2026-05-15T07:21:35.950+0000] {logging_mixin.py:188} INFO - [2026-05-15T07:21:35.948+0000] {dag.py:3036} INFO - Sync 1 DAGs
[2026-05-15T07:21:36.139+0000] {logging_mixin.py:188} INFO - [2026-05-15T07:21:36.136+0000] {dag.py:3823} INFO - Setting next_dagrun for hn_pipeline to 2026-05-15 06:00:00+00:00, run_after=2026-05-15 07:00:00+00:00
[2026-05-15T07:21:40.124+0000] {processor.py:183} INFO - Processing /opt/airflow/dags/hn_pipeline_dag.py took 4.307 seconds
[2026-05-15T07:22:23.239+0000] {processor.py:161} INFO - Started process (PID=3413) to work on /opt/airflow/dags/hn_pipeline_dag.py
[2026-05-15T07:22:23.421+0000] {processor.py:830} INFO - Processing file /opt/airflow/dags/hn_pipeline_dag.py for tasks to queue
[2026-05-15T07:22:23.709+0000] {logging_mixin.py:188} INFO - [2026-05-15T07:22:23.521+0000] {dagbag.py:538} INFO - Filling up the DagBag from /opt/airflow/dags/hn_pipeline_dag.py
[2026-05-15T07:22:24.258+0000] {processor.py:840} INFO - DAG(s) 'hn_pipeline' retrieved from /opt/airflow/dags/hn_pipeline_dag.py
[2026-05-15T07:23:48.367+0000] {processor.py:161} INFO - Started process (PID=3418) to work on /opt/airflow/dags/hn_pipeline_dag.py
[2026-05-15T07:23:48.368+0000] {processor.py:830} INFO - Processing file /opt/airflow/dags/hn_pipeline_dag.py for tasks to queue
[2026-05-15T07:23:48.369+0000] {logging_mixin.py:188} INFO - [2026-05-15T07:23:48.369+0000] {dagbag.py:538} INFO - Filling up the DagBag from /opt/airflow/dags/hn_pipeline_dag.py
[2026-05-15T07:23:48.389+0000] {processor.py:840} INFO - DAG(s) 'hn_pipeline' retrieved from /opt/airflow/dags/hn_pipeline_dag.py
[2026-05-15T07:23:48.410+0000] {logging_mixin.py:188} INFO - [2026-05-15T07:23:48.410+0000] {dag.py:3036} INFO - Sync 1 DAGs
[2026-05-15T07:23:48.421+0000] {logging_mixin.py:188} INFO - [2026-05-15T07:23:48.421+0000] {dag.py:3823} INFO - Setting next_dagrun for hn_pipeline to 2026-05-15 07:00:00+00:00, run_after=2026-05-15 08:00:00+00:00
[2026-05-15T07:23:48.429+0000] {processor.py:183} INFO - Processing /opt/airflow/dags/hn_pipeline_dag.py took 0.066 seconds
[2026-05-15T07:24:18.650+0000] {processor.py:161} INFO - Started process (PID=3423) to work on /opt/airflow/dags/hn_pipeline_dag.py
[2026-05-15T07:24:18.651+0000] {processor.py:830} INFO - Processing file /opt/airflow/dags/hn_pipeline_dag.py for tasks to queue
[2026-05-15T07:24:18.652+0000] {logging_mixin.py:188} INFO - [2026-05-15T07:24:18.652+0000] {dagbag.py:538} INFO - Filling up the DagBag from /opt/airflow/dags/hn_pipeline_dag.py
[2026-05-15T07:24:18.663+0000] {processor.py:840} INFO - DAG(s) 'hn_pipeline' retrieved from /opt/airflow/dags/hn_pipeline_dag.py
[2026-05-15T07:24:18.680+0000] {logging_mixin.py:188} INFO - [2026-05-15T07:24:18.680+0000] {dag.py:3036} INFO - Sync 1 DAGs
[2026-05-15T07:24:18.691+0000] {logging_mixin.py:188} INFO - [2026-05-15T07:24:18.691+0000] {dag.py:3823} INFO - Setting next_dagrun for hn_pipeline to 2026-05-15 07:00:00+00:00, run_after=2026-05-15 08:00:00+00:00
[2026-05-15T07:24:18.698+0000] {processor.py:183} INFO - Processing /opt/airflow/dags/hn_pipeline_dag.py took 0.051 seconds
[2026-05-15T07:24:48.939+0000] {processor.py:161} INFO - Started process (PID=3428) to work on /opt/airflow/dags/hn_pipeline_dag.py
[2026-05-15T07:24:48.939+0000] {processor.py:830} INFO - Processing file /opt/airflow/dags/hn_pipeline_dag.py for tasks to queue
[2026-05-15T07:24:48.940+0000] {logging_mixin.py:188} INFO - [2026-05-15T07:24:48.940+0000] {dagbag.py:538} INFO - Filling up the DagBag from /opt/airflow/dags/hn_pipeline_dag.py
[2026-05-15T07:24:48.948+0000] {processor.py:840} INFO - DAG(s) 'hn_pipeline' retrieved from /opt/airflow/dags/hn_pipeline_dag.py
[2026-05-15T07:24:48.962+0000] {logging_mixin.py:188} INFO - [2026-05-15T07:24:48.962+0000] {dag.py:3036} INFO - Sync 1 DAGs
[2026-05-15T07:24:48.972+0000] {logging_mixin.py:188} INFO - [2026-05-15T07:24:48.972+0000] {dag.py:3823} INFO - Setting next_dagrun for hn_pipeline to 2026-05-15 07:00:00+00:00, run_after=2026-05-15 08:00:00+00:00
[2026-05-15T07:24:48.980+0000] {processor.py:183} INFO - Processing /opt/airflow/dags/hn_pipeline_dag.py took 0.043 seconds
[2026-05-15T07:25:19.162+0000] {processor.py:161} INFO - Started process (PID=3433) to work on /opt/airflow/dags/hn_pipeline_dag.py
[2026-05-15T07:25:19.164+0000] {processor.py:830} INFO - Processing file /opt/airflow/dags/hn_pipeline_dag.py for tasks to queue
[2026-05-15T07:25:19.165+0000] {logging_mixin.py:188} INFO - [2026-05-15T07:25:19.164+0000] {dagbag.py:538} INFO - Filling up the DagBag from /opt/airflow/dags/hn_pipeline_dag.py
[2026-05-15T07:25:19.179+0000] {processor.py:840} INFO - DAG(s) 'hn_pipeline' retrieved from /opt/airflow/dags/hn_pipeline_dag.py
[2026-05-15T07:25:19.200+0000] {logging_mixin.py:188} INFO - [2026-05-15T07:25:19.200+0000] {dag.py:3036} INFO - Sync 1 DAGs
[2026-05-15T07:25:19.211+0000] {logging_mixin.py:188} INFO - [2026-05-15T07:25:19.211+0000] {dag.py:3823} INFO - Setting next_dagrun for hn_pipeline to 2026-05-15 07:00:00+00:00, run_after=2026-05-15 08:00:00+00:00
[2026-05-15T07:25:19.219+0000] {processor.py:183} INFO - Processing /opt/airflow/dags/hn_pipeline_dag.py took 0.061 seconds
[2026-05-15T07:25:49.360+0000] {processor.py:161} INFO - Started process (PID=3438) to work on /opt/airflow/dags/hn_pipeline_dag.py
[2026-05-15T07:25:49.362+0000] {processor.py:830} INFO - Processing file /opt/airflow/dags/hn_pipeline_dag.py for tasks to queue
[2026-05-15T07:25:49.363+0000] {logging_mixin.py:188} INFO - [2026-05-15T07:25:49.362+0000] {dagbag.py:538} INFO - Filling up the DagBag from /opt/airflow/dags/hn_pipeline_dag.py
[2026-05-15T07:25:49.382+0000] {processor.py:840} INFO - DAG(s) 'hn_pipeline' retrieved from /opt/airflow/dags/hn_pipeline_dag.py
[2026-05-15T07:25:49.403+0000] {logging_mixin.py:188} INFO - [2026-05-15T07:25:49.403+0000] {dag.py:3036} INFO - Sync 1 DAGs
[2026-05-15T07:25:49.415+0000] {logging_mixin.py:188} INFO - [2026-05-15T07:25:49.415+0000] {dag.py:3823} INFO - Setting next_dagrun for hn_pipeline to 2026-05-15 07:00:00+00:00, run_after=2026-05-15 08:00:00+00:00
[2026-05-15T07:25:49.422+0000] {processor.py:183} INFO - Processing /opt/airflow/dags/hn_pipeline_dag.py took 0.066 seconds
[2026-05-15T07:26:19.575+0000] {processor.py:161} INFO - Started process (PID=3443) to work on /opt/airflow/dags/hn_pipeline_dag.py
[2026-05-15T07:26:19.579+0000] {processor.py:830} INFO - Processing file /opt/airflow/dags/hn_pipeline_dag.py for tasks to queue
[2026-05-15T07:26:19.580+0000] {logging_mixin.py:188} INFO - [2026-05-15T07:26:19.579+0000] {dagbag.py:538} INFO - Filling up the DagBag from /opt/airflow/dags/hn_pipeline_dag.py
[2026-05-15T07:26:19.594+0000] {processor.py:840} INFO - DAG(s) 'hn_pipeline' retrieved from /opt/airflow/dags/hn_pipeline_dag.py
[2026-05-15T07:26:19.613+0000] {logging_mixin.py:188} INFO - [2026-05-15T07:26:19.613+0000] {dag.py:3036} INFO - Sync 1 DAGs
[2026-05-15T07:26:19.624+0000] {logging_mixin.py:188} INFO - [2026-05-15T07:26:19.624+0000] {dag.py:3823} INFO - Setting next_dagrun for hn_pipeline to 2026-05-15 07:00:00+00:00, run_after=2026-05-15 08:00:00+00:00
[2026-05-15T07:26:19.631+0000] {processor.py:183} INFO - Processing /opt/airflow/dags/hn_pipeline_dag.py took 0.059 seconds
[2026-05-15T07:26:49.907+0000] {processor.py:161} INFO - Started process (PID=3448) to work on /opt/airflow/dags/hn_pipeline_dag.py
[2026-05-15T07:26:49.908+0000] {processor.py:830} INFO - Processing file /opt/airflow/dags/hn_pipeline_dag.py for tasks to queue
[2026-05-15T07:26:49.909+0000] {logging_mixin.py:188} INFO - [2026-05-15T07:26:49.909+0000] {dagbag.py:538} INFO - Filling up the DagBag from /opt/airflow/dags/hn_pipeline_dag.py
[2026-05-15T07:26:49.923+0000] {processor.py:840} INFO - DAG(s) 'hn_pipeline' retrieved from /opt/airflow/dags/hn_pipeline_dag.py
[2026-05-15T07:26:49.944+0000] {logging_mixin.py:188} INFO - [2026-05-15T07:26:49.944+0000] {dag.py:3036} INFO - Sync 1 DAGs
[2026-05-15T07:26:49.956+0000] {logging_mixin.py:188} INFO - [2026-05-15T07:26:49.955+0000] {dag.py:3823} INFO - Setting next_dagrun for hn_pipeline to 2026-05-15 07:00:00+00:00, run_after=2026-05-15 08:00:00+00:00
[2026-05-15T07:26:49.965+0000] {processor.py:183} INFO - Processing /opt/airflow/dags/hn_pipeline_dag.py took 0.062 seconds
[2026-05-15T07:27:20.261+0000] {processor.py:161} INFO - Started process (PID=3453) to work on /opt/airflow/dags/hn_pipeline_dag.py
[2026-05-15T07:27:20.262+0000] {processor.py:830} INFO - Processing file /opt/airflow/dags/hn_pipeline_dag.py for tasks to queue
[2026-05-15T07:27:20.263+0000] {logging_mixin.py:188} INFO - [2026-05-15T07:27:20.263+0000] {dagbag.py:538} INFO - Filling up the DagBag from /opt/airflow/dags/hn_pipeline_dag.py
[2026-05-15T07:27:20.278+0000] {processor.py:840} INFO - DAG(s) 'hn_pipeline' retrieved from /opt/airflow/dags/hn_pipeline_dag.py
[2026-05-15T07:27:20.298+0000] {logging_mixin.py:188} INFO - [2026-05-15T07:27:20.298+0000] {dag.py:3036} INFO - Sync 1 DAGs
[2026-05-15T07:27:20.311+0000] {logging_mixin.py:188} INFO - [2026-05-15T07:27:20.310+0000] {dag.py:3823} INFO - Setting next_dagrun for hn_pipeline to 2026-05-15 07:00:00+00:00, run_after=2026-05-15 08:00:00+00:00
[2026-05-15T07:27:20.318+0000] {processor.py:183} INFO - Processing /opt/airflow/dags/hn_pipeline_dag.py took 0.062 seconds
[2026-05-15T07:27:50.505+0000] {processor.py:161} INFO - Started process (PID=3458) to work on /opt/airflow/dags/hn_pipeline_dag.py
[2026-05-15T07:27:50.506+0000] {processor.py:830} INFO - Processing file /opt/airflow/dags/hn_pipeline_dag.py for tasks to queue
[2026-05-15T07:27:50.507+0000] {logging_mixin.py:188} INFO - [2026-05-15T07:27:50.507+0000] {dagbag.py:538} INFO - Filling up the DagBag from /opt/airflow/dags/hn_pipeline_dag.py
[2026-05-15T07:27:50.522+0000] {processor.py:840} INFO - DAG(s) 'hn_pipeline' retrieved from /opt/airflow/dags/hn_pipeline_dag.py
[2026-05-15T07:27:50.542+0000] {logging_mixin.py:188} INFO - [2026-05-15T07:27:50.542+0000] {dag.py:3036} INFO - Sync 1 DAGs
[2026-05-15T07:27:50.553+0000] {logging_mixin.py:188} INFO - [2026-05-15T07:27:50.553+0000] {dag.py:3823} INFO - Setting next_dagrun for hn_pipeline to 2026-05-15 07:00:00+00:00, run_after=2026-05-15 08:00:00+00:00
[2026-05-15T07:27:50.561+0000] {processor.py:183} INFO - Processing /opt/airflow/dags/hn_pipeline_dag.py took 0.060 seconds
[2026-05-15T07:28:20.881+0000] {processor.py:161} INFO - Started process (PID=3463) to work on /opt/airflow/dags/hn_pipeline_dag.py
[2026-05-15T07:28:20.882+0000] {processor.py:830} INFO - Processing file /opt/airflow/dags/hn_pipeline_dag.py for tasks to queue
[2026-05-15T07:28:20.883+0000] {logging_mixin.py:188} INFO - [2026-05-15T07:28:20.883+0000] {dagbag.py:538} INFO - Filling up the DagBag from /opt/airflow/dags/hn_pipeline_dag.py
[2026-05-15T07:28:20.897+0000] {processor.py:840} INFO - DAG(s) 'hn_pipeline' retrieved from /opt/airflow/dags/hn_pipeline_dag.py
[2026-05-15T07:28:20.917+0000] {logging_mixin.py:188} INFO - [2026-05-15T07:28:20.917+0000] {dag.py:3036} INFO - Sync 1 DAGs
[2026-05-15T07:28:20.928+0000] {logging_mixin.py:188} INFO - [2026-05-15T07:28:20.928+0000] {dag.py:3823} INFO - Setting next_dagrun for hn_pipeline to 2026-05-15 07:00:00+00:00, run_after=2026-05-15 08:00:00+00:00
[2026-05-15T07:28:20.936+0000] {processor.py:183} INFO - Processing /opt/airflow/dags/hn_pipeline_dag.py took 0.059 seconds
[2026-05-15T07:28:51.274+0000] {processor.py:161} INFO - Started process (PID=3471) to work on /opt/airflow/dags/hn_pipeline_dag.py
[2026-05-15T07:28:51.275+0000] {processor.py:830} INFO - Processing file /opt/airflow/dags/hn_pipeline_dag.py for tasks to queue
[2026-05-15T07:28:51.277+0000] {logging_mixin.py:188} INFO - [2026-05-15T07:28:51.276+0000] {dagbag.py:538} INFO - Filling up the DagBag from /opt/airflow/dags/hn_pipeline_dag.py
[2026-05-15T07:28:51.291+0000] {processor.py:840} INFO - DAG(s) 'hn_pipeline' retrieved from /opt/airflow/dags/hn_pipeline_dag.py
[2026-05-15T07:28:51.311+0000] {logging_mixin.py:188} INFO - [2026-05-15T07:28:51.311+0000] {dag.py:3036} INFO - Sync 1 DAGs
[2026-05-15T07:28:51.322+0000] {logging_mixin.py:188} INFO - [2026-05-15T07:28:51.322+0000] {dag.py:3823} INFO - Setting next_dagrun for hn_pipeline to 2026-05-15 07:00:00+00:00, run_after=2026-05-15 08:00:00+00:00
[2026-05-15T07:28:51.330+0000] {processor.py:183} INFO - Processing /opt/airflow/dags/hn_pipeline_dag.py took 0.060 seconds
[2026-05-15T07:29:21.646+0000] {processor.py:161} INFO - Started process (PID=3476) to work on /opt/airflow/dags/hn_pipeline_dag.py
[2026-05-15T07:29:21.647+0000] {processor.py:830} INFO - Processing file /opt/airflow/dags/hn_pipeline_dag.py for tasks to queue
[2026-05-15T07:29:21.648+0000] {logging_mixin.py:188} INFO - [2026-05-15T07:29:21.648+0000] {dagbag.py:538} INFO - Filling up the DagBag from /opt/airflow/dags/hn_pipeline_dag.py
[2026-05-15T07:29:21.662+0000] {processor.py:840} INFO - DAG(s) 'hn_pipeline' retrieved from /opt/airflow/dags/hn_pipeline_dag.py
[2026-05-15T07:29:21.680+0000] {logging_mixin.py:188} INFO - [2026-05-15T07:29:21.680+0000] {dag.py:3036} INFO - Sync 1 DAGs
[2026-05-15T07:29:21.692+0000] {logging_mixin.py:188} INFO - [2026-05-15T07:29:21.691+0000] {dag.py:3823} INFO - Setting next_dagrun for hn_pipeline to 2026-05-15 07:00:00+00:00, run_after=2026-05-15 08:00:00+00:00
[2026-05-15T07:29:21.698+0000] {processor.py:183} INFO - Processing /opt/airflow/dags/hn_pipeline_dag.py took 0.056 seconds
[2026-05-15T07:29:51.931+0000] {processor.py:161} INFO - Started process (PID=3481) to work on /opt/airflow/dags/hn_pipeline_dag.py
[2026-05-15T07:29:51.933+0000] {processor.py:830} INFO - Processing file /opt/airflow/dags/hn_pipeline_dag.py for tasks to queue
[2026-05-15T07:29:51.934+0000] {logging_mixin.py:188} INFO - [2026-05-15T07:29:51.933+0000] {dagbag.py:538} INFO - Filling up the DagBag from /opt/airflow/dags/hn_pipeline_dag.py
[2026-05-15T07:29:51.947+0000] {processor.py:840} INFO - DAG(s) 'hn_pipeline' retrieved from /opt/airflow/dags/hn_pipeline_dag.py
[2026-05-15T07:29:51.966+0000] {logging_mixin.py:188} INFO - [2026-05-15T07:29:51.966+0000] {dag.py:3036} INFO - Sync 1 DAGs
[2026-05-15T07:29:51.980+0000] {logging_mixin.py:188} INFO - [2026-05-15T07:29:51.980+0000] {dag.py:3823} INFO - Setting next_dagrun for hn_pipeline to 2026-05-15 07:00:00+00:00, run_after=2026-05-15 08:00:00+00:00
[2026-05-15T07:29:51.987+0000] {processor.py:183} INFO - Processing /opt/airflow/dags/hn_pipeline_dag.py took 0.059 seconds
[2026-05-15T07:30:22.251+0000] {processor.py:161} INFO - Started process (PID=3486) to work on /opt/airflow/dags/hn_pipeline_dag.py
[2026-05-15T07:30:22.253+0000] {processor.py:830} INFO - Processing file /opt/airflow/dags/hn_pipeline_dag.py for tasks to queue
[2026-05-15T07:30:22.254+0000] {logging_mixin.py:188} INFO - [2026-05-15T07:30:22.254+0000] {dagbag.py:538} INFO - Filling up the DagBag from /opt/airflow/dags/hn_pipeline_dag.py
[2026-05-15T07:30:22.270+0000] {processor.py:840} INFO - DAG(s) 'hn_pipeline' retrieved from /opt/airflow/dags/hn_pipeline_dag.py
[2026-05-15T07:30:22.290+0000] {logging_mixin.py:188} INFO - [2026-05-15T07:30:22.290+0000] {dag.py:3036} INFO - Sync 1 DAGs
[2026-05-15T07:30:22.302+0000] {logging_mixin.py:188} INFO - [2026-05-15T07:30:22.302+0000] {dag.py:3823} INFO - Setting next_dagrun for hn_pipeline to 2026-05-15 07:00:00+00:00, run_after=2026-05-15 08:00:00+00:00
[2026-05-15T07:30:22.310+0000] {processor.py:183} INFO - Processing /opt/airflow/dags/hn_pipeline_dag.py took 0.064 seconds
[2026-05-15T07:47:03.034+0000] {processor.py:161} INFO - Started process (PID=3492) to work on /opt/airflow/dags/hn_pipeline_dag.py
[2026-05-15T07:47:03.035+0000] {processor.py:830} INFO - Processing file /opt/airflow/dags/hn_pipeline_dag.py for tasks to queue
[2026-05-15T07:47:03.036+0000] {logging_mixin.py:188} INFO - [2026-05-15T07:47:03.036+0000] {dagbag.py:538} INFO - Filling up the DagBag from /opt/airflow/dags/hn_pipeline_dag.py
[2026-05-15T07:47:03.050+0000] {processor.py:840} INFO - DAG(s) 'hn_pipeline' retrieved from /opt/airflow/dags/hn_pipeline_dag.py
[2026-05-15T07:47:03.077+0000] {logging_mixin.py:188} INFO - [2026-05-15T07:47:03.077+0000] {dag.py:3036} INFO - Sync 1 DAGs
[2026-05-15T07:47:03.099+0000] {logging_mixin.py:188} INFO - [2026-05-15T07:47:03.099+0000] {dag.py:3823} INFO - Setting next_dagrun for hn_pipeline to 2026-05-15 07:00:00+00:00, run_after=2026-05-15 08:00:00+00:00
[2026-05-15T07:47:03.111+0000] {processor.py:183} INFO - Processing /opt/airflow/dags/hn_pipeline_dag.py took 0.080 seconds
[2026-05-15T07:52:01.686+0000] {processor.py:161} INFO - Started process (PID=3501) to work on /opt/airflow/dags/hn_pipeline_dag.py
[2026-05-15T07:52:01.688+0000] {processor.py:830} INFO - Processing file /opt/airflow/dags/hn_pipeline_dag.py for tasks to queue
[2026-05-15T07:52:01.691+0000] {logging_mixin.py:188} INFO - [2026-05-15T07:52:01.689+0000] {dagbag.py:538} INFO - Filling up the DagBag from /opt/airflow/dags/hn_pipeline_dag.py
[2026-05-15T07:52:01.713+0000] {processor.py:840} INFO - DAG(s) 'hn_pipeline' retrieved from /opt/airflow/dags/hn_pipeline_dag.py
[2026-05-15T07:52:01.790+0000] {logging_mixin.py:188} INFO - [2026-05-15T07:52:01.788+0000] {dag.py:3036} INFO - Sync 1 DAGs
[2026-05-15T07:52:01.816+0000] {logging_mixin.py:188} INFO - [2026-05-15T07:52:01.816+0000] {dag.py:3823} INFO - Setting next_dagrun for hn_pipeline to 2026-05-15 07:00:00+00:00, run_after=2026-05-15 08:00:00+00:00
[2026-05-15T07:52:01.833+0000] {processor.py:183} INFO - Processing /opt/airflow/dags/hn_pipeline_dag.py took 0.152 seconds
[2026-05-15T07:52:32.199+0000] {processor.py:161} INFO - Started process (PID=3508) to work on /opt/airflow/dags/hn_pipeline_dag.py
[2026-05-15T07:52:32.201+0000] {processor.py:830} INFO - Processing file /opt/airflow/dags/hn_pipeline_dag.py for tasks to queue
[2026-05-15T07:52:32.202+0000] {logging_mixin.py:188} INFO - [2026-05-15T07:52:32.201+0000] {dagbag.py:538} INFO - Filling up the DagBag from /opt/airflow/dags/hn_pipeline_dag.py
[2026-05-15T07:52:32.224+0000] {processor.py:840} INFO - DAG(s) 'hn_pipeline' retrieved from /opt/airflow/dags/hn_pipeline_dag.py
[2026-05-15T07:52:32.249+0000] {logging_mixin.py:188} INFO - [2026-05-15T07:52:32.249+0000] {dag.py:3036} INFO - Sync 1 DAGs
[2026-05-15T07:52:32.260+0000] {logging_mixin.py:188} INFO - [2026-05-15T07:52:32.260+0000] {dag.py:3823} INFO - Setting next_dagrun for hn_pipeline to 2026-05-15 07:00:00+00:00, run_after=2026-05-15 08:00:00+00:00
[2026-05-15T07:52:32.267+0000] {processor.py:183} INFO - Processing /opt/airflow/dags/hn_pipeline_dag.py took 0.072 seconds
[2026-05-15T07:57:04.495+0000] {processor.py:161} INFO - Started process (PID=3514) to work on /opt/airflow/dags/hn_pipeline_dag.py
[2026-05-15T07:57:04.496+0000] {processor.py:830} INFO - Processing file /opt/airflow/dags/hn_pipeline_dag.py for tasks to queue
[2026-05-15T07:57:04.497+0000] {logging_mixin.py:188} INFO - [2026-05-15T07:57:04.497+0000] {dagbag.py:538} INFO - Filling up the DagBag from /opt/airflow/dags/hn_pipeline_dag.py
[2026-05-15T07:57:04.509+0000] {processor.py:840} INFO - DAG(s) 'hn_pipeline' retrieved from /opt/airflow/dags/hn_pipeline_dag.py
[2026-05-15T07:57:04.526+0000] {logging_mixin.py:188} INFO - [2026-05-15T07:57:04.526+0000] {dag.py:3036} INFO - Sync 1 DAGs
[2026-05-15T07:57:04.536+0000] {logging_mixin.py:188} INFO - [2026-05-15T07:57:04.536+0000] {dag.py:3823} INFO - Setting next_dagrun for hn_pipeline to 2026-05-15 07:00:00+00:00, run_after=2026-05-15 08:00:00+00:00
[2026-05-15T07:57:04.543+0000] {processor.py:183} INFO - Processing /opt/airflow/dags/hn_pipeline_dag.py took 0.051 seconds
[2026-05-15T07:57:34.869+0000] {processor.py:161} INFO - Started process (PID=3520) to work on /opt/airflow/dags/hn_pipeline_dag.py
[2026-05-15T07:57:34.870+0000] {processor.py:830} INFO - Processing file /opt/airflow/dags/hn_pipeline_dag.py for tasks to queue
[2026-05-15T07:57:34.872+0000] {logging_mixin.py:188} INFO - [2026-05-15T07:57:34.871+0000] {dagbag.py:538} INFO - Filling up the DagBag from /opt/airflow/dags/hn_pipeline_dag.py
[2026-05-15T07:57:34.887+0000] {processor.py:840} INFO - DAG(s) 'hn_pipeline' retrieved from /opt/airflow/dags/hn_pipeline_dag.py
[2026-05-15T07:57:34.908+0000] {logging_mixin.py:188} INFO - [2026-05-15T07:57:34.908+0000] {dag.py:3036} INFO - Sync 1 DAGs
[2026-05-15T07:57:34.919+0000] {logging_mixin.py:188} INFO - [2026-05-15T07:57:34.919+0000] {dag.py:3823} INFO - Setting next_dagrun for hn_pipeline to 2026-05-15 07:00:00+00:00, run_after=2026-05-15 08:00:00+00:00
[2026-05-15T07:57:34.927+0000] {processor.py:183} INFO - Processing /opt/airflow/dags/hn_pipeline_dag.py took 0.062 seconds
[2026-05-15T08:01:58.075+0000] {processor.py:161} INFO - Started process (PID=3529) to work on /opt/airflow/dags/hn_pipeline_dag.py
[2026-05-15T08:01:58.076+0000] {processor.py:830} INFO - Processing file /opt/airflow/dags/hn_pipeline_dag.py for tasks to queue
[2026-05-15T08:01:58.077+0000] {logging_mixin.py:188} INFO - [2026-05-15T08:01:58.077+0000] {dagbag.py:538} INFO - Filling up the DagBag from /opt/airflow/dags/hn_pipeline_dag.py
[2026-05-15T08:01:58.088+0000] {processor.py:840} INFO - DAG(s) 'hn_pipeline' retrieved from /opt/airflow/dags/hn_pipeline_dag.py
[2026-05-15T08:01:58.106+0000] {logging_mixin.py:188} INFO - [2026-05-15T08:01:58.106+0000] {dag.py:3036} INFO - Sync 1 DAGs
[2026-05-15T08:01:58.116+0000] {logging_mixin.py:188} INFO - [2026-05-15T08:01:58.116+0000] {dag.py:3823} INFO - Setting next_dagrun for hn_pipeline to 2026-05-15 08:00:00+00:00, run_after=2026-05-15 09:00:00+00:00
[2026-05-15T08:01:58.124+0000] {processor.py:183} INFO - Processing /opt/airflow/dags/hn_pipeline_dag.py took 0.052 seconds
[2026-05-15T08:02:28.487+0000] {processor.py:161} INFO - Started process (PID=3534) to work on /opt/airflow/dags/hn_pipeline_dag.py
[2026-05-15T08:02:28.488+0000] {processor.py:830} INFO - Processing file /opt/airflow/dags/hn_pipeline_dag.py for tasks to queue
[2026-05-15T08:02:28.488+0000] {logging_mixin.py:188} INFO - [2026-05-15T08:02:28.488+0000] {dagbag.py:538} INFO - Filling up the DagBag from /opt/airflow/dags/hn_pipeline_dag.py
[2026-05-15T08:02:28.495+0000] {processor.py:840} INFO - DAG(s) 'hn_pipeline' retrieved from /opt/airflow/dags/hn_pipeline_dag.py
[2026-05-15T08:02:28.507+0000] {logging_mixin.py:188} INFO - [2026-05-15T08:02:28.507+0000] {dag.py:3036} INFO - Sync 1 DAGs
[2026-05-15T08:02:28.517+0000] {logging_mixin.py:188} INFO - [2026-05-15T08:02:28.516+0000] {dag.py:3823} INFO - Setting next_dagrun for hn_pipeline to 2026-05-15 08:00:00+00:00, run_after=2026-05-15 09:00:00+00:00
[2026-05-15T08:02:28.523+0000] {processor.py:183} INFO - Processing /opt/airflow/dags/hn_pipeline_dag.py took 0.038 seconds
[2026-05-15T08:02:58.819+0000] {processor.py:161} INFO - Started process (PID=3539) to work on /opt/airflow/dags/hn_pipeline_dag.py
[2026-05-15T08:02:58.821+0000] {processor.py:830} INFO - Processing file /opt/airflow/dags/hn_pipeline_dag.py for tasks to queue
[2026-05-15T08:02:58.822+0000] {logging_mixin.py:188} INFO - [2026-05-15T08:02:58.821+0000] {dagbag.py:538} INFO - Filling up the DagBag from /opt/airflow/dags/hn_pipeline_dag.py
[2026-05-15T08:02:58.837+0000] {processor.py:840} INFO - DAG(s) 'hn_pipeline' retrieved from /opt/airflow/dags/hn_pipeline_dag.py
[2026-05-15T08:02:58.859+0000] {logging_mixin.py:188} INFO - [2026-05-15T08:02:58.859+0000] {dag.py:3036} INFO - Sync 1 DAGs
[2026-05-15T08:02:58.870+0000] {logging_mixin.py:188} INFO - [2026-05-15T08:02:58.870+0000] {dag.py:3823} INFO - Setting next_dagrun for hn_pipeline to 2026-05-15 08:00:00+00:00, run_after=2026-05-15 09:00:00+00:00
[2026-05-15T08:02:58.879+0000] {processor.py:183} INFO - Processing /opt/airflow/dags/hn_pipeline_dag.py took 0.063 seconds
[2026-05-15T08:03:29.247+0000] {processor.py:161} INFO - Started process (PID=3544) to work on /opt/airflow/dags/hn_pipeline_dag.py
[2026-05-15T08:03:29.248+0000] {processor.py:830} INFO - Processing file /opt/airflow/dags/hn_pipeline_dag.py for tasks to queue
[2026-05-15T08:03:29.249+0000] {logging_mixin.py:188} INFO - [2026-05-15T08:03:29.249+0000] {dagbag.py:538} INFO - Filling up the DagBag from /opt/airflow/dags/hn_pipeline_dag.py
[2026-05-15T08:03:29.263+0000] {processor.py:840} INFO - DAG(s) 'hn_pipeline' retrieved from /opt/airflow/dags/hn_pipeline_dag.py
[2026-05-15T08:03:29.284+0000] {logging_mixin.py:188} INFO - [2026-05-15T08:03:29.284+0000] {dag.py:3036} INFO - Sync 1 DAGs
[2026-05-15T08:03:29.295+0000] {logging_mixin.py:188} INFO - [2026-05-15T08:03:29.295+0000] {dag.py:3823} INFO - Setting next_dagrun for hn_pipeline to 2026-05-15 08:00:00+00:00, run_after=2026-05-15 09:00:00+00:00
[2026-05-15T08:03:29.303+0000] {processor.py:183} INFO - Processing /opt/airflow/dags/hn_pipeline_dag.py took 0.061 seconds
[2026-05-15T08:03:59.678+0000] {processor.py:161} INFO - Started process (PID=3549) to work on /opt/airflow/dags/hn_pipeline_dag.py
[2026-05-15T08:03:59.679+0000] {processor.py:830} INFO - Processing file /opt/airflow/dags/hn_pipeline_dag.py for tasks to queue
[2026-05-15T08:03:59.681+0000] {logging_mixin.py:188} INFO - [2026-05-15T08:03:59.680+0000] {dagbag.py:538} INFO - Filling up the DagBag from /opt/airflow/dags/hn_pipeline_dag.py
[2026-05-15T08:03:59.694+0000] {processor.py:840} INFO - DAG(s) 'hn_pipeline' retrieved from /opt/airflow/dags/hn_pipeline_dag.py
[2026-05-15T08:03:59.715+0000] {logging_mixin.py:188} INFO - [2026-05-15T08:03:59.715+0000] {dag.py:3036} INFO - Sync 1 DAGs
[2026-05-15T08:03:59.726+0000] {logging_mixin.py:188} INFO - [2026-05-15T08:03:59.726+0000] {dag.py:3823} INFO - Setting next_dagrun for hn_pipeline to 2026-05-15 08:00:00+00:00, run_after=2026-05-15 09:00:00+00:00
[2026-05-15T08:03:59.733+0000] {processor.py:183} INFO - Processing /opt/airflow/dags/hn_pipeline_dag.py took 0.059 seconds
[2026-05-15T08:04:30.108+0000] {processor.py:161} INFO - Started process (PID=3554) to work on /opt/airflow/dags/hn_pipeline_dag.py
[2026-05-15T08:04:30.109+0000] {processor.py:830} INFO - Processing file /opt/airflow/dags/hn_pipeline_dag.py for tasks to queue
[2026-05-15T08:04:30.110+0000] {logging_mixin.py:188} INFO - [2026-05-15T08:04:30.110+0000] {dagbag.py:538} INFO - Filling up the DagBag from /opt/airflow/dags/hn_pipeline_dag.py
[2026-05-15T08:04:30.124+0000] {processor.py:840} INFO - DAG(s) 'hn_pipeline' retrieved from /opt/airflow/dags/hn_pipeline_dag.py
[2026-05-15T08:04:30.145+0000] {logging_mixin.py:188} INFO - [2026-05-15T08:04:30.144+0000] {dag.py:3036} INFO - Sync 1 DAGs
[2026-05-15T08:04:30.156+0000] {logging_mixin.py:188} INFO - [2026-05-15T08:04:30.155+0000] {dag.py:3823} INFO - Setting next_dagrun for hn_pipeline to 2026-05-15 08:00:00+00:00, run_after=2026-05-15 09:00:00+00:00
[2026-05-15T08:04:30.163+0000] {processor.py:183} INFO - Processing /opt/airflow/dags/hn_pipeline_dag.py took 0.059 seconds
[2026-05-15T08:05:00.419+0000] {processor.py:161} INFO - Started process (PID=3559) to work on /opt/airflow/dags/hn_pipeline_dag.py
[2026-05-15T08:05:00.420+0000] {processor.py:830} INFO - Processing file /opt/airflow/dags/hn_pipeline_dag.py for tasks to queue
[2026-05-15T08:05:00.421+0000] {logging_mixin.py:188} INFO - [2026-05-15T08:05:00.420+0000] {dagbag.py:538} INFO - Filling up the DagBag from /opt/airflow/dags/hn_pipeline_dag.py
[2026-05-15T08:05:00.434+0000] {processor.py:840} INFO - DAG(s) 'hn_pipeline' retrieved from /opt/airflow/dags/hn_pipeline_dag.py
[2026-05-15T08:05:00.450+0000] {logging_mixin.py:188} INFO - [2026-05-15T08:05:00.450+0000] {dag.py:3036} INFO - Sync 1 DAGs
[2026-05-15T08:05:00.461+0000] {logging_mixin.py:188} INFO - [2026-05-15T08:05:00.461+0000] {dag.py:3823} INFO - Setting next_dagrun for hn_pipeline to 2026-05-15 08:00:00+00:00, run_after=2026-05-15 09:00:00+00:00
[2026-05-15T08:05:00.468+0000] {processor.py:183} INFO - Processing /opt/airflow/dags/hn_pipeline_dag.py took 0.053 seconds
[2026-05-15T08:05:30.747+0000] {processor.py:161} INFO - Started process (PID=3564) to work on /opt/airflow/dags/hn_pipeline_dag.py
[2026-05-15T08:05:30.748+0000] {processor.py:830} INFO - Processing file /opt/airflow/dags/hn_pipeline_dag.py for tasks to queue
[2026-05-15T08:05:30.749+0000] {logging_mixin.py:188} INFO - [2026-05-15T08:05:30.749+0000] {dagbag.py:538} INFO - Filling up the DagBag from /opt/airflow/dags/hn_pipeline_dag.py
[2026-05-15T08:05:30.762+0000] {processor.py:840} INFO - DAG(s) 'hn_pipeline' retrieved from /opt/airflow/dags/hn_pipeline_dag.py
[2026-05-15T08:05:30.783+0000] {logging_mixin.py:188} INFO - [2026-05-15T08:05:30.783+0000] {dag.py:3036} INFO - Sync 1 DAGs
[2026-05-15T08:05:30.795+0000] {logging_mixin.py:188} INFO - [2026-05-15T08:05:30.795+0000] {dag.py:3823} INFO - Setting next_dagrun for hn_pipeline to 2026-05-15 08:00:00+00:00, run_after=2026-05-15 09:00:00+00:00
[2026-05-15T08:05:30.802+0000] {processor.py:183} INFO - Processing /opt/airflow/dags/hn_pipeline_dag.py took 0.059 seconds
[2026-05-15T08:06:01.111+0000] {processor.py:161} INFO - Started process (PID=3569) to work on /opt/airflow/dags/hn_pipeline_dag.py
[2026-05-15T08:06:01.111+0000] {processor.py:830} INFO - Processing file /opt/airflow/dags/hn_pipeline_dag.py for tasks to queue
[2026-05-15T08:06:01.112+0000] {logging_mixin.py:188} INFO - [2026-05-15T08:06:01.112+0000] {dagbag.py:538} INFO - Filling up the DagBag from /opt/airflow/dags/hn_pipeline_dag.py
[2026-05-15T08:06:01.119+0000] {processor.py:840} INFO - DAG(s) 'hn_pipeline' retrieved from /opt/airflow/dags/hn_pipeline_dag.py
[2026-05-15T08:06:01.132+0000] {logging_mixin.py:188} INFO - [2026-05-15T08:06:01.132+0000] {dag.py:3036} INFO - Sync 1 DAGs
[2026-05-15T08:06:01.143+0000] {logging_mixin.py:188} INFO - [2026-05-15T08:06:01.143+0000] {dag.py:3823} INFO - Setting next_dagrun for hn_pipeline to 2026-05-15 08:00:00+00:00, run_after=2026-05-15 09:00:00+00:00
[2026-05-15T08:06:01.151+0000] {processor.py:183} INFO - Processing /opt/airflow/dags/hn_pipeline_dag.py took 0.042 seconds
[2026-05-15T08:06:31.517+0000] {processor.py:161} INFO - Started process (PID=3574) to work on /opt/airflow/dags/hn_pipeline_dag.py
[2026-05-15T08:06:31.518+0000] {processor.py:830} INFO - Processing file /opt/airflow/dags/hn_pipeline_dag.py for tasks to queue
[2026-05-15T08:06:31.519+0000] {logging_mixin.py:188} INFO - [2026-05-15T08:06:31.518+0000] {dagbag.py:538} INFO - Filling up the DagBag from /opt/airflow/dags/hn_pipeline_dag.py
[2026-05-15T08:06:31.533+0000] {processor.py:840} INFO - DAG(s) 'hn_pipeline' retrieved from /opt/airflow/dags/hn_pipeline_dag.py
[2026-05-15T08:06:31.553+0000] {logging_mixin.py:188} INFO - [2026-05-15T08:06:31.553+0000] {dag.py:3036} INFO - Sync 1 DAGs
[2026-05-15T08:06:31.564+0000] {logging_mixin.py:188} INFO - [2026-05-15T08:06:31.564+0000] {dag.py:3823} INFO - Setting next_dagrun for hn_pipeline to 2026-05-15 08:00:00+00:00, run_after=2026-05-15 09:00:00+00:00
[2026-05-15T08:06:31.572+0000] {processor.py:183} INFO - Processing /opt/airflow/dags/hn_pipeline_dag.py took 0.059 seconds
[2026-05-15T08:07:01.831+0000] {processor.py:161} INFO - Started process (PID=3581) to work on /opt/airflow/dags/hn_pipeline_dag.py
[2026-05-15T08:07:01.832+0000] {processor.py:830} INFO - Processing file /opt/airflow/dags/hn_pipeline_dag.py for tasks to queue
[2026-05-15T08:07:01.833+0000] {logging_mixin.py:188} INFO - [2026-05-15T08:07:01.832+0000] {dagbag.py:538} INFO - Filling up the DagBag from /opt/airflow/dags/hn_pipeline_dag.py
[2026-05-15T08:07:01.846+0000] {processor.py:840} INFO - DAG(s) 'hn_pipeline' retrieved from /opt/airflow/dags/hn_pipeline_dag.py
[2026-05-15T08:07:01.866+0000] {logging_mixin.py:188} INFO - [2026-05-15T08:07:01.866+0000] {dag.py:3036} INFO - Sync 1 DAGs
[2026-05-15T08:07:01.878+0000] {logging_mixin.py:188} INFO - [2026-05-15T08:07:01.878+0000] {dag.py:3823} INFO - Setting next_dagrun for hn_pipeline to 2026-05-15 08:00:00+00:00, run_after=2026-05-15 09:00:00+00:00
[2026-05-15T08:07:01.886+0000] {processor.py:183} INFO - Processing /opt/airflow/dags/hn_pipeline_dag.py took 0.060 seconds
[2026-05-15T08:12:04.339+0000] {processor.py:161} INFO - Started process (PID=3588) to work on /opt/airflow/dags/hn_pipeline_dag.py
[2026-05-15T08:12:04.340+0000] {processor.py:830} INFO - Processing file /opt/airflow/dags/hn_pipeline_dag.py for tasks to queue
[2026-05-15T08:12:04.341+0000] {logging_mixin.py:188} INFO - [2026-05-15T08:12:04.341+0000] {dagbag.py:538} INFO - Filling up the DagBag from /opt/airflow/dags/hn_pipeline_dag.py
[2026-05-15T08:12:04.354+0000] {processor.py:840} INFO - DAG(s) 'hn_pipeline' retrieved from /opt/airflow/dags/hn_pipeline_dag.py
[2026-05-15T08:12:04.373+0000] {logging_mixin.py:188} INFO - [2026-05-15T08:12:04.372+0000] {dag.py:3036} INFO - Sync 1 DAGs
[2026-05-15T08:12:04.384+0000] {logging_mixin.py:188} INFO - [2026-05-15T08:12:04.383+0000] {dag.py:3823} INFO - Setting next_dagrun for hn_pipeline to 2026-05-15 08:00:00+00:00, run_after=2026-05-15 09:00:00+00:00
[2026-05-15T08:12:04.391+0000] {processor.py:183} INFO - Processing /opt/airflow/dags/hn_pipeline_dag.py took 0.055 seconds
[2026-05-15T08:12:48.919+0000] {processor.py:161} INFO - Started process (PID=3593) to work on /opt/airflow/dags/hn_pipeline_dag.py
[2026-05-15T08:12:48.921+0000] {processor.py:830} INFO - Processing file /opt/airflow/dags/hn_pipeline_dag.py for tasks to queue
[2026-05-15T08:12:48.922+0000] {logging_mixin.py:188} INFO - [2026-05-15T08:12:48.921+0000] {dagbag.py:538} INFO - Filling up the DagBag from /opt/airflow/dags/hn_pipeline_dag.py
[2026-05-15T08:12:48.948+0000] {processor.py:840} INFO - DAG(s) 'hn_pipeline' retrieved from /opt/airflow/dags/hn_pipeline_dag.py
[2026-05-15T08:12:48.978+0000] {logging_mixin.py:188} INFO - [2026-05-15T08:12:48.978+0000] {dag.py:3036} INFO - Sync 1 DAGs
[2026-05-15T08:12:48.991+0000] {logging_mixin.py:188} INFO - [2026-05-15T08:12:48.991+0000] {dag.py:3823} INFO - Setting next_dagrun for hn_pipeline to 2026-05-15 08:00:00+00:00, run_after=2026-05-15 09:00:00+00:00
[2026-05-15T08:12:48.999+0000] {processor.py:183} INFO - Processing /opt/airflow/dags/hn_pipeline_dag.py took 0.086 seconds
[2026-05-15T08:13:19.285+0000] {processor.py:161} INFO - Started process (PID=3598) to work on /opt/airflow/dags/hn_pipeline_dag.py
[2026-05-15T08:13:19.287+0000] {processor.py:830} INFO - Processing file /opt/airflow/dags/hn_pipeline_dag.py for tasks to queue
[2026-05-15T08:13:19.289+0000] {logging_mixin.py:188} INFO - [2026-05-15T08:13:19.288+0000] {dagbag.py:538} INFO - Filling up the DagBag from /opt/airflow/dags/hn_pipeline_dag.py
[2026-05-15T08:13:19.309+0000] {processor.py:840} INFO - DAG(s) 'hn_pipeline' retrieved from /opt/airflow/dags/hn_pipeline_dag.py
[2026-05-15T08:13:19.330+0000] {logging_mixin.py:188} INFO - [2026-05-15T08:13:19.330+0000] {dag.py:3036} INFO - Sync 1 DAGs
[2026-05-15T08:13:19.341+0000] {logging_mixin.py:188} INFO - [2026-05-15T08:13:19.341+0000] {dag.py:3823} INFO - Setting next_dagrun for hn_pipeline to 2026-05-15 08:00:00+00:00, run_after=2026-05-15 09:00:00+00:00
[2026-05-15T08:13:19.349+0000] {processor.py:183} INFO - Processing /opt/airflow/dags/hn_pipeline_dag.py took 0.069 seconds
[2026-05-15T08:13:49.632+0000] {processor.py:161} INFO - Started process (PID=3603) to work on /opt/airflow/dags/hn_pipeline_dag.py
[2026-05-15T08:13:49.633+0000] {processor.py:830} INFO - Processing file /opt/airflow/dags/hn_pipeline_dag.py for tasks to queue
[2026-05-15T08:13:49.634+0000] {logging_mixin.py:188} INFO - [2026-05-15T08:13:49.634+0000] {dagbag.py:538} INFO - Filling up the DagBag from /opt/airflow/dags/hn_pipeline_dag.py
[2026-05-15T08:13:49.650+0000] {processor.py:840} INFO - DAG(s) 'hn_pipeline' retrieved from /opt/airflow/dags/hn_pipeline_dag.py
[2026-05-15T08:13:49.670+0000] {logging_mixin.py:188} INFO - [2026-05-15T08:13:49.670+0000] {dag.py:3036} INFO - Sync 1 DAGs
[2026-05-15T08:13:49.681+0000] {logging_mixin.py:188} INFO - [2026-05-15T08:13:49.681+0000] {dag.py:3823} INFO - Setting next_dagrun for hn_pipeline to 2026-05-15 08:00:00+00:00, run_after=2026-05-15 09:00:00+00:00
[2026-05-15T08:13:49.689+0000] {processor.py:183} INFO - Processing /opt/airflow/dags/hn_pipeline_dag.py took 0.061 seconds
[2026-05-15T08:14:20.005+0000] {processor.py:161} INFO - Started process (PID=3608) to work on /opt/airflow/dags/hn_pipeline_dag.py
[2026-05-15T08:14:20.006+0000] {processor.py:830} INFO - Processing file /opt/airflow/dags/hn_pipeline_dag.py for tasks to queue
[2026-05-15T08:14:20.007+0000] {logging_mixin.py:188} INFO - [2026-05-15T08:14:20.007+0000] {dagbag.py:538} INFO - Filling up the DagBag from /opt/airflow/dags/hn_pipeline_dag.py
[2026-05-15T08:14:20.021+0000] {processor.py:840} INFO - DAG(s) 'hn_pipeline' retrieved from /opt/airflow/dags/hn_pipeline_dag.py
[2026-05-15T08:14:20.041+0000] {logging_mixin.py:188} INFO - [2026-05-15T08:14:20.041+0000] {dag.py:3036} INFO - Sync 1 DAGs
[2026-05-15T08:14:20.054+0000] {logging_mixin.py:188} INFO - [2026-05-15T08:14:20.054+0000] {dag.py:3823} INFO - Setting next_dagrun for hn_pipeline to 2026-05-15 08:00:00+00:00, run_after=2026-05-15 09:00:00+00:00
[2026-05-15T08:14:20.061+0000] {processor.py:183} INFO - Processing /opt/airflow/dags/hn_pipeline_dag.py took 0.060 seconds
[2026-05-15T08:14:50.286+0000] {processor.py:161} INFO - Started process (PID=3613) to work on /opt/airflow/dags/hn_pipeline_dag.py
[2026-05-15T08:14:50.287+0000] {processor.py:830} INFO - Processing file /opt/airflow/dags/hn_pipeline_dag.py for tasks to queue
[2026-05-15T08:14:50.288+0000] {logging_mixin.py:188} INFO - [2026-05-15T08:14:50.288+0000] {dagbag.py:538} INFO - Filling up the DagBag from /opt/airflow/dags/hn_pipeline_dag.py
[2026-05-15T08:14:50.302+0000] {processor.py:840} INFO - DAG(s) 'hn_pipeline' retrieved from /opt/airflow/dags/hn_pipeline_dag.py
[2026-05-15T08:14:50.321+0000] {logging_mixin.py:188} INFO - [2026-05-15T08:14:50.320+0000] {dag.py:3036} INFO - Sync 1 DAGs
[2026-05-15T08:14:50.332+0000] {logging_mixin.py:188} INFO - [2026-05-15T08:14:50.332+0000] {dag.py:3823} INFO - Setting next_dagrun for hn_pipeline to 2026-05-15 08:00:00+00:00, run_after=2026-05-15 09:00:00+00:00
[2026-05-15T08:14:50.340+0000] {processor.py:183} INFO - Processing /opt/airflow/dags/hn_pipeline_dag.py took 0.058 seconds
[2026-05-15T08:15:20.623+0000] {processor.py:161} INFO - Started process (PID=3618) to work on /opt/airflow/dags/hn_pipeline_dag.py
[2026-05-15T08:15:20.623+0000] {processor.py:830} INFO - Processing file /opt/airflow/dags/hn_pipeline_dag.py for tasks to queue
[2026-05-15T08:15:20.624+0000] {logging_mixin.py:188} INFO - [2026-05-15T08:15:20.624+0000] {dagbag.py:538} INFO - Filling up the DagBag from /opt/airflow/dags/hn_pipeline_dag.py
[2026-05-15T08:15:20.630+0000] {processor.py:840} INFO - DAG(s) 'hn_pipeline' retrieved from /opt/airflow/dags/hn_pipeline_dag.py
[2026-05-15T08:15:20.642+0000] {logging_mixin.py:188} INFO - [2026-05-15T08:15:20.642+0000] {dag.py:3036} INFO - Sync 1 DAGs
[2026-05-15T08:15:20.652+0000] {logging_mixin.py:188} INFO - [2026-05-15T08:15:20.652+0000] {dag.py:3823} INFO - Setting next_dagrun for hn_pipeline to 2026-05-15 08:00:00+00:00, run_after=2026-05-15 09:00:00+00:00
[2026-05-15T08:15:20.658+0000] {processor.py:183} INFO - Processing /opt/airflow/dags/hn_pipeline_dag.py took 0.037 seconds
[2026-05-15T08:15:50.890+0000] {processor.py:161} INFO - Started process (PID=3623) to work on /opt/airflow/dags/hn_pipeline_dag.py
[2026-05-15T08:15:50.891+0000] {processor.py:830} INFO - Processing file /opt/airflow/dags/hn_pipeline_dag.py for tasks to queue
[2026-05-15T08:15:50.892+0000] {logging_mixin.py:188} INFO - [2026-05-15T08:15:50.892+0000] {dagbag.py:538} INFO - Filling up the DagBag from /opt/airflow/dags/hn_pipeline_dag.py
[2026-05-15T08:15:50.907+0000] {processor.py:840} INFO - DAG(s) 'hn_pipeline' retrieved from /opt/airflow/dags/hn_pipeline_dag.py
[2026-05-15T08:15:50.927+0000] {logging_mixin.py:188} INFO - [2026-05-15T08:15:50.927+0000] {dag.py:3036} INFO - Sync 1 DAGs
[2026-05-15T08:15:50.938+0000] {logging_mixin.py:188} INFO - [2026-05-15T08:15:50.938+0000] {dag.py:3823} INFO - Setting next_dagrun for hn_pipeline to 2026-05-15 08:00:00+00:00, run_after=2026-05-15 09:00:00+00:00
[2026-05-15T08:15:50.946+0000] {processor.py:183} INFO - Processing /opt/airflow/dags/hn_pipeline_dag.py took 0.060 seconds
[2026-05-15T08:16:21.220+0000] {processor.py:161} INFO - Started process (PID=3628) to work on /opt/airflow/dags/hn_pipeline_dag.py
[2026-05-15T08:16:21.221+0000] {processor.py:830} INFO - Processing file /opt/airflow/dags/hn_pipeline_dag.py for tasks to queue
[2026-05-15T08:16:21.222+0000] {logging_mixin.py:188} INFO - [2026-05-15T08:16:21.222+0000] {dagbag.py:538} INFO - Filling up the DagBag from /opt/airflow/dags/hn_pipeline_dag.py
[2026-05-15T08:16:21.235+0000] {processor.py:840} INFO - DAG(s) 'hn_pipeline' retrieved from /opt/airflow/dags/hn_pipeline_dag.py
[2026-05-15T08:16:21.253+0000] {logging_mixin.py:188} INFO - [2026-05-15T08:16:21.253+0000] {dag.py:3036} INFO - Sync 1 DAGs
[2026-05-15T08:16:21.264+0000] {logging_mixin.py:188} INFO - [2026-05-15T08:16:21.264+0000] {dag.py:3823} INFO - Setting next_dagrun for hn_pipeline to 2026-05-15 08:00:00+00:00, run_after=2026-05-15 09:00:00+00:00
[2026-05-15T08:16:21.271+0000] {processor.py:183} INFO - Processing /opt/airflow/dags/hn_pipeline_dag.py took 0.055 seconds
[2026-05-15T08:16:51.547+0000] {processor.py:161} INFO - Started process (PID=3633) to work on /opt/airflow/dags/hn_pipeline_dag.py
[2026-05-15T08:16:51.548+0000] {processor.py:830} INFO - Processing file /opt/airflow/dags/hn_pipeline_dag.py for tasks to queue
[2026-05-15T08:16:51.549+0000] {logging_mixin.py:188} INFO - [2026-05-15T08:16:51.549+0000] {dagbag.py:538} INFO - Filling up the DagBag from /opt/airflow/dags/hn_pipeline_dag.py
[2026-05-15T08:16:51.564+0000] {processor.py:840} INFO - DAG(s) 'hn_pipeline' retrieved from /opt/airflow/dags/hn_pipeline_dag.py
[2026-05-15T08:16:51.584+0000] {logging_mixin.py:188} INFO - [2026-05-15T08:16:51.584+0000] {dag.py:3036} INFO - Sync 1 DAGs
[2026-05-15T08:16:51.598+0000] {logging_mixin.py:188} INFO - [2026-05-15T08:16:51.598+0000] {dag.py:3823} INFO - Setting next_dagrun for hn_pipeline to 2026-05-15 08:00:00+00:00, run_after=2026-05-15 09:00:00+00:00
[2026-05-15T08:16:51.605+0000] {processor.py:183} INFO - Processing /opt/airflow/dags/hn_pipeline_dag.py took 0.061 seconds
[2026-05-15T08:17:21.943+0000] {processor.py:161} INFO - Started process (PID=3638) to work on /opt/airflow/dags/hn_pipeline_dag.py
[2026-05-15T08:17:21.944+0000] {processor.py:830} INFO - Processing file /opt/airflow/dags/hn_pipeline_dag.py for tasks to queue
[2026-05-15T08:17:21.945+0000] {logging_mixin.py:188} INFO - [2026-05-15T08:17:21.944+0000] {dagbag.py:538} INFO - Filling up the DagBag from /opt/airflow/dags/hn_pipeline_dag.py
[2026-05-15T08:17:21.959+0000] {processor.py:840} INFO - DAG(s) 'hn_pipeline' retrieved from /opt/airflow/dags/hn_pipeline_dag.py
[2026-05-15T08:17:21.980+0000] {logging_mixin.py:188} INFO - [2026-05-15T08:17:21.980+0000] {dag.py:3036} INFO - Sync 1 DAGs
[2026-05-15T08:17:21.991+0000] {logging_mixin.py:188} INFO - [2026-05-15T08:17:21.991+0000] {dag.py:3823} INFO - Setting next_dagrun for hn_pipeline to 2026-05-15 08:00:00+00:00, run_after=2026-05-15 09:00:00+00:00
[2026-05-15T08:17:21.998+0000] {processor.py:183} INFO - Processing /opt/airflow/dags/hn_pipeline_dag.py took 0.059 seconds
[2026-05-15T08:17:52.328+0000] {processor.py:161} INFO - Started process (PID=3643) to work on /opt/airflow/dags/hn_pipeline_dag.py
[2026-05-15T08:17:52.329+0000] {processor.py:830} INFO - Processing file /opt/airflow/dags/hn_pipeline_dag.py for tasks to queue
[2026-05-15T08:17:52.330+0000] {logging_mixin.py:188} INFO - [2026-05-15T08:17:52.330+0000] {dagbag.py:538} INFO - Filling up the DagBag from /opt/airflow/dags/hn_pipeline_dag.py
[2026-05-15T08:17:52.345+0000] {processor.py:840} INFO - DAG(s) 'hn_pipeline' retrieved from /opt/airflow/dags/hn_pipeline_dag.py
[2026-05-15T08:17:52.364+0000] {logging_mixin.py:188} INFO - [2026-05-15T08:17:52.364+0000] {dag.py:3036} INFO - Sync 1 DAGs
[2026-05-15T08:17:52.375+0000] {logging_mixin.py:188} INFO - [2026-05-15T08:17:52.375+0000] {dag.py:3823} INFO - Setting next_dagrun for hn_pipeline to 2026-05-15 08:00:00+00:00, run_after=2026-05-15 09:00:00+00:00
[2026-05-15T08:17:52.383+0000] {processor.py:183} INFO - Processing /opt/airflow/dags/hn_pipeline_dag.py took 0.059 seconds
[2026-05-15T08:18:22.678+0000] {processor.py:161} INFO - Started process (PID=3648) to work on /opt/airflow/dags/hn_pipeline_dag.py
[2026-05-15T08:18:22.679+0000] {processor.py:830} INFO - Processing file /opt/airflow/dags/hn_pipeline_dag.py for tasks to queue
[2026-05-15T08:18:22.680+0000] {logging_mixin.py:188} INFO - [2026-05-15T08:18:22.680+0000] {dagbag.py:538} INFO - Filling up the DagBag from /opt/airflow/dags/hn_pipeline_dag.py
[2026-05-15T08:18:22.695+0000] {processor.py:840} INFO - DAG(s) 'hn_pipeline' retrieved from /opt/airflow/dags/hn_pipeline_dag.py
[2026-05-15T08:18:22.715+0000] {logging_mixin.py:188} INFO - [2026-05-15T08:18:22.715+0000] {dag.py:3036} INFO - Sync 1 DAGs
[2026-05-15T08:18:22.727+0000] {logging_mixin.py:188} INFO - [2026-05-15T08:18:22.727+0000] {dag.py:3823} INFO - Setting next_dagrun for hn_pipeline to 2026-05-15 08:00:00+00:00, run_after=2026-05-15 09:00:00+00:00
[2026-05-15T08:18:22.735+0000] {processor.py:183} INFO - Processing /opt/airflow/dags/hn_pipeline_dag.py took 0.060 seconds
[2026-05-15T08:18:52.992+0000] {processor.py:161} INFO - Started process (PID=3653) to work on /opt/airflow/dags/hn_pipeline_dag.py
[2026-05-15T08:18:52.993+0000] {processor.py:830} INFO - Processing file /opt/airflow/dags/hn_pipeline_dag.py for tasks to queue
[2026-05-15T08:18:52.994+0000] {logging_mixin.py:188} INFO - [2026-05-15T08:18:52.994+0000] {dagbag.py:538} INFO - Filling up the DagBag from /opt/airflow/dags/hn_pipeline_dag.py
[2026-05-15T08:18:53.007+0000] {processor.py:840} INFO - DAG(s) 'hn_pipeline' retrieved from /opt/airflow/dags/hn_pipeline_dag.py
[2026-05-15T08:18:53.025+0000] {logging_mixin.py:188} INFO - [2026-05-15T08:18:53.025+0000] {dag.py:3036} INFO - Sync 1 DAGs
[2026-05-15T08:18:53.036+0000] {logging_mixin.py:188} INFO - [2026-05-15T08:18:53.036+0000] {dag.py:3823} INFO - Setting next_dagrun for hn_pipeline to 2026-05-15 08:00:00+00:00, run_after=2026-05-15 09:00:00+00:00
[2026-05-15T08:18:53.043+0000] {processor.py:183} INFO - Processing /opt/airflow/dags/hn_pipeline_dag.py took 0.055 seconds
[2026-05-15T08:19:23.286+0000] {processor.py:161} INFO - Started process (PID=3658) to work on /opt/airflow/dags/hn_pipeline_dag.py
[2026-05-15T08:19:23.287+0000] {processor.py:830} INFO - Processing file /opt/airflow/dags/hn_pipeline_dag.py for tasks to queue
[2026-05-15T08:19:23.288+0000] {logging_mixin.py:188} INFO - [2026-05-15T08:19:23.288+0000] {dagbag.py:538} INFO - Filling up the DagBag from /opt/airflow/dags/hn_pipeline_dag.py
[2026-05-15T08:19:23.306+0000] {processor.py:840} INFO - DAG(s) 'hn_pipeline' retrieved from /opt/airflow/dags/hn_pipeline_dag.py
[2026-05-15T08:19:23.330+0000] {logging_mixin.py:188} INFO - [2026-05-15T08:19:23.330+0000] {dag.py:3036} INFO - Sync 1 DAGs
[2026-05-15T08:19:23.348+0000] {logging_mixin.py:188} INFO - [2026-05-15T08:19:23.348+0000] {dag.py:3823} INFO - Setting next_dagrun for hn_pipeline to 2026-05-15 08:00:00+00:00, run_after=2026-05-15 09:00:00+00:00
[2026-05-15T08:19:23.356+0000] {processor.py:183} INFO - Processing /opt/airflow/dags/hn_pipeline_dag.py took 0.075 seconds
[2026-05-15T08:37:01.563+0000] {processor.py:161} INFO - Started process (PID=183) to work on /opt/airflow/dags/hn_pipeline_dag.py
[2026-05-15T08:37:01.565+0000] {processor.py:830} INFO - Processing file /opt/airflow/dags/hn_pipeline_dag.py for tasks to queue
[2026-05-15T08:37:01.565+0000] {logging_mixin.py:188} INFO - [2026-05-15T08:37:01.565+0000] {dagbag.py:538} INFO - Filling up the DagBag from /opt/airflow/dags/hn_pipeline_dag.py
[2026-05-15T08:37:01.600+0000] {processor.py:840} INFO - DAG(s) 'hn_pipeline' retrieved from /opt/airflow/dags/hn_pipeline_dag.py
[2026-05-15T08:37:01.730+0000] {logging_mixin.py:188} INFO - [2026-05-15T08:37:01.729+0000] {override.py:1769} INFO - Created Permission View: can read on DAG:hn_pipeline
[2026-05-15T08:37:01.734+0000] {logging_mixin.py:188} INFO - [2026-05-15T08:37:01.734+0000] {override.py:1769} INFO - Created Permission View: can delete on DAG:hn_pipeline
[2026-05-15T08:37:01.736+0000] {logging_mixin.py:188} INFO - [2026-05-15T08:37:01.736+0000] {override.py:1769} INFO - Created Permission View: can edit on DAG:hn_pipeline
[2026-05-15T08:37:01.736+0000] {logging_mixin.py:188} INFO - [2026-05-15T08:37:01.736+0000] {dag.py:3036} INFO - Sync 1 DAGs
[2026-05-15T08:37:01.742+0000] {logging_mixin.py:188} INFO - [2026-05-15T08:37:01.742+0000] {dag.py:3058} INFO - Creating ORM DAG for hn_pipeline
[2026-05-15T08:37:01.748+0000] {logging_mixin.py:188} INFO - [2026-05-15T08:37:01.748+0000] {dag.py:3823} INFO - Setting next_dagrun for hn_pipeline to 2026-05-15 07:00:00+00:00, run_after=2026-05-15 08:00:00+00:00
[2026-05-15T08:37:01.758+0000] {processor.py:183} INFO - Processing /opt/airflow/dags/hn_pipeline_dag.py took 0.200 seconds
[2026-05-15T08:37:31.910+0000] {processor.py:161} INFO - Started process (PID=189) to work on /opt/airflow/dags/hn_pipeline_dag.py
[2026-05-15T08:37:31.911+0000] {processor.py:830} INFO - Processing file /opt/airflow/dags/hn_pipeline_dag.py for tasks to queue
[2026-05-15T08:37:31.913+0000] {logging_mixin.py:188} INFO - [2026-05-15T08:37:31.912+0000] {dagbag.py:538} INFO - Filling up the DagBag from /opt/airflow/dags/hn_pipeline_dag.py
[2026-05-15T08:37:31.934+0000] {processor.py:840} INFO - DAG(s) 'hn_pipeline' retrieved from /opt/airflow/dags/hn_pipeline_dag.py
[2026-05-15T08:37:31.965+0000] {logging_mixin.py:188} INFO - [2026-05-15T08:37:31.965+0000] {dag.py:3036} INFO - Sync 1 DAGs
[2026-05-15T08:37:31.975+0000] {logging_mixin.py:188} INFO - [2026-05-15T08:37:31.975+0000] {dag.py:3823} INFO - Setting next_dagrun for hn_pipeline to 2026-05-15 07:00:00+00:00, run_after=2026-05-15 08:00:00+00:00
[2026-05-15T08:37:31.983+0000] {processor.py:183} INFO - Processing /opt/airflow/dags/hn_pipeline_dag.py took 0.077 seconds
[2026-05-15T08:38:02.223+0000] {processor.py:161} INFO - Started process (PID=194) to work on /opt/airflow/dags/hn_pipeline_dag.py
[2026-05-15T08:38:02.224+0000] {processor.py:830} INFO - Processing file /opt/airflow/dags/hn_pipeline_dag.py for tasks to queue
[2026-05-15T08:38:02.224+0000] {logging_mixin.py:188} INFO - [2026-05-15T08:38:02.224+0000] {dagbag.py:538} INFO - Filling up the DagBag from /opt/airflow/dags/hn_pipeline_dag.py
[2026-05-15T08:38:02.236+0000] {processor.py:840} INFO - DAG(s) 'hn_pipeline' retrieved from /opt/airflow/dags/hn_pipeline_dag.py
[2026-05-15T08:38:02.254+0000] {logging_mixin.py:188} INFO - [2026-05-15T08:38:02.254+0000] {dag.py:3036} INFO - Sync 1 DAGs
[2026-05-15T08:38:02.265+0000] {logging_mixin.py:188} INFO - [2026-05-15T08:38:02.265+0000] {dag.py:3823} INFO - Setting next_dagrun for hn_pipeline to 2026-05-15 07:00:00+00:00, run_after=2026-05-15 08:00:00+00:00
[2026-05-15T08:38:02.273+0000] {processor.py:183} INFO - Processing /opt/airflow/dags/hn_pipeline_dag.py took 0.053 seconds
[2026-05-15T08:38:32.524+0000] {processor.py:161} INFO - Started process (PID=199) to work on /opt/airflow/dags/hn_pipeline_dag.py
[2026-05-15T08:38:32.525+0000] {processor.py:830} INFO - Processing file /opt/airflow/dags/hn_pipeline_dag.py for tasks to queue
[2026-05-15T08:38:32.526+0000] {logging_mixin.py:188} INFO - [2026-05-15T08:38:32.526+0000] {dagbag.py:538} INFO - Filling up the DagBag from /opt/airflow/dags/hn_pipeline_dag.py
[2026-05-15T08:38:32.539+0000] {processor.py:840} INFO - DAG(s) 'hn_pipeline' retrieved from /opt/airflow/dags/hn_pipeline_dag.py
[2026-05-15T08:38:32.558+0000] {logging_mixin.py:188} INFO - [2026-05-15T08:38:32.558+0000] {dag.py:3036} INFO - Sync 1 DAGs
[2026-05-15T08:38:32.569+0000] {logging_mixin.py:188} INFO - [2026-05-15T08:38:32.569+0000] {dag.py:3823} INFO - Setting next_dagrun for hn_pipeline to 2026-05-15 07:00:00+00:00, run_after=2026-05-15 08:00:00+00:00
[2026-05-15T08:38:32.577+0000] {processor.py:183} INFO - Processing /opt/airflow/dags/hn_pipeline_dag.py took 0.056 seconds
[2026-05-15T08:39:02.818+0000] {processor.py:161} INFO - Started process (PID=204) to work on /opt/airflow/dags/hn_pipeline_dag.py
[2026-05-15T08:39:02.819+0000] {processor.py:830} INFO - Processing file /opt/airflow/dags/hn_pipeline_dag.py for tasks to queue
[2026-05-15T08:39:02.820+0000] {logging_mixin.py:188} INFO - [2026-05-15T08:39:02.819+0000] {dagbag.py:538} INFO - Filling up the DagBag from /opt/airflow/dags/hn_pipeline_dag.py
[2026-05-15T08:39:02.832+0000] {processor.py:840} INFO - DAG(s) 'hn_pipeline' retrieved from /opt/airflow/dags/hn_pipeline_dag.py
[2026-05-15T08:39:02.849+0000] {logging_mixin.py:188} INFO - [2026-05-15T08:39:02.849+0000] {dag.py:3036} INFO - Sync 1 DAGs
[2026-05-15T08:39:02.860+0000] {logging_mixin.py:188} INFO - [2026-05-15T08:39:02.860+0000] {dag.py:3823} INFO - Setting next_dagrun for hn_pipeline to 2026-05-15 07:00:00+00:00, run_after=2026-05-15 08:00:00+00:00
[2026-05-15T08:39:02.868+0000] {processor.py:183} INFO - Processing /opt/airflow/dags/hn_pipeline_dag.py took 0.053 seconds
[2026-05-15T08:39:33.082+0000] {processor.py:161} INFO - Started process (PID=209) to work on /opt/airflow/dags/hn_pipeline_dag.py
[2026-05-15T08:39:33.083+0000] {processor.py:830} INFO - Processing file /opt/airflow/dags/hn_pipeline_dag.py for tasks to queue
[2026-05-15T08:39:33.083+0000] {logging_mixin.py:188} INFO - [2026-05-15T08:39:33.083+0000] {dagbag.py:538} INFO - Filling up the DagBag from /opt/airflow/dags/hn_pipeline_dag.py
[2026-05-15T08:39:33.094+0000] {processor.py:840} INFO - DAG(s) 'hn_pipeline' retrieved from /opt/airflow/dags/hn_pipeline_dag.py
[2026-05-15T08:39:33.114+0000] {logging_mixin.py:188} INFO - [2026-05-15T08:39:33.114+0000] {dag.py:3036} INFO - Sync 1 DAGs
[2026-05-15T08:39:33.125+0000] {logging_mixin.py:188} INFO - [2026-05-15T08:39:33.125+0000] {dag.py:3823} INFO - Setting next_dagrun for hn_pipeline to 2026-05-15 07:00:00+00:00, run_after=2026-05-15 08:00:00+00:00
[2026-05-15T08:39:33.133+0000] {processor.py:183} INFO - Processing /opt/airflow/dags/hn_pipeline_dag.py took 0.052 seconds
[2026-05-15T08:40:03.446+0000] {processor.py:161} INFO - Started process (PID=214) to work on /opt/airflow/dags/hn_pipeline_dag.py
[2026-05-15T08:40:03.448+0000] {processor.py:830} INFO - Processing file /opt/airflow/dags/hn_pipeline_dag.py for tasks to queue
[2026-05-15T08:40:03.449+0000] {logging_mixin.py:188} INFO - [2026-05-15T08:40:03.449+0000] {dagbag.py:538} INFO - Filling up the DagBag from /opt/airflow/dags/hn_pipeline_dag.py
[2026-05-15T08:40:03.465+0000] {processor.py:840} INFO - DAG(s) 'hn_pipeline' retrieved from /opt/airflow/dags/hn_pipeline_dag.py
[2026-05-15T08:40:03.495+0000] {logging_mixin.py:188} INFO - [2026-05-15T08:40:03.495+0000] {dag.py:3036} INFO - Sync 1 DAGs
[2026-05-15T08:40:03.516+0000] {logging_mixin.py:188} INFO - [2026-05-15T08:40:03.515+0000] {dag.py:3823} INFO - Setting next_dagrun for hn_pipeline to 2026-05-15 07:00:00+00:00, run_after=2026-05-15 08:00:00+00:00
[2026-05-15T08:40:03.537+0000] {processor.py:183} INFO - Processing /opt/airflow/dags/hn_pipeline_dag.py took 0.094 seconds
[2026-05-15T08:40:33.838+0000] {processor.py:161} INFO - Started process (PID=219) to work on /opt/airflow/dags/hn_pipeline_dag.py
[2026-05-15T08:40:33.839+0000] {processor.py:830} INFO - Processing file /opt/airflow/dags/hn_pipeline_dag.py for tasks to queue
[2026-05-15T08:40:33.841+0000] {logging_mixin.py:188} INFO - [2026-05-15T08:40:33.840+0000] {dagbag.py:538} INFO - Filling up the DagBag from /opt/airflow/dags/hn_pipeline_dag.py
[2026-05-15T08:40:33.861+0000] {processor.py:840} INFO - DAG(s) 'hn_pipeline' retrieved from /opt/airflow/dags/hn_pipeline_dag.py
[2026-05-15T08:40:33.892+0000] {logging_mixin.py:188} INFO - [2026-05-15T08:40:33.892+0000] {dag.py:3036} INFO - Sync 1 DAGs
[2026-05-15T08:40:33.903+0000] {logging_mixin.py:188} INFO - [2026-05-15T08:40:33.903+0000] {dag.py:3823} INFO - Setting next_dagrun for hn_pipeline to 2026-05-15 07:00:00+00:00, run_after=2026-05-15 08:00:00+00:00
[2026-05-15T08:40:33.911+0000] {processor.py:183} INFO - Processing /opt/airflow/dags/hn_pipeline_dag.py took 0.078 seconds
[2026-05-15T08:41:04.127+0000] {processor.py:161} INFO - Started process (PID=224) to work on /opt/airflow/dags/hn_pipeline_dag.py
[2026-05-15T08:41:04.128+0000] {processor.py:830} INFO - Processing file /opt/airflow/dags/hn_pipeline_dag.py for tasks to queue
[2026-05-15T08:41:04.130+0000] {logging_mixin.py:188} INFO - [2026-05-15T08:41:04.129+0000] {dagbag.py:538} INFO - Filling up the DagBag from /opt/airflow/dags/hn_pipeline_dag.py
[2026-05-15T08:41:04.148+0000] {processor.py:840} INFO - DAG(s) 'hn_pipeline' retrieved from /opt/airflow/dags/hn_pipeline_dag.py
[2026-05-15T08:41:04.174+0000] {logging_mixin.py:188} INFO - [2026-05-15T08:41:04.174+0000] {dag.py:3036} INFO - Sync 1 DAGs
[2026-05-15T08:41:04.184+0000] {logging_mixin.py:188} INFO - [2026-05-15T08:41:04.184+0000] {dag.py:3823} INFO - Setting next_dagrun for hn_pipeline to 2026-05-15 07:00:00+00:00, run_after=2026-05-15 08:00:00+00:00
[2026-05-15T08:41:04.192+0000] {processor.py:183} INFO - Processing /opt/airflow/dags/hn_pipeline_dag.py took 0.069 seconds
[2026-05-15T08:41:37.955+0000] {processor.py:161} INFO - Started process (PID=231) to work on /opt/airflow/dags/hn_pipeline_dag.py
[2026-05-15T08:41:38.000+0000] {processor.py:830} INFO - Processing file /opt/airflow/dags/hn_pipeline_dag.py for tasks to queue
[2026-05-15T08:41:38.383+0000] {logging_mixin.py:188} INFO - [2026-05-15T08:41:38.127+0000] {dagbag.py:538} INFO - Filling up the DagBag from /opt/airflow/dags/hn_pipeline_dag.py
[2026-05-15T08:41:40.746+0000] {processor.py:840} INFO - DAG(s) 'hn_pipeline' retrieved from /opt/airflow/dags/hn_pipeline_dag.py
[2026-05-15T08:42:22.407+0000] {logging_mixin.py:188} INFO - [2026-05-15T08:42:22.405+0000] {dag.py:3036} INFO - Sync 1 DAGs
[2026-05-15T08:42:22.880+0000] {logging_mixin.py:188} INFO - [2026-05-15T08:42:22.865+0000] {dag.py:3823} INFO - Setting next_dagrun for hn_pipeline to 2026-05-15 08:00:00+00:00, run_after=2026-05-15 09:00:00+00:00
[2026-05-15T08:42:23.376+0000] {processor.py:183} INFO - Processing /opt/airflow/dags/hn_pipeline_dag.py took 47.050 seconds
[2026-05-15T08:42:53.841+0000] {processor.py:161} INFO - Started process (PID=237) to work on /opt/airflow/dags/hn_pipeline_dag.py
[2026-05-15T08:42:53.842+0000] {processor.py:830} INFO - Processing file /opt/airflow/dags/hn_pipeline_dag.py for tasks to queue
[2026-05-15T08:42:53.842+0000] {logging_mixin.py:188} INFO - [2026-05-15T08:42:53.842+0000] {dagbag.py:538} INFO - Filling up the DagBag from /opt/airflow/dags/hn_pipeline_dag.py
[2026-05-15T08:42:53.856+0000] {processor.py:840} INFO - DAG(s) 'hn_pipeline' retrieved from /opt/airflow/dags/hn_pipeline_dag.py
[2026-05-15T08:42:53.877+0000] {logging_mixin.py:188} INFO - [2026-05-15T08:42:53.877+0000] {dag.py:3036} INFO - Sync 1 DAGs
[2026-05-15T08:42:53.890+0000] {logging_mixin.py:188} INFO - [2026-05-15T08:42:53.890+0000] {dag.py:3823} INFO - Setting next_dagrun for hn_pipeline to 2026-05-15 08:00:00+00:00, run_after=2026-05-15 09:00:00+00:00
[2026-05-15T08:42:53.899+0000] {processor.py:183} INFO - Processing /opt/airflow/dags/hn_pipeline_dag.py took 0.060 seconds
[2026-05-15T08:43:23.974+0000] {processor.py:161} INFO - Started process (PID=242) to work on /opt/airflow/dags/hn_pipeline_dag.py
[2026-05-15T08:43:23.975+0000] {processor.py:830} INFO - Processing file /opt/airflow/dags/hn_pipeline_dag.py for tasks to queue
[2026-05-15T08:43:23.976+0000] {logging_mixin.py:188} INFO - [2026-05-15T08:43:23.976+0000] {dagbag.py:538} INFO - Filling up the DagBag from /opt/airflow/dags/hn_pipeline_dag.py
[2026-05-15T08:43:23.993+0000] {processor.py:840} INFO - DAG(s) 'hn_pipeline' retrieved from /opt/airflow/dags/hn_pipeline_dag.py
[2026-05-15T08:43:24.014+0000] {logging_mixin.py:188} INFO - [2026-05-15T08:43:24.014+0000] {dag.py:3036} INFO - Sync 1 DAGs
[2026-05-15T08:43:24.026+0000] {logging_mixin.py:188} INFO - [2026-05-15T08:43:24.026+0000] {dag.py:3823} INFO - Setting next_dagrun for hn_pipeline to 2026-05-15 08:00:00+00:00, run_after=2026-05-15 09:00:00+00:00
[2026-05-15T08:43:24.036+0000] {processor.py:183} INFO - Processing /opt/airflow/dags/hn_pipeline_dag.py took 0.067 seconds
[2026-05-15T08:43:54.271+0000] {processor.py:161} INFO - Started process (PID=247) to work on /opt/airflow/dags/hn_pipeline_dag.py
[2026-05-15T08:43:54.272+0000] {processor.py:830} INFO - Processing file /opt/airflow/dags/hn_pipeline_dag.py for tasks to queue
[2026-05-15T08:43:54.273+0000] {logging_mixin.py:188} INFO - [2026-05-15T08:43:54.272+0000] {dagbag.py:538} INFO - Filling up the DagBag from /opt/airflow/dags/hn_pipeline_dag.py
[2026-05-15T08:43:54.285+0000] {processor.py:840} INFO - DAG(s) 'hn_pipeline' retrieved from /opt/airflow/dags/hn_pipeline_dag.py
[2026-05-15T08:43:54.301+0000] {logging_mixin.py:188} INFO - [2026-05-15T08:43:54.301+0000] {dag.py:3036} INFO - Sync 1 DAGs
[2026-05-15T08:43:54.312+0000] {logging_mixin.py:188} INFO - [2026-05-15T08:43:54.312+0000] {dag.py:3823} INFO - Setting next_dagrun for hn_pipeline to 2026-05-15 08:00:00+00:00, run_after=2026-05-15 09:00:00+00:00
[2026-05-15T08:43:54.320+0000] {processor.py:183} INFO - Processing /opt/airflow/dags/hn_pipeline_dag.py took 0.053 seconds
[2026-05-15T08:44:24.480+0000] {processor.py:161} INFO - Started process (PID=252) to work on /opt/airflow/dags/hn_pipeline_dag.py
[2026-05-15T08:44:24.481+0000] {processor.py:830} INFO - Processing file /opt/airflow/dags/hn_pipeline_dag.py for tasks to queue
[2026-05-15T08:44:24.482+0000] {logging_mixin.py:188} INFO - [2026-05-15T08:44:24.482+0000] {dagbag.py:538} INFO - Filling up the DagBag from /opt/airflow/dags/hn_pipeline_dag.py
[2026-05-15T08:44:24.497+0000] {processor.py:840} INFO - DAG(s) 'hn_pipeline' retrieved from /opt/airflow/dags/hn_pipeline_dag.py
[2026-05-15T08:44:24.520+0000] {logging_mixin.py:188} INFO - [2026-05-15T08:44:24.519+0000] {dag.py:3036} INFO - Sync 1 DAGs
[2026-05-15T08:44:24.531+0000] {logging_mixin.py:188} INFO - [2026-05-15T08:44:24.531+0000] {dag.py:3823} INFO - Setting next_dagrun for hn_pipeline to 2026-05-15 08:00:00+00:00, run_after=2026-05-15 09:00:00+00:00
[2026-05-15T08:44:24.539+0000] {processor.py:183} INFO - Processing /opt/airflow/dags/hn_pipeline_dag.py took 0.063 seconds
[2026-05-15T08:44:54.830+0000] {processor.py:161} INFO - Started process (PID=257) to work on /opt/airflow/dags/hn_pipeline_dag.py
[2026-05-15T08:44:54.831+0000] {processor.py:830} INFO - Processing file /opt/airflow/dags/hn_pipeline_dag.py for tasks to queue
[2026-05-15T08:44:54.832+0000] {logging_mixin.py:188} INFO - [2026-05-15T08:44:54.832+0000] {dagbag.py:538} INFO - Filling up the DagBag from /opt/airflow/dags/hn_pipeline_dag.py
[2026-05-15T08:44:54.846+0000] {processor.py:840} INFO - DAG(s) 'hn_pipeline' retrieved from /opt/airflow/dags/hn_pipeline_dag.py
[2026-05-15T08:44:54.865+0000] {logging_mixin.py:188} INFO - [2026-05-15T08:44:54.865+0000] {dag.py:3036} INFO - Sync 1 DAGs
[2026-05-15T08:44:54.878+0000] {logging_mixin.py:188} INFO - [2026-05-15T08:44:54.878+0000] {dag.py:3823} INFO - Setting next_dagrun for hn_pipeline to 2026-05-15 08:00:00+00:00, run_after=2026-05-15 09:00:00+00:00
[2026-05-15T08:44:54.889+0000] {processor.py:183} INFO - Processing /opt/airflow/dags/hn_pipeline_dag.py took 0.062 seconds
[2026-05-15T08:45:25.158+0000] {processor.py:161} INFO - Started process (PID=262) to work on /opt/airflow/dags/hn_pipeline_dag.py
[2026-05-15T08:45:25.159+0000] {processor.py:830} INFO - Processing file /opt/airflow/dags/hn_pipeline_dag.py for tasks to queue
[2026-05-15T08:45:25.161+0000] {logging_mixin.py:188} INFO - [2026-05-15T08:45:25.160+0000] {dagbag.py:538} INFO - Filling up the DagBag from /opt/airflow/dags/hn_pipeline_dag.py
[2026-05-15T08:45:25.178+0000] {processor.py:840} INFO - DAG(s) 'hn_pipeline' retrieved from /opt/airflow/dags/hn_pipeline_dag.py
[2026-05-15T08:45:25.197+0000] {logging_mixin.py:188} INFO - [2026-05-15T08:45:25.197+0000] {dag.py:3036} INFO - Sync 1 DAGs
[2026-05-15T08:45:25.208+0000] {logging_mixin.py:188} INFO - [2026-05-15T08:45:25.208+0000] {dag.py:3823} INFO - Setting next_dagrun for hn_pipeline to 2026-05-15 08:00:00+00:00, run_after=2026-05-15 09:00:00+00:00
[2026-05-15T08:45:25.216+0000] {processor.py:183} INFO - Processing /opt/airflow/dags/hn_pipeline_dag.py took 0.062 seconds
[2026-05-15T08:45:55.394+0000] {processor.py:161} INFO - Started process (PID=267) to work on /opt/airflow/dags/hn_pipeline_dag.py
[2026-05-15T08:45:55.396+0000] {processor.py:830} INFO - Processing file /opt/airflow/dags/hn_pipeline_dag.py for tasks to queue
[2026-05-15T08:45:55.397+0000] {logging_mixin.py:188} INFO - [2026-05-15T08:45:55.397+0000] {dagbag.py:538} INFO - Filling up the DagBag from /opt/airflow/dags/hn_pipeline_dag.py
[2026-05-15T08:45:55.410+0000] {processor.py:840} INFO - DAG(s) 'hn_pipeline' retrieved from /opt/airflow/dags/hn_pipeline_dag.py
[2026-05-15T08:45:55.428+0000] {logging_mixin.py:188} INFO - [2026-05-15T08:45:55.428+0000] {dag.py:3036} INFO - Sync 1 DAGs
[2026-05-15T08:45:55.440+0000] {logging_mixin.py:188} INFO - [2026-05-15T08:45:55.440+0000] {dag.py:3823} INFO - Setting next_dagrun for hn_pipeline to 2026-05-15 08:00:00+00:00, run_after=2026-05-15 09:00:00+00:00
[2026-05-15T08:45:55.447+0000] {processor.py:183} INFO - Processing /opt/airflow/dags/hn_pipeline_dag.py took 0.057 seconds
[2026-05-15T08:46:25.743+0000] {processor.py:161} INFO - Started process (PID=272) to work on /opt/airflow/dags/hn_pipeline_dag.py
[2026-05-15T08:46:25.744+0000] {processor.py:830} INFO - Processing file /opt/airflow/dags/hn_pipeline_dag.py for tasks to queue
[2026-05-15T08:46:25.745+0000] {logging_mixin.py:188} INFO - [2026-05-15T08:46:25.745+0000] {dagbag.py:538} INFO - Filling up the DagBag from /opt/airflow/dags/hn_pipeline_dag.py
[2026-05-15T08:46:25.755+0000] {processor.py:840} INFO - DAG(s) 'hn_pipeline' retrieved from /opt/airflow/dags/hn_pipeline_dag.py
[2026-05-15T08:46:25.772+0000] {logging_mixin.py:188} INFO - [2026-05-15T08:46:25.772+0000] {dag.py:3036} INFO - Sync 1 DAGs
[2026-05-15T08:46:25.783+0000] {logging_mixin.py:188} INFO - [2026-05-15T08:46:25.783+0000] {dag.py:3823} INFO - Setting next_dagrun for hn_pipeline to 2026-05-15 08:00:00+00:00, run_after=2026-05-15 09:00:00+00:00
[2026-05-15T08:46:25.790+0000] {processor.py:183} INFO - Processing /opt/airflow/dags/hn_pipeline_dag.py took 0.051 seconds
[2026-05-15T08:46:56.013+0000] {processor.py:161} INFO - Started process (PID=277) to work on /opt/airflow/dags/hn_pipeline_dag.py
[2026-05-15T08:46:56.014+0000] {processor.py:830} INFO - Processing file /opt/airflow/dags/hn_pipeline_dag.py for tasks to queue
[2026-05-15T08:46:56.015+0000] {logging_mixin.py:188} INFO - [2026-05-15T08:46:56.015+0000] {dagbag.py:538} INFO - Filling up the DagBag from /opt/airflow/dags/hn_pipeline_dag.py
[2026-05-15T08:46:56.024+0000] {processor.py:840} INFO - DAG(s) 'hn_pipeline' retrieved from /opt/airflow/dags/hn_pipeline_dag.py
[2026-05-15T08:46:56.041+0000] {logging_mixin.py:188} INFO - [2026-05-15T08:46:56.041+0000] {dag.py:3036} INFO - Sync 1 DAGs
[2026-05-15T08:46:56.052+0000] {logging_mixin.py:188} INFO - [2026-05-15T08:46:56.052+0000] {dag.py:3823} INFO - Setting next_dagrun for hn_pipeline to 2026-05-15 08:00:00+00:00, run_after=2026-05-15 09:00:00+00:00
[2026-05-15T08:46:56.060+0000] {processor.py:183} INFO - Processing /opt/airflow/dags/hn_pipeline_dag.py took 0.050 seconds
[2026-05-15T08:47:26.301+0000] {processor.py:161} INFO - Started process (PID=285) to work on /opt/airflow/dags/hn_pipeline_dag.py
[2026-05-15T08:47:26.302+0000] {processor.py:830} INFO - Processing file /opt/airflow/dags/hn_pipeline_dag.py for tasks to queue
[2026-05-15T08:47:26.303+0000] {logging_mixin.py:188} INFO - [2026-05-15T08:47:26.303+0000] {dagbag.py:538} INFO - Filling up the DagBag from /opt/airflow/dags/hn_pipeline_dag.py
[2026-05-15T08:47:26.313+0000] {processor.py:840} INFO - DAG(s) 'hn_pipeline' retrieved from /opt/airflow/dags/hn_pipeline_dag.py
[2026-05-15T08:47:26.330+0000] {logging_mixin.py:188} INFO - [2026-05-15T08:47:26.330+0000] {dag.py:3036} INFO - Sync 1 DAGs
[2026-05-15T08:47:26.342+0000] {logging_mixin.py:188} INFO - [2026-05-15T08:47:26.342+0000] {dag.py:3823} INFO - Setting next_dagrun for hn_pipeline to 2026-05-15 08:00:00+00:00, run_after=2026-05-15 09:00:00+00:00
[2026-05-15T08:47:26.350+0000] {processor.py:183} INFO - Processing /opt/airflow/dags/hn_pipeline_dag.py took 0.051 seconds
[2026-05-15T08:47:56.665+0000] {processor.py:161} INFO - Started process (PID=290) to work on /opt/airflow/dags/hn_pipeline_dag.py
[2026-05-15T08:47:56.666+0000] {processor.py:830} INFO - Processing file /opt/airflow/dags/hn_pipeline_dag.py for tasks to queue
[2026-05-15T08:47:56.667+0000] {logging_mixin.py:188} INFO - [2026-05-15T08:47:56.667+0000] {dagbag.py:538} INFO - Filling up the DagBag from /opt/airflow/dags/hn_pipeline_dag.py
[2026-05-15T08:47:56.682+0000] {processor.py:840} INFO - DAG(s) 'hn_pipeline' retrieved from /opt/airflow/dags/hn_pipeline_dag.py
[2026-05-15T08:47:56.703+0000] {logging_mixin.py:188} INFO - [2026-05-15T08:47:56.702+0000] {dag.py:3036} INFO - Sync 1 DAGs
[2026-05-15T08:47:56.714+0000] {logging_mixin.py:188} INFO - [2026-05-15T08:47:56.714+0000] {dag.py:3823} INFO - Setting next_dagrun for hn_pipeline to 2026-05-15 08:00:00+00:00, run_after=2026-05-15 09:00:00+00:00
[2026-05-15T08:47:56.721+0000] {processor.py:183} INFO - Processing /opt/airflow/dags/hn_pipeline_dag.py took 0.060 seconds
[2026-05-15T08:48:27.003+0000] {processor.py:161} INFO - Started process (PID=295) to work on /opt/airflow/dags/hn_pipeline_dag.py
[2026-05-15T08:48:27.004+0000] {processor.py:830} INFO - Processing file /opt/airflow/dags/hn_pipeline_dag.py for tasks to queue
[2026-05-15T08:48:27.005+0000] {logging_mixin.py:188} INFO - [2026-05-15T08:48:27.005+0000] {dagbag.py:538} INFO - Filling up the DagBag from /opt/airflow/dags/hn_pipeline_dag.py
[2026-05-15T08:48:27.018+0000] {processor.py:840} INFO - DAG(s) 'hn_pipeline' retrieved from /opt/airflow/dags/hn_pipeline_dag.py
[2026-05-15T08:48:27.038+0000] {logging_mixin.py:188} INFO - [2026-05-15T08:48:27.038+0000] {dag.py:3036} INFO - Sync 1 DAGs
[2026-05-15T08:48:27.049+0000] {logging_mixin.py:188} INFO - [2026-05-15T08:48:27.049+0000] {dag.py:3823} INFO - Setting next_dagrun for hn_pipeline to 2026-05-15 08:00:00+00:00, run_after=2026-05-15 09:00:00+00:00
[2026-05-15T08:48:27.056+0000] {processor.py:183} INFO - Processing /opt/airflow/dags/hn_pipeline_dag.py took 0.057 seconds
[2026-05-15T08:48:57.338+0000] {processor.py:161} INFO - Started process (PID=300) to work on /opt/airflow/dags/hn_pipeline_dag.py
[2026-05-15T08:48:57.339+0000] {processor.py:830} INFO - Processing file /opt/airflow/dags/hn_pipeline_dag.py for tasks to queue
[2026-05-15T08:48:57.340+0000] {logging_mixin.py:188} INFO - [2026-05-15T08:48:57.340+0000] {dagbag.py:538} INFO - Filling up the DagBag from /opt/airflow/dags/hn_pipeline_dag.py
[2026-05-15T08:48:57.352+0000] {processor.py:840} INFO - DAG(s) 'hn_pipeline' retrieved from /opt/airflow/dags/hn_pipeline_dag.py
[2026-05-15T08:48:57.369+0000] {logging_mixin.py:188} INFO - [2026-05-15T08:48:57.369+0000] {dag.py:3036} INFO - Sync 1 DAGs
[2026-05-15T08:48:57.380+0000] {logging_mixin.py:188} INFO - [2026-05-15T08:48:57.379+0000] {dag.py:3823} INFO - Setting next_dagrun for hn_pipeline to 2026-05-15 08:00:00+00:00, run_after=2026-05-15 09:00:00+00:00
[2026-05-15T08:48:57.387+0000] {processor.py:183} INFO - Processing /opt/airflow/dags/hn_pipeline_dag.py took 0.053 seconds
[2026-05-15T08:49:27.677+0000] {processor.py:161} INFO - Started process (PID=305) to work on /opt/airflow/dags/hn_pipeline_dag.py
[2026-05-15T08:49:27.678+0000] {processor.py:830} INFO - Processing file /opt/airflow/dags/hn_pipeline_dag.py for tasks to queue
[2026-05-15T08:49:27.679+0000] {logging_mixin.py:188} INFO - [2026-05-15T08:49:27.679+0000] {dagbag.py:538} INFO - Filling up the DagBag from /opt/airflow/dags/hn_pipeline_dag.py
[2026-05-15T08:49:27.694+0000] {processor.py:840} INFO - DAG(s) 'hn_pipeline' retrieved from /opt/airflow/dags/hn_pipeline_dag.py
[2026-05-15T08:49:27.713+0000] {logging_mixin.py:188} INFO - [2026-05-15T08:49:27.713+0000] {dag.py:3036} INFO - Sync 1 DAGs
[2026-05-15T08:49:27.724+0000] {logging_mixin.py:188} INFO - [2026-05-15T08:49:27.724+0000] {dag.py:3823} INFO - Setting next_dagrun for hn_pipeline to 2026-05-15 08:00:00+00:00, run_after=2026-05-15 09:00:00+00:00
[2026-05-15T08:49:27.732+0000] {processor.py:183} INFO - Processing /opt/airflow/dags/hn_pipeline_dag.py took 0.059 seconds
[2026-05-15T08:49:57.888+0000] {processor.py:161} INFO - Started process (PID=310) to work on /opt/airflow/dags/hn_pipeline_dag.py
[2026-05-15T08:49:57.889+0000] {processor.py:830} INFO - Processing file /opt/airflow/dags/hn_pipeline_dag.py for tasks to queue
[2026-05-15T08:49:57.890+0000] {logging_mixin.py:188} INFO - [2026-05-15T08:49:57.890+0000] {dagbag.py:538} INFO - Filling up the DagBag from /opt/airflow/dags/hn_pipeline_dag.py
[2026-05-15T08:49:57.900+0000] {processor.py:840} INFO - DAG(s) 'hn_pipeline' retrieved from /opt/airflow/dags/hn_pipeline_dag.py
[2026-05-15T08:49:57.914+0000] {logging_mixin.py:188} INFO - [2026-05-15T08:49:57.914+0000] {dag.py:3036} INFO - Sync 1 DAGs
[2026-05-15T08:49:57.924+0000] {logging_mixin.py:188} INFO - [2026-05-15T08:49:57.924+0000] {dag.py:3823} INFO - Setting next_dagrun for hn_pipeline to 2026-05-15 08:00:00+00:00, run_after=2026-05-15 09:00:00+00:00
[2026-05-15T08:49:57.931+0000] {processor.py:183} INFO - Processing /opt/airflow/dags/hn_pipeline_dag.py took 0.045 seconds
[2026-05-15T08:50:28.197+0000] {processor.py:161} INFO - Started process (PID=315) to work on /opt/airflow/dags/hn_pipeline_dag.py
[2026-05-15T08:50:28.198+0000] {processor.py:830} INFO - Processing file /opt/airflow/dags/hn_pipeline_dag.py for tasks to queue
[2026-05-15T08:50:28.199+0000] {logging_mixin.py:188} INFO - [2026-05-15T08:50:28.198+0000] {dagbag.py:538} INFO - Filling up the DagBag from /opt/airflow/dags/hn_pipeline_dag.py
[2026-05-15T08:50:28.211+0000] {processor.py:840} INFO - DAG(s) 'hn_pipeline' retrieved from /opt/airflow/dags/hn_pipeline_dag.py
[2026-05-15T08:50:28.227+0000] {logging_mixin.py:188} INFO - [2026-05-15T08:50:28.227+0000] {dag.py:3036} INFO - Sync 1 DAGs
[2026-05-15T08:50:28.239+0000] {logging_mixin.py:188} INFO - [2026-05-15T08:50:28.239+0000] {dag.py:3823} INFO - Setting next_dagrun for hn_pipeline to 2026-05-15 08:00:00+00:00, run_after=2026-05-15 09:00:00+00:00
[2026-05-15T08:50:28.246+0000] {processor.py:183} INFO - Processing /opt/airflow/dags/hn_pipeline_dag.py took 0.053 seconds
[2026-05-15T08:50:58.536+0000] {processor.py:161} INFO - Started process (PID=320) to work on /opt/airflow/dags/hn_pipeline_dag.py
[2026-05-15T08:50:58.538+0000] {processor.py:830} INFO - Processing file /opt/airflow/dags/hn_pipeline_dag.py for tasks to queue
[2026-05-15T08:50:58.539+0000] {logging_mixin.py:188} INFO - [2026-05-15T08:50:58.538+0000] {dagbag.py:538} INFO - Filling up the DagBag from /opt/airflow/dags/hn_pipeline_dag.py
[2026-05-15T08:50:58.555+0000] {processor.py:840} INFO - DAG(s) 'hn_pipeline' retrieved from /opt/airflow/dags/hn_pipeline_dag.py
[2026-05-15T08:50:58.574+0000] {logging_mixin.py:188} INFO - [2026-05-15T08:50:58.574+0000] {dag.py:3036} INFO - Sync 1 DAGs
[2026-05-15T08:50:58.585+0000] {logging_mixin.py:188} INFO - [2026-05-15T08:50:58.585+0000] {dag.py:3823} INFO - Setting next_dagrun for hn_pipeline to 2026-05-15 08:00:00+00:00, run_after=2026-05-15 09:00:00+00:00
[2026-05-15T08:50:58.593+0000] {processor.py:183} INFO - Processing /opt/airflow/dags/hn_pipeline_dag.py took 0.061 seconds
[2026-05-15T08:51:28.882+0000] {processor.py:161} INFO - Started process (PID=325) to work on /opt/airflow/dags/hn_pipeline_dag.py
[2026-05-15T08:51:28.883+0000] {processor.py:830} INFO - Processing file /opt/airflow/dags/hn_pipeline_dag.py for tasks to queue
[2026-05-15T08:51:28.884+0000] {logging_mixin.py:188} INFO - [2026-05-15T08:51:28.884+0000] {dagbag.py:538} INFO - Filling up the DagBag from /opt/airflow/dags/hn_pipeline_dag.py
[2026-05-15T08:51:28.898+0000] {processor.py:840} INFO - DAG(s) 'hn_pipeline' retrieved from /opt/airflow/dags/hn_pipeline_dag.py
[2026-05-15T08:51:28.915+0000] {logging_mixin.py:188} INFO - [2026-05-15T08:51:28.914+0000] {dag.py:3036} INFO - Sync 1 DAGs
[2026-05-15T08:51:28.926+0000] {logging_mixin.py:188} INFO - [2026-05-15T08:51:28.926+0000] {dag.py:3823} INFO - Setting next_dagrun for hn_pipeline to 2026-05-15 08:00:00+00:00, run_after=2026-05-15 09:00:00+00:00
[2026-05-15T08:51:28.934+0000] {processor.py:183} INFO - Processing /opt/airflow/dags/hn_pipeline_dag.py took 0.057 seconds
[2026-05-15T08:51:59.254+0000] {processor.py:161} INFO - Started process (PID=330) to work on /opt/airflow/dags/hn_pipeline_dag.py
[2026-05-15T08:51:59.256+0000] {processor.py:830} INFO - Processing file /opt/airflow/dags/hn_pipeline_dag.py for tasks to queue
[2026-05-15T08:51:59.258+0000] {logging_mixin.py:188} INFO - [2026-05-15T08:51:59.257+0000] {dagbag.py:538} INFO - Filling up the DagBag from /opt/airflow/dags/hn_pipeline_dag.py
[2026-05-15T08:51:59.271+0000] {processor.py:840} INFO - DAG(s) 'hn_pipeline' retrieved from /opt/airflow/dags/hn_pipeline_dag.py
[2026-05-15T08:51:59.290+0000] {logging_mixin.py:188} INFO - [2026-05-15T08:51:59.290+0000] {dag.py:3036} INFO - Sync 1 DAGs
[2026-05-15T08:51:59.301+0000] {logging_mixin.py:188} INFO - [2026-05-15T08:51:59.301+0000] {dag.py:3823} INFO - Setting next_dagrun for hn_pipeline to 2026-05-15 08:00:00+00:00, run_after=2026-05-15 09:00:00+00:00
[2026-05-15T08:51:59.308+0000] {processor.py:183} INFO - Processing /opt/airflow/dags/hn_pipeline_dag.py took 0.059 seconds
[2026-05-15T08:52:29.609+0000] {processor.py:161} INFO - Started process (PID=338) to work on /opt/airflow/dags/hn_pipeline_dag.py
[2026-05-15T08:52:29.611+0000] {processor.py:830} INFO - Processing file /opt/airflow/dags/hn_pipeline_dag.py for tasks to queue
[2026-05-15T08:52:29.611+0000] {logging_mixin.py:188} INFO - [2026-05-15T08:52:29.611+0000] {dagbag.py:538} INFO - Filling up the DagBag from /opt/airflow/dags/hn_pipeline_dag.py
[2026-05-15T08:52:29.624+0000] {processor.py:840} INFO - DAG(s) 'hn_pipeline' retrieved from /opt/airflow/dags/hn_pipeline_dag.py
[2026-05-15T08:52:29.645+0000] {logging_mixin.py:188} INFO - [2026-05-15T08:52:29.645+0000] {dag.py:3036} INFO - Sync 1 DAGs
[2026-05-15T08:52:29.657+0000] {logging_mixin.py:188} INFO - [2026-05-15T08:52:29.657+0000] {dag.py:3823} INFO - Setting next_dagrun for hn_pipeline to 2026-05-15 08:00:00+00:00, run_after=2026-05-15 09:00:00+00:00
[2026-05-15T08:52:29.665+0000] {processor.py:183} INFO - Processing /opt/airflow/dags/hn_pipeline_dag.py took 0.060 seconds
[2026-05-15T08:52:59.807+0000] {processor.py:161} INFO - Started process (PID=343) to work on /opt/airflow/dags/hn_pipeline_dag.py
[2026-05-15T08:52:59.808+0000] {processor.py:830} INFO - Processing file /opt/airflow/dags/hn_pipeline_dag.py for tasks to queue
[2026-05-15T08:52:59.808+0000] {logging_mixin.py:188} INFO - [2026-05-15T08:52:59.808+0000] {dagbag.py:538} INFO - Filling up the DagBag from /opt/airflow/dags/hn_pipeline_dag.py
[2026-05-15T08:52:59.820+0000] {processor.py:840} INFO - DAG(s) 'hn_pipeline' retrieved from /opt/airflow/dags/hn_pipeline_dag.py
[2026-05-15T08:52:59.837+0000] {logging_mixin.py:188} INFO - [2026-05-15T08:52:59.837+0000] {dag.py:3036} INFO - Sync 1 DAGs
[2026-05-15T08:52:59.848+0000] {logging_mixin.py:188} INFO - [2026-05-15T08:52:59.848+0000] {dag.py:3823} INFO - Setting next_dagrun for hn_pipeline to 2026-05-15 08:00:00+00:00, run_after=2026-05-15 09:00:00+00:00
[2026-05-15T08:52:59.855+0000] {processor.py:183} INFO - Processing /opt/airflow/dags/hn_pipeline_dag.py took 0.052 seconds
[2026-05-15T08:53:30.081+0000] {processor.py:161} INFO - Started process (PID=348) to work on /opt/airflow/dags/hn_pipeline_dag.py
[2026-05-15T08:53:30.082+0000] {processor.py:830} INFO - Processing file /opt/airflow/dags/hn_pipeline_dag.py for tasks to queue
[2026-05-15T08:53:30.082+0000] {logging_mixin.py:188} INFO - [2026-05-15T08:53:30.082+0000] {dagbag.py:538} INFO - Filling up the DagBag from /opt/airflow/dags/hn_pipeline_dag.py
[2026-05-15T08:53:30.092+0000] {processor.py:840} INFO - DAG(s) 'hn_pipeline' retrieved from /opt/airflow/dags/hn_pipeline_dag.py
[2026-05-15T08:53:30.109+0000] {logging_mixin.py:188} INFO - [2026-05-15T08:53:30.109+0000] {dag.py:3036} INFO - Sync 1 DAGs
[2026-05-15T08:53:30.122+0000] {logging_mixin.py:188} INFO - [2026-05-15T08:53:30.122+0000] {dag.py:3823} INFO - Setting next_dagrun for hn_pipeline to 2026-05-15 08:00:00+00:00, run_after=2026-05-15 09:00:00+00:00
[2026-05-15T08:53:30.130+0000] {processor.py:183} INFO - Processing /opt/airflow/dags/hn_pipeline_dag.py took 0.051 seconds
[2026-05-15T08:54:00.358+0000] {processor.py:161} INFO - Started process (PID=353) to work on /opt/airflow/dags/hn_pipeline_dag.py
[2026-05-15T08:54:00.359+0000] {processor.py:830} INFO - Processing file /opt/airflow/dags/hn_pipeline_dag.py for tasks to queue
[2026-05-15T08:54:00.360+0000] {logging_mixin.py:188} INFO - [2026-05-15T08:54:00.360+0000] {dagbag.py:538} INFO - Filling up the DagBag from /opt/airflow/dags/hn_pipeline_dag.py
[2026-05-15T08:54:00.373+0000] {processor.py:840} INFO - DAG(s) 'hn_pipeline' retrieved from /opt/airflow/dags/hn_pipeline_dag.py
[2026-05-15T08:54:00.395+0000] {logging_mixin.py:188} INFO - [2026-05-15T08:54:00.395+0000] {dag.py:3036} INFO - Sync 1 DAGs
[2026-05-15T08:54:00.408+0000] {logging_mixin.py:188} INFO - [2026-05-15T08:54:00.408+0000] {dag.py:3823} INFO - Setting next_dagrun for hn_pipeline to 2026-05-15 08:00:00+00:00, run_after=2026-05-15 09:00:00+00:00
[2026-05-15T08:54:00.417+0000] {processor.py:183} INFO - Processing /opt/airflow/dags/hn_pipeline_dag.py took 0.062 seconds
[2026-05-15T08:54:30.651+0000] {processor.py:161} INFO - Started process (PID=375) to work on /opt/airflow/dags/hn_pipeline_dag.py
[2026-05-15T08:54:30.652+0000] {processor.py:830} INFO - Processing file /opt/airflow/dags/hn_pipeline_dag.py for tasks to queue
[2026-05-15T08:54:30.653+0000] {logging_mixin.py:188} INFO - [2026-05-15T08:54:30.653+0000] {dagbag.py:538} INFO - Filling up the DagBag from /opt/airflow/dags/hn_pipeline_dag.py
[2026-05-15T08:54:30.666+0000] {processor.py:840} INFO - DAG(s) 'hn_pipeline' retrieved from /opt/airflow/dags/hn_pipeline_dag.py
[2026-05-15T08:54:30.685+0000] {logging_mixin.py:188} INFO - [2026-05-15T08:54:30.685+0000] {dag.py:3036} INFO - Sync 1 DAGs
[2026-05-15T08:54:30.696+0000] {logging_mixin.py:188} INFO - [2026-05-15T08:54:30.696+0000] {dag.py:3823} INFO - Setting next_dagrun for hn_pipeline to 2026-05-15 08:00:00+00:00, run_after=2026-05-15 09:00:00+00:00
[2026-05-15T08:54:30.703+0000] {processor.py:183} INFO - Processing /opt/airflow/dags/hn_pipeline_dag.py took 0.057 seconds
[2026-05-15T08:55:00.986+0000] {processor.py:161} INFO - Started process (PID=380) to work on /opt/airflow/dags/hn_pipeline_dag.py
[2026-05-15T08:55:00.987+0000] {processor.py:830} INFO - Processing file /opt/airflow/dags/hn_pipeline_dag.py for tasks to queue
[2026-05-15T08:55:00.989+0000] {logging_mixin.py:188} INFO - [2026-05-15T08:55:00.988+0000] {dagbag.py:538} INFO - Filling up the DagBag from /opt/airflow/dags/hn_pipeline_dag.py
[2026-05-15T08:55:01.003+0000] {processor.py:840} INFO - DAG(s) 'hn_pipeline' retrieved from /opt/airflow/dags/hn_pipeline_dag.py
[2026-05-15T08:55:01.023+0000] {logging_mixin.py:188} INFO - [2026-05-15T08:55:01.023+0000] {dag.py:3036} INFO - Sync 1 DAGs
[2026-05-15T08:55:01.034+0000] {logging_mixin.py:188} INFO - [2026-05-15T08:55:01.034+0000] {dag.py:3823} INFO - Setting next_dagrun for hn_pipeline to 2026-05-15 08:00:00+00:00, run_after=2026-05-15 09:00:00+00:00
[2026-05-15T08:55:01.042+0000] {processor.py:183} INFO - Processing /opt/airflow/dags/hn_pipeline_dag.py took 0.060 seconds
[2026-05-15T08:55:31.249+0000] {processor.py:161} INFO - Started process (PID=391) to work on /opt/airflow/dags/hn_pipeline_dag.py
[2026-05-15T08:55:31.251+0000] {processor.py:830} INFO - Processing file /opt/airflow/dags/hn_pipeline_dag.py for tasks to queue
[2026-05-15T08:55:31.252+0000] {logging_mixin.py:188} INFO - [2026-05-15T08:55:31.251+0000] {dagbag.py:538} INFO - Filling up the DagBag from /opt/airflow/dags/hn_pipeline_dag.py
[2026-05-15T08:55:31.265+0000] {processor.py:840} INFO - DAG(s) 'hn_pipeline' retrieved from /opt/airflow/dags/hn_pipeline_dag.py
[2026-05-15T08:55:31.285+0000] {logging_mixin.py:188} INFO - [2026-05-15T08:55:31.285+0000] {dag.py:3036} INFO - Sync 1 DAGs
[2026-05-15T08:55:31.297+0000] {logging_mixin.py:188} INFO - [2026-05-15T08:55:31.297+0000] {dag.py:3823} INFO - Setting next_dagrun for hn_pipeline to 2026-05-15 08:00:00+00:00, run_after=2026-05-15 09:00:00+00:00
[2026-05-15T08:55:31.304+0000] {processor.py:183} INFO - Processing /opt/airflow/dags/hn_pipeline_dag.py took 0.059 seconds
[2026-05-15T08:56:01.548+0000] {processor.py:161} INFO - Started process (PID=413) to work on /opt/airflow/dags/hn_pipeline_dag.py
[2026-05-15T08:56:01.549+0000] {processor.py:830} INFO - Processing file /opt/airflow/dags/hn_pipeline_dag.py for tasks to queue
[2026-05-15T08:56:01.550+0000] {logging_mixin.py:188} INFO - [2026-05-15T08:56:01.550+0000] {dagbag.py:538} INFO - Filling up the DagBag from /opt/airflow/dags/hn_pipeline_dag.py
[2026-05-15T08:56:01.562+0000] {processor.py:840} INFO - DAG(s) 'hn_pipeline' retrieved from /opt/airflow/dags/hn_pipeline_dag.py
[2026-05-15T08:56:01.579+0000] {logging_mixin.py:188} INFO - [2026-05-15T08:56:01.579+0000] {dag.py:3036} INFO - Sync 1 DAGs
[2026-05-15T08:56:01.590+0000] {logging_mixin.py:188} INFO - [2026-05-15T08:56:01.590+0000] {dag.py:3823} INFO - Setting next_dagrun for hn_pipeline to 2026-05-15 08:00:00+00:00, run_after=2026-05-15 09:00:00+00:00
[2026-05-15T08:56:01.598+0000] {processor.py:183} INFO - Processing /opt/airflow/dags/hn_pipeline_dag.py took 0.052 seconds
[2026-05-15T08:56:31.836+0000] {processor.py:161} INFO - Started process (PID=418) to work on /opt/airflow/dags/hn_pipeline_dag.py
[2026-05-15T08:56:31.837+0000] {processor.py:830} INFO - Processing file /opt/airflow/dags/hn_pipeline_dag.py for tasks to queue
[2026-05-15T08:56:31.838+0000] {logging_mixin.py:188} INFO - [2026-05-15T08:56:31.838+0000] {dagbag.py:538} INFO - Filling up the DagBag from /opt/airflow/dags/hn_pipeline_dag.py
[2026-05-15T08:56:31.851+0000] {processor.py:840} INFO - DAG(s) 'hn_pipeline' retrieved from /opt/airflow/dags/hn_pipeline_dag.py
[2026-05-15T08:56:31.869+0000] {logging_mixin.py:188} INFO - [2026-05-15T08:56:31.869+0000] {dag.py:3036} INFO - Sync 1 DAGs
[2026-05-15T08:56:31.880+0000] {logging_mixin.py:188} INFO - [2026-05-15T08:56:31.880+0000] {dag.py:3823} INFO - Setting next_dagrun for hn_pipeline to 2026-05-15 08:00:00+00:00, run_after=2026-05-15 09:00:00+00:00
[2026-05-15T08:56:31.888+0000] {processor.py:183} INFO - Processing /opt/airflow/dags/hn_pipeline_dag.py took 0.055 seconds
[2026-05-15T08:57:02.106+0000] {processor.py:161} INFO - Started process (PID=423) to work on /opt/airflow/dags/hn_pipeline_dag.py
[2026-05-15T08:57:02.106+0000] {processor.py:830} INFO - Processing file /opt/airflow/dags/hn_pipeline_dag.py for tasks to queue
[2026-05-15T08:57:02.107+0000] {logging_mixin.py:188} INFO - [2026-05-15T08:57:02.107+0000] {dagbag.py:538} INFO - Filling up the DagBag from /opt/airflow/dags/hn_pipeline_dag.py
[2026-05-15T08:57:02.115+0000] {processor.py:840} INFO - DAG(s) 'hn_pipeline' retrieved from /opt/airflow/dags/hn_pipeline_dag.py
[2026-05-15T08:57:02.131+0000] {logging_mixin.py:188} INFO - [2026-05-15T08:57:02.131+0000] {dag.py:3036} INFO - Sync 1 DAGs
[2026-05-15T08:57:02.142+0000] {logging_mixin.py:188} INFO - [2026-05-15T08:57:02.142+0000] {dag.py:3823} INFO - Setting next_dagrun for hn_pipeline to 2026-05-15 08:00:00+00:00, run_after=2026-05-15 09:00:00+00:00
[2026-05-15T08:57:02.149+0000] {processor.py:183} INFO - Processing /opt/airflow/dags/hn_pipeline_dag.py took 0.045 seconds
[2026-05-15T08:57:32.422+0000] {processor.py:161} INFO - Started process (PID=428) to work on /opt/airflow/dags/hn_pipeline_dag.py
[2026-05-15T08:57:32.423+0000] {processor.py:830} INFO - Processing file /opt/airflow/dags/hn_pipeline_dag.py for tasks to queue
[2026-05-15T08:57:32.425+0000] {logging_mixin.py:188} INFO - [2026-05-15T08:57:32.424+0000] {dagbag.py:538} INFO - Filling up the DagBag from /opt/airflow/dags/hn_pipeline_dag.py
[2026-05-15T08:57:32.440+0000] {processor.py:840} INFO - DAG(s) 'hn_pipeline' retrieved from /opt/airflow/dags/hn_pipeline_dag.py
[2026-05-15T08:57:32.460+0000] {logging_mixin.py:188} INFO - [2026-05-15T08:57:32.459+0000] {dag.py:3036} INFO - Sync 1 DAGs
[2026-05-15T08:57:32.472+0000] {logging_mixin.py:188} INFO - [2026-05-15T08:57:32.471+0000] {dag.py:3823} INFO - Setting next_dagrun for hn_pipeline to 2026-05-15 08:00:00+00:00, run_after=2026-05-15 09:00:00+00:00
[2026-05-15T08:57:32.479+0000] {processor.py:183} INFO - Processing /opt/airflow/dags/hn_pipeline_dag.py took 0.061 seconds
[2026-05-15T08:57:45.563+0000] {processor.py:161} INFO - Started process (PID=433) to work on /opt/airflow/dags/hn_pipeline_dag.py
[2026-05-15T08:57:45.564+0000] {processor.py:830} INFO - Processing file /opt/airflow/dags/hn_pipeline_dag.py for tasks to queue
[2026-05-15T08:57:45.565+0000] {logging_mixin.py:188} INFO - [2026-05-15T08:57:45.565+0000] {dagbag.py:538} INFO - Filling up the DagBag from /opt/airflow/dags/hn_pipeline_dag.py
[2026-05-15T08:57:45.589+0000] {processor.py:840} INFO - DAG(s) 'hn_pipeline' retrieved from /opt/airflow/dags/hn_pipeline_dag.py
[2026-05-15T08:57:45.605+0000] {logging_mixin.py:188} INFO - [2026-05-15T08:57:45.605+0000] {dag.py:3036} INFO - Sync 1 DAGs
[2026-05-15T08:57:45.616+0000] {logging_mixin.py:188} INFO - [2026-05-15T08:57:45.616+0000] {dag.py:3823} INFO - Setting next_dagrun for hn_pipeline to 2026-05-15 08:00:00+00:00, run_after=2026-05-15 09:00:00+00:00
[2026-05-15T08:57:45.624+0000] {processor.py:183} INFO - Processing /opt/airflow/dags/hn_pipeline_dag.py took 0.065 seconds
[2026-05-15T08:58:15.862+0000] {processor.py:161} INFO - Started process (PID=438) to work on /opt/airflow/dags/hn_pipeline_dag.py
[2026-05-15T08:58:15.863+0000] {processor.py:830} INFO - Processing file /opt/airflow/dags/hn_pipeline_dag.py for tasks to queue
[2026-05-15T08:58:15.864+0000] {logging_mixin.py:188} INFO - [2026-05-15T08:58:15.863+0000] {dagbag.py:538} INFO - Filling up the DagBag from /opt/airflow/dags/hn_pipeline_dag.py
[2026-05-15T08:58:15.875+0000] {processor.py:840} INFO - DAG(s) 'hn_pipeline' retrieved from /opt/airflow/dags/hn_pipeline_dag.py
[2026-05-15T08:58:15.891+0000] {logging_mixin.py:188} INFO - [2026-05-15T08:58:15.891+0000] {dag.py:3036} INFO - Sync 1 DAGs
[2026-05-15T08:58:15.901+0000] {logging_mixin.py:188} INFO - [2026-05-15T08:58:15.901+0000] {dag.py:3823} INFO - Setting next_dagrun for hn_pipeline to 2026-05-15 08:00:00+00:00, run_after=2026-05-15 09:00:00+00:00
[2026-05-15T08:58:15.909+0000] {processor.py:183} INFO - Processing /opt/airflow/dags/hn_pipeline_dag.py took 0.050 seconds
[2026-05-15T09:19:50.856+0000] {processor.py:161} INFO - Started process (PID=161) to work on /opt/airflow/dags/hn_pipeline_dag.py
[2026-05-15T09:19:50.858+0000] {processor.py:830} INFO - Processing file /opt/airflow/dags/hn_pipeline_dag.py for tasks to queue
[2026-05-15T09:19:50.858+0000] {logging_mixin.py:188} INFO - [2026-05-15T09:19:50.858+0000] {dagbag.py:538} INFO - Filling up the DagBag from /opt/airflow/dags/hn_pipeline_dag.py
[2026-05-15T09:19:50.877+0000] {processor.py:840} INFO - DAG(s) 'hn_pipeline' retrieved from /opt/airflow/dags/hn_pipeline_dag.py
[2026-05-15T09:19:50.989+0000] {logging_mixin.py:188} INFO - [2026-05-15T09:19:50.989+0000] {override.py:1769} INFO - Created Permission View: can delete on DAG:hn_pipeline
[2026-05-15T09:19:50.994+0000] {logging_mixin.py:188} INFO - [2026-05-15T09:19:50.994+0000] {override.py:1769} INFO - Created Permission View: can read on DAG:hn_pipeline
[2026-05-15T09:19:50.996+0000] {logging_mixin.py:188} INFO - [2026-05-15T09:19:50.996+0000] {override.py:1769} INFO - Created Permission View: can edit on DAG:hn_pipeline
[2026-05-15T09:19:50.996+0000] {logging_mixin.py:188} INFO - [2026-05-15T09:19:50.996+0000] {dag.py:3036} INFO - Sync 1 DAGs
[2026-05-15T09:19:51.001+0000] {logging_mixin.py:188} INFO - [2026-05-15T09:19:51.001+0000] {dag.py:3058} INFO - Creating ORM DAG for hn_pipeline
[2026-05-15T09:19:51.006+0000] {logging_mixin.py:188} INFO - [2026-05-15T09:19:51.005+0000] {dag.py:3823} INFO - Setting next_dagrun for hn_pipeline to 2026-05-15 08:00:00+00:00, run_after=2026-05-15 09:00:00+00:00
[2026-05-15T09:19:51.014+0000] {processor.py:183} INFO - Processing /opt/airflow/dags/hn_pipeline_dag.py took 0.162 seconds
[2026-05-15T09:20:21.159+0000] {processor.py:161} INFO - Started process (PID=166) to work on /opt/airflow/dags/hn_pipeline_dag.py
[2026-05-15T09:20:21.159+0000] {processor.py:830} INFO - Processing file /opt/airflow/dags/hn_pipeline_dag.py for tasks to queue
[2026-05-15T09:20:21.161+0000] {logging_mixin.py:188} INFO - [2026-05-15T09:20:21.160+0000] {dagbag.py:538} INFO - Filling up the DagBag from /opt/airflow/dags/hn_pipeline_dag.py
[2026-05-15T09:20:21.178+0000] {processor.py:840} INFO - DAG(s) 'hn_pipeline' retrieved from /opt/airflow/dags/hn_pipeline_dag.py
[2026-05-15T09:20:21.289+0000] {logging_mixin.py:188} INFO - [2026-05-15T09:20:21.288+0000] {dag.py:3036} INFO - Sync 1 DAGs
[2026-05-15T09:20:21.328+0000] {logging_mixin.py:188} INFO - [2026-05-15T09:20:21.327+0000] {dag.py:3823} INFO - Setting next_dagrun for hn_pipeline to 2026-05-15 08:00:00+00:00, run_after=2026-05-15 09:00:00+00:00
[2026-05-15T09:20:21.474+0000] {processor.py:183} INFO - Processing /opt/airflow/dags/hn_pipeline_dag.py took 0.321 seconds
[2026-05-15T09:20:51.807+0000] {processor.py:161} INFO - Started process (PID=171) to work on /opt/airflow/dags/hn_pipeline_dag.py
[2026-05-15T09:20:51.808+0000] {processor.py:830} INFO - Processing file /opt/airflow/dags/hn_pipeline_dag.py for tasks to queue
[2026-05-15T09:20:51.809+0000] {logging_mixin.py:188} INFO - [2026-05-15T09:20:51.808+0000] {dagbag.py:538} INFO - Filling up the DagBag from /opt/airflow/dags/hn_pipeline_dag.py
[2026-05-15T09:20:51.827+0000] {processor.py:840} INFO - DAG(s) 'hn_pipeline' retrieved from /opt/airflow/dags/hn_pipeline_dag.py
[2026-05-15T09:20:51.881+0000] {logging_mixin.py:188} INFO - [2026-05-15T09:20:51.880+0000] {dag.py:3036} INFO - Sync 1 DAGs
[2026-05-15T09:20:51.897+0000] {logging_mixin.py:188} INFO - [2026-05-15T09:20:51.897+0000] {dag.py:3823} INFO - Setting next_dagrun for hn_pipeline to 2026-05-15 08:00:00+00:00, run_after=2026-05-15 09:00:00+00:00
[2026-05-15T09:20:51.907+0000] {processor.py:183} INFO - Processing /opt/airflow/dags/hn_pipeline_dag.py took 0.104 seconds
[2026-05-15T09:21:22.216+0000] {processor.py:161} INFO - Started process (PID=176) to work on /opt/airflow/dags/hn_pipeline_dag.py
[2026-05-15T09:21:22.218+0000] {processor.py:830} INFO - Processing file /opt/airflow/dags/hn_pipeline_dag.py for tasks to queue
[2026-05-15T09:21:22.220+0000] {logging_mixin.py:188} INFO - [2026-05-15T09:21:22.219+0000] {dagbag.py:538} INFO - Filling up the DagBag from /opt/airflow/dags/hn_pipeline_dag.py
[2026-05-15T09:21:22.240+0000] {processor.py:840} INFO - DAG(s) 'hn_pipeline' retrieved from /opt/airflow/dags/hn_pipeline_dag.py
[2026-05-15T09:21:22.785+0000] {logging_mixin.py:188} INFO - [2026-05-15T09:21:22.783+0000] {dag.py:3036} INFO - Sync 1 DAGs
[2026-05-15T09:21:23.232+0000] {logging_mixin.py:188} INFO - [2026-05-15T09:21:23.229+0000] {dag.py:3823} INFO - Setting next_dagrun for hn_pipeline to 2026-05-15 08:00:00+00:00, run_after=2026-05-15 09:00:00+00:00
[2026-05-15T09:21:23.424+0000] {processor.py:183} INFO - Processing /opt/airflow/dags/hn_pipeline_dag.py took 1.212 seconds
[2026-05-15T09:21:53.715+0000] {processor.py:161} INFO - Started process (PID=181) to work on /opt/airflow/dags/hn_pipeline_dag.py
[2026-05-15T09:21:53.716+0000] {processor.py:830} INFO - Processing file /opt/airflow/dags/hn_pipeline_dag.py for tasks to queue
[2026-05-15T09:21:53.717+0000] {logging_mixin.py:188} INFO - [2026-05-15T09:21:53.717+0000] {dagbag.py:538} INFO - Filling up the DagBag from /opt/airflow/dags/hn_pipeline_dag.py
[2026-05-15T09:21:53.734+0000] {processor.py:840} INFO - DAG(s) 'hn_pipeline' retrieved from /opt/airflow/dags/hn_pipeline_dag.py
[2026-05-15T09:21:53.785+0000] {logging_mixin.py:188} INFO - [2026-05-15T09:21:53.785+0000] {dag.py:3036} INFO - Sync 1 DAGs
[2026-05-15T09:21:53.802+0000] {logging_mixin.py:188} INFO - [2026-05-15T09:21:53.802+0000] {dag.py:3823} INFO - Setting next_dagrun for hn_pipeline to 2026-05-15 08:00:00+00:00, run_after=2026-05-15 09:00:00+00:00
[2026-05-15T09:21:53.816+0000] {processor.py:183} INFO - Processing /opt/airflow/dags/hn_pipeline_dag.py took 0.105 seconds
[2026-05-15T09:22:24.139+0000] {processor.py:161} INFO - Started process (PID=186) to work on /opt/airflow/dags/hn_pipeline_dag.py
[2026-05-15T09:22:24.140+0000] {processor.py:830} INFO - Processing file /opt/airflow/dags/hn_pipeline_dag.py for tasks to queue
[2026-05-15T09:22:24.140+0000] {logging_mixin.py:188} INFO - [2026-05-15T09:22:24.140+0000] {dagbag.py:538} INFO - Filling up the DagBag from /opt/airflow/dags/hn_pipeline_dag.py
[2026-05-15T09:22:24.156+0000] {processor.py:840} INFO - DAG(s) 'hn_pipeline' retrieved from /opt/airflow/dags/hn_pipeline_dag.py
[2026-05-15T09:22:24.213+0000] {logging_mixin.py:188} INFO - [2026-05-15T09:22:24.211+0000] {dag.py:3036} INFO - Sync 1 DAGs
[2026-05-15T09:22:24.250+0000] {logging_mixin.py:188} INFO - [2026-05-15T09:22:24.249+0000] {dag.py:3823} INFO - Setting next_dagrun for hn_pipeline to 2026-05-15 08:00:00+00:00, run_after=2026-05-15 09:00:00+00:00
[2026-05-15T09:22:24.278+0000] {processor.py:183} INFO - Processing /opt/airflow/dags/hn_pipeline_dag.py took 0.145 seconds
[2026-05-15T09:22:54.467+0000] {processor.py:161} INFO - Started process (PID=191) to work on /opt/airflow/dags/hn_pipeline_dag.py
[2026-05-15T09:22:54.468+0000] {processor.py:830} INFO - Processing file /opt/airflow/dags/hn_pipeline_dag.py for tasks to queue
[2026-05-15T09:22:54.468+0000] {logging_mixin.py:188} INFO - [2026-05-15T09:22:54.468+0000] {dagbag.py:538} INFO - Filling up the DagBag from /opt/airflow/dags/hn_pipeline_dag.py
[2026-05-15T09:22:54.481+0000] {processor.py:840} INFO - DAG(s) 'hn_pipeline' retrieved from /opt/airflow/dags/hn_pipeline_dag.py
[2026-05-15T09:22:54.561+0000] {logging_mixin.py:188} INFO - [2026-05-15T09:22:54.558+0000] {dag.py:3036} INFO - Sync 1 DAGs
[2026-05-15T09:22:55.089+0000] {logging_mixin.py:188} INFO - [2026-05-15T09:22:55.088+0000] {dag.py:3823} INFO - Setting next_dagrun for hn_pipeline to 2026-05-15 08:00:00+00:00, run_after=2026-05-15 09:00:00+00:00
[2026-05-15T09:22:55.253+0000] {processor.py:183} INFO - Processing /opt/airflow/dags/hn_pipeline_dag.py took 0.789 seconds
[2026-05-15T09:23:25.796+0000] {processor.py:161} INFO - Started process (PID=196) to work on /opt/airflow/dags/hn_pipeline_dag.py
[2026-05-15T09:23:25.796+0000] {processor.py:830} INFO - Processing file /opt/airflow/dags/hn_pipeline_dag.py for tasks to queue
[2026-05-15T09:23:25.798+0000] {logging_mixin.py:188} INFO - [2026-05-15T09:23:25.797+0000] {dagbag.py:538} INFO - Filling up the DagBag from /opt/airflow/dags/hn_pipeline_dag.py
[2026-05-15T09:23:25.816+0000] {processor.py:840} INFO - DAG(s) 'hn_pipeline' retrieved from /opt/airflow/dags/hn_pipeline_dag.py
[2026-05-15T09:23:26.080+0000] {logging_mixin.py:188} INFO - [2026-05-15T09:23:26.067+0000] {dag.py:3036} INFO - Sync 1 DAGs
[2026-05-15T09:23:26.441+0000] {logging_mixin.py:188} INFO - [2026-05-15T09:23:26.439+0000] {dag.py:3823} INFO - Setting next_dagrun for hn_pipeline to 2026-05-15 08:00:00+00:00, run_after=2026-05-15 09:00:00+00:00
[2026-05-15T09:23:26.619+0000] {processor.py:183} INFO - Processing /opt/airflow/dags/hn_pipeline_dag.py took 0.827 seconds
[2026-05-15T09:23:57.062+0000] {processor.py:161} INFO - Started process (PID=201) to work on /opt/airflow/dags/hn_pipeline_dag.py
[2026-05-15T09:23:57.063+0000] {processor.py:830} INFO - Processing file /opt/airflow/dags/hn_pipeline_dag.py for tasks to queue
[2026-05-15T09:23:57.064+0000] {logging_mixin.py:188} INFO - [2026-05-15T09:23:57.064+0000] {dagbag.py:538} INFO - Filling up the DagBag from /opt/airflow/dags/hn_pipeline_dag.py
[2026-05-15T09:23:57.084+0000] {processor.py:840} INFO - DAG(s) 'hn_pipeline' retrieved from /opt/airflow/dags/hn_pipeline_dag.py
[2026-05-15T09:23:57.133+0000] {logging_mixin.py:188} INFO - [2026-05-15T09:23:57.131+0000] {dag.py:3036} INFO - Sync 1 DAGs
[2026-05-15T09:23:57.147+0000] {logging_mixin.py:188} INFO - [2026-05-15T09:23:57.147+0000] {dag.py:3823} INFO - Setting next_dagrun for hn_pipeline to 2026-05-15 08:00:00+00:00, run_after=2026-05-15 09:00:00+00:00
[2026-05-15T09:23:57.159+0000] {processor.py:183} INFO - Processing /opt/airflow/dags/hn_pipeline_dag.py took 0.103 seconds
[2026-05-15T09:24:27.833+0000] {processor.py:161} INFO - Started process (PID=206) to work on /opt/airflow/dags/hn_pipeline_dag.py
[2026-05-15T09:24:27.834+0000] {processor.py:830} INFO - Processing file /opt/airflow/dags/hn_pipeline_dag.py for tasks to queue
[2026-05-15T09:24:27.835+0000] {logging_mixin.py:188} INFO - [2026-05-15T09:24:27.835+0000] {dagbag.py:538} INFO - Filling up the DagBag from /opt/airflow/dags/hn_pipeline_dag.py
[2026-05-15T09:24:27.856+0000] {processor.py:840} INFO - DAG(s) 'hn_pipeline' retrieved from /opt/airflow/dags/hn_pipeline_dag.py
[2026-05-15T09:24:27.888+0000] {logging_mixin.py:188} INFO - [2026-05-15T09:24:27.888+0000] {dag.py:3036} INFO - Sync 1 DAGs
[2026-05-15T09:24:27.900+0000] {logging_mixin.py:188} INFO - [2026-05-15T09:24:27.900+0000] {dag.py:3823} INFO - Setting next_dagrun for hn_pipeline to 2026-05-15 08:00:00+00:00, run_after=2026-05-15 09:00:00+00:00
[2026-05-15T09:24:27.908+0000] {processor.py:183} INFO - Processing /opt/airflow/dags/hn_pipeline_dag.py took 0.079 seconds
[2026-05-15T09:24:58.136+0000] {processor.py:161} INFO - Started process (PID=211) to work on /opt/airflow/dags/hn_pipeline_dag.py
[2026-05-15T09:24:58.137+0000] {processor.py:830} INFO - Processing file /opt/airflow/dags/hn_pipeline_dag.py for tasks to queue
[2026-05-15T09:24:58.138+0000] {logging_mixin.py:188} INFO - [2026-05-15T09:24:58.138+0000] {dagbag.py:538} INFO - Filling up the DagBag from /opt/airflow/dags/hn_pipeline_dag.py
[2026-05-15T09:24:58.150+0000] {processor.py:840} INFO - DAG(s) 'hn_pipeline' retrieved from /opt/airflow/dags/hn_pipeline_dag.py
[2026-05-15T09:24:58.170+0000] {logging_mixin.py:188} INFO - [2026-05-15T09:24:58.170+0000] {dag.py:3036} INFO - Sync 1 DAGs
[2026-05-15T09:24:58.181+0000] {logging_mixin.py:188} INFO - [2026-05-15T09:24:58.181+0000] {dag.py:3823} INFO - Setting next_dagrun for hn_pipeline to 2026-05-15 08:00:00+00:00, run_after=2026-05-15 09:00:00+00:00
[2026-05-15T09:24:58.189+0000] {processor.py:183} INFO - Processing /opt/airflow/dags/hn_pipeline_dag.py took 0.057 seconds
[2026-05-15T09:25:28.427+0000] {processor.py:161} INFO - Started process (PID=216) to work on /opt/airflow/dags/hn_pipeline_dag.py
[2026-05-15T09:25:28.429+0000] {processor.py:830} INFO - Processing file /opt/airflow/dags/hn_pipeline_dag.py for tasks to queue
[2026-05-15T09:25:28.430+0000] {logging_mixin.py:188} INFO - [2026-05-15T09:25:28.429+0000] {dagbag.py:538} INFO - Filling up the DagBag from /opt/airflow/dags/hn_pipeline_dag.py
[2026-05-15T09:25:28.442+0000] {processor.py:840} INFO - DAG(s) 'hn_pipeline' retrieved from /opt/airflow/dags/hn_pipeline_dag.py
[2026-05-15T09:25:28.460+0000] {logging_mixin.py:188} INFO - [2026-05-15T09:25:28.460+0000] {dag.py:3036} INFO - Sync 1 DAGs
[2026-05-15T09:25:28.471+0000] {logging_mixin.py:188} INFO - [2026-05-15T09:25:28.471+0000] {dag.py:3823} INFO - Setting next_dagrun for hn_pipeline to 2026-05-15 08:00:00+00:00, run_after=2026-05-15 09:00:00+00:00
[2026-05-15T09:25:28.479+0000] {processor.py:183} INFO - Processing /opt/airflow/dags/hn_pipeline_dag.py took 0.055 seconds
[2026-05-15T09:25:58.694+0000] {processor.py:161} INFO - Started process (PID=221) to work on /opt/airflow/dags/hn_pipeline_dag.py
[2026-05-15T09:25:58.695+0000] {processor.py:830} INFO - Processing file /opt/airflow/dags/hn_pipeline_dag.py for tasks to queue
[2026-05-15T09:25:58.696+0000] {logging_mixin.py:188} INFO - [2026-05-15T09:25:58.696+0000] {dagbag.py:538} INFO - Filling up the DagBag from /opt/airflow/dags/hn_pipeline_dag.py
[2026-05-15T09:25:58.709+0000] {processor.py:840} INFO - DAG(s) 'hn_pipeline' retrieved from /opt/airflow/dags/hn_pipeline_dag.py
[2026-05-15T09:25:58.728+0000] {logging_mixin.py:188} INFO - [2026-05-15T09:25:58.728+0000] {dag.py:3036} INFO - Sync 1 DAGs
[2026-05-15T09:25:58.741+0000] {logging_mixin.py:188} INFO - [2026-05-15T09:25:58.740+0000] {dag.py:3823} INFO - Setting next_dagrun for hn_pipeline to 2026-05-15 08:00:00+00:00, run_after=2026-05-15 09:00:00+00:00
[2026-05-15T09:25:58.749+0000] {processor.py:183} INFO - Processing /opt/airflow/dags/hn_pipeline_dag.py took 0.058 seconds
[2026-05-15T09:26:29.010+0000] {processor.py:161} INFO - Started process (PID=226) to work on /opt/airflow/dags/hn_pipeline_dag.py
[2026-05-15T09:26:29.011+0000] {processor.py:830} INFO - Processing file /opt/airflow/dags/hn_pipeline_dag.py for tasks to queue
[2026-05-15T09:26:29.011+0000] {logging_mixin.py:188} INFO - [2026-05-15T09:26:29.011+0000] {dagbag.py:538} INFO - Filling up the DagBag from /opt/airflow/dags/hn_pipeline_dag.py
[2026-05-15T09:26:29.024+0000] {processor.py:840} INFO - DAG(s) 'hn_pipeline' retrieved from /opt/airflow/dags/hn_pipeline_dag.py
[2026-05-15T09:26:29.052+0000] {logging_mixin.py:188} INFO - [2026-05-15T09:26:29.052+0000] {dag.py:3036} INFO - Sync 1 DAGs
[2026-05-15T09:26:29.063+0000] {logging_mixin.py:188} INFO - [2026-05-15T09:26:29.063+0000] {dag.py:3823} INFO - Setting next_dagrun for hn_pipeline to 2026-05-15 08:00:00+00:00, run_after=2026-05-15 09:00:00+00:00
[2026-05-15T09:26:29.071+0000] {processor.py:183} INFO - Processing /opt/airflow/dags/hn_pipeline_dag.py took 0.064 seconds
[2026-05-15T09:27:00.126+0000] {processor.py:161} INFO - Started process (PID=231) to work on /opt/airflow/dags/hn_pipeline_dag.py
[2026-05-15T09:27:00.311+0000] {processor.py:830} INFO - Processing file /opt/airflow/dags/hn_pipeline_dag.py for tasks to queue
[2026-05-15T09:27:00.317+0000] {logging_mixin.py:188} INFO - [2026-05-15T09:27:00.315+0000] {dagbag.py:538} INFO - Filling up the DagBag from /opt/airflow/dags/hn_pipeline_dag.py
[2026-05-15T09:27:00.338+0000] {processor.py:840} INFO - DAG(s) 'hn_pipeline' retrieved from /opt/airflow/dags/hn_pipeline_dag.py
[2026-05-15T09:27:00.377+0000] {logging_mixin.py:188} INFO - [2026-05-15T09:27:00.376+0000] {dag.py:3036} INFO - Sync 1 DAGs
[2026-05-15T09:27:00.390+0000] {logging_mixin.py:188} INFO - [2026-05-15T09:27:00.390+0000] {dag.py:3823} INFO - Setting next_dagrun for hn_pipeline to 2026-05-15 08:00:00+00:00, run_after=2026-05-15 09:00:00+00:00
[2026-05-15T09:27:00.397+0000] {processor.py:183} INFO - Processing /opt/airflow/dags/hn_pipeline_dag.py took 0.597 seconds
[2026-05-15T09:27:39.432+0000] {processor.py:161} INFO - Started process (PID=238) to work on /opt/airflow/dags/hn_pipeline_dag.py
[2026-05-15T09:27:39.478+0000] {processor.py:830} INFO - Processing file /opt/airflow/dags/hn_pipeline_dag.py for tasks to queue
[2026-05-15T09:27:39.605+0000] {logging_mixin.py:188} INFO - [2026-05-15T09:27:39.587+0000] {dagbag.py:538} INFO - Filling up the DagBag from /opt/airflow/dags/hn_pipeline_dag.py
[2026-05-15T09:27:47.318+0000] {processor.py:840} INFO - DAG(s) 'hn_pipeline' retrieved from /opt/airflow/dags/hn_pipeline_dag.py
[2026-05-15T09:27:50.383+0000] {logging_mixin.py:188} INFO - [2026-05-15T09:27:50.360+0000] {dag.py:3036} INFO - Sync 1 DAGs
[2026-05-15T09:27:59.024+0000] {logging_mixin.py:188} INFO - [2026-05-15T09:27:58.904+0000] {dag.py:3823} INFO - Setting next_dagrun for hn_pipeline to 2026-05-15 09:00:00+00:00, run_after=2026-05-15 10:00:00+00:00
[2026-05-15T09:28:01.805+0000] {processor.py:183} INFO - Processing /opt/airflow/dags/hn_pipeline_dag.py took 22.538 seconds
[2026-05-15T09:28:32.096+0000] {processor.py:161} INFO - Started process (PID=247) to work on /opt/airflow/dags/hn_pipeline_dag.py
[2026-05-15T09:28:32.099+0000] {processor.py:830} INFO - Processing file /opt/airflow/dags/hn_pipeline_dag.py for tasks to queue
[2026-05-15T09:28:32.100+0000] {logging_mixin.py:188} INFO - [2026-05-15T09:28:32.100+0000] {dagbag.py:538} INFO - Filling up the DagBag from /opt/airflow/dags/hn_pipeline_dag.py
[2026-05-15T09:28:32.122+0000] {processor.py:840} INFO - DAG(s) 'hn_pipeline' retrieved from /opt/airflow/dags/hn_pipeline_dag.py
[2026-05-15T09:28:32.139+0000] {logging_mixin.py:188} INFO - [2026-05-15T09:28:32.139+0000] {dag.py:3036} INFO - Sync 1 DAGs
[2026-05-15T09:28:32.158+0000] {logging_mixin.py:188} INFO - [2026-05-15T09:28:32.158+0000] {dag.py:3823} INFO - Setting next_dagrun for hn_pipeline to 2026-05-15 09:00:00+00:00, run_after=2026-05-15 10:00:00+00:00
[2026-05-15T09:28:32.165+0000] {processor.py:183} INFO - Processing /opt/airflow/dags/hn_pipeline_dag.py took 0.072 seconds
[2026-05-15T09:29:02.392+0000] {processor.py:161} INFO - Started process (PID=252) to work on /opt/airflow/dags/hn_pipeline_dag.py
[2026-05-15T09:29:02.393+0000] {processor.py:830} INFO - Processing file /opt/airflow/dags/hn_pipeline_dag.py for tasks to queue
[2026-05-15T09:29:02.394+0000] {logging_mixin.py:188} INFO - [2026-05-15T09:29:02.394+0000] {dagbag.py:538} INFO - Filling up the DagBag from /opt/airflow/dags/hn_pipeline_dag.py
[2026-05-15T09:29:02.408+0000] {processor.py:840} INFO - DAG(s) 'hn_pipeline' retrieved from /opt/airflow/dags/hn_pipeline_dag.py
[2026-05-15T09:29:02.428+0000] {logging_mixin.py:188} INFO - [2026-05-15T09:29:02.428+0000] {dag.py:3036} INFO - Sync 1 DAGs
[2026-05-15T09:29:02.440+0000] {logging_mixin.py:188} INFO - [2026-05-15T09:29:02.440+0000] {dag.py:3823} INFO - Setting next_dagrun for hn_pipeline to 2026-05-15 09:00:00+00:00, run_after=2026-05-15 10:00:00+00:00
[2026-05-15T09:29:02.447+0000] {processor.py:183} INFO - Processing /opt/airflow/dags/hn_pipeline_dag.py took 0.059 seconds
[2026-05-15T09:29:32.658+0000] {processor.py:161} INFO - Started process (PID=257) to work on /opt/airflow/dags/hn_pipeline_dag.py
[2026-05-15T09:29:32.659+0000] {processor.py:830} INFO - Processing file /opt/airflow/dags/hn_pipeline_dag.py for tasks to queue
[2026-05-15T09:29:32.660+0000] {logging_mixin.py:188} INFO - [2026-05-15T09:29:32.660+0000] {dagbag.py:538} INFO - Filling up the DagBag from /opt/airflow/dags/hn_pipeline_dag.py
[2026-05-15T09:29:32.669+0000] {processor.py:840} INFO - DAG(s) 'hn_pipeline' retrieved from /opt/airflow/dags/hn_pipeline_dag.py
[2026-05-15T09:29:32.688+0000] {logging_mixin.py:188} INFO - [2026-05-15T09:29:32.688+0000] {dag.py:3036} INFO - Sync 1 DAGs
[2026-05-15T09:29:32.701+0000] {logging_mixin.py:188} INFO - [2026-05-15T09:29:32.701+0000] {dag.py:3823} INFO - Setting next_dagrun for hn_pipeline to 2026-05-15 09:00:00+00:00, run_after=2026-05-15 10:00:00+00:00
[2026-05-15T09:29:32.711+0000] {processor.py:183} INFO - Processing /opt/airflow/dags/hn_pipeline_dag.py took 0.055 seconds
[2026-05-15T09:30:02.945+0000] {processor.py:161} INFO - Started process (PID=262) to work on /opt/airflow/dags/hn_pipeline_dag.py
[2026-05-15T09:30:02.946+0000] {processor.py:830} INFO - Processing file /opt/airflow/dags/hn_pipeline_dag.py for tasks to queue
[2026-05-15T09:30:02.947+0000] {logging_mixin.py:188} INFO - [2026-05-15T09:30:02.947+0000] {dagbag.py:538} INFO - Filling up the DagBag from /opt/airflow/dags/hn_pipeline_dag.py
[2026-05-15T09:30:02.962+0000] {processor.py:840} INFO - DAG(s) 'hn_pipeline' retrieved from /opt/airflow/dags/hn_pipeline_dag.py
[2026-05-15T09:30:02.987+0000] {logging_mixin.py:188} INFO - [2026-05-15T09:30:02.987+0000] {dag.py:3036} INFO - Sync 1 DAGs
[2026-05-15T09:30:03.000+0000] {logging_mixin.py:188} INFO - [2026-05-15T09:30:03.000+0000] {dag.py:3823} INFO - Setting next_dagrun for hn_pipeline to 2026-05-15 09:00:00+00:00, run_after=2026-05-15 10:00:00+00:00
[2026-05-15T09:30:03.010+0000] {processor.py:183} INFO - Processing /opt/airflow/dags/hn_pipeline_dag.py took 0.067 seconds
[2026-05-15T09:30:33.222+0000] {processor.py:161} INFO - Started process (PID=267) to work on /opt/airflow/dags/hn_pipeline_dag.py
[2026-05-15T09:30:33.223+0000] {processor.py:830} INFO - Processing file /opt/airflow/dags/hn_pipeline_dag.py for tasks to queue
[2026-05-15T09:30:33.224+0000] {logging_mixin.py:188} INFO - [2026-05-15T09:30:33.223+0000] {dagbag.py:538} INFO - Filling up the DagBag from /opt/airflow/dags/hn_pipeline_dag.py
[2026-05-15T09:30:33.234+0000] {processor.py:840} INFO - DAG(s) 'hn_pipeline' retrieved from /opt/airflow/dags/hn_pipeline_dag.py
[2026-05-15T09:30:33.252+0000] {logging_mixin.py:188} INFO - [2026-05-15T09:30:33.252+0000] {dag.py:3036} INFO - Sync 1 DAGs
[2026-05-15T09:30:33.263+0000] {logging_mixin.py:188} INFO - [2026-05-15T09:30:33.263+0000] {dag.py:3823} INFO - Setting next_dagrun for hn_pipeline to 2026-05-15 09:00:00+00:00, run_after=2026-05-15 10:00:00+00:00
[2026-05-15T09:30:33.270+0000] {processor.py:183} INFO - Processing /opt/airflow/dags/hn_pipeline_dag.py took 0.051 seconds
[2026-05-15T09:31:03.533+0000] {processor.py:161} INFO - Started process (PID=272) to work on /opt/airflow/dags/hn_pipeline_dag.py
[2026-05-15T09:31:03.534+0000] {processor.py:830} INFO - Processing file /opt/airflow/dags/hn_pipeline_dag.py for tasks to queue
[2026-05-15T09:31:03.535+0000] {logging_mixin.py:188} INFO - [2026-05-15T09:31:03.534+0000] {dagbag.py:538} INFO - Filling up the DagBag from /opt/airflow/dags/hn_pipeline_dag.py
[2026-05-15T09:31:03.544+0000] {processor.py:840} INFO - DAG(s) 'hn_pipeline' retrieved from /opt/airflow/dags/hn_pipeline_dag.py
[2026-05-15T09:31:03.559+0000] {logging_mixin.py:188} INFO - [2026-05-15T09:31:03.559+0000] {dag.py:3036} INFO - Sync 1 DAGs
[2026-05-15T09:31:03.570+0000] {logging_mixin.py:188} INFO - [2026-05-15T09:31:03.570+0000] {dag.py:3823} INFO - Setting next_dagrun for hn_pipeline to 2026-05-15 09:00:00+00:00, run_after=2026-05-15 10:00:00+00:00
[2026-05-15T09:31:03.579+0000] {processor.py:183} INFO - Processing /opt/airflow/dags/hn_pipeline_dag.py took 0.047 seconds
[2026-05-15T09:31:33.820+0000] {processor.py:161} INFO - Started process (PID=277) to work on /opt/airflow/dags/hn_pipeline_dag.py
[2026-05-15T09:31:33.821+0000] {processor.py:830} INFO - Processing file /opt/airflow/dags/hn_pipeline_dag.py for tasks to queue
[2026-05-15T09:31:33.822+0000] {logging_mixin.py:188} INFO - [2026-05-15T09:31:33.822+0000] {dagbag.py:538} INFO - Filling up the DagBag from /opt/airflow/dags/hn_pipeline_dag.py
[2026-05-15T09:31:33.835+0000] {processor.py:840} INFO - DAG(s) 'hn_pipeline' retrieved from /opt/airflow/dags/hn_pipeline_dag.py
[2026-05-15T09:31:33.853+0000] {logging_mixin.py:188} INFO - [2026-05-15T09:31:33.853+0000] {dag.py:3036} INFO - Sync 1 DAGs
[2026-05-15T09:31:33.864+0000] {logging_mixin.py:188} INFO - [2026-05-15T09:31:33.864+0000] {dag.py:3823} INFO - Setting next_dagrun for hn_pipeline to 2026-05-15 09:00:00+00:00, run_after=2026-05-15 10:00:00+00:00
[2026-05-15T09:31:33.872+0000] {processor.py:183} INFO - Processing /opt/airflow/dags/hn_pipeline_dag.py took 0.056 seconds
[2026-05-15T09:32:04.084+0000] {processor.py:161} INFO - Started process (PID=282) to work on /opt/airflow/dags/hn_pipeline_dag.py
[2026-05-15T09:32:04.085+0000] {processor.py:830} INFO - Processing file /opt/airflow/dags/hn_pipeline_dag.py for tasks to queue
[2026-05-15T09:32:04.086+0000] {logging_mixin.py:188} INFO - [2026-05-15T09:32:04.086+0000] {dagbag.py:538} INFO - Filling up the DagBag from /opt/airflow/dags/hn_pipeline_dag.py
[2026-05-15T09:32:04.097+0000] {processor.py:840} INFO - DAG(s) 'hn_pipeline' retrieved from /opt/airflow/dags/hn_pipeline_dag.py
[2026-05-15T09:32:04.113+0000] {logging_mixin.py:188} INFO - [2026-05-15T09:32:04.113+0000] {dag.py:3036} INFO - Sync 1 DAGs
[2026-05-15T09:32:04.123+0000] {logging_mixin.py:188} INFO - [2026-05-15T09:32:04.123+0000] {dag.py:3823} INFO - Setting next_dagrun for hn_pipeline to 2026-05-15 09:00:00+00:00, run_after=2026-05-15 10:00:00+00:00
[2026-05-15T09:32:04.132+0000] {processor.py:183} INFO - Processing /opt/airflow/dags/hn_pipeline_dag.py took 0.050 seconds
[2026-05-15T09:32:34.403+0000] {processor.py:161} INFO - Started process (PID=287) to work on /opt/airflow/dags/hn_pipeline_dag.py
[2026-05-15T09:32:34.404+0000] {processor.py:830} INFO - Processing file /opt/airflow/dags/hn_pipeline_dag.py for tasks to queue
[2026-05-15T09:32:34.405+0000] {logging_mixin.py:188} INFO - [2026-05-15T09:32:34.405+0000] {dagbag.py:538} INFO - Filling up the DagBag from /opt/airflow/dags/hn_pipeline_dag.py
[2026-05-15T09:32:34.421+0000] {processor.py:840} INFO - DAG(s) 'hn_pipeline' retrieved from /opt/airflow/dags/hn_pipeline_dag.py
[2026-05-15T09:32:34.440+0000] {logging_mixin.py:188} INFO - [2026-05-15T09:32:34.440+0000] {dag.py:3036} INFO - Sync 1 DAGs
[2026-05-15T09:32:34.452+0000] {logging_mixin.py:188} INFO - [2026-05-15T09:32:34.452+0000] {dag.py:3823} INFO - Setting next_dagrun for hn_pipeline to 2026-05-15 09:00:00+00:00, run_after=2026-05-15 10:00:00+00:00
[2026-05-15T09:32:34.459+0000] {processor.py:183} INFO - Processing /opt/airflow/dags/hn_pipeline_dag.py took 0.059 seconds
[2026-05-15T09:33:04.755+0000] {processor.py:161} INFO - Started process (PID=312) to work on /opt/airflow/dags/hn_pipeline_dag.py
[2026-05-15T09:33:04.757+0000] {processor.py:830} INFO - Processing file /opt/airflow/dags/hn_pipeline_dag.py for tasks to queue
[2026-05-15T09:33:04.758+0000] {logging_mixin.py:188} INFO - [2026-05-15T09:33:04.757+0000] {dagbag.py:538} INFO - Filling up the DagBag from /opt/airflow/dags/hn_pipeline_dag.py
[2026-05-15T09:33:04.773+0000] {processor.py:840} INFO - DAG(s) 'hn_pipeline' retrieved from /opt/airflow/dags/hn_pipeline_dag.py
[2026-05-15T09:33:04.796+0000] {logging_mixin.py:188} INFO - [2026-05-15T09:33:04.796+0000] {dag.py:3036} INFO - Sync 1 DAGs
[2026-05-15T09:33:04.808+0000] {logging_mixin.py:188} INFO - [2026-05-15T09:33:04.808+0000] {dag.py:3823} INFO - Setting next_dagrun for hn_pipeline to 2026-05-15 09:00:00+00:00, run_after=2026-05-15 10:00:00+00:00
[2026-05-15T09:33:04.816+0000] {processor.py:183} INFO - Processing /opt/airflow/dags/hn_pipeline_dag.py took 0.065 seconds
[2026-05-15T09:33:35.092+0000] {processor.py:161} INFO - Started process (PID=317) to work on /opt/airflow/dags/hn_pipeline_dag.py
[2026-05-15T09:33:35.093+0000] {processor.py:830} INFO - Processing file /opt/airflow/dags/hn_pipeline_dag.py for tasks to queue
[2026-05-15T09:33:35.093+0000] {logging_mixin.py:188} INFO - [2026-05-15T09:33:35.093+0000] {dagbag.py:538} INFO - Filling up the DagBag from /opt/airflow/dags/hn_pipeline_dag.py
[2026-05-15T09:33:35.105+0000] {processor.py:840} INFO - DAG(s) 'hn_pipeline' retrieved from /opt/airflow/dags/hn_pipeline_dag.py
[2026-05-15T09:33:35.121+0000] {logging_mixin.py:188} INFO - [2026-05-15T09:33:35.121+0000] {dag.py:3036} INFO - Sync 1 DAGs
[2026-05-15T09:33:35.132+0000] {logging_mixin.py:188} INFO - [2026-05-15T09:33:35.132+0000] {dag.py:3823} INFO - Setting next_dagrun for hn_pipeline to 2026-05-15 09:00:00+00:00, run_after=2026-05-15 10:00:00+00:00
[2026-05-15T09:33:35.139+0000] {processor.py:183} INFO - Processing /opt/airflow/dags/hn_pipeline_dag.py took 0.050 seconds
[2026-05-15T09:34:05.452+0000] {processor.py:161} INFO - Started process (PID=322) to work on /opt/airflow/dags/hn_pipeline_dag.py
[2026-05-15T09:34:05.454+0000] {processor.py:830} INFO - Processing file /opt/airflow/dags/hn_pipeline_dag.py for tasks to queue
[2026-05-15T09:34:05.455+0000] {logging_mixin.py:188} INFO - [2026-05-15T09:34:05.454+0000] {dagbag.py:538} INFO - Filling up the DagBag from /opt/airflow/dags/hn_pipeline_dag.py
[2026-05-15T09:34:05.471+0000] {processor.py:840} INFO - DAG(s) 'hn_pipeline' retrieved from /opt/airflow/dags/hn_pipeline_dag.py
[2026-05-15T09:34:05.492+0000] {logging_mixin.py:188} INFO - [2026-05-15T09:34:05.492+0000] {dag.py:3036} INFO - Sync 1 DAGs
[2026-05-15T09:34:05.504+0000] {logging_mixin.py:188} INFO - [2026-05-15T09:34:05.504+0000] {dag.py:3823} INFO - Setting next_dagrun for hn_pipeline to 2026-05-15 09:00:00+00:00, run_after=2026-05-15 10:00:00+00:00
[2026-05-15T09:34:05.512+0000] {processor.py:183} INFO - Processing /opt/airflow/dags/hn_pipeline_dag.py took 0.064 seconds
[2026-05-15T09:34:35.798+0000] {processor.py:161} INFO - Started process (PID=327) to work on /opt/airflow/dags/hn_pipeline_dag.py
[2026-05-15T09:34:35.799+0000] {processor.py:830} INFO - Processing file /opt/airflow/dags/hn_pipeline_dag.py for tasks to queue
[2026-05-15T09:34:35.800+0000] {logging_mixin.py:188} INFO - [2026-05-15T09:34:35.800+0000] {dagbag.py:538} INFO - Filling up the DagBag from /opt/airflow/dags/hn_pipeline_dag.py
[2026-05-15T09:34:35.816+0000] {processor.py:840} INFO - DAG(s) 'hn_pipeline' retrieved from /opt/airflow/dags/hn_pipeline_dag.py
[2026-05-15T09:34:35.836+0000] {logging_mixin.py:188} INFO - [2026-05-15T09:34:35.835+0000] {dag.py:3036} INFO - Sync 1 DAGs
[2026-05-15T09:34:35.847+0000] {logging_mixin.py:188} INFO - [2026-05-15T09:34:35.847+0000] {dag.py:3823} INFO - Setting next_dagrun for hn_pipeline to 2026-05-15 09:00:00+00:00, run_after=2026-05-15 10:00:00+00:00
[2026-05-15T09:34:35.855+0000] {processor.py:183} INFO - Processing /opt/airflow/dags/hn_pipeline_dag.py took 0.061 seconds
[2026-05-15T09:35:06.140+0000] {processor.py:161} INFO - Started process (PID=332) to work on /opt/airflow/dags/hn_pipeline_dag.py
[2026-05-15T09:35:06.142+0000] {processor.py:830} INFO - Processing file /opt/airflow/dags/hn_pipeline_dag.py for tasks to queue
[2026-05-15T09:35:06.142+0000] {logging_mixin.py:188} INFO - [2026-05-15T09:35:06.142+0000] {dagbag.py:538} INFO - Filling up the DagBag from /opt/airflow/dags/hn_pipeline_dag.py
[2026-05-15T09:35:06.155+0000] {processor.py:840} INFO - DAG(s) 'hn_pipeline' retrieved from /opt/airflow/dags/hn_pipeline_dag.py
[2026-05-15T09:35:06.173+0000] {logging_mixin.py:188} INFO - [2026-05-15T09:35:06.173+0000] {dag.py:3036} INFO - Sync 1 DAGs
[2026-05-15T09:35:06.185+0000] {logging_mixin.py:188} INFO - [2026-05-15T09:35:06.184+0000] {dag.py:3823} INFO - Setting next_dagrun for hn_pipeline to 2026-05-15 09:00:00+00:00, run_after=2026-05-15 10:00:00+00:00
[2026-05-15T09:35:06.192+0000] {processor.py:183} INFO - Processing /opt/airflow/dags/hn_pipeline_dag.py took 0.055 seconds
[2026-05-15T09:35:36.449+0000] {processor.py:161} INFO - Started process (PID=337) to work on /opt/airflow/dags/hn_pipeline_dag.py
[2026-05-15T09:35:36.450+0000] {processor.py:830} INFO - Processing file /opt/airflow/dags/hn_pipeline_dag.py for tasks to queue
[2026-05-15T09:35:36.451+0000] {logging_mixin.py:188} INFO - [2026-05-15T09:35:36.450+0000] {dagbag.py:538} INFO - Filling up the DagBag from /opt/airflow/dags/hn_pipeline_dag.py
[2026-05-15T09:35:36.463+0000] {processor.py:840} INFO - DAG(s) 'hn_pipeline' retrieved from /opt/airflow/dags/hn_pipeline_dag.py
[2026-05-15T09:35:36.483+0000] {logging_mixin.py:188} INFO - [2026-05-15T09:35:36.483+0000] {dag.py:3036} INFO - Sync 1 DAGs
[2026-05-15T09:35:36.494+0000] {logging_mixin.py:188} INFO - [2026-05-15T09:35:36.494+0000] {dag.py:3823} INFO - Setting next_dagrun for hn_pipeline to 2026-05-15 09:00:00+00:00, run_after=2026-05-15 10:00:00+00:00
[2026-05-15T09:35:36.501+0000] {processor.py:183} INFO - Processing /opt/airflow/dags/hn_pipeline_dag.py took 0.056 seconds
[2026-05-15T09:36:06.738+0000] {processor.py:161} INFO - Started process (PID=342) to work on /opt/airflow/dags/hn_pipeline_dag.py
[2026-05-15T09:36:06.739+0000] {processor.py:830} INFO - Processing file /opt/airflow/dags/hn_pipeline_dag.py for tasks to queue
[2026-05-15T09:36:06.740+0000] {logging_mixin.py:188} INFO - [2026-05-15T09:36:06.740+0000] {dagbag.py:538} INFO - Filling up the DagBag from /opt/airflow/dags/hn_pipeline_dag.py
[2026-05-15T09:36:06.752+0000] {processor.py:840} INFO - DAG(s) 'hn_pipeline' retrieved from /opt/airflow/dags/hn_pipeline_dag.py
[2026-05-15T09:36:06.767+0000] {logging_mixin.py:188} INFO - [2026-05-15T09:36:06.767+0000] {dag.py:3036} INFO - Sync 1 DAGs
[2026-05-15T09:36:06.778+0000] {logging_mixin.py:188} INFO - [2026-05-15T09:36:06.778+0000] {dag.py:3823} INFO - Setting next_dagrun for hn_pipeline to 2026-05-15 09:00:00+00:00, run_after=2026-05-15 10:00:00+00:00
[2026-05-15T09:36:06.786+0000] {processor.py:183} INFO - Processing /opt/airflow/dags/hn_pipeline_dag.py took 0.050 seconds
[2026-05-15T09:36:37.042+0000] {processor.py:161} INFO - Started process (PID=347) to work on /opt/airflow/dags/hn_pipeline_dag.py
[2026-05-15T09:36:37.043+0000] {processor.py:830} INFO - Processing file /opt/airflow/dags/hn_pipeline_dag.py for tasks to queue
[2026-05-15T09:36:37.044+0000] {logging_mixin.py:188} INFO - [2026-05-15T09:36:37.044+0000] {dagbag.py:538} INFO - Filling up the DagBag from /opt/airflow/dags/hn_pipeline_dag.py
[2026-05-15T09:36:37.061+0000] {processor.py:840} INFO - DAG(s) 'hn_pipeline' retrieved from /opt/airflow/dags/hn_pipeline_dag.py
[2026-05-15T09:36:37.081+0000] {logging_mixin.py:188} INFO - [2026-05-15T09:36:37.081+0000] {dag.py:3036} INFO - Sync 1 DAGs
[2026-05-15T09:36:37.092+0000] {logging_mixin.py:188} INFO - [2026-05-15T09:36:37.092+0000] {dag.py:3823} INFO - Setting next_dagrun for hn_pipeline to 2026-05-15 09:00:00+00:00, run_after=2026-05-15 10:00:00+00:00
[2026-05-15T09:36:37.099+0000] {processor.py:183} INFO - Processing /opt/airflow/dags/hn_pipeline_dag.py took 0.061 seconds
[2026-05-15T09:37:07.381+0000] {processor.py:161} INFO - Started process (PID=352) to work on /opt/airflow/dags/hn_pipeline_dag.py
[2026-05-15T09:37:07.382+0000] {processor.py:830} INFO - Processing file /opt/airflow/dags/hn_pipeline_dag.py for tasks to queue
[2026-05-15T09:37:07.383+0000] {logging_mixin.py:188} INFO - [2026-05-15T09:37:07.383+0000] {dagbag.py:538} INFO - Filling up the DagBag from /opt/airflow/dags/hn_pipeline_dag.py
[2026-05-15T09:37:07.400+0000] {processor.py:840} INFO - DAG(s) 'hn_pipeline' retrieved from /opt/airflow/dags/hn_pipeline_dag.py
[2026-05-15T09:37:07.419+0000] {logging_mixin.py:188} INFO - [2026-05-15T09:37:07.419+0000] {dag.py:3036} INFO - Sync 1 DAGs
[2026-05-15T09:37:07.432+0000] {logging_mixin.py:188} INFO - [2026-05-15T09:37:07.432+0000] {dag.py:3823} INFO - Setting next_dagrun for hn_pipeline to 2026-05-15 09:00:00+00:00, run_after=2026-05-15 10:00:00+00:00
[2026-05-15T09:37:07.439+0000] {processor.py:183} INFO - Processing /opt/airflow/dags/hn_pipeline_dag.py took 0.062 seconds
[2026-05-15T09:37:37.717+0000] {processor.py:161} INFO - Started process (PID=357) to work on /opt/airflow/dags/hn_pipeline_dag.py
[2026-05-15T09:37:37.719+0000] {processor.py:830} INFO - Processing file /opt/airflow/dags/hn_pipeline_dag.py for tasks to queue
[2026-05-15T09:37:37.719+0000] {logging_mixin.py:188} INFO - [2026-05-15T09:37:37.719+0000] {dagbag.py:538} INFO - Filling up the DagBag from /opt/airflow/dags/hn_pipeline_dag.py
[2026-05-15T09:37:37.731+0000] {processor.py:840} INFO - DAG(s) 'hn_pipeline' retrieved from /opt/airflow/dags/hn_pipeline_dag.py
[2026-05-15T09:37:37.746+0000] {logging_mixin.py:188} INFO - [2026-05-15T09:37:37.746+0000] {dag.py:3036} INFO - Sync 1 DAGs
[2026-05-15T09:37:37.757+0000] {logging_mixin.py:188} INFO - [2026-05-15T09:37:37.757+0000] {dag.py:3823} INFO - Setting next_dagrun for hn_pipeline to 2026-05-15 09:00:00+00:00, run_after=2026-05-15 10:00:00+00:00
[2026-05-15T09:37:37.764+0000] {processor.py:183} INFO - Processing /opt/airflow/dags/hn_pipeline_dag.py took 0.050 seconds
[2026-05-15T09:38:08.037+0000] {processor.py:161} INFO - Started process (PID=362) to work on /opt/airflow/dags/hn_pipeline_dag.py
[2026-05-15T09:38:08.038+0000] {processor.py:830} INFO - Processing file /opt/airflow/dags/hn_pipeline_dag.py for tasks to queue
[2026-05-15T09:38:08.038+0000] {logging_mixin.py:188} INFO - [2026-05-15T09:38:08.038+0000] {dagbag.py:538} INFO - Filling up the DagBag from /opt/airflow/dags/hn_pipeline_dag.py
[2026-05-15T09:38:08.047+0000] {processor.py:840} INFO - DAG(s) 'hn_pipeline' retrieved from /opt/airflow/dags/hn_pipeline_dag.py
[2026-05-15T09:38:08.063+0000] {logging_mixin.py:188} INFO - [2026-05-15T09:38:08.063+0000] {dag.py:3036} INFO - Sync 1 DAGs
[2026-05-15T09:38:08.076+0000] {logging_mixin.py:188} INFO - [2026-05-15T09:38:08.076+0000] {dag.py:3823} INFO - Setting next_dagrun for hn_pipeline to 2026-05-15 09:00:00+00:00, run_after=2026-05-15 10:00:00+00:00
[2026-05-15T09:38:08.084+0000] {processor.py:183} INFO - Processing /opt/airflow/dags/hn_pipeline_dag.py took 0.048 seconds
[2026-05-15T09:38:38.355+0000] {processor.py:161} INFO - Started process (PID=367) to work on /opt/airflow/dags/hn_pipeline_dag.py
[2026-05-15T09:38:38.356+0000] {processor.py:830} INFO - Processing file /opt/airflow/dags/hn_pipeline_dag.py for tasks to queue
[2026-05-15T09:38:38.357+0000] {logging_mixin.py:188} INFO - [2026-05-15T09:38:38.357+0000] {dagbag.py:538} INFO - Filling up the DagBag from /opt/airflow/dags/hn_pipeline_dag.py
[2026-05-15T09:38:38.370+0000] {processor.py:840} INFO - DAG(s) 'hn_pipeline' retrieved from /opt/airflow/dags/hn_pipeline_dag.py
[2026-05-15T09:38:38.388+0000] {logging_mixin.py:188} INFO - [2026-05-15T09:38:38.388+0000] {dag.py:3036} INFO - Sync 1 DAGs
[2026-05-15T09:38:38.399+0000] {logging_mixin.py:188} INFO - [2026-05-15T09:38:38.399+0000] {dag.py:3823} INFO - Setting next_dagrun for hn_pipeline to 2026-05-15 09:00:00+00:00, run_after=2026-05-15 10:00:00+00:00
[2026-05-15T09:38:38.406+0000] {processor.py:183} INFO - Processing /opt/airflow/dags/hn_pipeline_dag.py took 0.054 seconds
[2026-05-15T09:39:08.650+0000] {processor.py:161} INFO - Started process (PID=372) to work on /opt/airflow/dags/hn_pipeline_dag.py
[2026-05-15T09:39:08.651+0000] {processor.py:830} INFO - Processing file /opt/airflow/dags/hn_pipeline_dag.py for tasks to queue
[2026-05-15T09:39:08.652+0000] {logging_mixin.py:188} INFO - [2026-05-15T09:39:08.651+0000] {dagbag.py:538} INFO - Filling up the DagBag from /opt/airflow/dags/hn_pipeline_dag.py
[2026-05-15T09:39:08.665+0000] {processor.py:840} INFO - DAG(s) 'hn_pipeline' retrieved from /opt/airflow/dags/hn_pipeline_dag.py
[2026-05-15T09:39:08.682+0000] {logging_mixin.py:188} INFO - [2026-05-15T09:39:08.682+0000] {dag.py:3036} INFO - Sync 1 DAGs
[2026-05-15T09:39:08.693+0000] {logging_mixin.py:188} INFO - [2026-05-15T09:39:08.693+0000] {dag.py:3823} INFO - Setting next_dagrun for hn_pipeline to 2026-05-15 09:00:00+00:00, run_after=2026-05-15 10:00:00+00:00
[2026-05-15T09:39:08.701+0000] {processor.py:183} INFO - Processing /opt/airflow/dags/hn_pipeline_dag.py took 0.054 seconds
[2026-05-15T09:39:38.912+0000] {processor.py:161} INFO - Started process (PID=377) to work on /opt/airflow/dags/hn_pipeline_dag.py
[2026-05-15T09:39:38.913+0000] {processor.py:830} INFO - Processing file /opt/airflow/dags/hn_pipeline_dag.py for tasks to queue
[2026-05-15T09:39:38.914+0000] {logging_mixin.py:188} INFO - [2026-05-15T09:39:38.913+0000] {dagbag.py:538} INFO - Filling up the DagBag from /opt/airflow/dags/hn_pipeline_dag.py
[2026-05-15T09:39:38.925+0000] {processor.py:840} INFO - DAG(s) 'hn_pipeline' retrieved from /opt/airflow/dags/hn_pipeline_dag.py
[2026-05-15T09:39:38.942+0000] {logging_mixin.py:188} INFO - [2026-05-15T09:39:38.941+0000] {dag.py:3036} INFO - Sync 1 DAGs
[2026-05-15T09:39:38.953+0000] {logging_mixin.py:188} INFO - [2026-05-15T09:39:38.953+0000] {dag.py:3823} INFO - Setting next_dagrun for hn_pipeline to 2026-05-15 09:00:00+00:00, run_after=2026-05-15 10:00:00+00:00
[2026-05-15T09:39:38.961+0000] {processor.py:183} INFO - Processing /opt/airflow/dags/hn_pipeline_dag.py took 0.051 seconds
[2026-05-15T09:40:09.256+0000] {processor.py:161} INFO - Started process (PID=382) to work on /opt/airflow/dags/hn_pipeline_dag.py
[2026-05-15T09:40:09.257+0000] {processor.py:830} INFO - Processing file /opt/airflow/dags/hn_pipeline_dag.py for tasks to queue
[2026-05-15T09:40:09.258+0000] {logging_mixin.py:188} INFO - [2026-05-15T09:40:09.257+0000] {dagbag.py:538} INFO - Filling up the DagBag from /opt/airflow/dags/hn_pipeline_dag.py
[2026-05-15T09:40:09.270+0000] {processor.py:840} INFO - DAG(s) 'hn_pipeline' retrieved from /opt/airflow/dags/hn_pipeline_dag.py
[2026-05-15T09:40:09.289+0000] {logging_mixin.py:188} INFO - [2026-05-15T09:40:09.289+0000] {dag.py:3036} INFO - Sync 1 DAGs
[2026-05-15T09:40:09.301+0000] {logging_mixin.py:188} INFO - [2026-05-15T09:40:09.301+0000] {dag.py:3823} INFO - Setting next_dagrun for hn_pipeline to 2026-05-15 09:00:00+00:00, run_after=2026-05-15 10:00:00+00:00
[2026-05-15T09:40:09.309+0000] {processor.py:183} INFO - Processing /opt/airflow/dags/hn_pipeline_dag.py took 0.057 seconds
[2026-05-15T09:40:39.556+0000] {processor.py:161} INFO - Started process (PID=387) to work on /opt/airflow/dags/hn_pipeline_dag.py
[2026-05-15T09:40:39.557+0000] {processor.py:830} INFO - Processing file /opt/airflow/dags/hn_pipeline_dag.py for tasks to queue
[2026-05-15T09:40:39.558+0000] {logging_mixin.py:188} INFO - [2026-05-15T09:40:39.557+0000] {dagbag.py:538} INFO - Filling up the DagBag from /opt/airflow/dags/hn_pipeline_dag.py
[2026-05-15T09:40:39.571+0000] {processor.py:840} INFO - DAG(s) 'hn_pipeline' retrieved from /opt/airflow/dags/hn_pipeline_dag.py
[2026-05-15T09:40:39.588+0000] {logging_mixin.py:188} INFO - [2026-05-15T09:40:39.588+0000] {dag.py:3036} INFO - Sync 1 DAGs
[2026-05-15T09:40:39.599+0000] {logging_mixin.py:188} INFO - [2026-05-15T09:40:39.599+0000] {dag.py:3823} INFO - Setting next_dagrun for hn_pipeline to 2026-05-15 09:00:00+00:00, run_after=2026-05-15 10:00:00+00:00
[2026-05-15T09:40:39.606+0000] {processor.py:183} INFO - Processing /opt/airflow/dags/hn_pipeline_dag.py took 0.053 seconds
[2026-05-15T09:41:09.868+0000] {processor.py:161} INFO - Started process (PID=392) to work on /opt/airflow/dags/hn_pipeline_dag.py
[2026-05-15T09:41:09.869+0000] {processor.py:830} INFO - Processing file /opt/airflow/dags/hn_pipeline_dag.py for tasks to queue
[2026-05-15T09:41:09.870+0000] {logging_mixin.py:188} INFO - [2026-05-15T09:41:09.870+0000] {dagbag.py:538} INFO - Filling up the DagBag from /opt/airflow/dags/hn_pipeline_dag.py
[2026-05-15T09:41:09.886+0000] {processor.py:840} INFO - DAG(s) 'hn_pipeline' retrieved from /opt/airflow/dags/hn_pipeline_dag.py
[2026-05-15T09:41:09.906+0000] {logging_mixin.py:188} INFO - [2026-05-15T09:41:09.906+0000] {dag.py:3036} INFO - Sync 1 DAGs
[2026-05-15T09:41:09.917+0000] {logging_mixin.py:188} INFO - [2026-05-15T09:41:09.917+0000] {dag.py:3823} INFO - Setting next_dagrun for hn_pipeline to 2026-05-15 09:00:00+00:00, run_after=2026-05-15 10:00:00+00:00
[2026-05-15T09:41:09.924+0000] {processor.py:183} INFO - Processing /opt/airflow/dags/hn_pipeline_dag.py took 0.060 seconds
[2026-05-15T09:41:40.189+0000] {processor.py:161} INFO - Started process (PID=397) to work on /opt/airflow/dags/hn_pipeline_dag.py
[2026-05-15T09:41:40.191+0000] {processor.py:830} INFO - Processing file /opt/airflow/dags/hn_pipeline_dag.py for tasks to queue
[2026-05-15T09:41:40.191+0000] {logging_mixin.py:188} INFO - [2026-05-15T09:41:40.191+0000] {dagbag.py:538} INFO - Filling up the DagBag from /opt/airflow/dags/hn_pipeline_dag.py
[2026-05-15T09:41:40.198+0000] {processor.py:840} INFO - DAG(s) 'hn_pipeline' retrieved from /opt/airflow/dags/hn_pipeline_dag.py
[2026-05-15T09:41:40.214+0000] {logging_mixin.py:188} INFO - [2026-05-15T09:41:40.213+0000] {dag.py:3036} INFO - Sync 1 DAGs
[2026-05-15T09:41:40.224+0000] {logging_mixin.py:188} INFO - [2026-05-15T09:41:40.224+0000] {dag.py:3823} INFO - Setting next_dagrun for hn_pipeline to 2026-05-15 09:00:00+00:00, run_after=2026-05-15 10:00:00+00:00
[2026-05-15T09:41:40.232+0000] {processor.py:183} INFO - Processing /opt/airflow/dags/hn_pipeline_dag.py took 0.045 seconds
[2026-05-15T09:42:10.525+0000] {processor.py:161} INFO - Started process (PID=402) to work on /opt/airflow/dags/hn_pipeline_dag.py
[2026-05-15T09:42:10.527+0000] {processor.py:830} INFO - Processing file /opt/airflow/dags/hn_pipeline_dag.py for tasks to queue
[2026-05-15T09:42:10.528+0000] {logging_mixin.py:188} INFO - [2026-05-15T09:42:10.527+0000] {dagbag.py:538} INFO - Filling up the DagBag from /opt/airflow/dags/hn_pipeline_dag.py
[2026-05-15T09:42:10.542+0000] {processor.py:840} INFO - DAG(s) 'hn_pipeline' retrieved from /opt/airflow/dags/hn_pipeline_dag.py
[2026-05-15T09:42:10.564+0000] {logging_mixin.py:188} INFO - [2026-05-15T09:42:10.563+0000] {dag.py:3036} INFO - Sync 1 DAGs
[2026-05-15T09:42:10.575+0000] {logging_mixin.py:188} INFO - [2026-05-15T09:42:10.575+0000] {dag.py:3823} INFO - Setting next_dagrun for hn_pipeline to 2026-05-15 09:00:00+00:00, run_after=2026-05-15 10:00:00+00:00
[2026-05-15T09:42:10.583+0000] {processor.py:183} INFO - Processing /opt/airflow/dags/hn_pipeline_dag.py took 0.062 seconds
[2026-05-15T09:42:40.791+0000] {processor.py:161} INFO - Started process (PID=407) to work on /opt/airflow/dags/hn_pipeline_dag.py
[2026-05-15T09:42:40.792+0000] {processor.py:830} INFO - Processing file /opt/airflow/dags/hn_pipeline_dag.py for tasks to queue
[2026-05-15T09:42:40.793+0000] {logging_mixin.py:188} INFO - [2026-05-15T09:42:40.793+0000] {dagbag.py:538} INFO - Filling up the DagBag from /opt/airflow/dags/hn_pipeline_dag.py
[2026-05-15T09:42:40.805+0000] {processor.py:840} INFO - DAG(s) 'hn_pipeline' retrieved from /opt/airflow/dags/hn_pipeline_dag.py
[2026-05-15T09:42:40.822+0000] {logging_mixin.py:188} INFO - [2026-05-15T09:42:40.822+0000] {dag.py:3036} INFO - Sync 1 DAGs
[2026-05-15T09:42:40.833+0000] {logging_mixin.py:188} INFO - [2026-05-15T09:42:40.832+0000] {dag.py:3823} INFO - Setting next_dagrun for hn_pipeline to 2026-05-15 09:00:00+00:00, run_after=2026-05-15 10:00:00+00:00
[2026-05-15T09:42:40.840+0000] {processor.py:183} INFO - Processing /opt/airflow/dags/hn_pipeline_dag.py took 0.052 seconds
[2026-05-15T09:43:11.105+0000] {processor.py:161} INFO - Started process (PID=412) to work on /opt/airflow/dags/hn_pipeline_dag.py
[2026-05-15T09:43:11.106+0000] {processor.py:830} INFO - Processing file /opt/airflow/dags/hn_pipeline_dag.py for tasks to queue
[2026-05-15T09:43:11.107+0000] {logging_mixin.py:188} INFO - [2026-05-15T09:43:11.106+0000] {dagbag.py:538} INFO - Filling up the DagBag from /opt/airflow/dags/hn_pipeline_dag.py
[2026-05-15T09:43:11.120+0000] {processor.py:840} INFO - DAG(s) 'hn_pipeline' retrieved from /opt/airflow/dags/hn_pipeline_dag.py
[2026-05-15T09:43:11.138+0000] {logging_mixin.py:188} INFO - [2026-05-15T09:43:11.138+0000] {dag.py:3036} INFO - Sync 1 DAGs
[2026-05-15T09:43:11.150+0000] {logging_mixin.py:188} INFO - [2026-05-15T09:43:11.150+0000] {dag.py:3823} INFO - Setting next_dagrun for hn_pipeline to 2026-05-15 09:00:00+00:00, run_after=2026-05-15 10:00:00+00:00
[2026-05-15T09:43:11.157+0000] {processor.py:183} INFO - Processing /opt/airflow/dags/hn_pipeline_dag.py took 0.056 seconds
[2026-05-15T09:43:41.392+0000] {processor.py:161} INFO - Started process (PID=417) to work on /opt/airflow/dags/hn_pipeline_dag.py
[2026-05-15T09:43:41.393+0000] {processor.py:830} INFO - Processing file /opt/airflow/dags/hn_pipeline_dag.py for tasks to queue
[2026-05-15T09:43:41.394+0000] {logging_mixin.py:188} INFO - [2026-05-15T09:43:41.393+0000] {dagbag.py:538} INFO - Filling up the DagBag from /opt/airflow/dags/hn_pipeline_dag.py
[2026-05-15T09:43:41.405+0000] {processor.py:840} INFO - DAG(s) 'hn_pipeline' retrieved from /opt/airflow/dags/hn_pipeline_dag.py
[2026-05-15T09:43:41.420+0000] {logging_mixin.py:188} INFO - [2026-05-15T09:43:41.420+0000] {dag.py:3036} INFO - Sync 1 DAGs
[2026-05-15T09:43:41.431+0000] {logging_mixin.py:188} INFO - [2026-05-15T09:43:41.431+0000] {dag.py:3823} INFO - Setting next_dagrun for hn_pipeline to 2026-05-15 09:00:00+00:00, run_after=2026-05-15 10:00:00+00:00
[2026-05-15T09:43:41.438+0000] {processor.py:183} INFO - Processing /opt/airflow/dags/hn_pipeline_dag.py took 0.049 seconds
[2026-05-15T09:44:11.687+0000] {processor.py:161} INFO - Started process (PID=422) to work on /opt/airflow/dags/hn_pipeline_dag.py
[2026-05-15T09:44:11.688+0000] {processor.py:830} INFO - Processing file /opt/airflow/dags/hn_pipeline_dag.py for tasks to queue
[2026-05-15T09:44:11.689+0000] {logging_mixin.py:188} INFO - [2026-05-15T09:44:11.689+0000] {dagbag.py:538} INFO - Filling up the DagBag from /opt/airflow/dags/hn_pipeline_dag.py
[2026-05-15T09:44:11.705+0000] {processor.py:840} INFO - DAG(s) 'hn_pipeline' retrieved from /opt/airflow/dags/hn_pipeline_dag.py
[2026-05-15T09:44:11.726+0000] {logging_mixin.py:188} INFO - [2026-05-15T09:44:11.726+0000] {dag.py:3036} INFO - Sync 1 DAGs
[2026-05-15T09:44:11.738+0000] {logging_mixin.py:188} INFO - [2026-05-15T09:44:11.738+0000] {dag.py:3823} INFO - Setting next_dagrun for hn_pipeline to 2026-05-15 09:00:00+00:00, run_after=2026-05-15 10:00:00+00:00
[2026-05-15T09:44:11.746+0000] {processor.py:183} INFO - Processing /opt/airflow/dags/hn_pipeline_dag.py took 0.063 seconds
[2026-05-15T09:44:41.981+0000] {processor.py:161} INFO - Started process (PID=427) to work on /opt/airflow/dags/hn_pipeline_dag.py
[2026-05-15T09:44:41.982+0000] {processor.py:830} INFO - Processing file /opt/airflow/dags/hn_pipeline_dag.py for tasks to queue
[2026-05-15T09:44:41.983+0000] {logging_mixin.py:188} INFO - [2026-05-15T09:44:41.983+0000] {dagbag.py:538} INFO - Filling up the DagBag from /opt/airflow/dags/hn_pipeline_dag.py
[2026-05-15T09:44:42.000+0000] {processor.py:840} INFO - DAG(s) 'hn_pipeline' retrieved from /opt/airflow/dags/hn_pipeline_dag.py
[2026-05-15T09:44:42.020+0000] {logging_mixin.py:188} INFO - [2026-05-15T09:44:42.020+0000] {dag.py:3036} INFO - Sync 1 DAGs
[2026-05-15T09:44:42.031+0000] {logging_mixin.py:188} INFO - [2026-05-15T09:44:42.031+0000] {dag.py:3823} INFO - Setting next_dagrun for hn_pipeline to 2026-05-15 09:00:00+00:00, run_after=2026-05-15 10:00:00+00:00
[2026-05-15T09:44:42.038+0000] {processor.py:183} INFO - Processing /opt/airflow/dags/hn_pipeline_dag.py took 0.060 seconds
[2026-05-15T09:45:12.305+0000] {processor.py:161} INFO - Started process (PID=432) to work on /opt/airflow/dags/hn_pipeline_dag.py
[2026-05-15T09:45:12.305+0000] {processor.py:830} INFO - Processing file /opt/airflow/dags/hn_pipeline_dag.py for tasks to queue
[2026-05-15T09:45:12.306+0000] {logging_mixin.py:188} INFO - [2026-05-15T09:45:12.306+0000] {dagbag.py:538} INFO - Filling up the DagBag from /opt/airflow/dags/hn_pipeline_dag.py
[2026-05-15T09:45:12.315+0000] {processor.py:840} INFO - DAG(s) 'hn_pipeline' retrieved from /opt/airflow/dags/hn_pipeline_dag.py
[2026-05-15T09:45:12.331+0000] {logging_mixin.py:188} INFO - [2026-05-15T09:45:12.331+0000] {dag.py:3036} INFO - Sync 1 DAGs
[2026-05-15T09:45:12.342+0000] {logging_mixin.py:188} INFO - [2026-05-15T09:45:12.341+0000] {dag.py:3823} INFO - Setting next_dagrun for hn_pipeline to 2026-05-15 09:00:00+00:00, run_after=2026-05-15 10:00:00+00:00
[2026-05-15T09:45:12.349+0000] {processor.py:183} INFO - Processing /opt/airflow/dags/hn_pipeline_dag.py took 0.047 seconds
[2026-05-15T09:45:42.581+0000] {processor.py:161} INFO - Started process (PID=437) to work on /opt/airflow/dags/hn_pipeline_dag.py
[2026-05-15T09:45:42.582+0000] {processor.py:830} INFO - Processing file /opt/airflow/dags/hn_pipeline_dag.py for tasks to queue
[2026-05-15T09:45:42.583+0000] {logging_mixin.py:188} INFO - [2026-05-15T09:45:42.583+0000] {dagbag.py:538} INFO - Filling up the DagBag from /opt/airflow/dags/hn_pipeline_dag.py
[2026-05-15T09:45:42.597+0000] {processor.py:840} INFO - DAG(s) 'hn_pipeline' retrieved from /opt/airflow/dags/hn_pipeline_dag.py
[2026-05-15T09:45:42.618+0000] {logging_mixin.py:188} INFO - [2026-05-15T09:45:42.617+0000] {dag.py:3036} INFO - Sync 1 DAGs
[2026-05-15T09:45:42.631+0000] {logging_mixin.py:188} INFO - [2026-05-15T09:45:42.631+0000] {dag.py:3823} INFO - Setting next_dagrun for hn_pipeline to 2026-05-15 09:00:00+00:00, run_after=2026-05-15 10:00:00+00:00
[2026-05-15T09:45:42.641+0000] {processor.py:183} INFO - Processing /opt/airflow/dags/hn_pipeline_dag.py took 0.065 seconds
[2026-05-15T09:46:12.839+0000] {processor.py:161} INFO - Started process (PID=442) to work on /opt/airflow/dags/hn_pipeline_dag.py
[2026-05-15T09:46:12.840+0000] {processor.py:830} INFO - Processing file /opt/airflow/dags/hn_pipeline_dag.py for tasks to queue
[2026-05-15T09:46:12.841+0000] {logging_mixin.py:188} INFO - [2026-05-15T09:46:12.840+0000] {dagbag.py:538} INFO - Filling up the DagBag from /opt/airflow/dags/hn_pipeline_dag.py
[2026-05-15T09:46:12.853+0000] {processor.py:840} INFO - DAG(s) 'hn_pipeline' retrieved from /opt/airflow/dags/hn_pipeline_dag.py
[2026-05-15T09:46:12.874+0000] {logging_mixin.py:188} INFO - [2026-05-15T09:46:12.874+0000] {dag.py:3036} INFO - Sync 1 DAGs
[2026-05-15T09:46:12.887+0000] {logging_mixin.py:188} INFO - [2026-05-15T09:46:12.887+0000] {dag.py:3823} INFO - Setting next_dagrun for hn_pipeline to 2026-05-15 09:00:00+00:00, run_after=2026-05-15 10:00:00+00:00
[2026-05-15T09:46:12.896+0000] {processor.py:183} INFO - Processing /opt/airflow/dags/hn_pipeline_dag.py took 0.059 seconds
[2026-05-15T09:46:43.074+0000] {processor.py:161} INFO - Started process (PID=447) to work on /opt/airflow/dags/hn_pipeline_dag.py
[2026-05-15T09:46:43.075+0000] {processor.py:830} INFO - Processing file /opt/airflow/dags/hn_pipeline_dag.py for tasks to queue
[2026-05-15T09:46:43.078+0000] {logging_mixin.py:188} INFO - [2026-05-15T09:46:43.078+0000] {dagbag.py:538} INFO - Filling up the DagBag from /opt/airflow/dags/hn_pipeline_dag.py
[2026-05-15T09:46:43.096+0000] {processor.py:840} INFO - DAG(s) 'hn_pipeline' retrieved from /opt/airflow/dags/hn_pipeline_dag.py
[2026-05-15T09:46:43.115+0000] {logging_mixin.py:188} INFO - [2026-05-15T09:46:43.115+0000] {dag.py:3036} INFO - Sync 1 DAGs
[2026-05-15T09:46:43.127+0000] {logging_mixin.py:188} INFO - [2026-05-15T09:46:43.127+0000] {dag.py:3823} INFO - Setting next_dagrun for hn_pipeline to 2026-05-15 09:00:00+00:00, run_after=2026-05-15 10:00:00+00:00
[2026-05-15T09:46:43.135+0000] {processor.py:183} INFO - Processing /opt/airflow/dags/hn_pipeline_dag.py took 0.067 seconds
[2026-05-15T09:47:13.429+0000] {processor.py:161} INFO - Started process (PID=452) to work on /opt/airflow/dags/hn_pipeline_dag.py
[2026-05-15T09:47:13.430+0000] {processor.py:830} INFO - Processing file /opt/airflow/dags/hn_pipeline_dag.py for tasks to queue
[2026-05-15T09:47:13.430+0000] {logging_mixin.py:188} INFO - [2026-05-15T09:47:13.430+0000] {dagbag.py:538} INFO - Filling up the DagBag from /opt/airflow/dags/hn_pipeline_dag.py
[2026-05-15T09:47:13.442+0000] {processor.py:840} INFO - DAG(s) 'hn_pipeline' retrieved from /opt/airflow/dags/hn_pipeline_dag.py
[2026-05-15T09:47:13.461+0000] {logging_mixin.py:188} INFO - [2026-05-15T09:47:13.461+0000] {dag.py:3036} INFO - Sync 1 DAGs
[2026-05-15T09:47:13.473+0000] {logging_mixin.py:188} INFO - [2026-05-15T09:47:13.473+0000] {dag.py:3823} INFO - Setting next_dagrun for hn_pipeline to 2026-05-15 09:00:00+00:00, run_after=2026-05-15 10:00:00+00:00
[2026-05-15T09:47:13.481+0000] {processor.py:183} INFO - Processing /opt/airflow/dags/hn_pipeline_dag.py took 0.056 seconds
[2026-05-15T09:47:43.773+0000] {processor.py:161} INFO - Started process (PID=457) to work on /opt/airflow/dags/hn_pipeline_dag.py
[2026-05-15T09:47:43.774+0000] {processor.py:830} INFO - Processing file /opt/airflow/dags/hn_pipeline_dag.py for tasks to queue
[2026-05-15T09:47:43.775+0000] {logging_mixin.py:188} INFO - [2026-05-15T09:47:43.775+0000] {dagbag.py:538} INFO - Filling up the DagBag from /opt/airflow/dags/hn_pipeline_dag.py
[2026-05-15T09:47:43.790+0000] {processor.py:840} INFO - DAG(s) 'hn_pipeline' retrieved from /opt/airflow/dags/hn_pipeline_dag.py
[2026-05-15T09:47:43.810+0000] {logging_mixin.py:188} INFO - [2026-05-15T09:47:43.810+0000] {dag.py:3036} INFO - Sync 1 DAGs
[2026-05-15T09:47:43.822+0000] {logging_mixin.py:188} INFO - [2026-05-15T09:47:43.822+0000] {dag.py:3823} INFO - Setting next_dagrun for hn_pipeline to 2026-05-15 09:00:00+00:00, run_after=2026-05-15 10:00:00+00:00
[2026-05-15T09:47:43.830+0000] {processor.py:183} INFO - Processing /opt/airflow/dags/hn_pipeline_dag.py took 0.061 seconds
[2026-05-15T09:48:14.068+0000] {processor.py:161} INFO - Started process (PID=462) to work on /opt/airflow/dags/hn_pipeline_dag.py
[2026-05-15T09:48:14.069+0000] {processor.py:830} INFO - Processing file /opt/airflow/dags/hn_pipeline_dag.py for tasks to queue
[2026-05-15T09:48:14.070+0000] {logging_mixin.py:188} INFO - [2026-05-15T09:48:14.070+0000] {dagbag.py:538} INFO - Filling up the DagBag from /opt/airflow/dags/hn_pipeline_dag.py
[2026-05-15T09:48:14.083+0000] {processor.py:840} INFO - DAG(s) 'hn_pipeline' retrieved from /opt/airflow/dags/hn_pipeline_dag.py
[2026-05-15T09:48:14.101+0000] {logging_mixin.py:188} INFO - [2026-05-15T09:48:14.101+0000] {dag.py:3036} INFO - Sync 1 DAGs
[2026-05-15T09:48:14.112+0000] {logging_mixin.py:188} INFO - [2026-05-15T09:48:14.112+0000] {dag.py:3823} INFO - Setting next_dagrun for hn_pipeline to 2026-05-15 09:00:00+00:00, run_after=2026-05-15 10:00:00+00:00
[2026-05-15T09:48:14.120+0000] {processor.py:183} INFO - Processing /opt/airflow/dags/hn_pipeline_dag.py took 0.055 seconds
[2026-05-15T09:48:44.380+0000] {processor.py:161} INFO - Started process (PID=467) to work on /opt/airflow/dags/hn_pipeline_dag.py
[2026-05-15T09:48:44.381+0000] {processor.py:830} INFO - Processing file /opt/airflow/dags/hn_pipeline_dag.py for tasks to queue
[2026-05-15T09:48:44.382+0000] {logging_mixin.py:188} INFO - [2026-05-15T09:48:44.382+0000] {dagbag.py:538} INFO - Filling up the DagBag from /opt/airflow/dags/hn_pipeline_dag.py
[2026-05-15T09:48:44.397+0000] {processor.py:840} INFO - DAG(s) 'hn_pipeline' retrieved from /opt/airflow/dags/hn_pipeline_dag.py
[2026-05-15T09:48:44.417+0000] {logging_mixin.py:188} INFO - [2026-05-15T09:48:44.417+0000] {dag.py:3036} INFO - Sync 1 DAGs
[2026-05-15T09:48:44.429+0000] {logging_mixin.py:188} INFO - [2026-05-15T09:48:44.429+0000] {dag.py:3823} INFO - Setting next_dagrun for hn_pipeline to 2026-05-15 09:00:00+00:00, run_after=2026-05-15 10:00:00+00:00
[2026-05-15T09:48:44.437+0000] {processor.py:183} INFO - Processing /opt/airflow/dags/hn_pipeline_dag.py took 0.060 seconds
[2026-05-15T09:49:14.689+0000] {processor.py:161} INFO - Started process (PID=472) to work on /opt/airflow/dags/hn_pipeline_dag.py
[2026-05-15T09:49:14.690+0000] {processor.py:830} INFO - Processing file /opt/airflow/dags/hn_pipeline_dag.py for tasks to queue
[2026-05-15T09:49:14.690+0000] {logging_mixin.py:188} INFO - [2026-05-15T09:49:14.690+0000] {dagbag.py:538} INFO - Filling up the DagBag from /opt/airflow/dags/hn_pipeline_dag.py
[2026-05-15T09:49:14.696+0000] {processor.py:840} INFO - DAG(s) 'hn_pipeline' retrieved from /opt/airflow/dags/hn_pipeline_dag.py
[2026-05-15T09:49:14.708+0000] {logging_mixin.py:188} INFO - [2026-05-15T09:49:14.708+0000] {dag.py:3036} INFO - Sync 1 DAGs
[2026-05-15T09:49:14.717+0000] {logging_mixin.py:188} INFO - [2026-05-15T09:49:14.717+0000] {dag.py:3823} INFO - Setting next_dagrun for hn_pipeline to 2026-05-15 09:00:00+00:00, run_after=2026-05-15 10:00:00+00:00
[2026-05-15T09:49:14.724+0000] {processor.py:183} INFO - Processing /opt/airflow/dags/hn_pipeline_dag.py took 0.037 seconds
[2026-05-15T09:49:45.002+0000] {processor.py:161} INFO - Started process (PID=477) to work on /opt/airflow/dags/hn_pipeline_dag.py
[2026-05-15T09:49:45.003+0000] {processor.py:830} INFO - Processing file /opt/airflow/dags/hn_pipeline_dag.py for tasks to queue
[2026-05-15T09:49:45.004+0000] {logging_mixin.py:188} INFO - [2026-05-15T09:49:45.003+0000] {dagbag.py:538} INFO - Filling up the DagBag from /opt/airflow/dags/hn_pipeline_dag.py
[2026-05-15T09:49:45.016+0000] {processor.py:840} INFO - DAG(s) 'hn_pipeline' retrieved from /opt/airflow/dags/hn_pipeline_dag.py
[2026-05-15T09:49:45.033+0000] {logging_mixin.py:188} INFO - [2026-05-15T09:49:45.033+0000] {dag.py:3036} INFO - Sync 1 DAGs
[2026-05-15T09:49:45.044+0000] {logging_mixin.py:188} INFO - [2026-05-15T09:49:45.044+0000] {dag.py:3823} INFO - Setting next_dagrun for hn_pipeline to 2026-05-15 09:00:00+00:00, run_after=2026-05-15 10:00:00+00:00
[2026-05-15T09:49:45.052+0000] {processor.py:183} INFO - Processing /opt/airflow/dags/hn_pipeline_dag.py took 0.054 seconds
[2026-05-15T09:50:15.361+0000] {processor.py:161} INFO - Started process (PID=482) to work on /opt/airflow/dags/hn_pipeline_dag.py
[2026-05-15T09:50:15.362+0000] {processor.py:830} INFO - Processing file /opt/airflow/dags/hn_pipeline_dag.py for tasks to queue
[2026-05-15T09:50:15.364+0000] {logging_mixin.py:188} INFO - [2026-05-15T09:50:15.363+0000] {dagbag.py:538} INFO - Filling up the DagBag from /opt/airflow/dags/hn_pipeline_dag.py
[2026-05-15T09:50:15.379+0000] {processor.py:840} INFO - DAG(s) 'hn_pipeline' retrieved from /opt/airflow/dags/hn_pipeline_dag.py
[2026-05-15T09:50:15.401+0000] {logging_mixin.py:188} INFO - [2026-05-15T09:50:15.401+0000] {dag.py:3036} INFO - Sync 1 DAGs
[2026-05-15T09:50:15.414+0000] {logging_mixin.py:188} INFO - [2026-05-15T09:50:15.414+0000] {dag.py:3823} INFO - Setting next_dagrun for hn_pipeline to 2026-05-15 09:00:00+00:00, run_after=2026-05-15 10:00:00+00:00
[2026-05-15T09:50:15.422+0000] {processor.py:183} INFO - Processing /opt/airflow/dags/hn_pipeline_dag.py took 0.065 seconds
[2026-05-15T09:50:45.696+0000] {processor.py:161} INFO - Started process (PID=487) to work on /opt/airflow/dags/hn_pipeline_dag.py
[2026-05-15T09:50:45.697+0000] {processor.py:830} INFO - Processing file /opt/airflow/dags/hn_pipeline_dag.py for tasks to queue
[2026-05-15T09:50:45.699+0000] {logging_mixin.py:188} INFO - [2026-05-15T09:50:45.698+0000] {dagbag.py:538} INFO - Filling up the DagBag from /opt/airflow/dags/hn_pipeline_dag.py
[2026-05-15T09:50:45.714+0000] {processor.py:840} INFO - DAG(s) 'hn_pipeline' retrieved from /opt/airflow/dags/hn_pipeline_dag.py
[2026-05-15T09:50:45.737+0000] {logging_mixin.py:188} INFO - [2026-05-15T09:50:45.737+0000] {dag.py:3036} INFO - Sync 1 DAGs
[2026-05-15T09:50:45.749+0000] {logging_mixin.py:188} INFO - [2026-05-15T09:50:45.749+0000] {dag.py:3823} INFO - Setting next_dagrun for hn_pipeline to 2026-05-15 09:00:00+00:00, run_after=2026-05-15 10:00:00+00:00
[2026-05-15T09:50:45.757+0000] {processor.py:183} INFO - Processing /opt/airflow/dags/hn_pipeline_dag.py took 0.065 seconds
[2026-05-15T09:51:16.047+0000] {processor.py:161} INFO - Started process (PID=492) to work on /opt/airflow/dags/hn_pipeline_dag.py
[2026-05-15T09:51:16.048+0000] {processor.py:830} INFO - Processing file /opt/airflow/dags/hn_pipeline_dag.py for tasks to queue
[2026-05-15T09:51:16.050+0000] {logging_mixin.py:188} INFO - [2026-05-15T09:51:16.049+0000] {dagbag.py:538} INFO - Filling up the DagBag from /opt/airflow/dags/hn_pipeline_dag.py
[2026-05-15T09:51:16.063+0000] {processor.py:840} INFO - DAG(s) 'hn_pipeline' retrieved from /opt/airflow/dags/hn_pipeline_dag.py
[2026-05-15T09:51:16.083+0000] {logging_mixin.py:188} INFO - [2026-05-15T09:51:16.083+0000] {dag.py:3036} INFO - Sync 1 DAGs
[2026-05-15T09:51:16.094+0000] {logging_mixin.py:188} INFO - [2026-05-15T09:51:16.094+0000] {dag.py:3823} INFO - Setting next_dagrun for hn_pipeline to 2026-05-15 09:00:00+00:00, run_after=2026-05-15 10:00:00+00:00
[2026-05-15T09:51:16.102+0000] {processor.py:183} INFO - Processing /opt/airflow/dags/hn_pipeline_dag.py took 0.058 seconds
[2026-05-15T09:51:46.413+0000] {processor.py:161} INFO - Started process (PID=497) to work on /opt/airflow/dags/hn_pipeline_dag.py
[2026-05-15T09:51:46.415+0000] {processor.py:830} INFO - Processing file /opt/airflow/dags/hn_pipeline_dag.py for tasks to queue
[2026-05-15T09:51:46.416+0000] {logging_mixin.py:188} INFO - [2026-05-15T09:51:46.415+0000] {dagbag.py:538} INFO - Filling up the DagBag from /opt/airflow/dags/hn_pipeline_dag.py
[2026-05-15T09:51:46.432+0000] {processor.py:840} INFO - DAG(s) 'hn_pipeline' retrieved from /opt/airflow/dags/hn_pipeline_dag.py
[2026-05-15T09:51:46.455+0000] {logging_mixin.py:188} INFO - [2026-05-15T09:51:46.455+0000] {dag.py:3036} INFO - Sync 1 DAGs
[2026-05-15T09:51:46.467+0000] {logging_mixin.py:188} INFO - [2026-05-15T09:51:46.467+0000] {dag.py:3823} INFO - Setting next_dagrun for hn_pipeline to 2026-05-15 09:00:00+00:00, run_after=2026-05-15 10:00:00+00:00
[2026-05-15T09:51:46.475+0000] {processor.py:183} INFO - Processing /opt/airflow/dags/hn_pipeline_dag.py took 0.066 seconds
[2026-05-15T09:52:16.735+0000] {processor.py:161} INFO - Started process (PID=502) to work on /opt/airflow/dags/hn_pipeline_dag.py
[2026-05-15T09:52:16.736+0000] {processor.py:830} INFO - Processing file /opt/airflow/dags/hn_pipeline_dag.py for tasks to queue
[2026-05-15T09:52:16.737+0000] {logging_mixin.py:188} INFO - [2026-05-15T09:52:16.736+0000] {dagbag.py:538} INFO - Filling up the DagBag from /opt/airflow/dags/hn_pipeline_dag.py
[2026-05-15T09:52:16.753+0000] {processor.py:840} INFO - DAG(s) 'hn_pipeline' retrieved from /opt/airflow/dags/hn_pipeline_dag.py
[2026-05-15T09:52:16.773+0000] {logging_mixin.py:188} INFO - [2026-05-15T09:52:16.773+0000] {dag.py:3036} INFO - Sync 1 DAGs
[2026-05-15T09:52:16.786+0000] {logging_mixin.py:188} INFO - [2026-05-15T09:52:16.786+0000] {dag.py:3823} INFO - Setting next_dagrun for hn_pipeline to 2026-05-15 09:00:00+00:00, run_after=2026-05-15 10:00:00+00:00
[2026-05-15T09:52:16.795+0000] {processor.py:183} INFO - Processing /opt/airflow/dags/hn_pipeline_dag.py took 0.065 seconds
[2026-05-15T09:52:47.033+0000] {processor.py:161} INFO - Started process (PID=507) to work on /opt/airflow/dags/hn_pipeline_dag.py
[2026-05-15T09:52:47.034+0000] {processor.py:830} INFO - Processing file /opt/airflow/dags/hn_pipeline_dag.py for tasks to queue
[2026-05-15T09:52:47.034+0000] {logging_mixin.py:188} INFO - [2026-05-15T09:52:47.034+0000] {dagbag.py:538} INFO - Filling up the DagBag from /opt/airflow/dags/hn_pipeline_dag.py
[2026-05-15T09:52:47.043+0000] {processor.py:840} INFO - DAG(s) 'hn_pipeline' retrieved from /opt/airflow/dags/hn_pipeline_dag.py
[2026-05-15T09:52:47.057+0000] {logging_mixin.py:188} INFO - [2026-05-15T09:52:47.057+0000] {dag.py:3036} INFO - Sync 1 DAGs
[2026-05-15T09:52:47.066+0000] {logging_mixin.py:188} INFO - [2026-05-15T09:52:47.066+0000] {dag.py:3823} INFO - Setting next_dagrun for hn_pipeline to 2026-05-15 09:00:00+00:00, run_after=2026-05-15 10:00:00+00:00
[2026-05-15T09:52:47.073+0000] {processor.py:183} INFO - Processing /opt/airflow/dags/hn_pipeline_dag.py took 0.042 seconds
[2026-05-15T09:53:17.341+0000] {processor.py:161} INFO - Started process (PID=512) to work on /opt/airflow/dags/hn_pipeline_dag.py
[2026-05-15T09:53:17.343+0000] {processor.py:830} INFO - Processing file /opt/airflow/dags/hn_pipeline_dag.py for tasks to queue
[2026-05-15T09:53:17.343+0000] {logging_mixin.py:188} INFO - [2026-05-15T09:53:17.343+0000] {dagbag.py:538} INFO - Filling up the DagBag from /opt/airflow/dags/hn_pipeline_dag.py
[2026-05-15T09:53:17.355+0000] {processor.py:840} INFO - DAG(s) 'hn_pipeline' retrieved from /opt/airflow/dags/hn_pipeline_dag.py
[2026-05-15T09:53:17.373+0000] {logging_mixin.py:188} INFO - [2026-05-15T09:53:17.373+0000] {dag.py:3036} INFO - Sync 1 DAGs
[2026-05-15T09:53:17.384+0000] {logging_mixin.py:188} INFO - [2026-05-15T09:53:17.384+0000] {dag.py:3823} INFO - Setting next_dagrun for hn_pipeline to 2026-05-15 09:00:00+00:00, run_after=2026-05-15 10:00:00+00:00
[2026-05-15T09:53:17.393+0000] {processor.py:183} INFO - Processing /opt/airflow/dags/hn_pipeline_dag.py took 0.055 seconds
[2026-05-15T09:53:47.657+0000] {processor.py:161} INFO - Started process (PID=517) to work on /opt/airflow/dags/hn_pipeline_dag.py
[2026-05-15T09:53:47.658+0000] {processor.py:830} INFO - Processing file /opt/airflow/dags/hn_pipeline_dag.py for tasks to queue
[2026-05-15T09:53:47.659+0000] {logging_mixin.py:188} INFO - [2026-05-15T09:53:47.659+0000] {dagbag.py:538} INFO - Filling up the DagBag from /opt/airflow/dags/hn_pipeline_dag.py
[2026-05-15T09:53:47.668+0000] {processor.py:840} INFO - DAG(s) 'hn_pipeline' retrieved from /opt/airflow/dags/hn_pipeline_dag.py
[2026-05-15T09:53:47.686+0000] {logging_mixin.py:188} INFO - [2026-05-15T09:53:47.686+0000] {dag.py:3036} INFO - Sync 1 DAGs
[2026-05-15T09:53:47.699+0000] {logging_mixin.py:188} INFO - [2026-05-15T09:53:47.699+0000] {dag.py:3823} INFO - Setting next_dagrun for hn_pipeline to 2026-05-15 09:00:00+00:00, run_after=2026-05-15 10:00:00+00:00
[2026-05-15T09:53:47.709+0000] {processor.py:183} INFO - Processing /opt/airflow/dags/hn_pipeline_dag.py took 0.054 seconds
[2026-05-15T09:54:17.954+0000] {processor.py:161} INFO - Started process (PID=522) to work on /opt/airflow/dags/hn_pipeline_dag.py
[2026-05-15T09:54:17.956+0000] {processor.py:830} INFO - Processing file /opt/airflow/dags/hn_pipeline_dag.py for tasks to queue
[2026-05-15T09:54:17.957+0000] {logging_mixin.py:188} INFO - [2026-05-15T09:54:17.956+0000] {dagbag.py:538} INFO - Filling up the DagBag from /opt/airflow/dags/hn_pipeline_dag.py
[2026-05-15T09:54:17.970+0000] {processor.py:840} INFO - DAG(s) 'hn_pipeline' retrieved from /opt/airflow/dags/hn_pipeline_dag.py
[2026-05-15T09:54:17.989+0000] {logging_mixin.py:188} INFO - [2026-05-15T09:54:17.988+0000] {dag.py:3036} INFO - Sync 1 DAGs
[2026-05-15T09:54:18.000+0000] {logging_mixin.py:188} INFO - [2026-05-15T09:54:18.000+0000] {dag.py:3823} INFO - Setting next_dagrun for hn_pipeline to 2026-05-15 09:00:00+00:00, run_after=2026-05-15 10:00:00+00:00
[2026-05-15T09:54:18.008+0000] {processor.py:183} INFO - Processing /opt/airflow/dags/hn_pipeline_dag.py took 0.057 seconds
[2026-05-15T09:54:48.278+0000] {processor.py:161} INFO - Started process (PID=527) to work on /opt/airflow/dags/hn_pipeline_dag.py
[2026-05-15T09:54:48.278+0000] {processor.py:830} INFO - Processing file /opt/airflow/dags/hn_pipeline_dag.py for tasks to queue
[2026-05-15T09:54:48.279+0000] {logging_mixin.py:188} INFO - [2026-05-15T09:54:48.279+0000] {dagbag.py:538} INFO - Filling up the DagBag from /opt/airflow/dags/hn_pipeline_dag.py
[2026-05-15T09:54:48.290+0000] {processor.py:840} INFO - DAG(s) 'hn_pipeline' retrieved from /opt/airflow/dags/hn_pipeline_dag.py
[2026-05-15T09:54:48.306+0000] {logging_mixin.py:188} INFO - [2026-05-15T09:54:48.306+0000] {dag.py:3036} INFO - Sync 1 DAGs
[2026-05-15T09:54:48.317+0000] {logging_mixin.py:188} INFO - [2026-05-15T09:54:48.317+0000] {dag.py:3823} INFO - Setting next_dagrun for hn_pipeline to 2026-05-15 09:00:00+00:00, run_after=2026-05-15 10:00:00+00:00
[2026-05-15T09:54:48.325+0000] {processor.py:183} INFO - Processing /opt/airflow/dags/hn_pipeline_dag.py took 0.051 seconds
[2026-05-15T09:55:18.537+0000] {processor.py:161} INFO - Started process (PID=532) to work on /opt/airflow/dags/hn_pipeline_dag.py
[2026-05-15T09:55:18.538+0000] {processor.py:830} INFO - Processing file /opt/airflow/dags/hn_pipeline_dag.py for tasks to queue
[2026-05-15T09:55:18.538+0000] {logging_mixin.py:188} INFO - [2026-05-15T09:55:18.538+0000] {dagbag.py:538} INFO - Filling up the DagBag from /opt/airflow/dags/hn_pipeline_dag.py
[2026-05-15T09:55:18.548+0000] {processor.py:840} INFO - DAG(s) 'hn_pipeline' retrieved from /opt/airflow/dags/hn_pipeline_dag.py
[2026-05-15T09:55:18.563+0000] {logging_mixin.py:188} INFO - [2026-05-15T09:55:18.563+0000] {dag.py:3036} INFO - Sync 1 DAGs
[2026-05-15T09:55:18.574+0000] {logging_mixin.py:188} INFO - [2026-05-15T09:55:18.574+0000] {dag.py:3823} INFO - Setting next_dagrun for hn_pipeline to 2026-05-15 09:00:00+00:00, run_after=2026-05-15 10:00:00+00:00
[2026-05-15T09:55:18.582+0000] {processor.py:183} INFO - Processing /opt/airflow/dags/hn_pipeline_dag.py took 0.047 seconds
[2026-05-15T09:55:48.822+0000] {processor.py:161} INFO - Started process (PID=537) to work on /opt/airflow/dags/hn_pipeline_dag.py
[2026-05-15T09:55:48.823+0000] {processor.py:830} INFO - Processing file /opt/airflow/dags/hn_pipeline_dag.py for tasks to queue
[2026-05-15T09:55:48.824+0000] {logging_mixin.py:188} INFO - [2026-05-15T09:55:48.824+0000] {dagbag.py:538} INFO - Filling up the DagBag from /opt/airflow/dags/hn_pipeline_dag.py
[2026-05-15T09:55:48.840+0000] {processor.py:840} INFO - DAG(s) 'hn_pipeline' retrieved from /opt/airflow/dags/hn_pipeline_dag.py
[2026-05-15T09:55:48.861+0000] {logging_mixin.py:188} INFO - [2026-05-15T09:55:48.861+0000] {dag.py:3036} INFO - Sync 1 DAGs
[2026-05-15T09:55:48.873+0000] {logging_mixin.py:188} INFO - [2026-05-15T09:55:48.873+0000] {dag.py:3823} INFO - Setting next_dagrun for hn_pipeline to 2026-05-15 09:00:00+00:00, run_after=2026-05-15 10:00:00+00:00
[2026-05-15T09:55:48.881+0000] {processor.py:183} INFO - Processing /opt/airflow/dags/hn_pipeline_dag.py took 0.062 seconds
[2026-05-15T09:56:19.136+0000] {processor.py:161} INFO - Started process (PID=542) to work on /opt/airflow/dags/hn_pipeline_dag.py
[2026-05-15T09:56:19.137+0000] {processor.py:830} INFO - Processing file /opt/airflow/dags/hn_pipeline_dag.py for tasks to queue
[2026-05-15T09:56:19.138+0000] {logging_mixin.py:188} INFO - [2026-05-15T09:56:19.138+0000] {dagbag.py:538} INFO - Filling up the DagBag from /opt/airflow/dags/hn_pipeline_dag.py
[2026-05-15T09:56:19.150+0000] {processor.py:840} INFO - DAG(s) 'hn_pipeline' retrieved from /opt/airflow/dags/hn_pipeline_dag.py
[2026-05-15T09:56:19.169+0000] {logging_mixin.py:188} INFO - [2026-05-15T09:56:19.169+0000] {dag.py:3036} INFO - Sync 1 DAGs
[2026-05-15T09:56:19.181+0000] {logging_mixin.py:188} INFO - [2026-05-15T09:56:19.181+0000] {dag.py:3823} INFO - Setting next_dagrun for hn_pipeline to 2026-05-15 09:00:00+00:00, run_after=2026-05-15 10:00:00+00:00
[2026-05-15T09:56:19.189+0000] {processor.py:183} INFO - Processing /opt/airflow/dags/hn_pipeline_dag.py took 0.056 seconds
[2026-05-15T09:56:49.417+0000] {processor.py:161} INFO - Started process (PID=547) to work on /opt/airflow/dags/hn_pipeline_dag.py
[2026-05-15T09:56:49.419+0000] {processor.py:830} INFO - Processing file /opt/airflow/dags/hn_pipeline_dag.py for tasks to queue
[2026-05-15T09:56:49.419+0000] {logging_mixin.py:188} INFO - [2026-05-15T09:56:49.419+0000] {dagbag.py:538} INFO - Filling up the DagBag from /opt/airflow/dags/hn_pipeline_dag.py
[2026-05-15T09:56:49.432+0000] {processor.py:840} INFO - DAG(s) 'hn_pipeline' retrieved from /opt/airflow/dags/hn_pipeline_dag.py
[2026-05-15T09:56:49.450+0000] {logging_mixin.py:188} INFO - [2026-05-15T09:56:49.449+0000] {dag.py:3036} INFO - Sync 1 DAGs
[2026-05-15T09:56:49.460+0000] {logging_mixin.py:188} INFO - [2026-05-15T09:56:49.460+0000] {dag.py:3823} INFO - Setting next_dagrun for hn_pipeline to 2026-05-15 09:00:00+00:00, run_after=2026-05-15 10:00:00+00:00
[2026-05-15T09:56:49.468+0000] {processor.py:183} INFO - Processing /opt/airflow/dags/hn_pipeline_dag.py took 0.054 seconds
[2026-05-15T09:57:19.739+0000] {processor.py:161} INFO - Started process (PID=552) to work on /opt/airflow/dags/hn_pipeline_dag.py
[2026-05-15T09:57:19.741+0000] {processor.py:830} INFO - Processing file /opt/airflow/dags/hn_pipeline_dag.py for tasks to queue
[2026-05-15T09:57:19.741+0000] {logging_mixin.py:188} INFO - [2026-05-15T09:57:19.741+0000] {dagbag.py:538} INFO - Filling up the DagBag from /opt/airflow/dags/hn_pipeline_dag.py
[2026-05-15T09:57:19.754+0000] {processor.py:840} INFO - DAG(s) 'hn_pipeline' retrieved from /opt/airflow/dags/hn_pipeline_dag.py
[2026-05-15T09:57:19.772+0000] {logging_mixin.py:188} INFO - [2026-05-15T09:57:19.772+0000] {dag.py:3036} INFO - Sync 1 DAGs
[2026-05-15T09:57:19.784+0000] {logging_mixin.py:188} INFO - [2026-05-15T09:57:19.783+0000] {dag.py:3823} INFO - Setting next_dagrun for hn_pipeline to 2026-05-15 09:00:00+00:00, run_after=2026-05-15 10:00:00+00:00
[2026-05-15T09:57:19.791+0000] {processor.py:183} INFO - Processing /opt/airflow/dags/hn_pipeline_dag.py took 0.055 seconds
[2026-05-15T09:57:50.059+0000] {processor.py:161} INFO - Started process (PID=557) to work on /opt/airflow/dags/hn_pipeline_dag.py
[2026-05-15T09:57:50.061+0000] {processor.py:830} INFO - Processing file /opt/airflow/dags/hn_pipeline_dag.py for tasks to queue
[2026-05-15T09:57:50.062+0000] {logging_mixin.py:188} INFO - [2026-05-15T09:57:50.061+0000] {dagbag.py:538} INFO - Filling up the DagBag from /opt/airflow/dags/hn_pipeline_dag.py
[2026-05-15T09:57:50.074+0000] {processor.py:840} INFO - DAG(s) 'hn_pipeline' retrieved from /opt/airflow/dags/hn_pipeline_dag.py
[2026-05-15T09:57:50.092+0000] {logging_mixin.py:188} INFO - [2026-05-15T09:57:50.092+0000] {dag.py:3036} INFO - Sync 1 DAGs
[2026-05-15T09:57:50.104+0000] {logging_mixin.py:188} INFO - [2026-05-15T09:57:50.104+0000] {dag.py:3823} INFO - Setting next_dagrun for hn_pipeline to 2026-05-15 09:00:00+00:00, run_after=2026-05-15 10:00:00+00:00
[2026-05-15T09:57:50.113+0000] {processor.py:183} INFO - Processing /opt/airflow/dags/hn_pipeline_dag.py took 0.057 seconds
[2026-05-15T09:58:20.353+0000] {processor.py:161} INFO - Started process (PID=562) to work on /opt/airflow/dags/hn_pipeline_dag.py
[2026-05-15T09:58:20.354+0000] {processor.py:830} INFO - Processing file /opt/airflow/dags/hn_pipeline_dag.py for tasks to queue
[2026-05-15T09:58:20.355+0000] {logging_mixin.py:188} INFO - [2026-05-15T09:58:20.355+0000] {dagbag.py:538} INFO - Filling up the DagBag from /opt/airflow/dags/hn_pipeline_dag.py
[2026-05-15T09:58:20.367+0000] {processor.py:840} INFO - DAG(s) 'hn_pipeline' retrieved from /opt/airflow/dags/hn_pipeline_dag.py
[2026-05-15T09:58:20.385+0000] {logging_mixin.py:188} INFO - [2026-05-15T09:58:20.385+0000] {dag.py:3036} INFO - Sync 1 DAGs
[2026-05-15T09:58:20.395+0000] {logging_mixin.py:188} INFO - [2026-05-15T09:58:20.395+0000] {dag.py:3823} INFO - Setting next_dagrun for hn_pipeline to 2026-05-15 09:00:00+00:00, run_after=2026-05-15 10:00:00+00:00
[2026-05-15T09:58:20.403+0000] {processor.py:183} INFO - Processing /opt/airflow/dags/hn_pipeline_dag.py took 0.054 seconds
[2026-05-15T09:58:50.711+0000] {processor.py:161} INFO - Started process (PID=567) to work on /opt/airflow/dags/hn_pipeline_dag.py
[2026-05-15T09:58:50.712+0000] {processor.py:830} INFO - Processing file /opt/airflow/dags/hn_pipeline_dag.py for tasks to queue
[2026-05-15T09:58:50.714+0000] {logging_mixin.py:188} INFO - [2026-05-15T09:58:50.713+0000] {dagbag.py:538} INFO - Filling up the DagBag from /opt/airflow/dags/hn_pipeline_dag.py
[2026-05-15T09:58:50.730+0000] {processor.py:840} INFO - DAG(s) 'hn_pipeline' retrieved from /opt/airflow/dags/hn_pipeline_dag.py
[2026-05-15T09:58:50.751+0000] {logging_mixin.py:188} INFO - [2026-05-15T09:58:50.751+0000] {dag.py:3036} INFO - Sync 1 DAGs
[2026-05-15T09:58:50.764+0000] {logging_mixin.py:188} INFO - [2026-05-15T09:58:50.764+0000] {dag.py:3823} INFO - Setting next_dagrun for hn_pipeline to 2026-05-15 09:00:00+00:00, run_after=2026-05-15 10:00:00+00:00
[2026-05-15T09:58:50.773+0000] {processor.py:183} INFO - Processing /opt/airflow/dags/hn_pipeline_dag.py took 0.067 seconds
[2026-05-15T09:59:21.102+0000] {processor.py:161} INFO - Started process (PID=572) to work on /opt/airflow/dags/hn_pipeline_dag.py
[2026-05-15T09:59:21.103+0000] {processor.py:830} INFO - Processing file /opt/airflow/dags/hn_pipeline_dag.py for tasks to queue
[2026-05-15T09:59:21.104+0000] {logging_mixin.py:188} INFO - [2026-05-15T09:59:21.104+0000] {dagbag.py:538} INFO - Filling up the DagBag from /opt/airflow/dags/hn_pipeline_dag.py
[2026-05-15T09:59:21.118+0000] {processor.py:840} INFO - DAG(s) 'hn_pipeline' retrieved from /opt/airflow/dags/hn_pipeline_dag.py
[2026-05-15T09:59:21.138+0000] {logging_mixin.py:188} INFO - [2026-05-15T09:59:21.138+0000] {dag.py:3036} INFO - Sync 1 DAGs
[2026-05-15T09:59:21.150+0000] {logging_mixin.py:188} INFO - [2026-05-15T09:59:21.150+0000] {dag.py:3823} INFO - Setting next_dagrun for hn_pipeline to 2026-05-15 09:00:00+00:00, run_after=2026-05-15 10:00:00+00:00
[2026-05-15T09:59:21.157+0000] {processor.py:183} INFO - Processing /opt/airflow/dags/hn_pipeline_dag.py took 0.059 seconds
[2026-05-15T09:59:51.470+0000] {processor.py:161} INFO - Started process (PID=577) to work on /opt/airflow/dags/hn_pipeline_dag.py
[2026-05-15T09:59:51.471+0000] {processor.py:830} INFO - Processing file /opt/airflow/dags/hn_pipeline_dag.py for tasks to queue
[2026-05-15T09:59:51.472+0000] {logging_mixin.py:188} INFO - [2026-05-15T09:59:51.472+0000] {dagbag.py:538} INFO - Filling up the DagBag from /opt/airflow/dags/hn_pipeline_dag.py
[2026-05-15T09:59:51.488+0000] {processor.py:840} INFO - DAG(s) 'hn_pipeline' retrieved from /opt/airflow/dags/hn_pipeline_dag.py
[2026-05-15T09:59:51.509+0000] {logging_mixin.py:188} INFO - [2026-05-15T09:59:51.509+0000] {dag.py:3036} INFO - Sync 1 DAGs
[2026-05-15T09:59:51.521+0000] {logging_mixin.py:188} INFO - [2026-05-15T09:59:51.521+0000] {dag.py:3823} INFO - Setting next_dagrun for hn_pipeline to 2026-05-15 09:00:00+00:00, run_after=2026-05-15 10:00:00+00:00
[2026-05-15T09:59:51.529+0000] {processor.py:183} INFO - Processing /opt/airflow/dags/hn_pipeline_dag.py took 0.064 seconds
[2026-05-15T10:00:21.846+0000] {processor.py:161} INFO - Started process (PID=584) to work on /opt/airflow/dags/hn_pipeline_dag.py
[2026-05-15T10:00:21.847+0000] {processor.py:830} INFO - Processing file /opt/airflow/dags/hn_pipeline_dag.py for tasks to queue
[2026-05-15T10:00:21.847+0000] {logging_mixin.py:188} INFO - [2026-05-15T10:00:21.847+0000] {dagbag.py:538} INFO - Filling up the DagBag from /opt/airflow/dags/hn_pipeline_dag.py
[2026-05-15T10:00:21.857+0000] {processor.py:840} INFO - DAG(s) 'hn_pipeline' retrieved from /opt/airflow/dags/hn_pipeline_dag.py
[2026-05-15T10:00:21.874+0000] {logging_mixin.py:188} INFO - [2026-05-15T10:00:21.874+0000] {dag.py:3036} INFO - Sync 1 DAGs
[2026-05-15T10:00:21.885+0000] {logging_mixin.py:188} INFO - [2026-05-15T10:00:21.885+0000] {dag.py:3823} INFO - Setting next_dagrun for hn_pipeline to 2026-05-15 10:00:00+00:00, run_after=2026-05-15 11:00:00+00:00
[2026-05-15T10:00:21.892+0000] {processor.py:183} INFO - Processing /opt/airflow/dags/hn_pipeline_dag.py took 0.049 seconds
[2026-05-15T10:00:52.160+0000] {processor.py:161} INFO - Started process (PID=589) to work on /opt/airflow/dags/hn_pipeline_dag.py
[2026-05-15T10:00:52.161+0000] {processor.py:830} INFO - Processing file /opt/airflow/dags/hn_pipeline_dag.py for tasks to queue
[2026-05-15T10:00:52.162+0000] {logging_mixin.py:188} INFO - [2026-05-15T10:00:52.162+0000] {dagbag.py:538} INFO - Filling up the DagBag from /opt/airflow/dags/hn_pipeline_dag.py
[2026-05-15T10:00:52.175+0000] {processor.py:840} INFO - DAG(s) 'hn_pipeline' retrieved from /opt/airflow/dags/hn_pipeline_dag.py
[2026-05-15T10:00:52.197+0000] {logging_mixin.py:188} INFO - [2026-05-15T10:00:52.196+0000] {dag.py:3036} INFO - Sync 1 DAGs
[2026-05-15T10:00:52.209+0000] {logging_mixin.py:188} INFO - [2026-05-15T10:00:52.209+0000] {dag.py:3823} INFO - Setting next_dagrun for hn_pipeline to 2026-05-15 10:00:00+00:00, run_after=2026-05-15 11:00:00+00:00
[2026-05-15T10:00:52.216+0000] {processor.py:183} INFO - Processing /opt/airflow/dags/hn_pipeline_dag.py took 0.060 seconds
[2026-05-15T10:01:22.469+0000] {processor.py:161} INFO - Started process (PID=594) to work on /opt/airflow/dags/hn_pipeline_dag.py
[2026-05-15T10:01:22.470+0000] {processor.py:830} INFO - Processing file /opt/airflow/dags/hn_pipeline_dag.py for tasks to queue
[2026-05-15T10:01:22.471+0000] {logging_mixin.py:188} INFO - [2026-05-15T10:01:22.471+0000] {dagbag.py:538} INFO - Filling up the DagBag from /opt/airflow/dags/hn_pipeline_dag.py
[2026-05-15T10:01:22.482+0000] {processor.py:840} INFO - DAG(s) 'hn_pipeline' retrieved from /opt/airflow/dags/hn_pipeline_dag.py
[2026-05-15T10:01:22.499+0000] {logging_mixin.py:188} INFO - [2026-05-15T10:01:22.499+0000] {dag.py:3036} INFO - Sync 1 DAGs
[2026-05-15T10:01:22.510+0000] {logging_mixin.py:188} INFO - [2026-05-15T10:01:22.509+0000] {dag.py:3823} INFO - Setting next_dagrun for hn_pipeline to 2026-05-15 10:00:00+00:00, run_after=2026-05-15 11:00:00+00:00
[2026-05-15T10:01:22.517+0000] {processor.py:183} INFO - Processing /opt/airflow/dags/hn_pipeline_dag.py took 0.052 seconds
[2026-05-15T10:01:52.807+0000] {processor.py:161} INFO - Started process (PID=599) to work on /opt/airflow/dags/hn_pipeline_dag.py
[2026-05-15T10:01:52.808+0000] {processor.py:830} INFO - Processing file /opt/airflow/dags/hn_pipeline_dag.py for tasks to queue
[2026-05-15T10:01:52.809+0000] {logging_mixin.py:188} INFO - [2026-05-15T10:01:52.809+0000] {dagbag.py:538} INFO - Filling up the DagBag from /opt/airflow/dags/hn_pipeline_dag.py
[2026-05-15T10:01:52.823+0000] {processor.py:840} INFO - DAG(s) 'hn_pipeline' retrieved from /opt/airflow/dags/hn_pipeline_dag.py
[2026-05-15T10:01:52.843+0000] {logging_mixin.py:188} INFO - [2026-05-15T10:01:52.843+0000] {dag.py:3036} INFO - Sync 1 DAGs
[2026-05-15T10:01:52.855+0000] {logging_mixin.py:188} INFO - [2026-05-15T10:01:52.855+0000] {dag.py:3823} INFO - Setting next_dagrun for hn_pipeline to 2026-05-15 10:00:00+00:00, run_after=2026-05-15 11:00:00+00:00
[2026-05-15T10:01:52.863+0000] {processor.py:183} INFO - Processing /opt/airflow/dags/hn_pipeline_dag.py took 0.061 seconds
[2026-05-15T10:02:23.000+0000] {processor.py:161} INFO - Started process (PID=604) to work on /opt/airflow/dags/hn_pipeline_dag.py
[2026-05-15T10:02:23.000+0000] {processor.py:830} INFO - Processing file /opt/airflow/dags/hn_pipeline_dag.py for tasks to queue
[2026-05-15T10:02:23.001+0000] {logging_mixin.py:188} INFO - [2026-05-15T10:02:23.001+0000] {dagbag.py:538} INFO - Filling up the DagBag from /opt/airflow/dags/hn_pipeline_dag.py
[2026-05-15T10:02:23.009+0000] {processor.py:840} INFO - DAG(s) 'hn_pipeline' retrieved from /opt/airflow/dags/hn_pipeline_dag.py
[2026-05-15T10:02:23.025+0000] {logging_mixin.py:188} INFO - [2026-05-15T10:02:23.025+0000] {dag.py:3036} INFO - Sync 1 DAGs
[2026-05-15T10:02:23.037+0000] {logging_mixin.py:188} INFO - [2026-05-15T10:02:23.036+0000] {dag.py:3823} INFO - Setting next_dagrun for hn_pipeline to 2026-05-15 10:00:00+00:00, run_after=2026-05-15 11:00:00+00:00
[2026-05-15T10:02:23.045+0000] {processor.py:183} INFO - Processing /opt/airflow/dags/hn_pipeline_dag.py took 0.047 seconds
[2026-05-15T10:02:53.197+0000] {processor.py:161} INFO - Started process (PID=609) to work on /opt/airflow/dags/hn_pipeline_dag.py
[2026-05-15T10:02:53.198+0000] {processor.py:830} INFO - Processing file /opt/airflow/dags/hn_pipeline_dag.py for tasks to queue
[2026-05-15T10:02:53.198+0000] {logging_mixin.py:188} INFO - [2026-05-15T10:02:53.198+0000] {dagbag.py:538} INFO - Filling up the DagBag from /opt/airflow/dags/hn_pipeline_dag.py
[2026-05-15T10:02:53.207+0000] {processor.py:840} INFO - DAG(s) 'hn_pipeline' retrieved from /opt/airflow/dags/hn_pipeline_dag.py
[2026-05-15T10:02:53.223+0000] {logging_mixin.py:188} INFO - [2026-05-15T10:02:53.223+0000] {dag.py:3036} INFO - Sync 1 DAGs
[2026-05-15T10:02:53.235+0000] {logging_mixin.py:188} INFO - [2026-05-15T10:02:53.235+0000] {dag.py:3823} INFO - Setting next_dagrun for hn_pipeline to 2026-05-15 10:00:00+00:00, run_after=2026-05-15 11:00:00+00:00
[2026-05-15T10:02:53.243+0000] {processor.py:183} INFO - Processing /opt/airflow/dags/hn_pipeline_dag.py took 0.048 seconds
[2026-05-15T10:03:23.483+0000] {processor.py:161} INFO - Started process (PID=614) to work on /opt/airflow/dags/hn_pipeline_dag.py
[2026-05-15T10:03:23.484+0000] {processor.py:830} INFO - Processing file /opt/airflow/dags/hn_pipeline_dag.py for tasks to queue
[2026-05-15T10:03:23.485+0000] {logging_mixin.py:188} INFO - [2026-05-15T10:03:23.485+0000] {dagbag.py:538} INFO - Filling up the DagBag from /opt/airflow/dags/hn_pipeline_dag.py
[2026-05-15T10:03:23.498+0000] {processor.py:840} INFO - DAG(s) 'hn_pipeline' retrieved from /opt/airflow/dags/hn_pipeline_dag.py
[2026-05-15T10:03:23.515+0000] {logging_mixin.py:188} INFO - [2026-05-15T10:03:23.515+0000] {dag.py:3036} INFO - Sync 1 DAGs
[2026-05-15T10:03:23.526+0000] {logging_mixin.py:188} INFO - [2026-05-15T10:03:23.526+0000] {dag.py:3823} INFO - Setting next_dagrun for hn_pipeline to 2026-05-15 10:00:00+00:00, run_after=2026-05-15 11:00:00+00:00
[2026-05-15T10:03:23.534+0000] {processor.py:183} INFO - Processing /opt/airflow/dags/hn_pipeline_dag.py took 0.054 seconds
[2026-05-15T10:03:53.860+0000] {processor.py:161} INFO - Started process (PID=619) to work on /opt/airflow/dags/hn_pipeline_dag.py
[2026-05-15T10:03:53.861+0000] {processor.py:830} INFO - Processing file /opt/airflow/dags/hn_pipeline_dag.py for tasks to queue
[2026-05-15T10:03:53.862+0000] {logging_mixin.py:188} INFO - [2026-05-15T10:03:53.862+0000] {dagbag.py:538} INFO - Filling up the DagBag from /opt/airflow/dags/hn_pipeline_dag.py
[2026-05-15T10:03:53.877+0000] {processor.py:840} INFO - DAG(s) 'hn_pipeline' retrieved from /opt/airflow/dags/hn_pipeline_dag.py
[2026-05-15T10:03:53.898+0000] {logging_mixin.py:188} INFO - [2026-05-15T10:03:53.898+0000] {dag.py:3036} INFO - Sync 1 DAGs
[2026-05-15T10:03:53.909+0000] {logging_mixin.py:188} INFO - [2026-05-15T10:03:53.909+0000] {dag.py:3823} INFO - Setting next_dagrun for hn_pipeline to 2026-05-15 10:00:00+00:00, run_after=2026-05-15 11:00:00+00:00
[2026-05-15T10:03:53.917+0000] {processor.py:183} INFO - Processing /opt/airflow/dags/hn_pipeline_dag.py took 0.061 seconds
[2026-05-15T10:04:24.220+0000] {processor.py:161} INFO - Started process (PID=624) to work on /opt/airflow/dags/hn_pipeline_dag.py
[2026-05-15T10:04:24.221+0000] {processor.py:830} INFO - Processing file /opt/airflow/dags/hn_pipeline_dag.py for tasks to queue
[2026-05-15T10:04:24.223+0000] {logging_mixin.py:188} INFO - [2026-05-15T10:04:24.222+0000] {dagbag.py:538} INFO - Filling up the DagBag from /opt/airflow/dags/hn_pipeline_dag.py
[2026-05-15T10:04:24.245+0000] {processor.py:840} INFO - DAG(s) 'hn_pipeline' retrieved from /opt/airflow/dags/hn_pipeline_dag.py
[2026-05-15T10:04:24.276+0000] {logging_mixin.py:188} INFO - [2026-05-15T10:04:24.276+0000] {dag.py:3036} INFO - Sync 1 DAGs
[2026-05-15T10:04:24.289+0000] {logging_mixin.py:188} INFO - [2026-05-15T10:04:24.289+0000] {dag.py:3823} INFO - Setting next_dagrun for hn_pipeline to 2026-05-15 10:00:00+00:00, run_after=2026-05-15 11:00:00+00:00
[2026-05-15T10:04:24.298+0000] {processor.py:183} INFO - Processing /opt/airflow/dags/hn_pipeline_dag.py took 0.083 seconds
[2026-05-15T10:04:54.637+0000] {processor.py:161} INFO - Started process (PID=629) to work on /opt/airflow/dags/hn_pipeline_dag.py
[2026-05-15T10:04:54.638+0000] {processor.py:830} INFO - Processing file /opt/airflow/dags/hn_pipeline_dag.py for tasks to queue
[2026-05-15T10:04:54.639+0000] {logging_mixin.py:188} INFO - [2026-05-15T10:04:54.639+0000] {dagbag.py:538} INFO - Filling up the DagBag from /opt/airflow/dags/hn_pipeline_dag.py
[2026-05-15T10:04:54.653+0000] {processor.py:840} INFO - DAG(s) 'hn_pipeline' retrieved from /opt/airflow/dags/hn_pipeline_dag.py
[2026-05-15T10:04:54.674+0000] {logging_mixin.py:188} INFO - [2026-05-15T10:04:54.674+0000] {dag.py:3036} INFO - Sync 1 DAGs
[2026-05-15T10:04:54.685+0000] {logging_mixin.py:188} INFO - [2026-05-15T10:04:54.685+0000] {dag.py:3823} INFO - Setting next_dagrun for hn_pipeline to 2026-05-15 10:00:00+00:00, run_after=2026-05-15 11:00:00+00:00
[2026-05-15T10:04:54.692+0000] {processor.py:183} INFO - Processing /opt/airflow/dags/hn_pipeline_dag.py took 0.060 seconds
[2026-05-15T10:05:25.005+0000] {processor.py:161} INFO - Started process (PID=636) to work on /opt/airflow/dags/hn_pipeline_dag.py
[2026-05-15T10:05:25.007+0000] {processor.py:830} INFO - Processing file /opt/airflow/dags/hn_pipeline_dag.py for tasks to queue
[2026-05-15T10:05:25.008+0000] {logging_mixin.py:188} INFO - [2026-05-15T10:05:25.007+0000] {dagbag.py:538} INFO - Filling up the DagBag from /opt/airflow/dags/hn_pipeline_dag.py
[2026-05-15T10:05:25.022+0000] {processor.py:840} INFO - DAG(s) 'hn_pipeline' retrieved from /opt/airflow/dags/hn_pipeline_dag.py
[2026-05-15T10:05:25.043+0000] {logging_mixin.py:188} INFO - [2026-05-15T10:05:25.043+0000] {dag.py:3036} INFO - Sync 1 DAGs
[2026-05-15T10:05:25.054+0000] {logging_mixin.py:188} INFO - [2026-05-15T10:05:25.054+0000] {dag.py:3823} INFO - Setting next_dagrun for hn_pipeline to 2026-05-15 10:00:00+00:00, run_after=2026-05-15 11:00:00+00:00
[2026-05-15T10:05:25.062+0000] {processor.py:183} INFO - Processing /opt/airflow/dags/hn_pipeline_dag.py took 0.061 seconds
[2026-05-15T10:05:55.362+0000] {processor.py:161} INFO - Started process (PID=641) to work on /opt/airflow/dags/hn_pipeline_dag.py
[2026-05-15T10:05:55.364+0000] {processor.py:830} INFO - Processing file /opt/airflow/dags/hn_pipeline_dag.py for tasks to queue
[2026-05-15T10:05:55.365+0000] {logging_mixin.py:188} INFO - [2026-05-15T10:05:55.364+0000] {dagbag.py:538} INFO - Filling up the DagBag from /opt/airflow/dags/hn_pipeline_dag.py
[2026-05-15T10:05:55.379+0000] {processor.py:840} INFO - DAG(s) 'hn_pipeline' retrieved from /opt/airflow/dags/hn_pipeline_dag.py
[2026-05-15T10:05:55.400+0000] {logging_mixin.py:188} INFO - [2026-05-15T10:05:55.400+0000] {dag.py:3036} INFO - Sync 1 DAGs
[2026-05-15T10:05:55.411+0000] {logging_mixin.py:188} INFO - [2026-05-15T10:05:55.411+0000] {dag.py:3823} INFO - Setting next_dagrun for hn_pipeline to 2026-05-15 10:00:00+00:00, run_after=2026-05-15 11:00:00+00:00
[2026-05-15T10:05:55.418+0000] {processor.py:183} INFO - Processing /opt/airflow/dags/hn_pipeline_dag.py took 0.060 seconds
[2026-05-15T10:06:25.697+0000] {processor.py:161} INFO - Started process (PID=646) to work on /opt/airflow/dags/hn_pipeline_dag.py
[2026-05-15T10:06:25.698+0000] {processor.py:830} INFO - Processing file /opt/airflow/dags/hn_pipeline_dag.py for tasks to queue
[2026-05-15T10:06:25.700+0000] {logging_mixin.py:188} INFO - [2026-05-15T10:06:25.699+0000] {dagbag.py:538} INFO - Filling up the DagBag from /opt/airflow/dags/hn_pipeline_dag.py
[2026-05-15T10:06:25.714+0000] {processor.py:840} INFO - DAG(s) 'hn_pipeline' retrieved from /opt/airflow/dags/hn_pipeline_dag.py
[2026-05-15T10:06:25.735+0000] {logging_mixin.py:188} INFO - [2026-05-15T10:06:25.735+0000] {dag.py:3036} INFO - Sync 1 DAGs
[2026-05-15T10:06:25.747+0000] {logging_mixin.py:188} INFO - [2026-05-15T10:06:25.747+0000] {dag.py:3823} INFO - Setting next_dagrun for hn_pipeline to 2026-05-15 10:00:00+00:00, run_after=2026-05-15 11:00:00+00:00
[2026-05-15T10:06:25.754+0000] {processor.py:183} INFO - Processing /opt/airflow/dags/hn_pipeline_dag.py took 0.061 seconds
[2026-05-15T10:06:56.041+0000] {processor.py:161} INFO - Started process (PID=651) to work on /opt/airflow/dags/hn_pipeline_dag.py
[2026-05-15T10:06:56.042+0000] {processor.py:830} INFO - Processing file /opt/airflow/dags/hn_pipeline_dag.py for tasks to queue
[2026-05-15T10:06:56.043+0000] {logging_mixin.py:188} INFO - [2026-05-15T10:06:56.043+0000] {dagbag.py:538} INFO - Filling up the DagBag from /opt/airflow/dags/hn_pipeline_dag.py
[2026-05-15T10:06:56.057+0000] {processor.py:840} INFO - DAG(s) 'hn_pipeline' retrieved from /opt/airflow/dags/hn_pipeline_dag.py
[2026-05-15T10:06:56.076+0000] {logging_mixin.py:188} INFO - [2026-05-15T10:06:56.076+0000] {dag.py:3036} INFO - Sync 1 DAGs
[2026-05-15T10:06:56.087+0000] {logging_mixin.py:188} INFO - [2026-05-15T10:06:56.087+0000] {dag.py:3823} INFO - Setting next_dagrun for hn_pipeline to 2026-05-15 10:00:00+00:00, run_after=2026-05-15 11:00:00+00:00
[2026-05-15T10:06:56.095+0000] {processor.py:183} INFO - Processing /opt/airflow/dags/hn_pipeline_dag.py took 0.058 seconds
[2026-05-15T10:07:26.381+0000] {processor.py:161} INFO - Started process (PID=656) to work on /opt/airflow/dags/hn_pipeline_dag.py
[2026-05-15T10:07:26.383+0000] {processor.py:830} INFO - Processing file /opt/airflow/dags/hn_pipeline_dag.py for tasks to queue
[2026-05-15T10:07:26.384+0000] {logging_mixin.py:188} INFO - [2026-05-15T10:07:26.383+0000] {dagbag.py:538} INFO - Filling up the DagBag from /opt/airflow/dags/hn_pipeline_dag.py
[2026-05-15T10:07:26.397+0000] {processor.py:840} INFO - DAG(s) 'hn_pipeline' retrieved from /opt/airflow/dags/hn_pipeline_dag.py
[2026-05-15T10:07:26.417+0000] {logging_mixin.py:188} INFO - [2026-05-15T10:07:26.417+0000] {dag.py:3036} INFO - Sync 1 DAGs
[2026-05-15T10:07:26.429+0000] {logging_mixin.py:188} INFO - [2026-05-15T10:07:26.428+0000] {dag.py:3823} INFO - Setting next_dagrun for hn_pipeline to 2026-05-15 10:00:00+00:00, run_after=2026-05-15 11:00:00+00:00
[2026-05-15T10:07:26.436+0000] {processor.py:183} INFO - Processing /opt/airflow/dags/hn_pipeline_dag.py took 0.059 seconds
[2026-05-15T10:07:56.692+0000] {processor.py:161} INFO - Started process (PID=661) to work on /opt/airflow/dags/hn_pipeline_dag.py
[2026-05-15T10:07:56.693+0000] {processor.py:830} INFO - Processing file /opt/airflow/dags/hn_pipeline_dag.py for tasks to queue
[2026-05-15T10:07:56.694+0000] {logging_mixin.py:188} INFO - [2026-05-15T10:07:56.693+0000] {dagbag.py:538} INFO - Filling up the DagBag from /opt/airflow/dags/hn_pipeline_dag.py
[2026-05-15T10:07:56.702+0000] {processor.py:840} INFO - DAG(s) 'hn_pipeline' retrieved from /opt/airflow/dags/hn_pipeline_dag.py
[2026-05-15T10:07:56.719+0000] {logging_mixin.py:188} INFO - [2026-05-15T10:07:56.719+0000] {dag.py:3036} INFO - Sync 1 DAGs
[2026-05-15T10:07:56.733+0000] {logging_mixin.py:188} INFO - [2026-05-15T10:07:56.733+0000] {dag.py:3823} INFO - Setting next_dagrun for hn_pipeline to 2026-05-15 10:00:00+00:00, run_after=2026-05-15 11:00:00+00:00
[2026-05-15T10:07:56.741+0000] {processor.py:183} INFO - Processing /opt/airflow/dags/hn_pipeline_dag.py took 0.051 seconds
[2026-05-15T10:08:26.965+0000] {processor.py:161} INFO - Started process (PID=666) to work on /opt/airflow/dags/hn_pipeline_dag.py
[2026-05-15T10:08:26.967+0000] {processor.py:830} INFO - Processing file /opt/airflow/dags/hn_pipeline_dag.py for tasks to queue
[2026-05-15T10:08:26.968+0000] {logging_mixin.py:188} INFO - [2026-05-15T10:08:26.968+0000] {dagbag.py:538} INFO - Filling up the DagBag from /opt/airflow/dags/hn_pipeline_dag.py
[2026-05-15T10:08:26.978+0000] {processor.py:840} INFO - DAG(s) 'hn_pipeline' retrieved from /opt/airflow/dags/hn_pipeline_dag.py
[2026-05-15T10:08:26.995+0000] {logging_mixin.py:188} INFO - [2026-05-15T10:08:26.995+0000] {dag.py:3036} INFO - Sync 1 DAGs
[2026-05-15T10:08:27.006+0000] {logging_mixin.py:188} INFO - [2026-05-15T10:08:27.006+0000] {dag.py:3823} INFO - Setting next_dagrun for hn_pipeline to 2026-05-15 10:00:00+00:00, run_after=2026-05-15 11:00:00+00:00
[2026-05-15T10:08:27.014+0000] {processor.py:183} INFO - Processing /opt/airflow/dags/hn_pipeline_dag.py took 0.053 seconds
[2026-05-15T10:08:57.215+0000] {processor.py:161} INFO - Started process (PID=671) to work on /opt/airflow/dags/hn_pipeline_dag.py
[2026-05-15T10:08:57.217+0000] {processor.py:830} INFO - Processing file /opt/airflow/dags/hn_pipeline_dag.py for tasks to queue
[2026-05-15T10:08:57.217+0000] {logging_mixin.py:188} INFO - [2026-05-15T10:08:57.217+0000] {dagbag.py:538} INFO - Filling up the DagBag from /opt/airflow/dags/hn_pipeline_dag.py
[2026-05-15T10:08:57.228+0000] {processor.py:840} INFO - DAG(s) 'hn_pipeline' retrieved from /opt/airflow/dags/hn_pipeline_dag.py
[2026-05-15T10:08:57.244+0000] {logging_mixin.py:188} INFO - [2026-05-15T10:08:57.244+0000] {dag.py:3036} INFO - Sync 1 DAGs
[2026-05-15T10:08:57.255+0000] {logging_mixin.py:188} INFO - [2026-05-15T10:08:57.255+0000] {dag.py:3823} INFO - Setting next_dagrun for hn_pipeline to 2026-05-15 10:00:00+00:00, run_after=2026-05-15 11:00:00+00:00
[2026-05-15T10:08:57.263+0000] {processor.py:183} INFO - Processing /opt/airflow/dags/hn_pipeline_dag.py took 0.051 seconds
[2026-05-15T10:09:27.468+0000] {processor.py:161} INFO - Started process (PID=676) to work on /opt/airflow/dags/hn_pipeline_dag.py
[2026-05-15T10:09:27.469+0000] {processor.py:830} INFO - Processing file /opt/airflow/dags/hn_pipeline_dag.py for tasks to queue
[2026-05-15T10:09:27.470+0000] {logging_mixin.py:188} INFO - [2026-05-15T10:09:27.470+0000] {dagbag.py:538} INFO - Filling up the DagBag from /opt/airflow/dags/hn_pipeline_dag.py
[2026-05-15T10:09:27.481+0000] {processor.py:840} INFO - DAG(s) 'hn_pipeline' retrieved from /opt/airflow/dags/hn_pipeline_dag.py
[2026-05-15T10:09:27.499+0000] {logging_mixin.py:188} INFO - [2026-05-15T10:09:27.499+0000] {dag.py:3036} INFO - Sync 1 DAGs
[2026-05-15T10:09:27.509+0000] {logging_mixin.py:188} INFO - [2026-05-15T10:09:27.509+0000] {dag.py:3823} INFO - Setting next_dagrun for hn_pipeline to 2026-05-15 10:00:00+00:00, run_after=2026-05-15 11:00:00+00:00
[2026-05-15T10:09:27.517+0000] {processor.py:183} INFO - Processing /opt/airflow/dags/hn_pipeline_dag.py took 0.052 seconds
[2026-05-15T10:09:57.790+0000] {processor.py:161} INFO - Started process (PID=681) to work on /opt/airflow/dags/hn_pipeline_dag.py
[2026-05-15T10:09:57.791+0000] {processor.py:830} INFO - Processing file /opt/airflow/dags/hn_pipeline_dag.py for tasks to queue
[2026-05-15T10:09:57.792+0000] {logging_mixin.py:188} INFO - [2026-05-15T10:09:57.792+0000] {dagbag.py:538} INFO - Filling up the DagBag from /opt/airflow/dags/hn_pipeline_dag.py
[2026-05-15T10:09:57.805+0000] {processor.py:840} INFO - DAG(s) 'hn_pipeline' retrieved from /opt/airflow/dags/hn_pipeline_dag.py
[2026-05-15T10:09:57.824+0000] {logging_mixin.py:188} INFO - [2026-05-15T10:09:57.824+0000] {dag.py:3036} INFO - Sync 1 DAGs
[2026-05-15T10:09:57.836+0000] {logging_mixin.py:188} INFO - [2026-05-15T10:09:57.835+0000] {dag.py:3823} INFO - Setting next_dagrun for hn_pipeline to 2026-05-15 10:00:00+00:00, run_after=2026-05-15 11:00:00+00:00
[2026-05-15T10:09:57.843+0000] {processor.py:183} INFO - Processing /opt/airflow/dags/hn_pipeline_dag.py took 0.057 seconds
[2026-05-15T10:10:28.089+0000] {processor.py:161} INFO - Started process (PID=686) to work on /opt/airflow/dags/hn_pipeline_dag.py
[2026-05-15T10:10:28.090+0000] {processor.py:830} INFO - Processing file /opt/airflow/dags/hn_pipeline_dag.py for tasks to queue
[2026-05-15T10:10:28.091+0000] {logging_mixin.py:188} INFO - [2026-05-15T10:10:28.091+0000] {dagbag.py:538} INFO - Filling up the DagBag from /opt/airflow/dags/hn_pipeline_dag.py
[2026-05-15T10:10:28.103+0000] {processor.py:840} INFO - DAG(s) 'hn_pipeline' retrieved from /opt/airflow/dags/hn_pipeline_dag.py
[2026-05-15T10:10:28.121+0000] {logging_mixin.py:188} INFO - [2026-05-15T10:10:28.121+0000] {dag.py:3036} INFO - Sync 1 DAGs
[2026-05-15T10:10:28.133+0000] {logging_mixin.py:188} INFO - [2026-05-15T10:10:28.133+0000] {dag.py:3823} INFO - Setting next_dagrun for hn_pipeline to 2026-05-15 10:00:00+00:00, run_after=2026-05-15 11:00:00+00:00
[2026-05-15T10:10:28.141+0000] {processor.py:183} INFO - Processing /opt/airflow/dags/hn_pipeline_dag.py took 0.055 seconds
[2026-05-15T10:10:58.365+0000] {processor.py:161} INFO - Started process (PID=691) to work on /opt/airflow/dags/hn_pipeline_dag.py
[2026-05-15T10:10:58.366+0000] {processor.py:830} INFO - Processing file /opt/airflow/dags/hn_pipeline_dag.py for tasks to queue
[2026-05-15T10:10:58.367+0000] {logging_mixin.py:188} INFO - [2026-05-15T10:10:58.367+0000] {dagbag.py:538} INFO - Filling up the DagBag from /opt/airflow/dags/hn_pipeline_dag.py
[2026-05-15T10:10:58.380+0000] {processor.py:840} INFO - DAG(s) 'hn_pipeline' retrieved from /opt/airflow/dags/hn_pipeline_dag.py
[2026-05-15T10:10:58.399+0000] {logging_mixin.py:188} INFO - [2026-05-15T10:10:58.399+0000] {dag.py:3036} INFO - Sync 1 DAGs
[2026-05-15T10:10:58.411+0000] {logging_mixin.py:188} INFO - [2026-05-15T10:10:58.411+0000] {dag.py:3823} INFO - Setting next_dagrun for hn_pipeline to 2026-05-15 10:00:00+00:00, run_after=2026-05-15 11:00:00+00:00
[2026-05-15T10:10:58.419+0000] {processor.py:183} INFO - Processing /opt/airflow/dags/hn_pipeline_dag.py took 0.057 seconds
[2026-05-15T10:11:28.677+0000] {processor.py:161} INFO - Started process (PID=696) to work on /opt/airflow/dags/hn_pipeline_dag.py
[2026-05-15T10:11:28.677+0000] {processor.py:830} INFO - Processing file /opt/airflow/dags/hn_pipeline_dag.py for tasks to queue
[2026-05-15T10:11:28.678+0000] {logging_mixin.py:188} INFO - [2026-05-15T10:11:28.678+0000] {dagbag.py:538} INFO - Filling up the DagBag from /opt/airflow/dags/hn_pipeline_dag.py
[2026-05-15T10:11:28.685+0000] {processor.py:840} INFO - DAG(s) 'hn_pipeline' retrieved from /opt/airflow/dags/hn_pipeline_dag.py
[2026-05-15T10:11:28.699+0000] {logging_mixin.py:188} INFO - [2026-05-15T10:11:28.699+0000] {dag.py:3036} INFO - Sync 1 DAGs
[2026-05-15T10:11:28.709+0000] {logging_mixin.py:188} INFO - [2026-05-15T10:11:28.709+0000] {dag.py:3823} INFO - Setting next_dagrun for hn_pipeline to 2026-05-15 10:00:00+00:00, run_after=2026-05-15 11:00:00+00:00
[2026-05-15T10:11:28.717+0000] {processor.py:183} INFO - Processing /opt/airflow/dags/hn_pipeline_dag.py took 0.042 seconds
[2026-05-15T10:11:58.974+0000] {processor.py:161} INFO - Started process (PID=701) to work on /opt/airflow/dags/hn_pipeline_dag.py
[2026-05-15T10:11:58.975+0000] {processor.py:830} INFO - Processing file /opt/airflow/dags/hn_pipeline_dag.py for tasks to queue
[2026-05-15T10:11:58.976+0000] {logging_mixin.py:188} INFO - [2026-05-15T10:11:58.976+0000] {dagbag.py:538} INFO - Filling up the DagBag from /opt/airflow/dags/hn_pipeline_dag.py
[2026-05-15T10:11:58.992+0000] {processor.py:840} INFO - DAG(s) 'hn_pipeline' retrieved from /opt/airflow/dags/hn_pipeline_dag.py
[2026-05-15T10:11:59.012+0000] {logging_mixin.py:188} INFO - [2026-05-15T10:11:59.012+0000] {dag.py:3036} INFO - Sync 1 DAGs
[2026-05-15T10:11:59.024+0000] {logging_mixin.py:188} INFO - [2026-05-15T10:11:59.024+0000] {dag.py:3823} INFO - Setting next_dagrun for hn_pipeline to 2026-05-15 10:00:00+00:00, run_after=2026-05-15 11:00:00+00:00
[2026-05-15T10:11:59.032+0000] {processor.py:183} INFO - Processing /opt/airflow/dags/hn_pipeline_dag.py took 0.062 seconds
[2026-05-15T10:12:29.499+0000] {processor.py:161} INFO - Started process (PID=706) to work on /opt/airflow/dags/hn_pipeline_dag.py
[2026-05-15T10:12:29.500+0000] {processor.py:830} INFO - Processing file /opt/airflow/dags/hn_pipeline_dag.py for tasks to queue
[2026-05-15T10:12:29.502+0000] {logging_mixin.py:188} INFO - [2026-05-15T10:12:29.501+0000] {dagbag.py:538} INFO - Filling up the DagBag from /opt/airflow/dags/hn_pipeline_dag.py
[2026-05-15T10:12:29.521+0000] {processor.py:840} INFO - DAG(s) 'hn_pipeline' retrieved from /opt/airflow/dags/hn_pipeline_dag.py
[2026-05-15T10:12:29.544+0000] {logging_mixin.py:188} INFO - [2026-05-15T10:12:29.544+0000] {dag.py:3036} INFO - Sync 1 DAGs
[2026-05-15T10:12:29.557+0000] {logging_mixin.py:188} INFO - [2026-05-15T10:12:29.556+0000] {dag.py:3823} INFO - Setting next_dagrun for hn_pipeline to 2026-05-15 10:00:00+00:00, run_after=2026-05-15 11:00:00+00:00
[2026-05-15T10:12:29.565+0000] {processor.py:183} INFO - Processing /opt/airflow/dags/hn_pipeline_dag.py took 0.071 seconds
[2026-05-15T10:12:59.845+0000] {processor.py:161} INFO - Started process (PID=711) to work on /opt/airflow/dags/hn_pipeline_dag.py
[2026-05-15T10:12:59.847+0000] {processor.py:830} INFO - Processing file /opt/airflow/dags/hn_pipeline_dag.py for tasks to queue
[2026-05-15T10:12:59.847+0000] {logging_mixin.py:188} INFO - [2026-05-15T10:12:59.847+0000] {dagbag.py:538} INFO - Filling up the DagBag from /opt/airflow/dags/hn_pipeline_dag.py
[2026-05-15T10:12:59.861+0000] {processor.py:840} INFO - DAG(s) 'hn_pipeline' retrieved from /opt/airflow/dags/hn_pipeline_dag.py
[2026-05-15T10:12:59.882+0000] {logging_mixin.py:188} INFO - [2026-05-15T10:12:59.881+0000] {dag.py:3036} INFO - Sync 1 DAGs
[2026-05-15T10:12:59.892+0000] {logging_mixin.py:188} INFO - [2026-05-15T10:12:59.892+0000] {dag.py:3823} INFO - Setting next_dagrun for hn_pipeline to 2026-05-15 10:00:00+00:00, run_after=2026-05-15 11:00:00+00:00
[2026-05-15T10:12:59.900+0000] {processor.py:183} INFO - Processing /opt/airflow/dags/hn_pipeline_dag.py took 0.058 seconds
[2026-05-15T10:13:30.171+0000] {processor.py:161} INFO - Started process (PID=716) to work on /opt/airflow/dags/hn_pipeline_dag.py
[2026-05-15T10:13:30.173+0000] {processor.py:830} INFO - Processing file /opt/airflow/dags/hn_pipeline_dag.py for tasks to queue
[2026-05-15T10:13:30.174+0000] {logging_mixin.py:188} INFO - [2026-05-15T10:13:30.173+0000] {dagbag.py:538} INFO - Filling up the DagBag from /opt/airflow/dags/hn_pipeline_dag.py
[2026-05-15T10:13:30.188+0000] {processor.py:840} INFO - DAG(s) 'hn_pipeline' retrieved from /opt/airflow/dags/hn_pipeline_dag.py
[2026-05-15T10:13:30.208+0000] {logging_mixin.py:188} INFO - [2026-05-15T10:13:30.208+0000] {dag.py:3036} INFO - Sync 1 DAGs
[2026-05-15T10:13:30.219+0000] {logging_mixin.py:188} INFO - [2026-05-15T10:13:30.219+0000] {dag.py:3823} INFO - Setting next_dagrun for hn_pipeline to 2026-05-15 10:00:00+00:00, run_after=2026-05-15 11:00:00+00:00
[2026-05-15T10:13:30.227+0000] {processor.py:183} INFO - Processing /opt/airflow/dags/hn_pipeline_dag.py took 0.060 seconds
[2026-05-15T10:14:00.542+0000] {processor.py:161} INFO - Started process (PID=721) to work on /opt/airflow/dags/hn_pipeline_dag.py
[2026-05-15T10:14:00.544+0000] {processor.py:830} INFO - Processing file /opt/airflow/dags/hn_pipeline_dag.py for tasks to queue
[2026-05-15T10:14:00.545+0000] {logging_mixin.py:188} INFO - [2026-05-15T10:14:00.544+0000] {dagbag.py:538} INFO - Filling up the DagBag from /opt/airflow/dags/hn_pipeline_dag.py
[2026-05-15T10:14:00.559+0000] {processor.py:840} INFO - DAG(s) 'hn_pipeline' retrieved from /opt/airflow/dags/hn_pipeline_dag.py
[2026-05-15T10:14:00.579+0000] {logging_mixin.py:188} INFO - [2026-05-15T10:14:00.579+0000] {dag.py:3036} INFO - Sync 1 DAGs
[2026-05-15T10:14:00.590+0000] {logging_mixin.py:188} INFO - [2026-05-15T10:14:00.590+0000] {dag.py:3823} INFO - Setting next_dagrun for hn_pipeline to 2026-05-15 10:00:00+00:00, run_after=2026-05-15 11:00:00+00:00
[2026-05-15T10:14:00.598+0000] {processor.py:183} INFO - Processing /opt/airflow/dags/hn_pipeline_dag.py took 0.059 seconds
[2026-05-15T10:14:30.866+0000] {processor.py:161} INFO - Started process (PID=726) to work on /opt/airflow/dags/hn_pipeline_dag.py
[2026-05-15T10:14:30.867+0000] {processor.py:830} INFO - Processing file /opt/airflow/dags/hn_pipeline_dag.py for tasks to queue
[2026-05-15T10:14:30.868+0000] {logging_mixin.py:188} INFO - [2026-05-15T10:14:30.868+0000] {dagbag.py:538} INFO - Filling up the DagBag from /opt/airflow/dags/hn_pipeline_dag.py
[2026-05-15T10:14:30.882+0000] {processor.py:840} INFO - DAG(s) 'hn_pipeline' retrieved from /opt/airflow/dags/hn_pipeline_dag.py
[2026-05-15T10:14:30.902+0000] {logging_mixin.py:188} INFO - [2026-05-15T10:14:30.902+0000] {dag.py:3036} INFO - Sync 1 DAGs
[2026-05-15T10:14:30.914+0000] {logging_mixin.py:188} INFO - [2026-05-15T10:14:30.913+0000] {dag.py:3823} INFO - Setting next_dagrun for hn_pipeline to 2026-05-15 10:00:00+00:00, run_after=2026-05-15 11:00:00+00:00
[2026-05-15T10:14:30.922+0000] {processor.py:183} INFO - Processing /opt/airflow/dags/hn_pipeline_dag.py took 0.059 seconds
[2026-05-15T10:15:01.181+0000] {processor.py:161} INFO - Started process (PID=731) to work on /opt/airflow/dags/hn_pipeline_dag.py
[2026-05-15T10:15:01.182+0000] {processor.py:830} INFO - Processing file /opt/airflow/dags/hn_pipeline_dag.py for tasks to queue
[2026-05-15T10:15:01.183+0000] {logging_mixin.py:188} INFO - [2026-05-15T10:15:01.183+0000] {dagbag.py:538} INFO - Filling up the DagBag from /opt/airflow/dags/hn_pipeline_dag.py
[2026-05-15T10:15:01.198+0000] {processor.py:840} INFO - DAG(s) 'hn_pipeline' retrieved from /opt/airflow/dags/hn_pipeline_dag.py
[2026-05-15T10:15:01.218+0000] {logging_mixin.py:188} INFO - [2026-05-15T10:15:01.218+0000] {dag.py:3036} INFO - Sync 1 DAGs
[2026-05-15T10:15:01.230+0000] {logging_mixin.py:188} INFO - [2026-05-15T10:15:01.230+0000] {dag.py:3823} INFO - Setting next_dagrun for hn_pipeline to 2026-05-15 10:00:00+00:00, run_after=2026-05-15 11:00:00+00:00
[2026-05-15T10:15:01.238+0000] {processor.py:183} INFO - Processing /opt/airflow/dags/hn_pipeline_dag.py took 0.062 seconds
[2026-05-15T10:15:31.496+0000] {processor.py:161} INFO - Started process (PID=736) to work on /opt/airflow/dags/hn_pipeline_dag.py
[2026-05-15T10:15:31.497+0000] {processor.py:830} INFO - Processing file /opt/airflow/dags/hn_pipeline_dag.py for tasks to queue
[2026-05-15T10:15:31.498+0000] {logging_mixin.py:188} INFO - [2026-05-15T10:15:31.498+0000] {dagbag.py:538} INFO - Filling up the DagBag from /opt/airflow/dags/hn_pipeline_dag.py
[2026-05-15T10:15:31.511+0000] {processor.py:840} INFO - DAG(s) 'hn_pipeline' retrieved from /opt/airflow/dags/hn_pipeline_dag.py
[2026-05-15T10:15:31.529+0000] {logging_mixin.py:188} INFO - [2026-05-15T10:15:31.529+0000] {dag.py:3036} INFO - Sync 1 DAGs
[2026-05-15T10:15:31.540+0000] {logging_mixin.py:188} INFO - [2026-05-15T10:15:31.540+0000] {dag.py:3823} INFO - Setting next_dagrun for hn_pipeline to 2026-05-15 10:00:00+00:00, run_after=2026-05-15 11:00:00+00:00
[2026-05-15T10:15:31.548+0000] {processor.py:183} INFO - Processing /opt/airflow/dags/hn_pipeline_dag.py took 0.056 seconds
[2026-05-15T10:16:01.829+0000] {processor.py:161} INFO - Started process (PID=741) to work on /opt/airflow/dags/hn_pipeline_dag.py
[2026-05-15T10:16:01.830+0000] {processor.py:830} INFO - Processing file /opt/airflow/dags/hn_pipeline_dag.py for tasks to queue
[2026-05-15T10:16:01.831+0000] {logging_mixin.py:188} INFO - [2026-05-15T10:16:01.831+0000] {dagbag.py:538} INFO - Filling up the DagBag from /opt/airflow/dags/hn_pipeline_dag.py
[2026-05-15T10:16:01.849+0000] {processor.py:840} INFO - DAG(s) 'hn_pipeline' retrieved from /opt/airflow/dags/hn_pipeline_dag.py
[2026-05-15T10:16:01.872+0000] {logging_mixin.py:188} INFO - [2026-05-15T10:16:01.872+0000] {dag.py:3036} INFO - Sync 1 DAGs
[2026-05-15T10:16:01.884+0000] {logging_mixin.py:188} INFO - [2026-05-15T10:16:01.884+0000] {dag.py:3823} INFO - Setting next_dagrun for hn_pipeline to 2026-05-15 10:00:00+00:00, run_after=2026-05-15 11:00:00+00:00
[2026-05-15T10:16:01.892+0000] {processor.py:183} INFO - Processing /opt/airflow/dags/hn_pipeline_dag.py took 0.069 seconds
[2026-05-15T10:16:32.151+0000] {processor.py:161} INFO - Started process (PID=746) to work on /opt/airflow/dags/hn_pipeline_dag.py
[2026-05-15T10:16:32.152+0000] {processor.py:830} INFO - Processing file /opt/airflow/dags/hn_pipeline_dag.py for tasks to queue
[2026-05-15T10:16:32.153+0000] {logging_mixin.py:188} INFO - [2026-05-15T10:16:32.153+0000] {dagbag.py:538} INFO - Filling up the DagBag from /opt/airflow/dags/hn_pipeline_dag.py
[2026-05-15T10:16:32.168+0000] {processor.py:840} INFO - DAG(s) 'hn_pipeline' retrieved from /opt/airflow/dags/hn_pipeline_dag.py
[2026-05-15T10:16:32.189+0000] {logging_mixin.py:188} INFO - [2026-05-15T10:16:32.189+0000] {dag.py:3036} INFO - Sync 1 DAGs
[2026-05-15T10:16:32.200+0000] {logging_mixin.py:188} INFO - [2026-05-15T10:16:32.200+0000] {dag.py:3823} INFO - Setting next_dagrun for hn_pipeline to 2026-05-15 10:00:00+00:00, run_after=2026-05-15 11:00:00+00:00
[2026-05-15T10:16:32.207+0000] {processor.py:183} INFO - Processing /opt/airflow/dags/hn_pipeline_dag.py took 0.060 seconds
[2026-05-15T10:17:02.474+0000] {processor.py:161} INFO - Started process (PID=751) to work on /opt/airflow/dags/hn_pipeline_dag.py
[2026-05-15T10:17:02.475+0000] {processor.py:830} INFO - Processing file /opt/airflow/dags/hn_pipeline_dag.py for tasks to queue
[2026-05-15T10:17:02.476+0000] {logging_mixin.py:188} INFO - [2026-05-15T10:17:02.475+0000] {dagbag.py:538} INFO - Filling up the DagBag from /opt/airflow/dags/hn_pipeline_dag.py
[2026-05-15T10:17:02.488+0000] {processor.py:840} INFO - DAG(s) 'hn_pipeline' retrieved from /opt/airflow/dags/hn_pipeline_dag.py
[2026-05-15T10:17:02.505+0000] {logging_mixin.py:188} INFO - [2026-05-15T10:17:02.505+0000] {dag.py:3036} INFO - Sync 1 DAGs
[2026-05-15T10:17:02.516+0000] {logging_mixin.py:188} INFO - [2026-05-15T10:17:02.516+0000] {dag.py:3823} INFO - Setting next_dagrun for hn_pipeline to 2026-05-15 10:00:00+00:00, run_after=2026-05-15 11:00:00+00:00
[2026-05-15T10:17:02.524+0000] {processor.py:183} INFO - Processing /opt/airflow/dags/hn_pipeline_dag.py took 0.054 seconds
[2026-05-15T10:17:32.801+0000] {processor.py:161} INFO - Started process (PID=756) to work on /opt/airflow/dags/hn_pipeline_dag.py
[2026-05-15T10:17:32.802+0000] {processor.py:830} INFO - Processing file /opt/airflow/dags/hn_pipeline_dag.py for tasks to queue
[2026-05-15T10:17:32.803+0000] {logging_mixin.py:188} INFO - [2026-05-15T10:17:32.803+0000] {dagbag.py:538} INFO - Filling up the DagBag from /opt/airflow/dags/hn_pipeline_dag.py
[2026-05-15T10:17:32.818+0000] {processor.py:840} INFO - DAG(s) 'hn_pipeline' retrieved from /opt/airflow/dags/hn_pipeline_dag.py
[2026-05-15T10:17:32.834+0000] {logging_mixin.py:188} INFO - [2026-05-15T10:17:32.834+0000] {dag.py:3036} INFO - Sync 1 DAGs
[2026-05-15T10:17:32.848+0000] {logging_mixin.py:188} INFO - [2026-05-15T10:17:32.848+0000] {dag.py:3823} INFO - Setting next_dagrun for hn_pipeline to 2026-05-15 10:00:00+00:00, run_after=2026-05-15 11:00:00+00:00
[2026-05-15T10:17:32.855+0000] {processor.py:183} INFO - Processing /opt/airflow/dags/hn_pipeline_dag.py took 0.058 seconds
[2026-05-15T10:18:03.086+0000] {processor.py:161} INFO - Started process (PID=761) to work on /opt/airflow/dags/hn_pipeline_dag.py
[2026-05-15T10:18:03.088+0000] {processor.py:830} INFO - Processing file /opt/airflow/dags/hn_pipeline_dag.py for tasks to queue
[2026-05-15T10:18:03.089+0000] {logging_mixin.py:188} INFO - [2026-05-15T10:18:03.088+0000] {dagbag.py:538} INFO - Filling up the DagBag from /opt/airflow/dags/hn_pipeline_dag.py
[2026-05-15T10:18:03.101+0000] {processor.py:840} INFO - DAG(s) 'hn_pipeline' retrieved from /opt/airflow/dags/hn_pipeline_dag.py
[2026-05-15T10:18:03.118+0000] {logging_mixin.py:188} INFO - [2026-05-15T10:18:03.118+0000] {dag.py:3036} INFO - Sync 1 DAGs
[2026-05-15T10:18:03.130+0000] {logging_mixin.py:188} INFO - [2026-05-15T10:18:03.130+0000] {dag.py:3823} INFO - Setting next_dagrun for hn_pipeline to 2026-05-15 10:00:00+00:00, run_after=2026-05-15 11:00:00+00:00
[2026-05-15T10:18:03.137+0000] {processor.py:183} INFO - Processing /opt/airflow/dags/hn_pipeline_dag.py took 0.055 seconds
[2026-05-15T10:18:33.334+0000] {processor.py:161} INFO - Started process (PID=766) to work on /opt/airflow/dags/hn_pipeline_dag.py
[2026-05-15T10:18:33.335+0000] {processor.py:830} INFO - Processing file /opt/airflow/dags/hn_pipeline_dag.py for tasks to queue
[2026-05-15T10:18:33.337+0000] {logging_mixin.py:188} INFO - [2026-05-15T10:18:33.337+0000] {dagbag.py:538} INFO - Filling up the DagBag from /opt/airflow/dags/hn_pipeline_dag.py
[2026-05-15T10:18:33.348+0000] {processor.py:840} INFO - DAG(s) 'hn_pipeline' retrieved from /opt/airflow/dags/hn_pipeline_dag.py
[2026-05-15T10:18:33.364+0000] {logging_mixin.py:188} INFO - [2026-05-15T10:18:33.363+0000] {dag.py:3036} INFO - Sync 1 DAGs
[2026-05-15T10:18:33.374+0000] {logging_mixin.py:188} INFO - [2026-05-15T10:18:33.374+0000] {dag.py:3823} INFO - Setting next_dagrun for hn_pipeline to 2026-05-15 10:00:00+00:00, run_after=2026-05-15 11:00:00+00:00
[2026-05-15T10:18:33.382+0000] {processor.py:183} INFO - Processing /opt/airflow/dags/hn_pipeline_dag.py took 0.051 seconds
[2026-05-15T10:19:03.610+0000] {processor.py:161} INFO - Started process (PID=771) to work on /opt/airflow/dags/hn_pipeline_dag.py
[2026-05-15T10:19:03.611+0000] {processor.py:830} INFO - Processing file /opt/airflow/dags/hn_pipeline_dag.py for tasks to queue
[2026-05-15T10:19:03.612+0000] {logging_mixin.py:188} INFO - [2026-05-15T10:19:03.612+0000] {dagbag.py:538} INFO - Filling up the DagBag from /opt/airflow/dags/hn_pipeline_dag.py
[2026-05-15T10:19:03.622+0000] {processor.py:840} INFO - DAG(s) 'hn_pipeline' retrieved from /opt/airflow/dags/hn_pipeline_dag.py
[2026-05-15T10:19:03.639+0000] {logging_mixin.py:188} INFO - [2026-05-15T10:19:03.639+0000] {dag.py:3036} INFO - Sync 1 DAGs
[2026-05-15T10:19:03.651+0000] {logging_mixin.py:188} INFO - [2026-05-15T10:19:03.650+0000] {dag.py:3823} INFO - Setting next_dagrun for hn_pipeline to 2026-05-15 10:00:00+00:00, run_after=2026-05-15 11:00:00+00:00
[2026-05-15T10:19:03.658+0000] {processor.py:183} INFO - Processing /opt/airflow/dags/hn_pipeline_dag.py took 0.052 seconds
[2026-05-15T10:19:33.878+0000] {processor.py:161} INFO - Started process (PID=776) to work on /opt/airflow/dags/hn_pipeline_dag.py
[2026-05-15T10:19:33.879+0000] {processor.py:830} INFO - Processing file /opt/airflow/dags/hn_pipeline_dag.py for tasks to queue
[2026-05-15T10:19:33.880+0000] {logging_mixin.py:188} INFO - [2026-05-15T10:19:33.880+0000] {dagbag.py:538} INFO - Filling up the DagBag from /opt/airflow/dags/hn_pipeline_dag.py
[2026-05-15T10:19:33.893+0000] {processor.py:840} INFO - DAG(s) 'hn_pipeline' retrieved from /opt/airflow/dags/hn_pipeline_dag.py
[2026-05-15T10:19:33.910+0000] {logging_mixin.py:188} INFO - [2026-05-15T10:19:33.910+0000] {dag.py:3036} INFO - Sync 1 DAGs
[2026-05-15T10:19:33.922+0000] {logging_mixin.py:188} INFO - [2026-05-15T10:19:33.922+0000] {dag.py:3823} INFO - Setting next_dagrun for hn_pipeline to 2026-05-15 10:00:00+00:00, run_after=2026-05-15 11:00:00+00:00
[2026-05-15T10:19:33.930+0000] {processor.py:183} INFO - Processing /opt/airflow/dags/hn_pipeline_dag.py took 0.055 seconds
[2026-05-15T10:20:04.160+0000] {processor.py:161} INFO - Started process (PID=781) to work on /opt/airflow/dags/hn_pipeline_dag.py
[2026-05-15T10:20:04.161+0000] {processor.py:830} INFO - Processing file /opt/airflow/dags/hn_pipeline_dag.py for tasks to queue
[2026-05-15T10:20:04.162+0000] {logging_mixin.py:188} INFO - [2026-05-15T10:20:04.161+0000] {dagbag.py:538} INFO - Filling up the DagBag from /opt/airflow/dags/hn_pipeline_dag.py
[2026-05-15T10:20:04.174+0000] {processor.py:840} INFO - DAG(s) 'hn_pipeline' retrieved from /opt/airflow/dags/hn_pipeline_dag.py
[2026-05-15T10:20:04.193+0000] {logging_mixin.py:188} INFO - [2026-05-15T10:20:04.193+0000] {dag.py:3036} INFO - Sync 1 DAGs
[2026-05-15T10:20:04.205+0000] {logging_mixin.py:188} INFO - [2026-05-15T10:20:04.205+0000] {dag.py:3823} INFO - Setting next_dagrun for hn_pipeline to 2026-05-15 10:00:00+00:00, run_after=2026-05-15 11:00:00+00:00
[2026-05-15T10:20:04.212+0000] {processor.py:183} INFO - Processing /opt/airflow/dags/hn_pipeline_dag.py took 0.057 seconds
[2026-05-15T10:20:34.418+0000] {processor.py:161} INFO - Started process (PID=786) to work on /opt/airflow/dags/hn_pipeline_dag.py
[2026-05-15T10:20:34.419+0000] {processor.py:830} INFO - Processing file /opt/airflow/dags/hn_pipeline_dag.py for tasks to queue
[2026-05-15T10:20:34.420+0000] {logging_mixin.py:188} INFO - [2026-05-15T10:20:34.419+0000] {dagbag.py:538} INFO - Filling up the DagBag from /opt/airflow/dags/hn_pipeline_dag.py
[2026-05-15T10:20:34.433+0000] {processor.py:840} INFO - DAG(s) 'hn_pipeline' retrieved from /opt/airflow/dags/hn_pipeline_dag.py
[2026-05-15T10:20:34.451+0000] {logging_mixin.py:188} INFO - [2026-05-15T10:20:34.451+0000] {dag.py:3036} INFO - Sync 1 DAGs
[2026-05-15T10:20:34.463+0000] {logging_mixin.py:188} INFO - [2026-05-15T10:20:34.463+0000] {dag.py:3823} INFO - Setting next_dagrun for hn_pipeline to 2026-05-15 10:00:00+00:00, run_after=2026-05-15 11:00:00+00:00
[2026-05-15T10:20:34.470+0000] {processor.py:183} INFO - Processing /opt/airflow/dags/hn_pipeline_dag.py took 0.056 seconds
[2026-05-15T10:21:04.721+0000] {processor.py:161} INFO - Started process (PID=791) to work on /opt/airflow/dags/hn_pipeline_dag.py
[2026-05-15T10:21:04.722+0000] {processor.py:830} INFO - Processing file /opt/airflow/dags/hn_pipeline_dag.py for tasks to queue
[2026-05-15T10:21:04.723+0000] {logging_mixin.py:188} INFO - [2026-05-15T10:21:04.723+0000] {dagbag.py:538} INFO - Filling up the DagBag from /opt/airflow/dags/hn_pipeline_dag.py
[2026-05-15T10:21:04.742+0000] {processor.py:840} INFO - DAG(s) 'hn_pipeline' retrieved from /opt/airflow/dags/hn_pipeline_dag.py
[2026-05-15T10:21:04.764+0000] {logging_mixin.py:188} INFO - [2026-05-15T10:21:04.763+0000] {dag.py:3036} INFO - Sync 1 DAGs
[2026-05-15T10:21:04.776+0000] {logging_mixin.py:188} INFO - [2026-05-15T10:21:04.775+0000] {dag.py:3823} INFO - Setting next_dagrun for hn_pipeline to 2026-05-15 10:00:00+00:00, run_after=2026-05-15 11:00:00+00:00
[2026-05-15T10:21:04.784+0000] {processor.py:183} INFO - Processing /opt/airflow/dags/hn_pipeline_dag.py took 0.069 seconds
[2026-05-15T10:21:35.100+0000] {processor.py:161} INFO - Started process (PID=796) to work on /opt/airflow/dags/hn_pipeline_dag.py
[2026-05-15T10:21:35.101+0000] {processor.py:830} INFO - Processing file /opt/airflow/dags/hn_pipeline_dag.py for tasks to queue
[2026-05-15T10:21:35.102+0000] {logging_mixin.py:188} INFO - [2026-05-15T10:21:35.102+0000] {dagbag.py:538} INFO - Filling up the DagBag from /opt/airflow/dags/hn_pipeline_dag.py
[2026-05-15T10:21:35.119+0000] {processor.py:840} INFO - DAG(s) 'hn_pipeline' retrieved from /opt/airflow/dags/hn_pipeline_dag.py
[2026-05-15T10:21:35.140+0000] {logging_mixin.py:188} INFO - [2026-05-15T10:21:35.140+0000] {dag.py:3036} INFO - Sync 1 DAGs
[2026-05-15T10:21:35.153+0000] {logging_mixin.py:188} INFO - [2026-05-15T10:21:35.153+0000] {dag.py:3823} INFO - Setting next_dagrun for hn_pipeline to 2026-05-15 10:00:00+00:00, run_after=2026-05-15 11:00:00+00:00
[2026-05-15T10:21:35.161+0000] {processor.py:183} INFO - Processing /opt/airflow/dags/hn_pipeline_dag.py took 0.066 seconds
[2026-05-15T10:22:05.435+0000] {processor.py:161} INFO - Started process (PID=801) to work on /opt/airflow/dags/hn_pipeline_dag.py
[2026-05-15T10:22:05.436+0000] {processor.py:830} INFO - Processing file /opt/airflow/dags/hn_pipeline_dag.py for tasks to queue
[2026-05-15T10:22:05.437+0000] {logging_mixin.py:188} INFO - [2026-05-15T10:22:05.437+0000] {dagbag.py:538} INFO - Filling up the DagBag from /opt/airflow/dags/hn_pipeline_dag.py
[2026-05-15T10:22:05.450+0000] {processor.py:840} INFO - DAG(s) 'hn_pipeline' retrieved from /opt/airflow/dags/hn_pipeline_dag.py
[2026-05-15T10:22:05.467+0000] {logging_mixin.py:188} INFO - [2026-05-15T10:22:05.467+0000] {dag.py:3036} INFO - Sync 1 DAGs
[2026-05-15T10:22:05.478+0000] {logging_mixin.py:188} INFO - [2026-05-15T10:22:05.478+0000] {dag.py:3823} INFO - Setting next_dagrun for hn_pipeline to 2026-05-15 10:00:00+00:00, run_after=2026-05-15 11:00:00+00:00
[2026-05-15T10:22:05.486+0000] {processor.py:183} INFO - Processing /opt/airflow/dags/hn_pipeline_dag.py took 0.054 seconds
[2026-05-15T10:22:35.741+0000] {processor.py:161} INFO - Started process (PID=806) to work on /opt/airflow/dags/hn_pipeline_dag.py
[2026-05-15T10:22:35.742+0000] {processor.py:830} INFO - Processing file /opt/airflow/dags/hn_pipeline_dag.py for tasks to queue
[2026-05-15T10:22:35.742+0000] {logging_mixin.py:188} INFO - [2026-05-15T10:22:35.742+0000] {dagbag.py:538} INFO - Filling up the DagBag from /opt/airflow/dags/hn_pipeline_dag.py
[2026-05-15T10:22:35.752+0000] {processor.py:840} INFO - DAG(s) 'hn_pipeline' retrieved from /opt/airflow/dags/hn_pipeline_dag.py
[2026-05-15T10:22:35.766+0000] {logging_mixin.py:188} INFO - [2026-05-15T10:22:35.766+0000] {dag.py:3036} INFO - Sync 1 DAGs
[2026-05-15T10:22:35.776+0000] {logging_mixin.py:188} INFO - [2026-05-15T10:22:35.776+0000] {dag.py:3823} INFO - Setting next_dagrun for hn_pipeline to 2026-05-15 10:00:00+00:00, run_after=2026-05-15 11:00:00+00:00
[2026-05-15T10:22:35.784+0000] {processor.py:183} INFO - Processing /opt/airflow/dags/hn_pipeline_dag.py took 0.045 seconds
[2026-05-15T10:23:06.074+0000] {processor.py:161} INFO - Started process (PID=811) to work on /opt/airflow/dags/hn_pipeline_dag.py
[2026-05-15T10:23:06.075+0000] {processor.py:830} INFO - Processing file /opt/airflow/dags/hn_pipeline_dag.py for tasks to queue
[2026-05-15T10:23:06.075+0000] {logging_mixin.py:188} INFO - [2026-05-15T10:23:06.075+0000] {dagbag.py:538} INFO - Filling up the DagBag from /opt/airflow/dags/hn_pipeline_dag.py
[2026-05-15T10:23:06.083+0000] {processor.py:840} INFO - DAG(s) 'hn_pipeline' retrieved from /opt/airflow/dags/hn_pipeline_dag.py
[2026-05-15T10:23:06.096+0000] {logging_mixin.py:188} INFO - [2026-05-15T10:23:06.096+0000] {dag.py:3036} INFO - Sync 1 DAGs
[2026-05-15T10:23:06.108+0000] {logging_mixin.py:188} INFO - [2026-05-15T10:23:06.108+0000] {dag.py:3823} INFO - Setting next_dagrun for hn_pipeline to 2026-05-15 10:00:00+00:00, run_after=2026-05-15 11:00:00+00:00
[2026-05-15T10:23:06.116+0000] {processor.py:183} INFO - Processing /opt/airflow/dags/hn_pipeline_dag.py took 0.044 seconds
[2026-05-15T10:23:36.449+0000] {processor.py:161} INFO - Started process (PID=816) to work on /opt/airflow/dags/hn_pipeline_dag.py
[2026-05-15T10:23:36.452+0000] {processor.py:830} INFO - Processing file /opt/airflow/dags/hn_pipeline_dag.py for tasks to queue
[2026-05-15T10:23:36.453+0000] {logging_mixin.py:188} INFO - [2026-05-15T10:23:36.453+0000] {dagbag.py:538} INFO - Filling up the DagBag from /opt/airflow/dags/hn_pipeline_dag.py
[2026-05-15T10:23:36.467+0000] {processor.py:840} INFO - DAG(s) 'hn_pipeline' retrieved from /opt/airflow/dags/hn_pipeline_dag.py
[2026-05-15T10:23:36.483+0000] {logging_mixin.py:188} INFO - [2026-05-15T10:23:36.483+0000] {dag.py:3036} INFO - Sync 1 DAGs
[2026-05-15T10:23:36.494+0000] {logging_mixin.py:188} INFO - [2026-05-15T10:23:36.494+0000] {dag.py:3823} INFO - Setting next_dagrun for hn_pipeline to 2026-05-15 10:00:00+00:00, run_after=2026-05-15 11:00:00+00:00
[2026-05-15T10:23:36.501+0000] {processor.py:183} INFO - Processing /opt/airflow/dags/hn_pipeline_dag.py took 0.055 seconds
[2026-05-15T10:24:06.809+0000] {processor.py:161} INFO - Started process (PID=821) to work on /opt/airflow/dags/hn_pipeline_dag.py
[2026-05-15T10:24:06.810+0000] {processor.py:830} INFO - Processing file /opt/airflow/dags/hn_pipeline_dag.py for tasks to queue
[2026-05-15T10:24:06.811+0000] {logging_mixin.py:188} INFO - [2026-05-15T10:24:06.811+0000] {dagbag.py:538} INFO - Filling up the DagBag from /opt/airflow/dags/hn_pipeline_dag.py
[2026-05-15T10:24:06.828+0000] {processor.py:840} INFO - DAG(s) 'hn_pipeline' retrieved from /opt/airflow/dags/hn_pipeline_dag.py
[2026-05-15T10:24:06.849+0000] {logging_mixin.py:188} INFO - [2026-05-15T10:24:06.849+0000] {dag.py:3036} INFO - Sync 1 DAGs
[2026-05-15T10:24:06.862+0000] {logging_mixin.py:188} INFO - [2026-05-15T10:24:06.861+0000] {dag.py:3823} INFO - Setting next_dagrun for hn_pipeline to 2026-05-15 10:00:00+00:00, run_after=2026-05-15 11:00:00+00:00
[2026-05-15T10:24:06.868+0000] {processor.py:183} INFO - Processing /opt/airflow/dags/hn_pipeline_dag.py took 0.064 seconds
[2026-05-15T10:32:58.832+0000] {processor.py:161} INFO - Started process (PID=828) to work on /opt/airflow/dags/hn_pipeline_dag.py
[2026-05-15T10:32:58.834+0000] {processor.py:830} INFO - Processing file /opt/airflow/dags/hn_pipeline_dag.py for tasks to queue
[2026-05-15T10:32:58.837+0000] {logging_mixin.py:188} INFO - [2026-05-15T10:32:58.834+0000] {dagbag.py:538} INFO - Filling up the DagBag from /opt/airflow/dags/hn_pipeline_dag.py
[2026-05-15T10:32:58.868+0000] {processor.py:840} INFO - DAG(s) 'hn_pipeline' retrieved from /opt/airflow/dags/hn_pipeline_dag.py
[2026-05-15T10:32:58.941+0000] {logging_mixin.py:188} INFO - [2026-05-15T10:32:58.940+0000] {dag.py:3036} INFO - Sync 1 DAGs
[2026-05-15T10:32:58.982+0000] {logging_mixin.py:188} INFO - [2026-05-15T10:32:58.981+0000] {dag.py:3823} INFO - Setting next_dagrun for hn_pipeline to 2026-05-15 10:00:00+00:00, run_after=2026-05-15 11:00:00+00:00
[2026-05-15T10:32:59.040+0000] {processor.py:183} INFO - Processing /opt/airflow/dags/hn_pipeline_dag.py took 0.226 seconds
[2026-05-15T10:33:29.157+0000] {processor.py:161} INFO - Started process (PID=833) to work on /opt/airflow/dags/hn_pipeline_dag.py
[2026-05-15T10:33:29.158+0000] {processor.py:830} INFO - Processing file /opt/airflow/dags/hn_pipeline_dag.py for tasks to queue
[2026-05-15T10:33:29.158+0000] {logging_mixin.py:188} INFO - [2026-05-15T10:33:29.158+0000] {dagbag.py:538} INFO - Filling up the DagBag from /opt/airflow/dags/hn_pipeline_dag.py
[2026-05-15T10:33:29.172+0000] {processor.py:840} INFO - DAG(s) 'hn_pipeline' retrieved from /opt/airflow/dags/hn_pipeline_dag.py
[2026-05-15T10:33:29.201+0000] {logging_mixin.py:188} INFO - [2026-05-15T10:33:29.201+0000] {dag.py:3036} INFO - Sync 1 DAGs
[2026-05-15T10:33:29.213+0000] {logging_mixin.py:188} INFO - [2026-05-15T10:33:29.213+0000] {dag.py:3823} INFO - Setting next_dagrun for hn_pipeline to 2026-05-15 10:00:00+00:00, run_after=2026-05-15 11:00:00+00:00
[2026-05-15T10:33:29.221+0000] {processor.py:183} INFO - Processing /opt/airflow/dags/hn_pipeline_dag.py took 0.068 seconds
[2026-05-15T10:33:59.534+0000] {processor.py:161} INFO - Started process (PID=838) to work on /opt/airflow/dags/hn_pipeline_dag.py
[2026-05-15T10:33:59.535+0000] {processor.py:830} INFO - Processing file /opt/airflow/dags/hn_pipeline_dag.py for tasks to queue
[2026-05-15T10:33:59.537+0000] {logging_mixin.py:188} INFO - [2026-05-15T10:33:59.536+0000] {dagbag.py:538} INFO - Filling up the DagBag from /opt/airflow/dags/hn_pipeline_dag.py
[2026-05-15T10:33:59.552+0000] {processor.py:840} INFO - DAG(s) 'hn_pipeline' retrieved from /opt/airflow/dags/hn_pipeline_dag.py
[2026-05-15T10:33:59.572+0000] {logging_mixin.py:188} INFO - [2026-05-15T10:33:59.572+0000] {dag.py:3036} INFO - Sync 1 DAGs
[2026-05-15T10:33:59.584+0000] {logging_mixin.py:188} INFO - [2026-05-15T10:33:59.584+0000] {dag.py:3823} INFO - Setting next_dagrun for hn_pipeline to 2026-05-15 10:00:00+00:00, run_after=2026-05-15 11:00:00+00:00
[2026-05-15T10:33:59.592+0000] {processor.py:183} INFO - Processing /opt/airflow/dags/hn_pipeline_dag.py took 0.062 seconds
[2026-05-15T10:34:29.859+0000] {processor.py:161} INFO - Started process (PID=843) to work on /opt/airflow/dags/hn_pipeline_dag.py
[2026-05-15T10:34:29.861+0000] {processor.py:830} INFO - Processing file /opt/airflow/dags/hn_pipeline_dag.py for tasks to queue
[2026-05-15T10:34:29.862+0000] {logging_mixin.py:188} INFO - [2026-05-15T10:34:29.861+0000] {dagbag.py:538} INFO - Filling up the DagBag from /opt/airflow/dags/hn_pipeline_dag.py
[2026-05-15T10:34:29.876+0000] {processor.py:840} INFO - DAG(s) 'hn_pipeline' retrieved from /opt/airflow/dags/hn_pipeline_dag.py
[2026-05-15T10:34:29.896+0000] {logging_mixin.py:188} INFO - [2026-05-15T10:34:29.896+0000] {dag.py:3036} INFO - Sync 1 DAGs
[2026-05-15T10:34:29.908+0000] {logging_mixin.py:188} INFO - [2026-05-15T10:34:29.908+0000] {dag.py:3823} INFO - Setting next_dagrun for hn_pipeline to 2026-05-15 10:00:00+00:00, run_after=2026-05-15 11:00:00+00:00
[2026-05-15T10:34:29.916+0000] {processor.py:183} INFO - Processing /opt/airflow/dags/hn_pipeline_dag.py took 0.061 seconds
[2026-05-15T10:35:00.182+0000] {processor.py:161} INFO - Started process (PID=848) to work on /opt/airflow/dags/hn_pipeline_dag.py
[2026-05-15T10:35:00.183+0000] {processor.py:830} INFO - Processing file /opt/airflow/dags/hn_pipeline_dag.py for tasks to queue
[2026-05-15T10:35:00.184+0000] {logging_mixin.py:188} INFO - [2026-05-15T10:35:00.184+0000] {dagbag.py:538} INFO - Filling up the DagBag from /opt/airflow/dags/hn_pipeline_dag.py
[2026-05-15T10:35:00.197+0000] {processor.py:840} INFO - DAG(s) 'hn_pipeline' retrieved from /opt/airflow/dags/hn_pipeline_dag.py
[2026-05-15T10:35:00.214+0000] {logging_mixin.py:188} INFO - [2026-05-15T10:35:00.214+0000] {dag.py:3036} INFO - Sync 1 DAGs
[2026-05-15T10:35:00.225+0000] {logging_mixin.py:188} INFO - [2026-05-15T10:35:00.225+0000] {dag.py:3823} INFO - Setting next_dagrun for hn_pipeline to 2026-05-15 10:00:00+00:00, run_after=2026-05-15 11:00:00+00:00
[2026-05-15T10:35:00.233+0000] {processor.py:183} INFO - Processing /opt/airflow/dags/hn_pipeline_dag.py took 0.054 seconds
[2026-05-15T10:35:30.492+0000] {processor.py:161} INFO - Started process (PID=853) to work on /opt/airflow/dags/hn_pipeline_dag.py
[2026-05-15T10:35:30.493+0000] {processor.py:830} INFO - Processing file /opt/airflow/dags/hn_pipeline_dag.py for tasks to queue
[2026-05-15T10:35:30.494+0000] {logging_mixin.py:188} INFO - [2026-05-15T10:35:30.494+0000] {dagbag.py:538} INFO - Filling up the DagBag from /opt/airflow/dags/hn_pipeline_dag.py
[2026-05-15T10:35:30.510+0000] {processor.py:840} INFO - DAG(s) 'hn_pipeline' retrieved from /opt/airflow/dags/hn_pipeline_dag.py
[2026-05-15T10:35:30.531+0000] {logging_mixin.py:188} INFO - [2026-05-15T10:35:30.531+0000] {dag.py:3036} INFO - Sync 1 DAGs
[2026-05-15T10:35:30.542+0000] {logging_mixin.py:188} INFO - [2026-05-15T10:35:30.542+0000] {dag.py:3823} INFO - Setting next_dagrun for hn_pipeline to 2026-05-15 10:00:00+00:00, run_after=2026-05-15 11:00:00+00:00
[2026-05-15T10:35:30.550+0000] {processor.py:183} INFO - Processing /opt/airflow/dags/hn_pipeline_dag.py took 0.063 seconds
[2026-05-15T10:36:00.836+0000] {processor.py:161} INFO - Started process (PID=858) to work on /opt/airflow/dags/hn_pipeline_dag.py
[2026-05-15T10:36:00.837+0000] {processor.py:830} INFO - Processing file /opt/airflow/dags/hn_pipeline_dag.py for tasks to queue
[2026-05-15T10:36:00.838+0000] {logging_mixin.py:188} INFO - [2026-05-15T10:36:00.838+0000] {dagbag.py:538} INFO - Filling up the DagBag from /opt/airflow/dags/hn_pipeline_dag.py
[2026-05-15T10:36:00.852+0000] {processor.py:840} INFO - DAG(s) 'hn_pipeline' retrieved from /opt/airflow/dags/hn_pipeline_dag.py
[2026-05-15T10:36:00.873+0000] {logging_mixin.py:188} INFO - [2026-05-15T10:36:00.873+0000] {dag.py:3036} INFO - Sync 1 DAGs
[2026-05-15T10:36:00.885+0000] {logging_mixin.py:188} INFO - [2026-05-15T10:36:00.885+0000] {dag.py:3823} INFO - Setting next_dagrun for hn_pipeline to 2026-05-15 10:00:00+00:00, run_after=2026-05-15 11:00:00+00:00
[2026-05-15T10:36:00.892+0000] {processor.py:183} INFO - Processing /opt/airflow/dags/hn_pipeline_dag.py took 0.060 seconds
[2026-05-15T10:36:31.193+0000] {processor.py:161} INFO - Started process (PID=863) to work on /opt/airflow/dags/hn_pipeline_dag.py
[2026-05-15T10:36:31.195+0000] {processor.py:830} INFO - Processing file /opt/airflow/dags/hn_pipeline_dag.py for tasks to queue
[2026-05-15T10:36:31.196+0000] {logging_mixin.py:188} INFO - [2026-05-15T10:36:31.195+0000] {dagbag.py:538} INFO - Filling up the DagBag from /opt/airflow/dags/hn_pipeline_dag.py
[2026-05-15T10:36:31.210+0000] {processor.py:840} INFO - DAG(s) 'hn_pipeline' retrieved from /opt/airflow/dags/hn_pipeline_dag.py
[2026-05-15T10:36:31.232+0000] {logging_mixin.py:188} INFO - [2026-05-15T10:36:31.232+0000] {dag.py:3036} INFO - Sync 1 DAGs
[2026-05-15T10:36:31.243+0000] {logging_mixin.py:188} INFO - [2026-05-15T10:36:31.243+0000] {dag.py:3823} INFO - Setting next_dagrun for hn_pipeline to 2026-05-15 10:00:00+00:00, run_after=2026-05-15 11:00:00+00:00
[2026-05-15T10:36:31.250+0000] {processor.py:183} INFO - Processing /opt/airflow/dags/hn_pipeline_dag.py took 0.061 seconds
[2026-05-15T10:37:01.535+0000] {processor.py:161} INFO - Started process (PID=868) to work on /opt/airflow/dags/hn_pipeline_dag.py
[2026-05-15T10:37:01.536+0000] {processor.py:830} INFO - Processing file /opt/airflow/dags/hn_pipeline_dag.py for tasks to queue
[2026-05-15T10:37:01.536+0000] {logging_mixin.py:188} INFO - [2026-05-15T10:37:01.536+0000] {dagbag.py:538} INFO - Filling up the DagBag from /opt/airflow/dags/hn_pipeline_dag.py
[2026-05-15T10:37:01.544+0000] {processor.py:840} INFO - DAG(s) 'hn_pipeline' retrieved from /opt/airflow/dags/hn_pipeline_dag.py
[2026-05-15T10:37:01.560+0000] {logging_mixin.py:188} INFO - [2026-05-15T10:37:01.560+0000] {dag.py:3036} INFO - Sync 1 DAGs
[2026-05-15T10:37:01.575+0000] {logging_mixin.py:188} INFO - [2026-05-15T10:37:01.575+0000] {dag.py:3823} INFO - Setting next_dagrun for hn_pipeline to 2026-05-15 10:00:00+00:00, run_after=2026-05-15 11:00:00+00:00
[2026-05-15T10:37:01.585+0000] {processor.py:183} INFO - Processing /opt/airflow/dags/hn_pipeline_dag.py took 0.052 seconds
[2026-05-15T10:37:31.934+0000] {processor.py:161} INFO - Started process (PID=873) to work on /opt/airflow/dags/hn_pipeline_dag.py
[2026-05-15T10:37:31.935+0000] {processor.py:830} INFO - Processing file /opt/airflow/dags/hn_pipeline_dag.py for tasks to queue
[2026-05-15T10:37:31.936+0000] {logging_mixin.py:188} INFO - [2026-05-15T10:37:31.936+0000] {dagbag.py:538} INFO - Filling up the DagBag from /opt/airflow/dags/hn_pipeline_dag.py
[2026-05-15T10:37:31.950+0000] {processor.py:840} INFO - DAG(s) 'hn_pipeline' retrieved from /opt/airflow/dags/hn_pipeline_dag.py
[2026-05-15T10:37:31.970+0000] {logging_mixin.py:188} INFO - [2026-05-15T10:37:31.970+0000] {dag.py:3036} INFO - Sync 1 DAGs
[2026-05-15T10:37:32.018+0000] {logging_mixin.py:188} INFO - [2026-05-15T10:37:32.018+0000] {dag.py:3823} INFO - Setting next_dagrun for hn_pipeline to 2026-05-15 10:00:00+00:00, run_after=2026-05-15 11:00:00+00:00
[2026-05-15T10:37:32.031+0000] {processor.py:183} INFO - Processing /opt/airflow/dags/hn_pipeline_dag.py took 0.101 seconds
[2026-05-15T10:38:02.304+0000] {processor.py:161} INFO - Started process (PID=878) to work on /opt/airflow/dags/hn_pipeline_dag.py
[2026-05-15T10:38:02.305+0000] {processor.py:830} INFO - Processing file /opt/airflow/dags/hn_pipeline_dag.py for tasks to queue
[2026-05-15T10:38:02.306+0000] {logging_mixin.py:188} INFO - [2026-05-15T10:38:02.306+0000] {dagbag.py:538} INFO - Filling up the DagBag from /opt/airflow/dags/hn_pipeline_dag.py
[2026-05-15T10:38:02.320+0000] {processor.py:840} INFO - DAG(s) 'hn_pipeline' retrieved from /opt/airflow/dags/hn_pipeline_dag.py
[2026-05-15T10:38:02.340+0000] {logging_mixin.py:188} INFO - [2026-05-15T10:38:02.340+0000] {dag.py:3036} INFO - Sync 1 DAGs
[2026-05-15T10:38:02.351+0000] {logging_mixin.py:188} INFO - [2026-05-15T10:38:02.351+0000] {dag.py:3823} INFO - Setting next_dagrun for hn_pipeline to 2026-05-15 10:00:00+00:00, run_after=2026-05-15 11:00:00+00:00
[2026-05-15T10:38:02.358+0000] {processor.py:183} INFO - Processing /opt/airflow/dags/hn_pipeline_dag.py took 0.058 seconds
[2026-05-15T10:38:32.687+0000] {processor.py:161} INFO - Started process (PID=883) to work on /opt/airflow/dags/hn_pipeline_dag.py
[2026-05-15T10:38:32.688+0000] {processor.py:830} INFO - Processing file /opt/airflow/dags/hn_pipeline_dag.py for tasks to queue
[2026-05-15T10:38:32.689+0000] {logging_mixin.py:188} INFO - [2026-05-15T10:38:32.689+0000] {dagbag.py:538} INFO - Filling up the DagBag from /opt/airflow/dags/hn_pipeline_dag.py
[2026-05-15T10:38:32.703+0000] {processor.py:840} INFO - DAG(s) 'hn_pipeline' retrieved from /opt/airflow/dags/hn_pipeline_dag.py
[2026-05-15T10:38:32.724+0000] {logging_mixin.py:188} INFO - [2026-05-15T10:38:32.724+0000] {dag.py:3036} INFO - Sync 1 DAGs
[2026-05-15T10:38:32.735+0000] {logging_mixin.py:188} INFO - [2026-05-15T10:38:32.735+0000] {dag.py:3823} INFO - Setting next_dagrun for hn_pipeline to 2026-05-15 10:00:00+00:00, run_after=2026-05-15 11:00:00+00:00
[2026-05-15T10:38:32.742+0000] {processor.py:183} INFO - Processing /opt/airflow/dags/hn_pipeline_dag.py took 0.059 seconds
[2026-05-15T10:39:03.070+0000] {processor.py:161} INFO - Started process (PID=888) to work on /opt/airflow/dags/hn_pipeline_dag.py
[2026-05-15T10:39:03.072+0000] {processor.py:830} INFO - Processing file /opt/airflow/dags/hn_pipeline_dag.py for tasks to queue
[2026-05-15T10:39:03.073+0000] {logging_mixin.py:188} INFO - [2026-05-15T10:39:03.072+0000] {dagbag.py:538} INFO - Filling up the DagBag from /opt/airflow/dags/hn_pipeline_dag.py
[2026-05-15T10:39:03.087+0000] {processor.py:840} INFO - DAG(s) 'hn_pipeline' retrieved from /opt/airflow/dags/hn_pipeline_dag.py
[2026-05-15T10:39:03.107+0000] {logging_mixin.py:188} INFO - [2026-05-15T10:39:03.107+0000] {dag.py:3036} INFO - Sync 1 DAGs
[2026-05-15T10:39:03.118+0000] {logging_mixin.py:188} INFO - [2026-05-15T10:39:03.118+0000] {dag.py:3823} INFO - Setting next_dagrun for hn_pipeline to 2026-05-15 10:00:00+00:00, run_after=2026-05-15 11:00:00+00:00
[2026-05-15T10:39:03.125+0000] {processor.py:183} INFO - Processing /opt/airflow/dags/hn_pipeline_dag.py took 0.058 seconds
[2026-05-15T10:39:33.459+0000] {processor.py:161} INFO - Started process (PID=893) to work on /opt/airflow/dags/hn_pipeline_dag.py
[2026-05-15T10:39:33.460+0000] {processor.py:830} INFO - Processing file /opt/airflow/dags/hn_pipeline_dag.py for tasks to queue
[2026-05-15T10:39:33.461+0000] {logging_mixin.py:188} INFO - [2026-05-15T10:39:33.461+0000] {dagbag.py:538} INFO - Filling up the DagBag from /opt/airflow/dags/hn_pipeline_dag.py
[2026-05-15T10:39:33.478+0000] {processor.py:840} INFO - DAG(s) 'hn_pipeline' retrieved from /opt/airflow/dags/hn_pipeline_dag.py
[2026-05-15T10:39:33.499+0000] {logging_mixin.py:188} INFO - [2026-05-15T10:39:33.499+0000] {dag.py:3036} INFO - Sync 1 DAGs
[2026-05-15T10:39:33.511+0000] {logging_mixin.py:188} INFO - [2026-05-15T10:39:33.511+0000] {dag.py:3823} INFO - Setting next_dagrun for hn_pipeline to 2026-05-15 10:00:00+00:00, run_after=2026-05-15 11:00:00+00:00
[2026-05-15T10:39:33.519+0000] {processor.py:183} INFO - Processing /opt/airflow/dags/hn_pipeline_dag.py took 0.065 seconds
[2026-05-15T10:40:03.792+0000] {processor.py:161} INFO - Started process (PID=898) to work on /opt/airflow/dags/hn_pipeline_dag.py
[2026-05-15T10:40:03.793+0000] {processor.py:830} INFO - Processing file /opt/airflow/dags/hn_pipeline_dag.py for tasks to queue
[2026-05-15T10:40:03.794+0000] {logging_mixin.py:188} INFO - [2026-05-15T10:40:03.793+0000] {dagbag.py:538} INFO - Filling up the DagBag from /opt/airflow/dags/hn_pipeline_dag.py
[2026-05-15T10:40:03.808+0000] {processor.py:840} INFO - DAG(s) 'hn_pipeline' retrieved from /opt/airflow/dags/hn_pipeline_dag.py
[2026-05-15T10:40:03.827+0000] {logging_mixin.py:188} INFO - [2026-05-15T10:40:03.827+0000] {dag.py:3036} INFO - Sync 1 DAGs
[2026-05-15T10:40:03.839+0000] {logging_mixin.py:188} INFO - [2026-05-15T10:40:03.839+0000] {dag.py:3823} INFO - Setting next_dagrun for hn_pipeline to 2026-05-15 10:00:00+00:00, run_after=2026-05-15 11:00:00+00:00
[2026-05-15T10:40:03.846+0000] {processor.py:183} INFO - Processing /opt/airflow/dags/hn_pipeline_dag.py took 0.058 seconds
[2026-05-15T10:40:34.069+0000] {processor.py:161} INFO - Started process (PID=903) to work on /opt/airflow/dags/hn_pipeline_dag.py
[2026-05-15T10:40:34.070+0000] {processor.py:830} INFO - Processing file /opt/airflow/dags/hn_pipeline_dag.py for tasks to queue
[2026-05-15T10:40:34.071+0000] {logging_mixin.py:188} INFO - [2026-05-15T10:40:34.070+0000] {dagbag.py:538} INFO - Filling up the DagBag from /opt/airflow/dags/hn_pipeline_dag.py
[2026-05-15T10:40:34.084+0000] {processor.py:840} INFO - DAG(s) 'hn_pipeline' retrieved from /opt/airflow/dags/hn_pipeline_dag.py
[2026-05-15T10:40:34.103+0000] {logging_mixin.py:188} INFO - [2026-05-15T10:40:34.103+0000] {dag.py:3036} INFO - Sync 1 DAGs
[2026-05-15T10:40:34.114+0000] {logging_mixin.py:188} INFO - [2026-05-15T10:40:34.114+0000] {dag.py:3823} INFO - Setting next_dagrun for hn_pipeline to 2026-05-15 10:00:00+00:00, run_after=2026-05-15 11:00:00+00:00
[2026-05-15T10:40:34.121+0000] {processor.py:183} INFO - Processing /opt/airflow/dags/hn_pipeline_dag.py took 0.055 seconds
[2026-05-15T10:41:04.330+0000] {processor.py:161} INFO - Started process (PID=908) to work on /opt/airflow/dags/hn_pipeline_dag.py
[2026-05-15T10:41:04.331+0000] {processor.py:830} INFO - Processing file /opt/airflow/dags/hn_pipeline_dag.py for tasks to queue
[2026-05-15T10:41:04.332+0000] {logging_mixin.py:188} INFO - [2026-05-15T10:41:04.332+0000] {dagbag.py:538} INFO - Filling up the DagBag from /opt/airflow/dags/hn_pipeline_dag.py
[2026-05-15T10:41:04.345+0000] {processor.py:840} INFO - DAG(s) 'hn_pipeline' retrieved from /opt/airflow/dags/hn_pipeline_dag.py
[2026-05-15T10:41:04.364+0000] {logging_mixin.py:188} INFO - [2026-05-15T10:41:04.364+0000] {dag.py:3036} INFO - Sync 1 DAGs
[2026-05-15T10:41:04.374+0000] {logging_mixin.py:188} INFO - [2026-05-15T10:41:04.374+0000] {dag.py:3823} INFO - Setting next_dagrun for hn_pipeline to 2026-05-15 10:00:00+00:00, run_after=2026-05-15 11:00:00+00:00
[2026-05-15T10:41:04.381+0000] {processor.py:183} INFO - Processing /opt/airflow/dags/hn_pipeline_dag.py took 0.055 seconds
[2026-05-15T10:41:34.634+0000] {processor.py:161} INFO - Started process (PID=913) to work on /opt/airflow/dags/hn_pipeline_dag.py
[2026-05-15T10:41:34.636+0000] {processor.py:830} INFO - Processing file /opt/airflow/dags/hn_pipeline_dag.py for tasks to queue
[2026-05-15T10:41:34.637+0000] {logging_mixin.py:188} INFO - [2026-05-15T10:41:34.636+0000] {dagbag.py:538} INFO - Filling up the DagBag from /opt/airflow/dags/hn_pipeline_dag.py
[2026-05-15T10:41:34.651+0000] {processor.py:840} INFO - DAG(s) 'hn_pipeline' retrieved from /opt/airflow/dags/hn_pipeline_dag.py
[2026-05-15T10:41:34.672+0000] {logging_mixin.py:188} INFO - [2026-05-15T10:41:34.672+0000] {dag.py:3036} INFO - Sync 1 DAGs
[2026-05-15T10:41:34.683+0000] {logging_mixin.py:188} INFO - [2026-05-15T10:41:34.683+0000] {dag.py:3823} INFO - Setting next_dagrun for hn_pipeline to 2026-05-15 10:00:00+00:00, run_after=2026-05-15 11:00:00+00:00
[2026-05-15T10:41:34.691+0000] {processor.py:183} INFO - Processing /opt/airflow/dags/hn_pipeline_dag.py took 0.060 seconds
[2026-05-15T10:42:04.961+0000] {processor.py:161} INFO - Started process (PID=918) to work on /opt/airflow/dags/hn_pipeline_dag.py
[2026-05-15T10:42:04.962+0000] {processor.py:830} INFO - Processing file /opt/airflow/dags/hn_pipeline_dag.py for tasks to queue
[2026-05-15T10:42:04.964+0000] {logging_mixin.py:188} INFO - [2026-05-15T10:42:04.963+0000] {dagbag.py:538} INFO - Filling up the DagBag from /opt/airflow/dags/hn_pipeline_dag.py
[2026-05-15T10:42:04.976+0000] {processor.py:840} INFO - DAG(s) 'hn_pipeline' retrieved from /opt/airflow/dags/hn_pipeline_dag.py
[2026-05-15T10:42:04.996+0000] {logging_mixin.py:188} INFO - [2026-05-15T10:42:04.996+0000] {dag.py:3036} INFO - Sync 1 DAGs
[2026-05-15T10:42:05.007+0000] {logging_mixin.py:188} INFO - [2026-05-15T10:42:05.007+0000] {dag.py:3823} INFO - Setting next_dagrun for hn_pipeline to 2026-05-15 10:00:00+00:00, run_after=2026-05-15 11:00:00+00:00
[2026-05-15T10:42:05.015+0000] {processor.py:183} INFO - Processing /opt/airflow/dags/hn_pipeline_dag.py took 0.057 seconds
[2026-05-15T10:42:35.266+0000] {processor.py:161} INFO - Started process (PID=923) to work on /opt/airflow/dags/hn_pipeline_dag.py
[2026-05-15T10:42:35.267+0000] {processor.py:830} INFO - Processing file /opt/airflow/dags/hn_pipeline_dag.py for tasks to queue
[2026-05-15T10:42:35.268+0000] {logging_mixin.py:188} INFO - [2026-05-15T10:42:35.268+0000] {dagbag.py:538} INFO - Filling up the DagBag from /opt/airflow/dags/hn_pipeline_dag.py
[2026-05-15T10:42:35.282+0000] {processor.py:840} INFO - DAG(s) 'hn_pipeline' retrieved from /opt/airflow/dags/hn_pipeline_dag.py
[2026-05-15T10:42:35.302+0000] {logging_mixin.py:188} INFO - [2026-05-15T10:42:35.302+0000] {dag.py:3036} INFO - Sync 1 DAGs
[2026-05-15T10:42:35.313+0000] {logging_mixin.py:188} INFO - [2026-05-15T10:42:35.313+0000] {dag.py:3823} INFO - Setting next_dagrun for hn_pipeline to 2026-05-15 10:00:00+00:00, run_after=2026-05-15 11:00:00+00:00
[2026-05-15T10:42:35.320+0000] {processor.py:183} INFO - Processing /opt/airflow/dags/hn_pipeline_dag.py took 0.057 seconds
[2026-05-15T10:43:05.607+0000] {processor.py:161} INFO - Started process (PID=928) to work on /opt/airflow/dags/hn_pipeline_dag.py
[2026-05-15T10:43:05.608+0000] {processor.py:830} INFO - Processing file /opt/airflow/dags/hn_pipeline_dag.py for tasks to queue
[2026-05-15T10:43:05.609+0000] {logging_mixin.py:188} INFO - [2026-05-15T10:43:05.609+0000] {dagbag.py:538} INFO - Filling up the DagBag from /opt/airflow/dags/hn_pipeline_dag.py
[2026-05-15T10:43:05.623+0000] {processor.py:840} INFO - DAG(s) 'hn_pipeline' retrieved from /opt/airflow/dags/hn_pipeline_dag.py
[2026-05-15T10:43:05.644+0000] {logging_mixin.py:188} INFO - [2026-05-15T10:43:05.644+0000] {dag.py:3036} INFO - Sync 1 DAGs
[2026-05-15T10:43:05.655+0000] {logging_mixin.py:188} INFO - [2026-05-15T10:43:05.655+0000] {dag.py:3823} INFO - Setting next_dagrun for hn_pipeline to 2026-05-15 10:00:00+00:00, run_after=2026-05-15 11:00:00+00:00
[2026-05-15T10:43:05.662+0000] {processor.py:183} INFO - Processing /opt/airflow/dags/hn_pipeline_dag.py took 0.059 seconds
[2026-05-15T10:43:35.927+0000] {processor.py:161} INFO - Started process (PID=933) to work on /opt/airflow/dags/hn_pipeline_dag.py
[2026-05-15T10:43:35.929+0000] {processor.py:830} INFO - Processing file /opt/airflow/dags/hn_pipeline_dag.py for tasks to queue
[2026-05-15T10:43:35.930+0000] {logging_mixin.py:188} INFO - [2026-05-15T10:43:35.929+0000] {dagbag.py:538} INFO - Filling up the DagBag from /opt/airflow/dags/hn_pipeline_dag.py
[2026-05-15T10:43:35.944+0000] {processor.py:840} INFO - DAG(s) 'hn_pipeline' retrieved from /opt/airflow/dags/hn_pipeline_dag.py
[2026-05-15T10:43:35.964+0000] {logging_mixin.py:188} INFO - [2026-05-15T10:43:35.964+0000] {dag.py:3036} INFO - Sync 1 DAGs
[2026-05-15T10:43:35.975+0000] {logging_mixin.py:188} INFO - [2026-05-15T10:43:35.975+0000] {dag.py:3823} INFO - Setting next_dagrun for hn_pipeline to 2026-05-15 10:00:00+00:00, run_after=2026-05-15 11:00:00+00:00
[2026-05-15T10:43:35.983+0000] {processor.py:183} INFO - Processing /opt/airflow/dags/hn_pipeline_dag.py took 0.060 seconds
[2026-05-15T10:44:06.281+0000] {processor.py:161} INFO - Started process (PID=938) to work on /opt/airflow/dags/hn_pipeline_dag.py
[2026-05-15T10:44:06.283+0000] {processor.py:830} INFO - Processing file /opt/airflow/dags/hn_pipeline_dag.py for tasks to queue
[2026-05-15T10:44:06.284+0000] {logging_mixin.py:188} INFO - [2026-05-15T10:44:06.283+0000] {dagbag.py:538} INFO - Filling up the DagBag from /opt/airflow/dags/hn_pipeline_dag.py
[2026-05-15T10:44:06.298+0000] {processor.py:840} INFO - DAG(s) 'hn_pipeline' retrieved from /opt/airflow/dags/hn_pipeline_dag.py
[2026-05-15T10:44:06.319+0000] {logging_mixin.py:188} INFO - [2026-05-15T10:44:06.319+0000] {dag.py:3036} INFO - Sync 1 DAGs
[2026-05-15T10:44:06.330+0000] {logging_mixin.py:188} INFO - [2026-05-15T10:44:06.330+0000] {dag.py:3823} INFO - Setting next_dagrun for hn_pipeline to 2026-05-15 10:00:00+00:00, run_after=2026-05-15 11:00:00+00:00
[2026-05-15T10:44:06.337+0000] {processor.py:183} INFO - Processing /opt/airflow/dags/hn_pipeline_dag.py took 0.060 seconds
[2026-05-15T10:44:36.631+0000] {processor.py:161} INFO - Started process (PID=943) to work on /opt/airflow/dags/hn_pipeline_dag.py
[2026-05-15T10:44:36.632+0000] {processor.py:830} INFO - Processing file /opt/airflow/dags/hn_pipeline_dag.py for tasks to queue
[2026-05-15T10:44:36.633+0000] {logging_mixin.py:188} INFO - [2026-05-15T10:44:36.633+0000] {dagbag.py:538} INFO - Filling up the DagBag from /opt/airflow/dags/hn_pipeline_dag.py
[2026-05-15T10:44:36.647+0000] {processor.py:840} INFO - DAG(s) 'hn_pipeline' retrieved from /opt/airflow/dags/hn_pipeline_dag.py
[2026-05-15T10:44:36.668+0000] {logging_mixin.py:188} INFO - [2026-05-15T10:44:36.667+0000] {dag.py:3036} INFO - Sync 1 DAGs
[2026-05-15T10:44:36.680+0000] {logging_mixin.py:188} INFO - [2026-05-15T10:44:36.680+0000] {dag.py:3823} INFO - Setting next_dagrun for hn_pipeline to 2026-05-15 10:00:00+00:00, run_after=2026-05-15 11:00:00+00:00
[2026-05-15T10:44:36.689+0000] {processor.py:183} INFO - Processing /opt/airflow/dags/hn_pipeline_dag.py took 0.062 seconds
[2026-05-15T10:45:06.984+0000] {processor.py:161} INFO - Started process (PID=948) to work on /opt/airflow/dags/hn_pipeline_dag.py
[2026-05-15T10:45:06.985+0000] {processor.py:830} INFO - Processing file /opt/airflow/dags/hn_pipeline_dag.py for tasks to queue
[2026-05-15T10:45:06.986+0000] {logging_mixin.py:188} INFO - [2026-05-15T10:45:06.986+0000] {dagbag.py:538} INFO - Filling up the DagBag from /opt/airflow/dags/hn_pipeline_dag.py
[2026-05-15T10:45:07.000+0000] {processor.py:840} INFO - DAG(s) 'hn_pipeline' retrieved from /opt/airflow/dags/hn_pipeline_dag.py
[2026-05-15T10:45:07.020+0000] {logging_mixin.py:188} INFO - [2026-05-15T10:45:07.020+0000] {dag.py:3036} INFO - Sync 1 DAGs
[2026-05-15T10:45:07.031+0000] {logging_mixin.py:188} INFO - [2026-05-15T10:45:07.031+0000] {dag.py:3823} INFO - Setting next_dagrun for hn_pipeline to 2026-05-15 10:00:00+00:00, run_after=2026-05-15 11:00:00+00:00
[2026-05-15T10:45:07.038+0000] {processor.py:183} INFO - Processing /opt/airflow/dags/hn_pipeline_dag.py took 0.058 seconds
[2026-05-15T10:45:37.332+0000] {processor.py:161} INFO - Started process (PID=953) to work on /opt/airflow/dags/hn_pipeline_dag.py
[2026-05-15T10:45:37.333+0000] {processor.py:830} INFO - Processing file /opt/airflow/dags/hn_pipeline_dag.py for tasks to queue
[2026-05-15T10:45:37.335+0000] {logging_mixin.py:188} INFO - [2026-05-15T10:45:37.334+0000] {dagbag.py:538} INFO - Filling up the DagBag from /opt/airflow/dags/hn_pipeline_dag.py
[2026-05-15T10:45:37.349+0000] {processor.py:840} INFO - DAG(s) 'hn_pipeline' retrieved from /opt/airflow/dags/hn_pipeline_dag.py
[2026-05-15T10:45:37.370+0000] {logging_mixin.py:188} INFO - [2026-05-15T10:45:37.370+0000] {dag.py:3036} INFO - Sync 1 DAGs
[2026-05-15T10:45:37.381+0000] {logging_mixin.py:188} INFO - [2026-05-15T10:45:37.381+0000] {dag.py:3823} INFO - Setting next_dagrun for hn_pipeline to 2026-05-15 10:00:00+00:00, run_after=2026-05-15 11:00:00+00:00
[2026-05-15T10:45:37.389+0000] {processor.py:183} INFO - Processing /opt/airflow/dags/hn_pipeline_dag.py took 0.060 seconds
[2026-05-15T10:46:07.692+0000] {processor.py:161} INFO - Started process (PID=958) to work on /opt/airflow/dags/hn_pipeline_dag.py
[2026-05-15T10:46:07.693+0000] {processor.py:830} INFO - Processing file /opt/airflow/dags/hn_pipeline_dag.py for tasks to queue
[2026-05-15T10:46:07.694+0000] {logging_mixin.py:188} INFO - [2026-05-15T10:46:07.694+0000] {dagbag.py:538} INFO - Filling up the DagBag from /opt/airflow/dags/hn_pipeline_dag.py
[2026-05-15T10:46:07.708+0000] {processor.py:840} INFO - DAG(s) 'hn_pipeline' retrieved from /opt/airflow/dags/hn_pipeline_dag.py
[2026-05-15T10:46:07.729+0000] {logging_mixin.py:188} INFO - [2026-05-15T10:46:07.728+0000] {dag.py:3036} INFO - Sync 1 DAGs
[2026-05-15T10:46:07.740+0000] {logging_mixin.py:188} INFO - [2026-05-15T10:46:07.740+0000] {dag.py:3823} INFO - Setting next_dagrun for hn_pipeline to 2026-05-15 10:00:00+00:00, run_after=2026-05-15 11:00:00+00:00
[2026-05-15T10:46:07.748+0000] {processor.py:183} INFO - Processing /opt/airflow/dags/hn_pipeline_dag.py took 0.060 seconds
[2026-05-15T10:46:38.094+0000] {processor.py:161} INFO - Started process (PID=963) to work on /opt/airflow/dags/hn_pipeline_dag.py
[2026-05-15T10:46:38.095+0000] {processor.py:830} INFO - Processing file /opt/airflow/dags/hn_pipeline_dag.py for tasks to queue
[2026-05-15T10:46:38.096+0000] {logging_mixin.py:188} INFO - [2026-05-15T10:46:38.096+0000] {dagbag.py:538} INFO - Filling up the DagBag from /opt/airflow/dags/hn_pipeline_dag.py
[2026-05-15T10:46:38.113+0000] {processor.py:840} INFO - DAG(s) 'hn_pipeline' retrieved from /opt/airflow/dags/hn_pipeline_dag.py
[2026-05-15T10:46:38.134+0000] {logging_mixin.py:188} INFO - [2026-05-15T10:46:38.134+0000] {dag.py:3036} INFO - Sync 1 DAGs
[2026-05-15T10:46:38.145+0000] {logging_mixin.py:188} INFO - [2026-05-15T10:46:38.145+0000] {dag.py:3823} INFO - Setting next_dagrun for hn_pipeline to 2026-05-15 10:00:00+00:00, run_after=2026-05-15 11:00:00+00:00
[2026-05-15T10:46:38.153+0000] {processor.py:183} INFO - Processing /opt/airflow/dags/hn_pipeline_dag.py took 0.063 seconds
[2026-05-15T10:47:08.449+0000] {processor.py:161} INFO - Started process (PID=968) to work on /opt/airflow/dags/hn_pipeline_dag.py
[2026-05-15T10:47:08.450+0000] {processor.py:830} INFO - Processing file /opt/airflow/dags/hn_pipeline_dag.py for tasks to queue
[2026-05-15T10:47:08.452+0000] {logging_mixin.py:188} INFO - [2026-05-15T10:47:08.451+0000] {dagbag.py:538} INFO - Filling up the DagBag from /opt/airflow/dags/hn_pipeline_dag.py
[2026-05-15T10:47:08.466+0000] {processor.py:840} INFO - DAG(s) 'hn_pipeline' retrieved from /opt/airflow/dags/hn_pipeline_dag.py
[2026-05-15T10:47:08.486+0000] {logging_mixin.py:188} INFO - [2026-05-15T10:47:08.486+0000] {dag.py:3036} INFO - Sync 1 DAGs
[2026-05-15T10:47:08.497+0000] {logging_mixin.py:188} INFO - [2026-05-15T10:47:08.497+0000] {dag.py:3823} INFO - Setting next_dagrun for hn_pipeline to 2026-05-15 10:00:00+00:00, run_after=2026-05-15 11:00:00+00:00
[2026-05-15T10:47:08.504+0000] {processor.py:183} INFO - Processing /opt/airflow/dags/hn_pipeline_dag.py took 0.059 seconds
[2026-05-15T10:47:38.875+0000] {processor.py:161} INFO - Started process (PID=973) to work on /opt/airflow/dags/hn_pipeline_dag.py
[2026-05-15T10:47:38.877+0000] {processor.py:830} INFO - Processing file /opt/airflow/dags/hn_pipeline_dag.py for tasks to queue
[2026-05-15T10:47:38.878+0000] {logging_mixin.py:188} INFO - [2026-05-15T10:47:38.877+0000] {dagbag.py:538} INFO - Filling up the DagBag from /opt/airflow/dags/hn_pipeline_dag.py
[2026-05-15T10:47:38.893+0000] {processor.py:840} INFO - DAG(s) 'hn_pipeline' retrieved from /opt/airflow/dags/hn_pipeline_dag.py
[2026-05-15T10:47:38.913+0000] {logging_mixin.py:188} INFO - [2026-05-15T10:47:38.913+0000] {dag.py:3036} INFO - Sync 1 DAGs
[2026-05-15T10:47:38.925+0000] {logging_mixin.py:188} INFO - [2026-05-15T10:47:38.925+0000] {dag.py:3823} INFO - Setting next_dagrun for hn_pipeline to 2026-05-15 10:00:00+00:00, run_after=2026-05-15 11:00:00+00:00
[2026-05-15T10:47:38.933+0000] {processor.py:183} INFO - Processing /opt/airflow/dags/hn_pipeline_dag.py took 0.061 seconds
[2026-05-15T10:48:09.320+0000] {processor.py:161} INFO - Started process (PID=978) to work on /opt/airflow/dags/hn_pipeline_dag.py
[2026-05-15T10:48:09.321+0000] {processor.py:830} INFO - Processing file /opt/airflow/dags/hn_pipeline_dag.py for tasks to queue
[2026-05-15T10:48:09.322+0000] {logging_mixin.py:188} INFO - [2026-05-15T10:48:09.322+0000] {dagbag.py:538} INFO - Filling up the DagBag from /opt/airflow/dags/hn_pipeline_dag.py
[2026-05-15T10:48:09.337+0000] {processor.py:840} INFO - DAG(s) 'hn_pipeline' retrieved from /opt/airflow/dags/hn_pipeline_dag.py
[2026-05-15T10:48:09.357+0000] {logging_mixin.py:188} INFO - [2026-05-15T10:48:09.357+0000] {dag.py:3036} INFO - Sync 1 DAGs
[2026-05-15T10:48:09.368+0000] {logging_mixin.py:188} INFO - [2026-05-15T10:48:09.368+0000] {dag.py:3823} INFO - Setting next_dagrun for hn_pipeline to 2026-05-15 10:00:00+00:00, run_after=2026-05-15 11:00:00+00:00
[2026-05-15T10:48:09.375+0000] {processor.py:183} INFO - Processing /opt/airflow/dags/hn_pipeline_dag.py took 0.060 seconds
[2026-05-15T10:48:39.765+0000] {processor.py:161} INFO - Started process (PID=983) to work on /opt/airflow/dags/hn_pipeline_dag.py
[2026-05-15T10:48:39.766+0000] {processor.py:830} INFO - Processing file /opt/airflow/dags/hn_pipeline_dag.py for tasks to queue
[2026-05-15T10:48:39.767+0000] {logging_mixin.py:188} INFO - [2026-05-15T10:48:39.767+0000] {dagbag.py:538} INFO - Filling up the DagBag from /opt/airflow/dags/hn_pipeline_dag.py
[2026-05-15T10:48:39.780+0000] {processor.py:840} INFO - DAG(s) 'hn_pipeline' retrieved from /opt/airflow/dags/hn_pipeline_dag.py
[2026-05-15T10:48:39.799+0000] {logging_mixin.py:188} INFO - [2026-05-15T10:48:39.799+0000] {dag.py:3036} INFO - Sync 1 DAGs
[2026-05-15T10:48:39.811+0000] {logging_mixin.py:188} INFO - [2026-05-15T10:48:39.811+0000] {dag.py:3823} INFO - Setting next_dagrun for hn_pipeline to 2026-05-15 10:00:00+00:00, run_after=2026-05-15 11:00:00+00:00
[2026-05-15T10:48:39.821+0000] {processor.py:183} INFO - Processing /opt/airflow/dags/hn_pipeline_dag.py took 0.060 seconds
[2026-05-15T10:49:10.190+0000] {processor.py:161} INFO - Started process (PID=988) to work on /opt/airflow/dags/hn_pipeline_dag.py
[2026-05-15T10:49:10.191+0000] {processor.py:830} INFO - Processing file /opt/airflow/dags/hn_pipeline_dag.py for tasks to queue
[2026-05-15T10:49:10.192+0000] {logging_mixin.py:188} INFO - [2026-05-15T10:49:10.192+0000] {dagbag.py:538} INFO - Filling up the DagBag from /opt/airflow/dags/hn_pipeline_dag.py
[2026-05-15T10:49:10.206+0000] {processor.py:840} INFO - DAG(s) 'hn_pipeline' retrieved from /opt/airflow/dags/hn_pipeline_dag.py
[2026-05-15T10:49:10.226+0000] {logging_mixin.py:188} INFO - [2026-05-15T10:49:10.226+0000] {dag.py:3036} INFO - Sync 1 DAGs
[2026-05-15T10:49:10.237+0000] {logging_mixin.py:188} INFO - [2026-05-15T10:49:10.237+0000] {dag.py:3823} INFO - Setting next_dagrun for hn_pipeline to 2026-05-15 10:00:00+00:00, run_after=2026-05-15 11:00:00+00:00
[2026-05-15T10:49:10.244+0000] {processor.py:183} INFO - Processing /opt/airflow/dags/hn_pipeline_dag.py took 0.059 seconds
[2026-05-15T10:49:40.526+0000] {processor.py:161} INFO - Started process (PID=993) to work on /opt/airflow/dags/hn_pipeline_dag.py
[2026-05-15T10:49:40.528+0000] {processor.py:830} INFO - Processing file /opt/airflow/dags/hn_pipeline_dag.py for tasks to queue
[2026-05-15T10:49:40.529+0000] {logging_mixin.py:188} INFO - [2026-05-15T10:49:40.528+0000] {dagbag.py:538} INFO - Filling up the DagBag from /opt/airflow/dags/hn_pipeline_dag.py
[2026-05-15T10:49:40.544+0000] {processor.py:840} INFO - DAG(s) 'hn_pipeline' retrieved from /opt/airflow/dags/hn_pipeline_dag.py
[2026-05-15T10:49:40.564+0000] {logging_mixin.py:188} INFO - [2026-05-15T10:49:40.564+0000] {dag.py:3036} INFO - Sync 1 DAGs
[2026-05-15T10:49:40.576+0000] {logging_mixin.py:188} INFO - [2026-05-15T10:49:40.576+0000] {dag.py:3823} INFO - Setting next_dagrun for hn_pipeline to 2026-05-15 10:00:00+00:00, run_after=2026-05-15 11:00:00+00:00
[2026-05-15T10:49:40.583+0000] {processor.py:183} INFO - Processing /opt/airflow/dags/hn_pipeline_dag.py took 0.061 seconds
[2026-05-15T10:50:10.933+0000] {processor.py:161} INFO - Started process (PID=998) to work on /opt/airflow/dags/hn_pipeline_dag.py
[2026-05-15T10:50:10.934+0000] {processor.py:830} INFO - Processing file /opt/airflow/dags/hn_pipeline_dag.py for tasks to queue
[2026-05-15T10:50:10.935+0000] {logging_mixin.py:188} INFO - [2026-05-15T10:50:10.935+0000] {dagbag.py:538} INFO - Filling up the DagBag from /opt/airflow/dags/hn_pipeline_dag.py
[2026-05-15T10:50:10.950+0000] {processor.py:840} INFO - DAG(s) 'hn_pipeline' retrieved from /opt/airflow/dags/hn_pipeline_dag.py
[2026-05-15T10:50:10.968+0000] {logging_mixin.py:188} INFO - [2026-05-15T10:50:10.968+0000] {dag.py:3036} INFO - Sync 1 DAGs
[2026-05-15T10:50:10.979+0000] {logging_mixin.py:188} INFO - [2026-05-15T10:50:10.979+0000] {dag.py:3823} INFO - Setting next_dagrun for hn_pipeline to 2026-05-15 10:00:00+00:00, run_after=2026-05-15 11:00:00+00:00
[2026-05-15T10:50:10.986+0000] {processor.py:183} INFO - Processing /opt/airflow/dags/hn_pipeline_dag.py took 0.057 seconds
[2026-05-15T10:50:41.310+0000] {processor.py:161} INFO - Started process (PID=1003) to work on /opt/airflow/dags/hn_pipeline_dag.py
[2026-05-15T10:50:41.312+0000] {processor.py:830} INFO - Processing file /opt/airflow/dags/hn_pipeline_dag.py for tasks to queue
[2026-05-15T10:50:41.313+0000] {logging_mixin.py:188} INFO - [2026-05-15T10:50:41.312+0000] {dagbag.py:538} INFO - Filling up the DagBag from /opt/airflow/dags/hn_pipeline_dag.py
[2026-05-15T10:50:41.327+0000] {processor.py:840} INFO - DAG(s) 'hn_pipeline' retrieved from /opt/airflow/dags/hn_pipeline_dag.py
[2026-05-15T10:50:41.347+0000] {logging_mixin.py:188} INFO - [2026-05-15T10:50:41.347+0000] {dag.py:3036} INFO - Sync 1 DAGs
[2026-05-15T10:50:41.359+0000] {logging_mixin.py:188} INFO - [2026-05-15T10:50:41.358+0000] {dag.py:3823} INFO - Setting next_dagrun for hn_pipeline to 2026-05-15 10:00:00+00:00, run_after=2026-05-15 11:00:00+00:00
[2026-05-15T10:50:41.366+0000] {processor.py:183} INFO - Processing /opt/airflow/dags/hn_pipeline_dag.py took 0.060 seconds
[2026-05-15T10:51:11.761+0000] {processor.py:161} INFO - Started process (PID=1008) to work on /opt/airflow/dags/hn_pipeline_dag.py
[2026-05-15T10:51:11.762+0000] {processor.py:830} INFO - Processing file /opt/airflow/dags/hn_pipeline_dag.py for tasks to queue
[2026-05-15T10:51:11.763+0000] {logging_mixin.py:188} INFO - [2026-05-15T10:51:11.763+0000] {dagbag.py:538} INFO - Filling up the DagBag from /opt/airflow/dags/hn_pipeline_dag.py
[2026-05-15T10:51:11.777+0000] {processor.py:840} INFO - DAG(s) 'hn_pipeline' retrieved from /opt/airflow/dags/hn_pipeline_dag.py
[2026-05-15T10:51:11.798+0000] {logging_mixin.py:188} INFO - [2026-05-15T10:51:11.798+0000] {dag.py:3036} INFO - Sync 1 DAGs
[2026-05-15T10:51:11.809+0000] {logging_mixin.py:188} INFO - [2026-05-15T10:51:11.809+0000] {dag.py:3823} INFO - Setting next_dagrun for hn_pipeline to 2026-05-15 10:00:00+00:00, run_after=2026-05-15 11:00:00+00:00
[2026-05-15T10:51:11.816+0000] {processor.py:183} INFO - Processing /opt/airflow/dags/hn_pipeline_dag.py took 0.059 seconds
[2026-05-15T10:51:42.144+0000] {processor.py:161} INFO - Started process (PID=1013) to work on /opt/airflow/dags/hn_pipeline_dag.py
[2026-05-15T10:51:42.146+0000] {processor.py:830} INFO - Processing file /opt/airflow/dags/hn_pipeline_dag.py for tasks to queue
[2026-05-15T10:51:42.147+0000] {logging_mixin.py:188} INFO - [2026-05-15T10:51:42.146+0000] {dagbag.py:538} INFO - Filling up the DagBag from /opt/airflow/dags/hn_pipeline_dag.py
[2026-05-15T10:51:42.161+0000] {processor.py:840} INFO - DAG(s) 'hn_pipeline' retrieved from /opt/airflow/dags/hn_pipeline_dag.py
[2026-05-15T10:51:42.181+0000] {logging_mixin.py:188} INFO - [2026-05-15T10:51:42.181+0000] {dag.py:3036} INFO - Sync 1 DAGs
[2026-05-15T10:51:42.193+0000] {logging_mixin.py:188} INFO - [2026-05-15T10:51:42.193+0000] {dag.py:3823} INFO - Setting next_dagrun for hn_pipeline to 2026-05-15 10:00:00+00:00, run_after=2026-05-15 11:00:00+00:00
[2026-05-15T10:51:42.200+0000] {processor.py:183} INFO - Processing /opt/airflow/dags/hn_pipeline_dag.py took 0.059 seconds
[2026-05-15T10:52:12.501+0000] {processor.py:161} INFO - Started process (PID=1018) to work on /opt/airflow/dags/hn_pipeline_dag.py
[2026-05-15T10:52:12.502+0000] {processor.py:830} INFO - Processing file /opt/airflow/dags/hn_pipeline_dag.py for tasks to queue
[2026-05-15T10:52:12.503+0000] {logging_mixin.py:188} INFO - [2026-05-15T10:52:12.502+0000] {dagbag.py:538} INFO - Filling up the DagBag from /opt/airflow/dags/hn_pipeline_dag.py
[2026-05-15T10:52:12.517+0000] {processor.py:840} INFO - DAG(s) 'hn_pipeline' retrieved from /opt/airflow/dags/hn_pipeline_dag.py
[2026-05-15T10:52:12.538+0000] {logging_mixin.py:188} INFO - [2026-05-15T10:52:12.538+0000] {dag.py:3036} INFO - Sync 1 DAGs
[2026-05-15T10:52:12.549+0000] {logging_mixin.py:188} INFO - [2026-05-15T10:52:12.549+0000] {dag.py:3823} INFO - Setting next_dagrun for hn_pipeline to 2026-05-15 10:00:00+00:00, run_after=2026-05-15 11:00:00+00:00
[2026-05-15T10:52:12.556+0000] {processor.py:183} INFO - Processing /opt/airflow/dags/hn_pipeline_dag.py took 0.059 seconds
[2026-05-15T10:52:42.849+0000] {processor.py:161} INFO - Started process (PID=1023) to work on /opt/airflow/dags/hn_pipeline_dag.py
[2026-05-15T10:52:42.850+0000] {processor.py:830} INFO - Processing file /opt/airflow/dags/hn_pipeline_dag.py for tasks to queue
[2026-05-15T10:52:42.850+0000] {logging_mixin.py:188} INFO - [2026-05-15T10:52:42.850+0000] {dagbag.py:538} INFO - Filling up the DagBag from /opt/airflow/dags/hn_pipeline_dag.py
[2026-05-15T10:52:42.856+0000] {processor.py:840} INFO - DAG(s) 'hn_pipeline' retrieved from /opt/airflow/dags/hn_pipeline_dag.py
[2026-05-15T10:52:42.868+0000] {logging_mixin.py:188} INFO - [2026-05-15T10:52:42.868+0000] {dag.py:3036} INFO - Sync 1 DAGs
[2026-05-15T10:52:42.877+0000] {logging_mixin.py:188} INFO - [2026-05-15T10:52:42.877+0000] {dag.py:3823} INFO - Setting next_dagrun for hn_pipeline to 2026-05-15 10:00:00+00:00, run_after=2026-05-15 11:00:00+00:00
[2026-05-15T10:52:42.884+0000] {processor.py:183} INFO - Processing /opt/airflow/dags/hn_pipeline_dag.py took 0.036 seconds
[2026-05-15T10:53:13.287+0000] {processor.py:161} INFO - Started process (PID=1028) to work on /opt/airflow/dags/hn_pipeline_dag.py
[2026-05-15T10:53:13.288+0000] {processor.py:830} INFO - Processing file /opt/airflow/dags/hn_pipeline_dag.py for tasks to queue
[2026-05-15T10:53:13.289+0000] {logging_mixin.py:188} INFO - [2026-05-15T10:53:13.289+0000] {dagbag.py:538} INFO - Filling up the DagBag from /opt/airflow/dags/hn_pipeline_dag.py
[2026-05-15T10:53:13.306+0000] {processor.py:840} INFO - DAG(s) 'hn_pipeline' retrieved from /opt/airflow/dags/hn_pipeline_dag.py
[2026-05-15T10:53:13.327+0000] {logging_mixin.py:188} INFO - [2026-05-15T10:53:13.327+0000] {dag.py:3036} INFO - Sync 1 DAGs
[2026-05-15T10:53:13.340+0000] {logging_mixin.py:188} INFO - [2026-05-15T10:53:13.340+0000] {dag.py:3823} INFO - Setting next_dagrun for hn_pipeline to 2026-05-15 10:00:00+00:00, run_after=2026-05-15 11:00:00+00:00
[2026-05-15T10:53:13.347+0000] {processor.py:183} INFO - Processing /opt/airflow/dags/hn_pipeline_dag.py took 0.065 seconds
[2026-05-15T10:53:43.609+0000] {processor.py:161} INFO - Started process (PID=1033) to work on /opt/airflow/dags/hn_pipeline_dag.py
[2026-05-15T10:53:43.610+0000] {processor.py:830} INFO - Processing file /opt/airflow/dags/hn_pipeline_dag.py for tasks to queue
[2026-05-15T10:53:43.611+0000] {logging_mixin.py:188} INFO - [2026-05-15T10:53:43.611+0000] {dagbag.py:538} INFO - Filling up the DagBag from /opt/airflow/dags/hn_pipeline_dag.py
[2026-05-15T10:53:43.622+0000] {processor.py:840} INFO - DAG(s) 'hn_pipeline' retrieved from /opt/airflow/dags/hn_pipeline_dag.py
[2026-05-15T10:53:43.639+0000] {logging_mixin.py:188} INFO - [2026-05-15T10:53:43.639+0000] {dag.py:3036} INFO - Sync 1 DAGs
[2026-05-15T10:53:43.650+0000] {logging_mixin.py:188} INFO - [2026-05-15T10:53:43.650+0000] {dag.py:3823} INFO - Setting next_dagrun for hn_pipeline to 2026-05-15 10:00:00+00:00, run_after=2026-05-15 11:00:00+00:00
[2026-05-15T10:53:43.657+0000] {processor.py:183} INFO - Processing /opt/airflow/dags/hn_pipeline_dag.py took 0.051 seconds
[2026-05-15T10:54:13.934+0000] {processor.py:161} INFO - Started process (PID=1038) to work on /opt/airflow/dags/hn_pipeline_dag.py
[2026-05-15T10:54:13.935+0000] {processor.py:830} INFO - Processing file /opt/airflow/dags/hn_pipeline_dag.py for tasks to queue
[2026-05-15T10:54:13.937+0000] {logging_mixin.py:188} INFO - [2026-05-15T10:54:13.936+0000] {dagbag.py:538} INFO - Filling up the DagBag from /opt/airflow/dags/hn_pipeline_dag.py
[2026-05-15T10:54:13.945+0000] {processor.py:840} INFO - DAG(s) 'hn_pipeline' retrieved from /opt/airflow/dags/hn_pipeline_dag.py
[2026-05-15T10:54:13.959+0000] {logging_mixin.py:188} INFO - [2026-05-15T10:54:13.959+0000] {dag.py:3036} INFO - Sync 1 DAGs
[2026-05-15T10:54:13.969+0000] {logging_mixin.py:188} INFO - [2026-05-15T10:54:13.969+0000] {dag.py:3823} INFO - Setting next_dagrun for hn_pipeline to 2026-05-15 10:00:00+00:00, run_after=2026-05-15 11:00:00+00:00
[2026-05-15T10:54:13.976+0000] {processor.py:183} INFO - Processing /opt/airflow/dags/hn_pipeline_dag.py took 0.044 seconds
[2026-05-15T10:54:44.296+0000] {processor.py:161} INFO - Started process (PID=1043) to work on /opt/airflow/dags/hn_pipeline_dag.py
[2026-05-15T10:54:44.298+0000] {processor.py:830} INFO - Processing file /opt/airflow/dags/hn_pipeline_dag.py for tasks to queue
[2026-05-15T10:54:44.299+0000] {logging_mixin.py:188} INFO - [2026-05-15T10:54:44.299+0000] {dagbag.py:538} INFO - Filling up the DagBag from /opt/airflow/dags/hn_pipeline_dag.py
[2026-05-15T10:54:44.313+0000] {processor.py:840} INFO - DAG(s) 'hn_pipeline' retrieved from /opt/airflow/dags/hn_pipeline_dag.py
[2026-05-15T10:54:44.330+0000] {logging_mixin.py:188} INFO - [2026-05-15T10:54:44.330+0000] {dag.py:3036} INFO - Sync 1 DAGs
[2026-05-15T10:54:44.342+0000] {logging_mixin.py:188} INFO - [2026-05-15T10:54:44.342+0000] {dag.py:3823} INFO - Setting next_dagrun for hn_pipeline to 2026-05-15 10:00:00+00:00, run_after=2026-05-15 11:00:00+00:00
[2026-05-15T10:54:44.349+0000] {processor.py:183} INFO - Processing /opt/airflow/dags/hn_pipeline_dag.py took 0.057 seconds
[2026-05-15T10:55:14.634+0000] {processor.py:161} INFO - Started process (PID=1048) to work on /opt/airflow/dags/hn_pipeline_dag.py
[2026-05-15T10:55:14.635+0000] {processor.py:830} INFO - Processing file /opt/airflow/dags/hn_pipeline_dag.py for tasks to queue
[2026-05-15T10:55:14.636+0000] {logging_mixin.py:188} INFO - [2026-05-15T10:55:14.636+0000] {dagbag.py:538} INFO - Filling up the DagBag from /opt/airflow/dags/hn_pipeline_dag.py
[2026-05-15T10:55:14.651+0000] {processor.py:840} INFO - DAG(s) 'hn_pipeline' retrieved from /opt/airflow/dags/hn_pipeline_dag.py
[2026-05-15T10:55:14.672+0000] {logging_mixin.py:188} INFO - [2026-05-15T10:55:14.672+0000] {dag.py:3036} INFO - Sync 1 DAGs
[2026-05-15T10:55:14.684+0000] {logging_mixin.py:188} INFO - [2026-05-15T10:55:14.683+0000] {dag.py:3823} INFO - Setting next_dagrun for hn_pipeline to 2026-05-15 10:00:00+00:00, run_after=2026-05-15 11:00:00+00:00
[2026-05-15T10:55:14.692+0000] {processor.py:183} INFO - Processing /opt/airflow/dags/hn_pipeline_dag.py took 0.063 seconds
[2026-05-15T10:55:44.959+0000] {processor.py:161} INFO - Started process (PID=1053) to work on /opt/airflow/dags/hn_pipeline_dag.py
[2026-05-15T10:55:44.960+0000] {processor.py:830} INFO - Processing file /opt/airflow/dags/hn_pipeline_dag.py for tasks to queue
[2026-05-15T10:55:44.961+0000] {logging_mixin.py:188} INFO - [2026-05-15T10:55:44.960+0000] {dagbag.py:538} INFO - Filling up the DagBag from /opt/airflow/dags/hn_pipeline_dag.py
[2026-05-15T10:55:44.972+0000] {processor.py:840} INFO - DAG(s) 'hn_pipeline' retrieved from /opt/airflow/dags/hn_pipeline_dag.py
[2026-05-15T10:55:44.994+0000] {logging_mixin.py:188} INFO - [2026-05-15T10:55:44.994+0000] {dag.py:3036} INFO - Sync 1 DAGs
[2026-05-15T10:55:45.009+0000] {logging_mixin.py:188} INFO - [2026-05-15T10:55:45.009+0000] {dag.py:3823} INFO - Setting next_dagrun for hn_pipeline to 2026-05-15 10:00:00+00:00, run_after=2026-05-15 11:00:00+00:00
[2026-05-15T10:55:45.017+0000] {processor.py:183} INFO - Processing /opt/airflow/dags/hn_pipeline_dag.py took 0.060 seconds
[2026-05-15T10:56:15.356+0000] {processor.py:161} INFO - Started process (PID=1058) to work on /opt/airflow/dags/hn_pipeline_dag.py
[2026-05-15T10:56:15.357+0000] {processor.py:830} INFO - Processing file /opt/airflow/dags/hn_pipeline_dag.py for tasks to queue
[2026-05-15T10:56:15.358+0000] {logging_mixin.py:188} INFO - [2026-05-15T10:56:15.358+0000] {dagbag.py:538} INFO - Filling up the DagBag from /opt/airflow/dags/hn_pipeline_dag.py
[2026-05-15T10:56:15.372+0000] {processor.py:840} INFO - DAG(s) 'hn_pipeline' retrieved from /opt/airflow/dags/hn_pipeline_dag.py
[2026-05-15T10:56:15.393+0000] {logging_mixin.py:188} INFO - [2026-05-15T10:56:15.393+0000] {dag.py:3036} INFO - Sync 1 DAGs
[2026-05-15T10:56:15.404+0000] {logging_mixin.py:188} INFO - [2026-05-15T10:56:15.404+0000] {dag.py:3823} INFO - Setting next_dagrun for hn_pipeline to 2026-05-15 10:00:00+00:00, run_after=2026-05-15 11:00:00+00:00
[2026-05-15T10:56:15.411+0000] {processor.py:183} INFO - Processing /opt/airflow/dags/hn_pipeline_dag.py took 0.060 seconds
[2026-05-15T10:56:45.715+0000] {processor.py:161} INFO - Started process (PID=1063) to work on /opt/airflow/dags/hn_pipeline_dag.py
[2026-05-15T10:56:45.716+0000] {processor.py:830} INFO - Processing file /opt/airflow/dags/hn_pipeline_dag.py for tasks to queue
[2026-05-15T10:56:45.717+0000] {logging_mixin.py:188} INFO - [2026-05-15T10:56:45.717+0000] {dagbag.py:538} INFO - Filling up the DagBag from /opt/airflow/dags/hn_pipeline_dag.py
[2026-05-15T10:56:45.734+0000] {processor.py:840} INFO - DAG(s) 'hn_pipeline' retrieved from /opt/airflow/dags/hn_pipeline_dag.py
[2026-05-15T10:56:45.752+0000] {logging_mixin.py:188} INFO - [2026-05-15T10:56:45.752+0000] {dag.py:3036} INFO - Sync 1 DAGs
[2026-05-15T10:56:45.767+0000] {logging_mixin.py:188} INFO - [2026-05-15T10:56:45.767+0000] {dag.py:3823} INFO - Setting next_dagrun for hn_pipeline to 2026-05-15 10:00:00+00:00, run_after=2026-05-15 11:00:00+00:00
[2026-05-15T10:56:45.775+0000] {processor.py:183} INFO - Processing /opt/airflow/dags/hn_pipeline_dag.py took 0.064 seconds
[2026-05-15T10:57:16.087+0000] {processor.py:161} INFO - Started process (PID=1068) to work on /opt/airflow/dags/hn_pipeline_dag.py
[2026-05-15T10:57:16.089+0000] {processor.py:830} INFO - Processing file /opt/airflow/dags/hn_pipeline_dag.py for tasks to queue
[2026-05-15T10:57:16.090+0000] {logging_mixin.py:188} INFO - [2026-05-15T10:57:16.090+0000] {dagbag.py:538} INFO - Filling up the DagBag from /opt/airflow/dags/hn_pipeline_dag.py
[2026-05-15T10:57:16.104+0000] {processor.py:840} INFO - DAG(s) 'hn_pipeline' retrieved from /opt/airflow/dags/hn_pipeline_dag.py
[2026-05-15T10:57:16.125+0000] {logging_mixin.py:188} INFO - [2026-05-15T10:57:16.125+0000] {dag.py:3036} INFO - Sync 1 DAGs
[2026-05-15T10:57:16.136+0000] {logging_mixin.py:188} INFO - [2026-05-15T10:57:16.136+0000] {dag.py:3823} INFO - Setting next_dagrun for hn_pipeline to 2026-05-15 10:00:00+00:00, run_after=2026-05-15 11:00:00+00:00
[2026-05-15T10:57:16.143+0000] {processor.py:183} INFO - Processing /opt/airflow/dags/hn_pipeline_dag.py took 0.060 seconds
[2026-05-15T10:57:46.438+0000] {processor.py:161} INFO - Started process (PID=1073) to work on /opt/airflow/dags/hn_pipeline_dag.py
[2026-05-15T10:57:46.439+0000] {processor.py:830} INFO - Processing file /opt/airflow/dags/hn_pipeline_dag.py for tasks to queue
[2026-05-15T10:57:46.441+0000] {logging_mixin.py:188} INFO - [2026-05-15T10:57:46.440+0000] {dagbag.py:538} INFO - Filling up the DagBag from /opt/airflow/dags/hn_pipeline_dag.py
[2026-05-15T10:57:46.455+0000] {processor.py:840} INFO - DAG(s) 'hn_pipeline' retrieved from /opt/airflow/dags/hn_pipeline_dag.py
[2026-05-15T10:57:46.475+0000] {logging_mixin.py:188} INFO - [2026-05-15T10:57:46.475+0000] {dag.py:3036} INFO - Sync 1 DAGs
[2026-05-15T10:57:46.487+0000] {logging_mixin.py:188} INFO - [2026-05-15T10:57:46.487+0000] {dag.py:3823} INFO - Setting next_dagrun for hn_pipeline to 2026-05-15 10:00:00+00:00, run_after=2026-05-15 11:00:00+00:00
[2026-05-15T10:57:46.494+0000] {processor.py:183} INFO - Processing /opt/airflow/dags/hn_pipeline_dag.py took 0.060 seconds
[2026-05-15T10:58:16.758+0000] {processor.py:161} INFO - Started process (PID=1078) to work on /opt/airflow/dags/hn_pipeline_dag.py
[2026-05-15T10:58:16.759+0000] {processor.py:830} INFO - Processing file /opt/airflow/dags/hn_pipeline_dag.py for tasks to queue
[2026-05-15T10:58:16.759+0000] {logging_mixin.py:188} INFO - [2026-05-15T10:58:16.759+0000] {dagbag.py:538} INFO - Filling up the DagBag from /opt/airflow/dags/hn_pipeline_dag.py
[2026-05-15T10:58:16.766+0000] {processor.py:840} INFO - DAG(s) 'hn_pipeline' retrieved from /opt/airflow/dags/hn_pipeline_dag.py
[2026-05-15T10:58:16.780+0000] {logging_mixin.py:188} INFO - [2026-05-15T10:58:16.780+0000] {dag.py:3036} INFO - Sync 1 DAGs
[2026-05-15T10:58:16.792+0000] {logging_mixin.py:188} INFO - [2026-05-15T10:58:16.792+0000] {dag.py:3823} INFO - Setting next_dagrun for hn_pipeline to 2026-05-15 10:00:00+00:00, run_after=2026-05-15 11:00:00+00:00
[2026-05-15T10:58:16.802+0000] {processor.py:183} INFO - Processing /opt/airflow/dags/hn_pipeline_dag.py took 0.045 seconds
[2026-05-15T10:58:47.102+0000] {processor.py:161} INFO - Started process (PID=1083) to work on /opt/airflow/dags/hn_pipeline_dag.py
[2026-05-15T10:58:47.103+0000] {processor.py:830} INFO - Processing file /opt/airflow/dags/hn_pipeline_dag.py for tasks to queue
[2026-05-15T10:58:47.104+0000] {logging_mixin.py:188} INFO - [2026-05-15T10:58:47.104+0000] {dagbag.py:538} INFO - Filling up the DagBag from /opt/airflow/dags/hn_pipeline_dag.py
[2026-05-15T10:58:47.123+0000] {processor.py:840} INFO - DAG(s) 'hn_pipeline' retrieved from /opt/airflow/dags/hn_pipeline_dag.py
[2026-05-15T10:58:47.145+0000] {logging_mixin.py:188} INFO - [2026-05-15T10:58:47.145+0000] {dag.py:3036} INFO - Sync 1 DAGs
[2026-05-15T10:58:47.158+0000] {logging_mixin.py:188} INFO - [2026-05-15T10:58:47.158+0000] {dag.py:3823} INFO - Setting next_dagrun for hn_pipeline to 2026-05-15 10:00:00+00:00, run_after=2026-05-15 11:00:00+00:00
[2026-05-15T10:58:47.167+0000] {processor.py:183} INFO - Processing /opt/airflow/dags/hn_pipeline_dag.py took 0.070 seconds
[2026-05-15T10:59:17.409+0000] {processor.py:161} INFO - Started process (PID=1088) to work on /opt/airflow/dags/hn_pipeline_dag.py
[2026-05-15T10:59:17.410+0000] {processor.py:830} INFO - Processing file /opt/airflow/dags/hn_pipeline_dag.py for tasks to queue
[2026-05-15T10:59:17.411+0000] {logging_mixin.py:188} INFO - [2026-05-15T10:59:17.411+0000] {dagbag.py:538} INFO - Filling up the DagBag from /opt/airflow/dags/hn_pipeline_dag.py
[2026-05-15T10:59:17.426+0000] {processor.py:840} INFO - DAG(s) 'hn_pipeline' retrieved from /opt/airflow/dags/hn_pipeline_dag.py
[2026-05-15T10:59:17.444+0000] {logging_mixin.py:188} INFO - [2026-05-15T10:59:17.444+0000] {dag.py:3036} INFO - Sync 1 DAGs
[2026-05-15T10:59:17.456+0000] {logging_mixin.py:188} INFO - [2026-05-15T10:59:17.455+0000] {dag.py:3823} INFO - Setting next_dagrun for hn_pipeline to 2026-05-15 10:00:00+00:00, run_after=2026-05-15 11:00:00+00:00
[2026-05-15T10:59:17.464+0000] {processor.py:183} INFO - Processing /opt/airflow/dags/hn_pipeline_dag.py took 0.059 seconds
[2026-05-15T10:59:47.765+0000] {processor.py:161} INFO - Started process (PID=1093) to work on /opt/airflow/dags/hn_pipeline_dag.py
[2026-05-15T10:59:47.766+0000] {processor.py:830} INFO - Processing file /opt/airflow/dags/hn_pipeline_dag.py for tasks to queue
[2026-05-15T10:59:47.768+0000] {logging_mixin.py:188} INFO - [2026-05-15T10:59:47.767+0000] {dagbag.py:538} INFO - Filling up the DagBag from /opt/airflow/dags/hn_pipeline_dag.py
[2026-05-15T10:59:47.780+0000] {processor.py:840} INFO - DAG(s) 'hn_pipeline' retrieved from /opt/airflow/dags/hn_pipeline_dag.py
[2026-05-15T10:59:47.801+0000] {logging_mixin.py:188} INFO - [2026-05-15T10:59:47.801+0000] {dag.py:3036} INFO - Sync 1 DAGs
[2026-05-15T10:59:47.812+0000] {logging_mixin.py:188} INFO - [2026-05-15T10:59:47.812+0000] {dag.py:3823} INFO - Setting next_dagrun for hn_pipeline to 2026-05-15 10:00:00+00:00, run_after=2026-05-15 11:00:00+00:00
[2026-05-15T10:59:47.819+0000] {processor.py:183} INFO - Processing /opt/airflow/dags/hn_pipeline_dag.py took 0.058 seconds
[2026-05-15T11:00:18.072+0000] {processor.py:161} INFO - Started process (PID=1100) to work on /opt/airflow/dags/hn_pipeline_dag.py
[2026-05-15T11:00:18.074+0000] {processor.py:830} INFO - Processing file /opt/airflow/dags/hn_pipeline_dag.py for tasks to queue
[2026-05-15T11:00:18.074+0000] {logging_mixin.py:188} INFO - [2026-05-15T11:00:18.074+0000] {dagbag.py:538} INFO - Filling up the DagBag from /opt/airflow/dags/hn_pipeline_dag.py
[2026-05-15T11:00:18.089+0000] {processor.py:840} INFO - DAG(s) 'hn_pipeline' retrieved from /opt/airflow/dags/hn_pipeline_dag.py
[2026-05-15T11:00:18.110+0000] {logging_mixin.py:188} INFO - [2026-05-15T11:00:18.110+0000] {dag.py:3036} INFO - Sync 1 DAGs
[2026-05-15T11:00:18.122+0000] {logging_mixin.py:188} INFO - [2026-05-15T11:00:18.122+0000] {dag.py:3823} INFO - Setting next_dagrun for hn_pipeline to 2026-05-15 11:00:00+00:00, run_after=2026-05-15 12:00:00+00:00
[2026-05-15T11:00:18.130+0000] {processor.py:183} INFO - Processing /opt/airflow/dags/hn_pipeline_dag.py took 0.061 seconds
[2026-05-15T11:00:48.372+0000] {processor.py:161} INFO - Started process (PID=1105) to work on /opt/airflow/dags/hn_pipeline_dag.py
[2026-05-15T11:00:48.373+0000] {processor.py:830} INFO - Processing file /opt/airflow/dags/hn_pipeline_dag.py for tasks to queue
[2026-05-15T11:00:48.374+0000] {logging_mixin.py:188} INFO - [2026-05-15T11:00:48.374+0000] {dagbag.py:538} INFO - Filling up the DagBag from /opt/airflow/dags/hn_pipeline_dag.py
[2026-05-15T11:00:48.388+0000] {processor.py:840} INFO - DAG(s) 'hn_pipeline' retrieved from /opt/airflow/dags/hn_pipeline_dag.py
[2026-05-15T11:00:48.408+0000] {logging_mixin.py:188} INFO - [2026-05-15T11:00:48.408+0000] {dag.py:3036} INFO - Sync 1 DAGs
[2026-05-15T11:00:48.419+0000] {logging_mixin.py:188} INFO - [2026-05-15T11:00:48.419+0000] {dag.py:3823} INFO - Setting next_dagrun for hn_pipeline to 2026-05-15 11:00:00+00:00, run_after=2026-05-15 12:00:00+00:00
[2026-05-15T11:00:48.426+0000] {processor.py:183} INFO - Processing /opt/airflow/dags/hn_pipeline_dag.py took 0.058 seconds
[2026-05-15T11:01:18.716+0000] {processor.py:161} INFO - Started process (PID=1110) to work on /opt/airflow/dags/hn_pipeline_dag.py
[2026-05-15T11:01:18.717+0000] {processor.py:830} INFO - Processing file /opt/airflow/dags/hn_pipeline_dag.py for tasks to queue
[2026-05-15T11:01:18.718+0000] {logging_mixin.py:188} INFO - [2026-05-15T11:01:18.718+0000] {dagbag.py:538} INFO - Filling up the DagBag from /opt/airflow/dags/hn_pipeline_dag.py
[2026-05-15T11:01:18.732+0000] {processor.py:840} INFO - DAG(s) 'hn_pipeline' retrieved from /opt/airflow/dags/hn_pipeline_dag.py
[2026-05-15T11:01:18.751+0000] {logging_mixin.py:188} INFO - [2026-05-15T11:01:18.751+0000] {dag.py:3036} INFO - Sync 1 DAGs
[2026-05-15T11:01:18.763+0000] {logging_mixin.py:188} INFO - [2026-05-15T11:01:18.763+0000] {dag.py:3823} INFO - Setting next_dagrun for hn_pipeline to 2026-05-15 11:00:00+00:00, run_after=2026-05-15 12:00:00+00:00
[2026-05-15T11:01:18.770+0000] {processor.py:183} INFO - Processing /opt/airflow/dags/hn_pipeline_dag.py took 0.059 seconds
[2026-05-15T11:01:49.044+0000] {processor.py:161} INFO - Started process (PID=1115) to work on /opt/airflow/dags/hn_pipeline_dag.py
[2026-05-15T11:01:49.045+0000] {processor.py:830} INFO - Processing file /opt/airflow/dags/hn_pipeline_dag.py for tasks to queue
[2026-05-15T11:01:49.046+0000] {logging_mixin.py:188} INFO - [2026-05-15T11:01:49.046+0000] {dagbag.py:538} INFO - Filling up the DagBag from /opt/airflow/dags/hn_pipeline_dag.py
[2026-05-15T11:01:49.060+0000] {processor.py:840} INFO - DAG(s) 'hn_pipeline' retrieved from /opt/airflow/dags/hn_pipeline_dag.py
[2026-05-15T11:01:49.080+0000] {logging_mixin.py:188} INFO - [2026-05-15T11:01:49.080+0000] {dag.py:3036} INFO - Sync 1 DAGs
[2026-05-15T11:01:49.092+0000] {logging_mixin.py:188} INFO - [2026-05-15T11:01:49.092+0000] {dag.py:3823} INFO - Setting next_dagrun for hn_pipeline to 2026-05-15 11:00:00+00:00, run_after=2026-05-15 12:00:00+00:00
[2026-05-15T11:01:49.099+0000] {processor.py:183} INFO - Processing /opt/airflow/dags/hn_pipeline_dag.py took 0.059 seconds
[2026-05-15T11:02:19.357+0000] {processor.py:161} INFO - Started process (PID=1120) to work on /opt/airflow/dags/hn_pipeline_dag.py
[2026-05-15T11:02:19.359+0000] {processor.py:830} INFO - Processing file /opt/airflow/dags/hn_pipeline_dag.py for tasks to queue
[2026-05-15T11:02:19.360+0000] {logging_mixin.py:188} INFO - [2026-05-15T11:02:19.360+0000] {dagbag.py:538} INFO - Filling up the DagBag from /opt/airflow/dags/hn_pipeline_dag.py
[2026-05-15T11:02:19.374+0000] {processor.py:840} INFO - DAG(s) 'hn_pipeline' retrieved from /opt/airflow/dags/hn_pipeline_dag.py
[2026-05-15T11:02:19.394+0000] {logging_mixin.py:188} INFO - [2026-05-15T11:02:19.393+0000] {dag.py:3036} INFO - Sync 1 DAGs
[2026-05-15T11:02:19.404+0000] {logging_mixin.py:188} INFO - [2026-05-15T11:02:19.404+0000] {dag.py:3823} INFO - Setting next_dagrun for hn_pipeline to 2026-05-15 11:00:00+00:00, run_after=2026-05-15 12:00:00+00:00
[2026-05-15T11:02:19.412+0000] {processor.py:183} INFO - Processing /opt/airflow/dags/hn_pipeline_dag.py took 0.058 seconds
[2026-05-15T11:02:49.699+0000] {processor.py:161} INFO - Started process (PID=1125) to work on /opt/airflow/dags/hn_pipeline_dag.py
[2026-05-15T11:02:49.700+0000] {processor.py:830} INFO - Processing file /opt/airflow/dags/hn_pipeline_dag.py for tasks to queue
[2026-05-15T11:02:49.701+0000] {logging_mixin.py:188} INFO - [2026-05-15T11:02:49.701+0000] {dagbag.py:538} INFO - Filling up the DagBag from /opt/airflow/dags/hn_pipeline_dag.py
[2026-05-15T11:02:49.715+0000] {processor.py:840} INFO - DAG(s) 'hn_pipeline' retrieved from /opt/airflow/dags/hn_pipeline_dag.py
[2026-05-15T11:02:49.735+0000] {logging_mixin.py:188} INFO - [2026-05-15T11:02:49.735+0000] {dag.py:3036} INFO - Sync 1 DAGs
[2026-05-15T11:02:49.746+0000] {logging_mixin.py:188} INFO - [2026-05-15T11:02:49.746+0000] {dag.py:3823} INFO - Setting next_dagrun for hn_pipeline to 2026-05-15 11:00:00+00:00, run_after=2026-05-15 12:00:00+00:00
[2026-05-15T11:02:49.753+0000] {processor.py:183} INFO - Processing /opt/airflow/dags/hn_pipeline_dag.py took 0.059 seconds
[2026-05-15T11:03:20.071+0000] {processor.py:161} INFO - Started process (PID=1130) to work on /opt/airflow/dags/hn_pipeline_dag.py
[2026-05-15T11:03:20.072+0000] {processor.py:830} INFO - Processing file /opt/airflow/dags/hn_pipeline_dag.py for tasks to queue
[2026-05-15T11:03:20.073+0000] {logging_mixin.py:188} INFO - [2026-05-15T11:03:20.073+0000] {dagbag.py:538} INFO - Filling up the DagBag from /opt/airflow/dags/hn_pipeline_dag.py
[2026-05-15T11:03:20.088+0000] {processor.py:840} INFO - DAG(s) 'hn_pipeline' retrieved from /opt/airflow/dags/hn_pipeline_dag.py
[2026-05-15T11:03:20.108+0000] {logging_mixin.py:188} INFO - [2026-05-15T11:03:20.107+0000] {dag.py:3036} INFO - Sync 1 DAGs
[2026-05-15T11:03:20.119+0000] {logging_mixin.py:188} INFO - [2026-05-15T11:03:20.119+0000] {dag.py:3823} INFO - Setting next_dagrun for hn_pipeline to 2026-05-15 11:00:00+00:00, run_after=2026-05-15 12:00:00+00:00
[2026-05-15T11:03:20.127+0000] {processor.py:183} INFO - Processing /opt/airflow/dags/hn_pipeline_dag.py took 0.059 seconds
[2026-05-15T11:03:50.399+0000] {processor.py:161} INFO - Started process (PID=1135) to work on /opt/airflow/dags/hn_pipeline_dag.py
[2026-05-15T11:03:50.400+0000] {processor.py:830} INFO - Processing file /opt/airflow/dags/hn_pipeline_dag.py for tasks to queue
[2026-05-15T11:03:50.401+0000] {logging_mixin.py:188} INFO - [2026-05-15T11:03:50.401+0000] {dagbag.py:538} INFO - Filling up the DagBag from /opt/airflow/dags/hn_pipeline_dag.py
[2026-05-15T11:03:50.415+0000] {processor.py:840} INFO - DAG(s) 'hn_pipeline' retrieved from /opt/airflow/dags/hn_pipeline_dag.py
[2026-05-15T11:03:50.436+0000] {logging_mixin.py:188} INFO - [2026-05-15T11:03:50.435+0000] {dag.py:3036} INFO - Sync 1 DAGs
[2026-05-15T11:03:50.447+0000] {logging_mixin.py:188} INFO - [2026-05-15T11:03:50.447+0000] {dag.py:3823} INFO - Setting next_dagrun for hn_pipeline to 2026-05-15 11:00:00+00:00, run_after=2026-05-15 12:00:00+00:00
[2026-05-15T11:03:50.454+0000] {processor.py:183} INFO - Processing /opt/airflow/dags/hn_pipeline_dag.py took 0.059 seconds
[2026-05-15T11:04:20.732+0000] {processor.py:161} INFO - Started process (PID=1140) to work on /opt/airflow/dags/hn_pipeline_dag.py
[2026-05-15T11:04:20.733+0000] {processor.py:830} INFO - Processing file /opt/airflow/dags/hn_pipeline_dag.py for tasks to queue
[2026-05-15T11:04:20.734+0000] {logging_mixin.py:188} INFO - [2026-05-15T11:04:20.734+0000] {dagbag.py:538} INFO - Filling up the DagBag from /opt/airflow/dags/hn_pipeline_dag.py
[2026-05-15T11:04:20.749+0000] {processor.py:840} INFO - DAG(s) 'hn_pipeline' retrieved from /opt/airflow/dags/hn_pipeline_dag.py
[2026-05-15T11:04:20.769+0000] {logging_mixin.py:188} INFO - [2026-05-15T11:04:20.769+0000] {dag.py:3036} INFO - Sync 1 DAGs
[2026-05-15T11:04:20.780+0000] {logging_mixin.py:188} INFO - [2026-05-15T11:04:20.780+0000] {dag.py:3823} INFO - Setting next_dagrun for hn_pipeline to 2026-05-15 11:00:00+00:00, run_after=2026-05-15 12:00:00+00:00
[2026-05-15T11:04:20.788+0000] {processor.py:183} INFO - Processing /opt/airflow/dags/hn_pipeline_dag.py took 0.060 seconds
[2026-05-15T11:04:51.075+0000] {processor.py:161} INFO - Started process (PID=1145) to work on /opt/airflow/dags/hn_pipeline_dag.py
[2026-05-15T11:04:51.076+0000] {processor.py:830} INFO - Processing file /opt/airflow/dags/hn_pipeline_dag.py for tasks to queue
[2026-05-15T11:04:51.077+0000] {logging_mixin.py:188} INFO - [2026-05-15T11:04:51.077+0000] {dagbag.py:538} INFO - Filling up the DagBag from /opt/airflow/dags/hn_pipeline_dag.py
[2026-05-15T11:04:51.091+0000] {processor.py:840} INFO - DAG(s) 'hn_pipeline' retrieved from /opt/airflow/dags/hn_pipeline_dag.py
[2026-05-15T11:04:51.113+0000] {logging_mixin.py:188} INFO - [2026-05-15T11:04:51.112+0000] {dag.py:3036} INFO - Sync 1 DAGs
[2026-05-15T11:04:51.124+0000] {logging_mixin.py:188} INFO - [2026-05-15T11:04:51.124+0000] {dag.py:3823} INFO - Setting next_dagrun for hn_pipeline to 2026-05-15 11:00:00+00:00, run_after=2026-05-15 12:00:00+00:00
[2026-05-15T11:04:51.131+0000] {processor.py:183} INFO - Processing /opt/airflow/dags/hn_pipeline_dag.py took 0.060 seconds
[2026-05-15T11:05:21.430+0000] {processor.py:161} INFO - Started process (PID=1152) to work on /opt/airflow/dags/hn_pipeline_dag.py
[2026-05-15T11:05:21.432+0000] {processor.py:830} INFO - Processing file /opt/airflow/dags/hn_pipeline_dag.py for tasks to queue
[2026-05-15T11:05:21.435+0000] {logging_mixin.py:188} INFO - [2026-05-15T11:05:21.435+0000] {dagbag.py:538} INFO - Filling up the DagBag from /opt/airflow/dags/hn_pipeline_dag.py
[2026-05-15T11:05:21.452+0000] {processor.py:840} INFO - DAG(s) 'hn_pipeline' retrieved from /opt/airflow/dags/hn_pipeline_dag.py
[2026-05-15T11:05:21.469+0000] {logging_mixin.py:188} INFO - [2026-05-15T11:05:21.469+0000] {dag.py:3036} INFO - Sync 1 DAGs
[2026-05-15T11:05:21.479+0000] {logging_mixin.py:188} INFO - [2026-05-15T11:05:21.479+0000] {dag.py:3823} INFO - Setting next_dagrun for hn_pipeline to 2026-05-15 11:00:00+00:00, run_after=2026-05-15 12:00:00+00:00
[2026-05-15T11:05:21.487+0000] {processor.py:183} INFO - Processing /opt/airflow/dags/hn_pipeline_dag.py took 0.061 seconds
[2026-05-15T11:05:51.752+0000] {processor.py:161} INFO - Started process (PID=1157) to work on /opt/airflow/dags/hn_pipeline_dag.py
[2026-05-15T11:05:51.753+0000] {processor.py:830} INFO - Processing file /opt/airflow/dags/hn_pipeline_dag.py for tasks to queue
[2026-05-15T11:05:51.754+0000] {logging_mixin.py:188} INFO - [2026-05-15T11:05:51.753+0000] {dagbag.py:538} INFO - Filling up the DagBag from /opt/airflow/dags/hn_pipeline_dag.py
[2026-05-15T11:05:51.768+0000] {processor.py:840} INFO - DAG(s) 'hn_pipeline' retrieved from /opt/airflow/dags/hn_pipeline_dag.py
[2026-05-15T11:05:51.789+0000] {logging_mixin.py:188} INFO - [2026-05-15T11:05:51.788+0000] {dag.py:3036} INFO - Sync 1 DAGs
[2026-05-15T11:05:51.802+0000] {logging_mixin.py:188} INFO - [2026-05-15T11:05:51.801+0000] {dag.py:3823} INFO - Setting next_dagrun for hn_pipeline to 2026-05-15 11:00:00+00:00, run_after=2026-05-15 12:00:00+00:00
[2026-05-15T11:05:51.810+0000] {processor.py:183} INFO - Processing /opt/airflow/dags/hn_pipeline_dag.py took 0.063 seconds
[2026-05-15T11:06:22.053+0000] {processor.py:161} INFO - Started process (PID=1162) to work on /opt/airflow/dags/hn_pipeline_dag.py
[2026-05-15T11:06:22.054+0000] {processor.py:830} INFO - Processing file /opt/airflow/dags/hn_pipeline_dag.py for tasks to queue
[2026-05-15T11:06:22.055+0000] {logging_mixin.py:188} INFO - [2026-05-15T11:06:22.054+0000] {dagbag.py:538} INFO - Filling up the DagBag from /opt/airflow/dags/hn_pipeline_dag.py
[2026-05-15T11:06:22.063+0000] {processor.py:840} INFO - DAG(s) 'hn_pipeline' retrieved from /opt/airflow/dags/hn_pipeline_dag.py
[2026-05-15T11:06:22.085+0000] {logging_mixin.py:188} INFO - [2026-05-15T11:06:22.085+0000] {dag.py:3036} INFO - Sync 1 DAGs
[2026-05-15T11:06:22.102+0000] {logging_mixin.py:188} INFO - [2026-05-15T11:06:22.102+0000] {dag.py:3823} INFO - Setting next_dagrun for hn_pipeline to 2026-05-15 11:00:00+00:00, run_after=2026-05-15 12:00:00+00:00
[2026-05-15T11:06:22.114+0000] {processor.py:183} INFO - Processing /opt/airflow/dags/hn_pipeline_dag.py took 0.063 seconds
[2026-05-15T11:06:52.410+0000] {processor.py:161} INFO - Started process (PID=1167) to work on /opt/airflow/dags/hn_pipeline_dag.py
[2026-05-15T11:06:52.411+0000] {processor.py:830} INFO - Processing file /opt/airflow/dags/hn_pipeline_dag.py for tasks to queue
[2026-05-15T11:06:52.412+0000] {logging_mixin.py:188} INFO - [2026-05-15T11:06:52.412+0000] {dagbag.py:538} INFO - Filling up the DagBag from /opt/airflow/dags/hn_pipeline_dag.py
[2026-05-15T11:06:52.426+0000] {processor.py:840} INFO - DAG(s) 'hn_pipeline' retrieved from /opt/airflow/dags/hn_pipeline_dag.py
[2026-05-15T11:06:52.446+0000] {logging_mixin.py:188} INFO - [2026-05-15T11:06:52.446+0000] {dag.py:3036} INFO - Sync 1 DAGs
[2026-05-15T11:06:52.457+0000] {logging_mixin.py:188} INFO - [2026-05-15T11:06:52.457+0000] {dag.py:3823} INFO - Setting next_dagrun for hn_pipeline to 2026-05-15 11:00:00+00:00, run_after=2026-05-15 12:00:00+00:00
[2026-05-15T11:06:52.465+0000] {processor.py:183} INFO - Processing /opt/airflow/dags/hn_pipeline_dag.py took 0.059 seconds
[2026-05-15T11:07:22.724+0000] {processor.py:161} INFO - Started process (PID=1172) to work on /opt/airflow/dags/hn_pipeline_dag.py
[2026-05-15T11:07:22.725+0000] {processor.py:830} INFO - Processing file /opt/airflow/dags/hn_pipeline_dag.py for tasks to queue
[2026-05-15T11:07:22.726+0000] {logging_mixin.py:188} INFO - [2026-05-15T11:07:22.725+0000] {dagbag.py:538} INFO - Filling up the DagBag from /opt/airflow/dags/hn_pipeline_dag.py
[2026-05-15T11:07:22.734+0000] {processor.py:840} INFO - DAG(s) 'hn_pipeline' retrieved from /opt/airflow/dags/hn_pipeline_dag.py
[2026-05-15T11:07:22.749+0000] {logging_mixin.py:188} INFO - [2026-05-15T11:07:22.749+0000] {dag.py:3036} INFO - Sync 1 DAGs
[2026-05-15T11:07:22.759+0000] {logging_mixin.py:188} INFO - [2026-05-15T11:07:22.759+0000] {dag.py:3823} INFO - Setting next_dagrun for hn_pipeline to 2026-05-15 11:00:00+00:00, run_after=2026-05-15 12:00:00+00:00
[2026-05-15T11:07:22.770+0000] {processor.py:183} INFO - Processing /opt/airflow/dags/hn_pipeline_dag.py took 0.048 seconds
[2026-05-15T11:07:53.052+0000] {processor.py:161} INFO - Started process (PID=1177) to work on /opt/airflow/dags/hn_pipeline_dag.py
[2026-05-15T11:07:53.056+0000] {processor.py:830} INFO - Processing file /opt/airflow/dags/hn_pipeline_dag.py for tasks to queue
[2026-05-15T11:07:53.057+0000] {logging_mixin.py:188} INFO - [2026-05-15T11:07:53.056+0000] {dagbag.py:538} INFO - Filling up the DagBag from /opt/airflow/dags/hn_pipeline_dag.py
[2026-05-15T11:07:53.072+0000] {processor.py:840} INFO - DAG(s) 'hn_pipeline' retrieved from /opt/airflow/dags/hn_pipeline_dag.py
[2026-05-15T11:07:53.094+0000] {logging_mixin.py:188} INFO - [2026-05-15T11:07:53.094+0000] {dag.py:3036} INFO - Sync 1 DAGs
[2026-05-15T11:07:53.106+0000] {logging_mixin.py:188} INFO - [2026-05-15T11:07:53.106+0000] {dag.py:3823} INFO - Setting next_dagrun for hn_pipeline to 2026-05-15 11:00:00+00:00, run_after=2026-05-15 12:00:00+00:00
[2026-05-15T11:07:53.114+0000] {processor.py:183} INFO - Processing /opt/airflow/dags/hn_pipeline_dag.py took 0.066 seconds
[2026-05-15T11:08:23.383+0000] {processor.py:161} INFO - Started process (PID=1182) to work on /opt/airflow/dags/hn_pipeline_dag.py
[2026-05-15T11:08:23.385+0000] {processor.py:830} INFO - Processing file /opt/airflow/dags/hn_pipeline_dag.py for tasks to queue
[2026-05-15T11:08:23.386+0000] {logging_mixin.py:188} INFO - [2026-05-15T11:08:23.385+0000] {dagbag.py:538} INFO - Filling up the DagBag from /opt/airflow/dags/hn_pipeline_dag.py
[2026-05-15T11:08:23.401+0000] {processor.py:840} INFO - DAG(s) 'hn_pipeline' retrieved from /opt/airflow/dags/hn_pipeline_dag.py
[2026-05-15T11:08:23.419+0000] {logging_mixin.py:188} INFO - [2026-05-15T11:08:23.419+0000] {dag.py:3036} INFO - Sync 1 DAGs
[2026-05-15T11:08:23.431+0000] {logging_mixin.py:188} INFO - [2026-05-15T11:08:23.431+0000] {dag.py:3823} INFO - Setting next_dagrun for hn_pipeline to 2026-05-15 11:00:00+00:00, run_after=2026-05-15 12:00:00+00:00
[2026-05-15T11:08:23.438+0000] {processor.py:183} INFO - Processing /opt/airflow/dags/hn_pipeline_dag.py took 0.059 seconds
[2026-05-15T11:08:53.696+0000] {processor.py:161} INFO - Started process (PID=1187) to work on /opt/airflow/dags/hn_pipeline_dag.py
[2026-05-15T11:08:53.698+0000] {processor.py:830} INFO - Processing file /opt/airflow/dags/hn_pipeline_dag.py for tasks to queue
[2026-05-15T11:08:53.699+0000] {logging_mixin.py:188} INFO - [2026-05-15T11:08:53.698+0000] {dagbag.py:538} INFO - Filling up the DagBag from /opt/airflow/dags/hn_pipeline_dag.py
[2026-05-15T11:08:53.713+0000] {processor.py:840} INFO - DAG(s) 'hn_pipeline' retrieved from /opt/airflow/dags/hn_pipeline_dag.py
[2026-05-15T11:08:53.732+0000] {logging_mixin.py:188} INFO - [2026-05-15T11:08:53.732+0000] {dag.py:3036} INFO - Sync 1 DAGs
[2026-05-15T11:08:53.743+0000] {logging_mixin.py:188} INFO - [2026-05-15T11:08:53.743+0000] {dag.py:3823} INFO - Setting next_dagrun for hn_pipeline to 2026-05-15 11:00:00+00:00, run_after=2026-05-15 12:00:00+00:00
[2026-05-15T11:08:53.751+0000] {processor.py:183} INFO - Processing /opt/airflow/dags/hn_pipeline_dag.py took 0.059 seconds
[2026-05-15T11:09:24.087+0000] {processor.py:161} INFO - Started process (PID=1192) to work on /opt/airflow/dags/hn_pipeline_dag.py
[2026-05-15T11:09:24.088+0000] {processor.py:830} INFO - Processing file /opt/airflow/dags/hn_pipeline_dag.py for tasks to queue
[2026-05-15T11:09:24.089+0000] {logging_mixin.py:188} INFO - [2026-05-15T11:09:24.089+0000] {dagbag.py:538} INFO - Filling up the DagBag from /opt/airflow/dags/hn_pipeline_dag.py
[2026-05-15T11:09:24.112+0000] {processor.py:840} INFO - DAG(s) 'hn_pipeline' retrieved from /opt/airflow/dags/hn_pipeline_dag.py
[2026-05-15T11:09:24.153+0000] {logging_mixin.py:188} INFO - [2026-05-15T11:09:24.153+0000] {dag.py:3036} INFO - Sync 1 DAGs
[2026-05-15T11:09:24.173+0000] {logging_mixin.py:188} INFO - [2026-05-15T11:09:24.173+0000] {dag.py:3823} INFO - Setting next_dagrun for hn_pipeline to 2026-05-15 11:00:00+00:00, run_after=2026-05-15 12:00:00+00:00
[2026-05-15T11:09:24.191+0000] {processor.py:183} INFO - Processing /opt/airflow/dags/hn_pipeline_dag.py took 0.110 seconds
[2026-05-15T11:09:54.415+0000] {processor.py:161} INFO - Started process (PID=1197) to work on /opt/airflow/dags/hn_pipeline_dag.py
[2026-05-15T11:09:54.416+0000] {processor.py:830} INFO - Processing file /opt/airflow/dags/hn_pipeline_dag.py for tasks to queue
[2026-05-15T11:09:54.417+0000] {logging_mixin.py:188} INFO - [2026-05-15T11:09:54.416+0000] {dagbag.py:538} INFO - Filling up the DagBag from /opt/airflow/dags/hn_pipeline_dag.py
[2026-05-15T11:09:54.430+0000] {processor.py:840} INFO - DAG(s) 'hn_pipeline' retrieved from /opt/airflow/dags/hn_pipeline_dag.py
[2026-05-15T11:09:54.449+0000] {logging_mixin.py:188} INFO - [2026-05-15T11:09:54.449+0000] {dag.py:3036} INFO - Sync 1 DAGs
[2026-05-15T11:09:54.460+0000] {logging_mixin.py:188} INFO - [2026-05-15T11:09:54.460+0000] {dag.py:3823} INFO - Setting next_dagrun for hn_pipeline to 2026-05-15 11:00:00+00:00, run_after=2026-05-15 12:00:00+00:00
[2026-05-15T11:09:54.468+0000] {processor.py:183} INFO - Processing /opt/airflow/dags/hn_pipeline_dag.py took 0.057 seconds
[2026-05-15T11:10:24.753+0000] {processor.py:161} INFO - Started process (PID=1202) to work on /opt/airflow/dags/hn_pipeline_dag.py
[2026-05-15T11:10:24.755+0000] {processor.py:830} INFO - Processing file /opt/airflow/dags/hn_pipeline_dag.py for tasks to queue
[2026-05-15T11:10:24.756+0000] {logging_mixin.py:188} INFO - [2026-05-15T11:10:24.755+0000] {dagbag.py:538} INFO - Filling up the DagBag from /opt/airflow/dags/hn_pipeline_dag.py
[2026-05-15T11:10:24.769+0000] {processor.py:840} INFO - DAG(s) 'hn_pipeline' retrieved from /opt/airflow/dags/hn_pipeline_dag.py
[2026-05-15T11:10:24.786+0000] {logging_mixin.py:188} INFO - [2026-05-15T11:10:24.786+0000] {dag.py:3036} INFO - Sync 1 DAGs
[2026-05-15T11:10:24.798+0000] {logging_mixin.py:188} INFO - [2026-05-15T11:10:24.798+0000] {dag.py:3823} INFO - Setting next_dagrun for hn_pipeline to 2026-05-15 11:00:00+00:00, run_after=2026-05-15 12:00:00+00:00
[2026-05-15T11:10:24.805+0000] {processor.py:183} INFO - Processing /opt/airflow/dags/hn_pipeline_dag.py took 0.056 seconds
[2026-05-15T11:10:55.052+0000] {processor.py:161} INFO - Started process (PID=1207) to work on /opt/airflow/dags/hn_pipeline_dag.py
[2026-05-15T11:10:55.053+0000] {processor.py:830} INFO - Processing file /opt/airflow/dags/hn_pipeline_dag.py for tasks to queue
[2026-05-15T11:10:55.054+0000] {logging_mixin.py:188} INFO - [2026-05-15T11:10:55.054+0000] {dagbag.py:538} INFO - Filling up the DagBag from /opt/airflow/dags/hn_pipeline_dag.py
[2026-05-15T11:10:55.062+0000] {processor.py:840} INFO - DAG(s) 'hn_pipeline' retrieved from /opt/airflow/dags/hn_pipeline_dag.py
[2026-05-15T11:10:55.077+0000] {logging_mixin.py:188} INFO - [2026-05-15T11:10:55.077+0000] {dag.py:3036} INFO - Sync 1 DAGs
[2026-05-15T11:10:55.088+0000] {logging_mixin.py:188} INFO - [2026-05-15T11:10:55.088+0000] {dag.py:3823} INFO - Setting next_dagrun for hn_pipeline to 2026-05-15 11:00:00+00:00, run_after=2026-05-15 12:00:00+00:00
[2026-05-15T11:10:55.096+0000] {processor.py:183} INFO - Processing /opt/airflow/dags/hn_pipeline_dag.py took 0.045 seconds
[2026-05-15T11:11:25.363+0000] {processor.py:161} INFO - Started process (PID=1212) to work on /opt/airflow/dags/hn_pipeline_dag.py
[2026-05-15T11:11:25.364+0000] {processor.py:830} INFO - Processing file /opt/airflow/dags/hn_pipeline_dag.py for tasks to queue
[2026-05-15T11:11:25.366+0000] {logging_mixin.py:188} INFO - [2026-05-15T11:11:25.366+0000] {dagbag.py:538} INFO - Filling up the DagBag from /opt/airflow/dags/hn_pipeline_dag.py
[2026-05-15T11:11:25.381+0000] {processor.py:840} INFO - DAG(s) 'hn_pipeline' retrieved from /opt/airflow/dags/hn_pipeline_dag.py
[2026-05-15T11:11:25.404+0000] {logging_mixin.py:188} INFO - [2026-05-15T11:11:25.404+0000] {dag.py:3036} INFO - Sync 1 DAGs
[2026-05-15T11:11:25.417+0000] {logging_mixin.py:188} INFO - [2026-05-15T11:11:25.417+0000] {dag.py:3823} INFO - Setting next_dagrun for hn_pipeline to 2026-05-15 11:00:00+00:00, run_after=2026-05-15 12:00:00+00:00
[2026-05-15T11:11:25.426+0000] {processor.py:183} INFO - Processing /opt/airflow/dags/hn_pipeline_dag.py took 0.066 seconds
[2026-05-15T11:11:55.685+0000] {processor.py:161} INFO - Started process (PID=1217) to work on /opt/airflow/dags/hn_pipeline_dag.py
[2026-05-15T11:11:55.687+0000] {processor.py:830} INFO - Processing file /opt/airflow/dags/hn_pipeline_dag.py for tasks to queue
[2026-05-15T11:11:55.688+0000] {logging_mixin.py:188} INFO - [2026-05-15T11:11:55.687+0000] {dagbag.py:538} INFO - Filling up the DagBag from /opt/airflow/dags/hn_pipeline_dag.py
[2026-05-15T11:11:55.700+0000] {processor.py:840} INFO - DAG(s) 'hn_pipeline' retrieved from /opt/airflow/dags/hn_pipeline_dag.py
[2026-05-15T11:11:55.719+0000] {logging_mixin.py:188} INFO - [2026-05-15T11:11:55.719+0000] {dag.py:3036} INFO - Sync 1 DAGs
[2026-05-15T11:11:55.731+0000] {logging_mixin.py:188} INFO - [2026-05-15T11:11:55.731+0000] {dag.py:3823} INFO - Setting next_dagrun for hn_pipeline to 2026-05-15 11:00:00+00:00, run_after=2026-05-15 12:00:00+00:00
[2026-05-15T11:11:55.739+0000] {processor.py:183} INFO - Processing /opt/airflow/dags/hn_pipeline_dag.py took 0.058 seconds
[2026-05-15T11:12:26.030+0000] {processor.py:161} INFO - Started process (PID=1222) to work on /opt/airflow/dags/hn_pipeline_dag.py
[2026-05-15T11:12:26.031+0000] {processor.py:830} INFO - Processing file /opt/airflow/dags/hn_pipeline_dag.py for tasks to queue
[2026-05-15T11:12:26.032+0000] {logging_mixin.py:188} INFO - [2026-05-15T11:12:26.032+0000] {dagbag.py:538} INFO - Filling up the DagBag from /opt/airflow/dags/hn_pipeline_dag.py
[2026-05-15T11:12:26.045+0000] {processor.py:840} INFO - DAG(s) 'hn_pipeline' retrieved from /opt/airflow/dags/hn_pipeline_dag.py
[2026-05-15T11:12:26.063+0000] {logging_mixin.py:188} INFO - [2026-05-15T11:12:26.063+0000] {dag.py:3036} INFO - Sync 1 DAGs
[2026-05-15T11:12:26.075+0000] {logging_mixin.py:188} INFO - [2026-05-15T11:12:26.075+0000] {dag.py:3823} INFO - Setting next_dagrun for hn_pipeline to 2026-05-15 11:00:00+00:00, run_after=2026-05-15 12:00:00+00:00
[2026-05-15T11:12:26.083+0000] {processor.py:183} INFO - Processing /opt/airflow/dags/hn_pipeline_dag.py took 0.056 seconds
[2026-05-15T11:12:56.354+0000] {processor.py:161} INFO - Started process (PID=1227) to work on /opt/airflow/dags/hn_pipeline_dag.py
[2026-05-15T11:12:56.355+0000] {processor.py:830} INFO - Processing file /opt/airflow/dags/hn_pipeline_dag.py for tasks to queue
[2026-05-15T11:12:56.356+0000] {logging_mixin.py:188} INFO - [2026-05-15T11:12:56.356+0000] {dagbag.py:538} INFO - Filling up the DagBag from /opt/airflow/dags/hn_pipeline_dag.py
[2026-05-15T11:12:56.372+0000] {processor.py:840} INFO - DAG(s) 'hn_pipeline' retrieved from /opt/airflow/dags/hn_pipeline_dag.py
[2026-05-15T11:12:56.391+0000] {logging_mixin.py:188} INFO - [2026-05-15T11:12:56.391+0000] {dag.py:3036} INFO - Sync 1 DAGs
[2026-05-15T11:12:56.404+0000] {logging_mixin.py:188} INFO - [2026-05-15T11:12:56.404+0000] {dag.py:3823} INFO - Setting next_dagrun for hn_pipeline to 2026-05-15 11:00:00+00:00, run_after=2026-05-15 12:00:00+00:00
[2026-05-15T11:12:56.413+0000] {processor.py:183} INFO - Processing /opt/airflow/dags/hn_pipeline_dag.py took 0.063 seconds
[2026-05-15T11:13:26.720+0000] {processor.py:161} INFO - Started process (PID=1232) to work on /opt/airflow/dags/hn_pipeline_dag.py
[2026-05-15T11:13:26.721+0000] {processor.py:830} INFO - Processing file /opt/airflow/dags/hn_pipeline_dag.py for tasks to queue
[2026-05-15T11:13:26.722+0000] {logging_mixin.py:188} INFO - [2026-05-15T11:13:26.722+0000] {dagbag.py:538} INFO - Filling up the DagBag from /opt/airflow/dags/hn_pipeline_dag.py
[2026-05-15T11:13:26.734+0000] {processor.py:840} INFO - DAG(s) 'hn_pipeline' retrieved from /opt/airflow/dags/hn_pipeline_dag.py
[2026-05-15T11:13:26.754+0000] {logging_mixin.py:188} INFO - [2026-05-15T11:13:26.754+0000] {dag.py:3036} INFO - Sync 1 DAGs
[2026-05-15T11:13:26.766+0000] {logging_mixin.py:188} INFO - [2026-05-15T11:13:26.766+0000] {dag.py:3823} INFO - Setting next_dagrun for hn_pipeline to 2026-05-15 11:00:00+00:00, run_after=2026-05-15 12:00:00+00:00
[2026-05-15T11:13:26.774+0000] {processor.py:183} INFO - Processing /opt/airflow/dags/hn_pipeline_dag.py took 0.057 seconds
[2026-05-15T11:13:57.059+0000] {processor.py:161} INFO - Started process (PID=1237) to work on /opt/airflow/dags/hn_pipeline_dag.py
[2026-05-15T11:13:57.060+0000] {processor.py:830} INFO - Processing file /opt/airflow/dags/hn_pipeline_dag.py for tasks to queue
[2026-05-15T11:13:57.061+0000] {logging_mixin.py:188} INFO - [2026-05-15T11:13:57.061+0000] {dagbag.py:538} INFO - Filling up the DagBag from /opt/airflow/dags/hn_pipeline_dag.py
[2026-05-15T11:13:57.076+0000] {processor.py:840} INFO - DAG(s) 'hn_pipeline' retrieved from /opt/airflow/dags/hn_pipeline_dag.py
[2026-05-15T11:13:57.096+0000] {logging_mixin.py:188} INFO - [2026-05-15T11:13:57.096+0000] {dag.py:3036} INFO - Sync 1 DAGs
[2026-05-15T11:13:57.107+0000] {logging_mixin.py:188} INFO - [2026-05-15T11:13:57.107+0000] {dag.py:3823} INFO - Setting next_dagrun for hn_pipeline to 2026-05-15 11:00:00+00:00, run_after=2026-05-15 12:00:00+00:00
[2026-05-15T11:13:57.115+0000] {processor.py:183} INFO - Processing /opt/airflow/dags/hn_pipeline_dag.py took 0.059 seconds
[2026-05-15T11:14:27.392+0000] {processor.py:161} INFO - Started process (PID=1242) to work on /opt/airflow/dags/hn_pipeline_dag.py
[2026-05-15T11:14:27.393+0000] {processor.py:830} INFO - Processing file /opt/airflow/dags/hn_pipeline_dag.py for tasks to queue
[2026-05-15T11:14:27.394+0000] {logging_mixin.py:188} INFO - [2026-05-15T11:14:27.394+0000] {dagbag.py:538} INFO - Filling up the DagBag from /opt/airflow/dags/hn_pipeline_dag.py
[2026-05-15T11:14:27.402+0000] {processor.py:840} INFO - DAG(s) 'hn_pipeline' retrieved from /opt/airflow/dags/hn_pipeline_dag.py
[2026-05-15T11:14:27.415+0000] {logging_mixin.py:188} INFO - [2026-05-15T11:14:27.415+0000] {dag.py:3036} INFO - Sync 1 DAGs
[2026-05-15T11:14:27.425+0000] {logging_mixin.py:188} INFO - [2026-05-15T11:14:27.425+0000] {dag.py:3823} INFO - Setting next_dagrun for hn_pipeline to 2026-05-15 11:00:00+00:00, run_after=2026-05-15 12:00:00+00:00
[2026-05-15T11:14:27.433+0000] {processor.py:183} INFO - Processing /opt/airflow/dags/hn_pipeline_dag.py took 0.042 seconds
[2026-05-15T11:14:57.700+0000] {processor.py:161} INFO - Started process (PID=1247) to work on /opt/airflow/dags/hn_pipeline_dag.py
[2026-05-15T11:14:57.701+0000] {processor.py:830} INFO - Processing file /opt/airflow/dags/hn_pipeline_dag.py for tasks to queue
[2026-05-15T11:14:57.702+0000] {logging_mixin.py:188} INFO - [2026-05-15T11:14:57.701+0000] {dagbag.py:538} INFO - Filling up the DagBag from /opt/airflow/dags/hn_pipeline_dag.py
[2026-05-15T11:14:57.711+0000] {processor.py:840} INFO - DAG(s) 'hn_pipeline' retrieved from /opt/airflow/dags/hn_pipeline_dag.py
[2026-05-15T11:14:57.727+0000] {logging_mixin.py:188} INFO - [2026-05-15T11:14:57.726+0000] {dag.py:3036} INFO - Sync 1 DAGs
[2026-05-15T11:14:57.738+0000] {logging_mixin.py:188} INFO - [2026-05-15T11:14:57.738+0000] {dag.py:3823} INFO - Setting next_dagrun for hn_pipeline to 2026-05-15 11:00:00+00:00, run_after=2026-05-15 12:00:00+00:00
[2026-05-15T11:14:57.745+0000] {processor.py:183} INFO - Processing /opt/airflow/dags/hn_pipeline_dag.py took 0.047 seconds
[2026-05-15T11:15:27.949+0000] {processor.py:161} INFO - Started process (PID=1252) to work on /opt/airflow/dags/hn_pipeline_dag.py
[2026-05-15T11:15:27.950+0000] {processor.py:830} INFO - Processing file /opt/airflow/dags/hn_pipeline_dag.py for tasks to queue
[2026-05-15T11:15:27.951+0000] {logging_mixin.py:188} INFO - [2026-05-15T11:15:27.950+0000] {dagbag.py:538} INFO - Filling up the DagBag from /opt/airflow/dags/hn_pipeline_dag.py
[2026-05-15T11:15:27.966+0000] {processor.py:840} INFO - DAG(s) 'hn_pipeline' retrieved from /opt/airflow/dags/hn_pipeline_dag.py
[2026-05-15T11:15:27.985+0000] {logging_mixin.py:188} INFO - [2026-05-15T11:15:27.985+0000] {dag.py:3036} INFO - Sync 1 DAGs
[2026-05-15T11:15:27.997+0000] {logging_mixin.py:188} INFO - [2026-05-15T11:15:27.997+0000] {dag.py:3823} INFO - Setting next_dagrun for hn_pipeline to 2026-05-15 11:00:00+00:00, run_after=2026-05-15 12:00:00+00:00
[2026-05-15T11:15:28.005+0000] {processor.py:183} INFO - Processing /opt/airflow/dags/hn_pipeline_dag.py took 0.059 seconds
[2026-05-15T11:15:58.216+0000] {processor.py:161} INFO - Started process (PID=1257) to work on /opt/airflow/dags/hn_pipeline_dag.py
[2026-05-15T11:15:58.217+0000] {processor.py:830} INFO - Processing file /opt/airflow/dags/hn_pipeline_dag.py for tasks to queue
[2026-05-15T11:15:58.217+0000] {logging_mixin.py:188} INFO - [2026-05-15T11:15:58.217+0000] {dagbag.py:538} INFO - Filling up the DagBag from /opt/airflow/dags/hn_pipeline_dag.py
[2026-05-15T11:15:58.223+0000] {processor.py:840} INFO - DAG(s) 'hn_pipeline' retrieved from /opt/airflow/dags/hn_pipeline_dag.py
[2026-05-15T11:15:58.235+0000] {logging_mixin.py:188} INFO - [2026-05-15T11:15:58.235+0000] {dag.py:3036} INFO - Sync 1 DAGs
[2026-05-15T11:15:58.245+0000] {logging_mixin.py:188} INFO - [2026-05-15T11:15:58.245+0000] {dag.py:3823} INFO - Setting next_dagrun for hn_pipeline to 2026-05-15 11:00:00+00:00, run_after=2026-05-15 12:00:00+00:00
[2026-05-15T11:15:58.251+0000] {processor.py:183} INFO - Processing /opt/airflow/dags/hn_pipeline_dag.py took 0.037 seconds
[2026-05-15T11:16:28.596+0000] {processor.py:161} INFO - Started process (PID=1262) to work on /opt/airflow/dags/hn_pipeline_dag.py
[2026-05-15T11:16:28.598+0000] {processor.py:830} INFO - Processing file /opt/airflow/dags/hn_pipeline_dag.py for tasks to queue
[2026-05-15T11:16:28.599+0000] {logging_mixin.py:188} INFO - [2026-05-15T11:16:28.599+0000] {dagbag.py:538} INFO - Filling up the DagBag from /opt/airflow/dags/hn_pipeline_dag.py
[2026-05-15T11:16:28.618+0000] {processor.py:840} INFO - DAG(s) 'hn_pipeline' retrieved from /opt/airflow/dags/hn_pipeline_dag.py
[2026-05-15T11:16:28.640+0000] {logging_mixin.py:188} INFO - [2026-05-15T11:16:28.640+0000] {dag.py:3036} INFO - Sync 1 DAGs
[2026-05-15T11:16:28.653+0000] {logging_mixin.py:188} INFO - [2026-05-15T11:16:28.652+0000] {dag.py:3823} INFO - Setting next_dagrun for hn_pipeline to 2026-05-15 11:00:00+00:00, run_after=2026-05-15 12:00:00+00:00
[2026-05-15T11:16:28.661+0000] {processor.py:183} INFO - Processing /opt/airflow/dags/hn_pipeline_dag.py took 0.069 seconds
[2026-05-15T11:16:58.913+0000] {processor.py:161} INFO - Started process (PID=1267) to work on /opt/airflow/dags/hn_pipeline_dag.py
[2026-05-15T11:16:58.914+0000] {processor.py:830} INFO - Processing file /opt/airflow/dags/hn_pipeline_dag.py for tasks to queue
[2026-05-15T11:16:58.915+0000] {logging_mixin.py:188} INFO - [2026-05-15T11:16:58.915+0000] {dagbag.py:538} INFO - Filling up the DagBag from /opt/airflow/dags/hn_pipeline_dag.py
[2026-05-15T11:16:58.929+0000] {processor.py:840} INFO - DAG(s) 'hn_pipeline' retrieved from /opt/airflow/dags/hn_pipeline_dag.py
[2026-05-15T11:16:58.949+0000] {logging_mixin.py:188} INFO - [2026-05-15T11:16:58.949+0000] {dag.py:3036} INFO - Sync 1 DAGs
[2026-05-15T11:16:58.961+0000] {logging_mixin.py:188} INFO - [2026-05-15T11:16:58.961+0000] {dag.py:3823} INFO - Setting next_dagrun for hn_pipeline to 2026-05-15 11:00:00+00:00, run_after=2026-05-15 12:00:00+00:00
[2026-05-15T11:16:58.969+0000] {processor.py:183} INFO - Processing /opt/airflow/dags/hn_pipeline_dag.py took 0.061 seconds
[2026-05-15T11:17:29.231+0000] {processor.py:161} INFO - Started process (PID=1272) to work on /opt/airflow/dags/hn_pipeline_dag.py
[2026-05-15T11:17:29.232+0000] {processor.py:830} INFO - Processing file /opt/airflow/dags/hn_pipeline_dag.py for tasks to queue
[2026-05-15T11:17:29.234+0000] {logging_mixin.py:188} INFO - [2026-05-15T11:17:29.233+0000] {dagbag.py:538} INFO - Filling up the DagBag from /opt/airflow/dags/hn_pipeline_dag.py
[2026-05-15T11:17:29.248+0000] {processor.py:840} INFO - DAG(s) 'hn_pipeline' retrieved from /opt/airflow/dags/hn_pipeline_dag.py
[2026-05-15T11:17:29.268+0000] {logging_mixin.py:188} INFO - [2026-05-15T11:17:29.268+0000] {dag.py:3036} INFO - Sync 1 DAGs
[2026-05-15T11:17:29.280+0000] {logging_mixin.py:188} INFO - [2026-05-15T11:17:29.279+0000] {dag.py:3823} INFO - Setting next_dagrun for hn_pipeline to 2026-05-15 11:00:00+00:00, run_after=2026-05-15 12:00:00+00:00
[2026-05-15T11:17:29.287+0000] {processor.py:183} INFO - Processing /opt/airflow/dags/hn_pipeline_dag.py took 0.060 seconds
[2026-05-15T11:17:59.533+0000] {processor.py:161} INFO - Started process (PID=1277) to work on /opt/airflow/dags/hn_pipeline_dag.py
[2026-05-15T11:17:59.535+0000] {processor.py:830} INFO - Processing file /opt/airflow/dags/hn_pipeline_dag.py for tasks to queue
[2026-05-15T11:17:59.535+0000] {logging_mixin.py:188} INFO - [2026-05-15T11:17:59.535+0000] {dagbag.py:538} INFO - Filling up the DagBag from /opt/airflow/dags/hn_pipeline_dag.py
[2026-05-15T11:17:59.545+0000] {processor.py:840} INFO - DAG(s) 'hn_pipeline' retrieved from /opt/airflow/dags/hn_pipeline_dag.py
[2026-05-15T11:17:59.587+0000] {logging_mixin.py:188} INFO - [2026-05-15T11:17:59.587+0000] {dag.py:3036} INFO - Sync 1 DAGs
[2026-05-15T11:17:59.602+0000] {logging_mixin.py:188} INFO - [2026-05-15T11:17:59.602+0000] {dag.py:3823} INFO - Setting next_dagrun for hn_pipeline to 2026-05-15 11:00:00+00:00, run_after=2026-05-15 12:00:00+00:00
[2026-05-15T11:17:59.610+0000] {processor.py:183} INFO - Processing /opt/airflow/dags/hn_pipeline_dag.py took 0.080 seconds
[2026-05-15T11:18:29.839+0000] {processor.py:161} INFO - Started process (PID=1282) to work on /opt/airflow/dags/hn_pipeline_dag.py
[2026-05-15T11:18:29.840+0000] {processor.py:830} INFO - Processing file /opt/airflow/dags/hn_pipeline_dag.py for tasks to queue
[2026-05-15T11:18:29.841+0000] {logging_mixin.py:188} INFO - [2026-05-15T11:18:29.841+0000] {dagbag.py:538} INFO - Filling up the DagBag from /opt/airflow/dags/hn_pipeline_dag.py
[2026-05-15T11:18:29.855+0000] {processor.py:840} INFO - DAG(s) 'hn_pipeline' retrieved from /opt/airflow/dags/hn_pipeline_dag.py
[2026-05-15T11:18:29.875+0000] {logging_mixin.py:188} INFO - [2026-05-15T11:18:29.875+0000] {dag.py:3036} INFO - Sync 1 DAGs
[2026-05-15T11:18:29.887+0000] {logging_mixin.py:188} INFO - [2026-05-15T11:18:29.887+0000] {dag.py:3823} INFO - Setting next_dagrun for hn_pipeline to 2026-05-15 11:00:00+00:00, run_after=2026-05-15 12:00:00+00:00
[2026-05-15T11:18:29.895+0000] {processor.py:183} INFO - Processing /opt/airflow/dags/hn_pipeline_dag.py took 0.060 seconds
[2026-05-15T11:19:00.187+0000] {processor.py:161} INFO - Started process (PID=1287) to work on /opt/airflow/dags/hn_pipeline_dag.py
[2026-05-15T11:19:00.188+0000] {processor.py:830} INFO - Processing file /opt/airflow/dags/hn_pipeline_dag.py for tasks to queue
[2026-05-15T11:19:00.189+0000] {logging_mixin.py:188} INFO - [2026-05-15T11:19:00.189+0000] {dagbag.py:538} INFO - Filling up the DagBag from /opt/airflow/dags/hn_pipeline_dag.py
[2026-05-15T11:19:00.210+0000] {processor.py:840} INFO - DAG(s) 'hn_pipeline' retrieved from /opt/airflow/dags/hn_pipeline_dag.py
[2026-05-15T11:19:00.232+0000] {logging_mixin.py:188} INFO - [2026-05-15T11:19:00.232+0000] {dag.py:3036} INFO - Sync 1 DAGs
[2026-05-15T11:19:00.243+0000] {logging_mixin.py:188} INFO - [2026-05-15T11:19:00.243+0000] {dag.py:3823} INFO - Setting next_dagrun for hn_pipeline to 2026-05-15 11:00:00+00:00, run_after=2026-05-15 12:00:00+00:00
[2026-05-15T11:19:00.251+0000] {processor.py:183} INFO - Processing /opt/airflow/dags/hn_pipeline_dag.py took 0.069 seconds
[2026-05-15T11:19:30.495+0000] {processor.py:161} INFO - Started process (PID=1292) to work on /opt/airflow/dags/hn_pipeline_dag.py
[2026-05-15T11:19:30.497+0000] {processor.py:830} INFO - Processing file /opt/airflow/dags/hn_pipeline_dag.py for tasks to queue
[2026-05-15T11:19:30.498+0000] {logging_mixin.py:188} INFO - [2026-05-15T11:19:30.497+0000] {dagbag.py:538} INFO - Filling up the DagBag from /opt/airflow/dags/hn_pipeline_dag.py
[2026-05-15T11:19:30.511+0000] {processor.py:840} INFO - DAG(s) 'hn_pipeline' retrieved from /opt/airflow/dags/hn_pipeline_dag.py
[2026-05-15T11:19:30.531+0000] {logging_mixin.py:188} INFO - [2026-05-15T11:19:30.531+0000] {dag.py:3036} INFO - Sync 1 DAGs
[2026-05-15T11:19:30.543+0000] {logging_mixin.py:188} INFO - [2026-05-15T11:19:30.543+0000] {dag.py:3823} INFO - Setting next_dagrun for hn_pipeline to 2026-05-15 11:00:00+00:00, run_after=2026-05-15 12:00:00+00:00
[2026-05-15T11:19:30.550+0000] {processor.py:183} INFO - Processing /opt/airflow/dags/hn_pipeline_dag.py took 0.059 seconds
[2026-05-15T11:20:00.820+0000] {processor.py:161} INFO - Started process (PID=1297) to work on /opt/airflow/dags/hn_pipeline_dag.py
[2026-05-15T11:20:00.821+0000] {processor.py:830} INFO - Processing file /opt/airflow/dags/hn_pipeline_dag.py for tasks to queue
[2026-05-15T11:20:00.822+0000] {logging_mixin.py:188} INFO - [2026-05-15T11:20:00.821+0000] {dagbag.py:538} INFO - Filling up the DagBag from /opt/airflow/dags/hn_pipeline_dag.py
[2026-05-15T11:20:00.835+0000] {processor.py:840} INFO - DAG(s) 'hn_pipeline' retrieved from /opt/airflow/dags/hn_pipeline_dag.py
[2026-05-15T11:20:00.855+0000] {logging_mixin.py:188} INFO - [2026-05-15T11:20:00.855+0000] {dag.py:3036} INFO - Sync 1 DAGs
[2026-05-15T11:20:00.867+0000] {logging_mixin.py:188} INFO - [2026-05-15T11:20:00.867+0000] {dag.py:3823} INFO - Setting next_dagrun for hn_pipeline to 2026-05-15 11:00:00+00:00, run_after=2026-05-15 12:00:00+00:00
[2026-05-15T11:20:00.874+0000] {processor.py:183} INFO - Processing /opt/airflow/dags/hn_pipeline_dag.py took 0.058 seconds
[2026-05-15T11:20:31.137+0000] {processor.py:161} INFO - Started process (PID=1302) to work on /opt/airflow/dags/hn_pipeline_dag.py
[2026-05-15T11:20:31.138+0000] {processor.py:830} INFO - Processing file /opt/airflow/dags/hn_pipeline_dag.py for tasks to queue
[2026-05-15T11:20:31.139+0000] {logging_mixin.py:188} INFO - [2026-05-15T11:20:31.139+0000] {dagbag.py:538} INFO - Filling up the DagBag from /opt/airflow/dags/hn_pipeline_dag.py
[2026-05-15T11:20:31.156+0000] {processor.py:840} INFO - DAG(s) 'hn_pipeline' retrieved from /opt/airflow/dags/hn_pipeline_dag.py
[2026-05-15T11:20:31.177+0000] {logging_mixin.py:188} INFO - [2026-05-15T11:20:31.177+0000] {dag.py:3036} INFO - Sync 1 DAGs
[2026-05-15T11:20:31.190+0000] {logging_mixin.py:188} INFO - [2026-05-15T11:20:31.190+0000] {dag.py:3823} INFO - Setting next_dagrun for hn_pipeline to 2026-05-15 11:00:00+00:00, run_after=2026-05-15 12:00:00+00:00
[2026-05-15T11:20:31.198+0000] {processor.py:183} INFO - Processing /opt/airflow/dags/hn_pipeline_dag.py took 0.066 seconds
[2026-05-15T11:21:01.423+0000] {processor.py:161} INFO - Started process (PID=1307) to work on /opt/airflow/dags/hn_pipeline_dag.py
[2026-05-15T11:21:01.425+0000] {processor.py:830} INFO - Processing file /opt/airflow/dags/hn_pipeline_dag.py for tasks to queue
[2026-05-15T11:21:01.425+0000] {logging_mixin.py:188} INFO - [2026-05-15T11:21:01.425+0000] {dagbag.py:538} INFO - Filling up the DagBag from /opt/airflow/dags/hn_pipeline_dag.py
[2026-05-15T11:21:01.438+0000] {processor.py:840} INFO - DAG(s) 'hn_pipeline' retrieved from /opt/airflow/dags/hn_pipeline_dag.py
[2026-05-15T11:21:01.456+0000] {logging_mixin.py:188} INFO - [2026-05-15T11:21:01.456+0000] {dag.py:3036} INFO - Sync 1 DAGs
[2026-05-15T11:21:01.467+0000] {logging_mixin.py:188} INFO - [2026-05-15T11:21:01.467+0000] {dag.py:3823} INFO - Setting next_dagrun for hn_pipeline to 2026-05-15 11:00:00+00:00, run_after=2026-05-15 12:00:00+00:00
[2026-05-15T11:21:01.475+0000] {processor.py:183} INFO - Processing /opt/airflow/dags/hn_pipeline_dag.py took 0.055 seconds
[2026-05-15T11:21:31.720+0000] {processor.py:161} INFO - Started process (PID=1312) to work on /opt/airflow/dags/hn_pipeline_dag.py
[2026-05-15T11:21:31.720+0000] {processor.py:830} INFO - Processing file /opt/airflow/dags/hn_pipeline_dag.py for tasks to queue
[2026-05-15T11:21:31.721+0000] {logging_mixin.py:188} INFO - [2026-05-15T11:21:31.721+0000] {dagbag.py:538} INFO - Filling up the DagBag from /opt/airflow/dags/hn_pipeline_dag.py
[2026-05-15T11:21:31.728+0000] {processor.py:840} INFO - DAG(s) 'hn_pipeline' retrieved from /opt/airflow/dags/hn_pipeline_dag.py
[2026-05-15T11:21:31.741+0000] {logging_mixin.py:188} INFO - [2026-05-15T11:21:31.740+0000] {dag.py:3036} INFO - Sync 1 DAGs
[2026-05-15T11:21:31.750+0000] {logging_mixin.py:188} INFO - [2026-05-15T11:21:31.750+0000] {dag.py:3823} INFO - Setting next_dagrun for hn_pipeline to 2026-05-15 11:00:00+00:00, run_after=2026-05-15 12:00:00+00:00
[2026-05-15T11:21:31.758+0000] {processor.py:183} INFO - Processing /opt/airflow/dags/hn_pipeline_dag.py took 0.039 seconds
[2026-05-15T11:22:02.042+0000] {processor.py:161} INFO - Started process (PID=1317) to work on /opt/airflow/dags/hn_pipeline_dag.py
[2026-05-15T11:22:02.043+0000] {processor.py:830} INFO - Processing file /opt/airflow/dags/hn_pipeline_dag.py for tasks to queue
[2026-05-15T11:22:02.043+0000] {logging_mixin.py:188} INFO - [2026-05-15T11:22:02.043+0000] {dagbag.py:538} INFO - Filling up the DagBag from /opt/airflow/dags/hn_pipeline_dag.py
[2026-05-15T11:22:02.055+0000] {processor.py:840} INFO - DAG(s) 'hn_pipeline' retrieved from /opt/airflow/dags/hn_pipeline_dag.py
[2026-05-15T11:22:02.070+0000] {logging_mixin.py:188} INFO - [2026-05-15T11:22:02.070+0000] {dag.py:3036} INFO - Sync 1 DAGs
[2026-05-15T11:22:02.081+0000] {logging_mixin.py:188} INFO - [2026-05-15T11:22:02.081+0000] {dag.py:3823} INFO - Setting next_dagrun for hn_pipeline to 2026-05-15 11:00:00+00:00, run_after=2026-05-15 12:00:00+00:00
[2026-05-15T11:22:02.089+0000] {processor.py:183} INFO - Processing /opt/airflow/dags/hn_pipeline_dag.py took 0.050 seconds
[2026-05-15T11:22:32.337+0000] {processor.py:161} INFO - Started process (PID=1322) to work on /opt/airflow/dags/hn_pipeline_dag.py
[2026-05-15T11:22:32.338+0000] {processor.py:830} INFO - Processing file /opt/airflow/dags/hn_pipeline_dag.py for tasks to queue
[2026-05-15T11:22:32.339+0000] {logging_mixin.py:188} INFO - [2026-05-15T11:22:32.339+0000] {dagbag.py:538} INFO - Filling up the DagBag from /opt/airflow/dags/hn_pipeline_dag.py
[2026-05-15T11:22:32.352+0000] {processor.py:840} INFO - DAG(s) 'hn_pipeline' retrieved from /opt/airflow/dags/hn_pipeline_dag.py
[2026-05-15T11:22:32.372+0000] {logging_mixin.py:188} INFO - [2026-05-15T11:22:32.372+0000] {dag.py:3036} INFO - Sync 1 DAGs
[2026-05-15T11:22:32.383+0000] {logging_mixin.py:188} INFO - [2026-05-15T11:22:32.382+0000] {dag.py:3823} INFO - Setting next_dagrun for hn_pipeline to 2026-05-15 11:00:00+00:00, run_after=2026-05-15 12:00:00+00:00
[2026-05-15T11:22:32.390+0000] {processor.py:183} INFO - Processing /opt/airflow/dags/hn_pipeline_dag.py took 0.057 seconds
[2026-05-15T11:23:02.682+0000] {processor.py:161} INFO - Started process (PID=1327) to work on /opt/airflow/dags/hn_pipeline_dag.py
[2026-05-15T11:23:02.682+0000] {processor.py:830} INFO - Processing file /opt/airflow/dags/hn_pipeline_dag.py for tasks to queue
[2026-05-15T11:23:02.683+0000] {logging_mixin.py:188} INFO - [2026-05-15T11:23:02.683+0000] {dagbag.py:538} INFO - Filling up the DagBag from /opt/airflow/dags/hn_pipeline_dag.py
[2026-05-15T11:23:02.691+0000] {processor.py:840} INFO - DAG(s) 'hn_pipeline' retrieved from /opt/airflow/dags/hn_pipeline_dag.py
[2026-05-15T11:23:02.707+0000] {logging_mixin.py:188} INFO - [2026-05-15T11:23:02.707+0000] {dag.py:3036} INFO - Sync 1 DAGs
[2026-05-15T11:23:02.717+0000] {logging_mixin.py:188} INFO - [2026-05-15T11:23:02.717+0000] {dag.py:3823} INFO - Setting next_dagrun for hn_pipeline to 2026-05-15 11:00:00+00:00, run_after=2026-05-15 12:00:00+00:00
[2026-05-15T11:23:02.725+0000] {processor.py:183} INFO - Processing /opt/airflow/dags/hn_pipeline_dag.py took 0.045 seconds
[2026-05-15T11:23:32.980+0000] {processor.py:161} INFO - Started process (PID=1332) to work on /opt/airflow/dags/hn_pipeline_dag.py
[2026-05-15T11:23:32.981+0000] {processor.py:830} INFO - Processing file /opt/airflow/dags/hn_pipeline_dag.py for tasks to queue
[2026-05-15T11:23:32.982+0000] {logging_mixin.py:188} INFO - [2026-05-15T11:23:32.981+0000] {dagbag.py:538} INFO - Filling up the DagBag from /opt/airflow/dags/hn_pipeline_dag.py
[2026-05-15T11:23:32.992+0000] {processor.py:840} INFO - DAG(s) 'hn_pipeline' retrieved from /opt/airflow/dags/hn_pipeline_dag.py
[2026-05-15T11:23:33.011+0000] {logging_mixin.py:188} INFO - [2026-05-15T11:23:33.011+0000] {dag.py:3036} INFO - Sync 1 DAGs
[2026-05-15T11:23:33.023+0000] {logging_mixin.py:188} INFO - [2026-05-15T11:23:33.023+0000] {dag.py:3823} INFO - Setting next_dagrun for hn_pipeline to 2026-05-15 11:00:00+00:00, run_after=2026-05-15 12:00:00+00:00
[2026-05-15T11:23:33.031+0000] {processor.py:183} INFO - Processing /opt/airflow/dags/hn_pipeline_dag.py took 0.054 seconds
[2026-05-15T11:24:03.292+0000] {processor.py:161} INFO - Started process (PID=1337) to work on /opt/airflow/dags/hn_pipeline_dag.py
[2026-05-15T11:24:03.293+0000] {processor.py:830} INFO - Processing file /opt/airflow/dags/hn_pipeline_dag.py for tasks to queue
[2026-05-15T11:24:03.294+0000] {logging_mixin.py:188} INFO - [2026-05-15T11:24:03.294+0000] {dagbag.py:538} INFO - Filling up the DagBag from /opt/airflow/dags/hn_pipeline_dag.py
[2026-05-15T11:24:03.306+0000] {processor.py:840} INFO - DAG(s) 'hn_pipeline' retrieved from /opt/airflow/dags/hn_pipeline_dag.py
[2026-05-15T11:24:03.325+0000] {logging_mixin.py:188} INFO - [2026-05-15T11:24:03.325+0000] {dag.py:3036} INFO - Sync 1 DAGs
[2026-05-15T11:24:03.336+0000] {logging_mixin.py:188} INFO - [2026-05-15T11:24:03.336+0000] {dag.py:3823} INFO - Setting next_dagrun for hn_pipeline to 2026-05-15 11:00:00+00:00, run_after=2026-05-15 12:00:00+00:00
[2026-05-15T11:24:03.343+0000] {processor.py:183} INFO - Processing /opt/airflow/dags/hn_pipeline_dag.py took 0.055 seconds
[2026-05-15T11:24:33.659+0000] {processor.py:161} INFO - Started process (PID=1342) to work on /opt/airflow/dags/hn_pipeline_dag.py
[2026-05-15T11:24:33.660+0000] {processor.py:830} INFO - Processing file /opt/airflow/dags/hn_pipeline_dag.py for tasks to queue
[2026-05-15T11:24:33.661+0000] {logging_mixin.py:188} INFO - [2026-05-15T11:24:33.661+0000] {dagbag.py:538} INFO - Filling up the DagBag from /opt/airflow/dags/hn_pipeline_dag.py
[2026-05-15T11:24:33.678+0000] {processor.py:840} INFO - DAG(s) 'hn_pipeline' retrieved from /opt/airflow/dags/hn_pipeline_dag.py
[2026-05-15T11:24:33.699+0000] {logging_mixin.py:188} INFO - [2026-05-15T11:24:33.699+0000] {dag.py:3036} INFO - Sync 1 DAGs
[2026-05-15T11:24:33.710+0000] {logging_mixin.py:188} INFO - [2026-05-15T11:24:33.710+0000] {dag.py:3823} INFO - Setting next_dagrun for hn_pipeline to 2026-05-15 11:00:00+00:00, run_after=2026-05-15 12:00:00+00:00
[2026-05-15T11:24:33.717+0000] {processor.py:183} INFO - Processing /opt/airflow/dags/hn_pipeline_dag.py took 0.061 seconds
[2026-05-15T11:25:04.032+0000] {processor.py:161} INFO - Started process (PID=1347) to work on /opt/airflow/dags/hn_pipeline_dag.py
[2026-05-15T11:25:04.033+0000] {processor.py:830} INFO - Processing file /opt/airflow/dags/hn_pipeline_dag.py for tasks to queue
[2026-05-15T11:25:04.034+0000] {logging_mixin.py:188} INFO - [2026-05-15T11:25:04.033+0000] {dagbag.py:538} INFO - Filling up the DagBag from /opt/airflow/dags/hn_pipeline_dag.py
[2026-05-15T11:25:04.049+0000] {processor.py:840} INFO - DAG(s) 'hn_pipeline' retrieved from /opt/airflow/dags/hn_pipeline_dag.py
[2026-05-15T11:25:04.069+0000] {logging_mixin.py:188} INFO - [2026-05-15T11:25:04.069+0000] {dag.py:3036} INFO - Sync 1 DAGs
[2026-05-15T11:25:04.080+0000] {logging_mixin.py:188} INFO - [2026-05-15T11:25:04.080+0000] {dag.py:3823} INFO - Setting next_dagrun for hn_pipeline to 2026-05-15 11:00:00+00:00, run_after=2026-05-15 12:00:00+00:00
[2026-05-15T11:25:04.088+0000] {processor.py:183} INFO - Processing /opt/airflow/dags/hn_pipeline_dag.py took 0.060 seconds
[2026-05-15T11:25:34.403+0000] {processor.py:161} INFO - Started process (PID=1352) to work on /opt/airflow/dags/hn_pipeline_dag.py
[2026-05-15T11:25:34.405+0000] {processor.py:830} INFO - Processing file /opt/airflow/dags/hn_pipeline_dag.py for tasks to queue
[2026-05-15T11:25:34.406+0000] {logging_mixin.py:188} INFO - [2026-05-15T11:25:34.405+0000] {dagbag.py:538} INFO - Filling up the DagBag from /opt/airflow/dags/hn_pipeline_dag.py
[2026-05-15T11:25:34.420+0000] {processor.py:840} INFO - DAG(s) 'hn_pipeline' retrieved from /opt/airflow/dags/hn_pipeline_dag.py
[2026-05-15T11:25:34.437+0000] {logging_mixin.py:188} INFO - [2026-05-15T11:25:34.437+0000] {dag.py:3036} INFO - Sync 1 DAGs
[2026-05-15T11:25:34.450+0000] {logging_mixin.py:188} INFO - [2026-05-15T11:25:34.450+0000] {dag.py:3823} INFO - Setting next_dagrun for hn_pipeline to 2026-05-15 11:00:00+00:00, run_after=2026-05-15 12:00:00+00:00
[2026-05-15T11:25:34.458+0000] {processor.py:183} INFO - Processing /opt/airflow/dags/hn_pipeline_dag.py took 0.058 seconds
[2026-05-15T11:26:04.739+0000] {processor.py:161} INFO - Started process (PID=1357) to work on /opt/airflow/dags/hn_pipeline_dag.py
[2026-05-15T11:26:04.740+0000] {processor.py:830} INFO - Processing file /opt/airflow/dags/hn_pipeline_dag.py for tasks to queue
[2026-05-15T11:26:04.741+0000] {logging_mixin.py:188} INFO - [2026-05-15T11:26:04.741+0000] {dagbag.py:538} INFO - Filling up the DagBag from /opt/airflow/dags/hn_pipeline_dag.py
[2026-05-15T11:26:04.757+0000] {processor.py:840} INFO - DAG(s) 'hn_pipeline' retrieved from /opt/airflow/dags/hn_pipeline_dag.py
[2026-05-15T11:26:04.775+0000] {logging_mixin.py:188} INFO - [2026-05-15T11:26:04.775+0000] {dag.py:3036} INFO - Sync 1 DAGs
[2026-05-15T11:26:04.786+0000] {logging_mixin.py:188} INFO - [2026-05-15T11:26:04.786+0000] {dag.py:3823} INFO - Setting next_dagrun for hn_pipeline to 2026-05-15 11:00:00+00:00, run_after=2026-05-15 12:00:00+00:00
[2026-05-15T11:26:04.795+0000] {processor.py:183} INFO - Processing /opt/airflow/dags/hn_pipeline_dag.py took 0.060 seconds
[2026-05-15T11:26:35.030+0000] {processor.py:161} INFO - Started process (PID=1362) to work on /opt/airflow/dags/hn_pipeline_dag.py
[2026-05-15T11:26:35.030+0000] {processor.py:830} INFO - Processing file /opt/airflow/dags/hn_pipeline_dag.py for tasks to queue
[2026-05-15T11:26:35.031+0000] {logging_mixin.py:188} INFO - [2026-05-15T11:26:35.031+0000] {dagbag.py:538} INFO - Filling up the DagBag from /opt/airflow/dags/hn_pipeline_dag.py
[2026-05-15T11:26:35.040+0000] {processor.py:840} INFO - DAG(s) 'hn_pipeline' retrieved from /opt/airflow/dags/hn_pipeline_dag.py
[2026-05-15T11:26:35.054+0000] {logging_mixin.py:188} INFO - [2026-05-15T11:26:35.054+0000] {dag.py:3036} INFO - Sync 1 DAGs
[2026-05-15T11:26:35.065+0000] {logging_mixin.py:188} INFO - [2026-05-15T11:26:35.065+0000] {dag.py:3823} INFO - Setting next_dagrun for hn_pipeline to 2026-05-15 11:00:00+00:00, run_after=2026-05-15 12:00:00+00:00
[2026-05-15T11:26:35.072+0000] {processor.py:183} INFO - Processing /opt/airflow/dags/hn_pipeline_dag.py took 0.045 seconds
[2026-05-15T11:27:05.285+0000] {processor.py:161} INFO - Started process (PID=1367) to work on /opt/airflow/dags/hn_pipeline_dag.py
[2026-05-15T11:27:05.286+0000] {processor.py:830} INFO - Processing file /opt/airflow/dags/hn_pipeline_dag.py for tasks to queue
[2026-05-15T11:27:05.286+0000] {logging_mixin.py:188} INFO - [2026-05-15T11:27:05.286+0000] {dagbag.py:538} INFO - Filling up the DagBag from /opt/airflow/dags/hn_pipeline_dag.py
[2026-05-15T11:27:05.294+0000] {processor.py:840} INFO - DAG(s) 'hn_pipeline' retrieved from /opt/airflow/dags/hn_pipeline_dag.py
[2026-05-15T11:27:05.309+0000] {logging_mixin.py:188} INFO - [2026-05-15T11:27:05.309+0000] {dag.py:3036} INFO - Sync 1 DAGs
[2026-05-15T11:27:05.319+0000] {logging_mixin.py:188} INFO - [2026-05-15T11:27:05.319+0000] {dag.py:3823} INFO - Setting next_dagrun for hn_pipeline to 2026-05-15 11:00:00+00:00, run_after=2026-05-15 12:00:00+00:00
[2026-05-15T11:27:05.327+0000] {processor.py:183} INFO - Processing /opt/airflow/dags/hn_pipeline_dag.py took 0.045 seconds
[2026-05-15T11:27:35.540+0000] {processor.py:161} INFO - Started process (PID=1372) to work on /opt/airflow/dags/hn_pipeline_dag.py
[2026-05-15T11:27:35.541+0000] {processor.py:830} INFO - Processing file /opt/airflow/dags/hn_pipeline_dag.py for tasks to queue
[2026-05-15T11:27:35.542+0000] {logging_mixin.py:188} INFO - [2026-05-15T11:27:35.541+0000] {dagbag.py:538} INFO - Filling up the DagBag from /opt/airflow/dags/hn_pipeline_dag.py
[2026-05-15T11:27:35.553+0000] {processor.py:840} INFO - DAG(s) 'hn_pipeline' retrieved from /opt/airflow/dags/hn_pipeline_dag.py
[2026-05-15T11:27:35.569+0000] {logging_mixin.py:188} INFO - [2026-05-15T11:27:35.569+0000] {dag.py:3036} INFO - Sync 1 DAGs
[2026-05-15T11:27:35.580+0000] {logging_mixin.py:188} INFO - [2026-05-15T11:27:35.580+0000] {dag.py:3823} INFO - Setting next_dagrun for hn_pipeline to 2026-05-15 11:00:00+00:00, run_after=2026-05-15 12:00:00+00:00
[2026-05-15T11:27:35.587+0000] {processor.py:183} INFO - Processing /opt/airflow/dags/hn_pipeline_dag.py took 0.050 seconds
[2026-05-15T11:28:05.803+0000] {processor.py:161} INFO - Started process (PID=1377) to work on /opt/airflow/dags/hn_pipeline_dag.py
[2026-05-15T11:28:05.804+0000] {processor.py:830} INFO - Processing file /opt/airflow/dags/hn_pipeline_dag.py for tasks to queue
[2026-05-15T11:28:05.804+0000] {logging_mixin.py:188} INFO - [2026-05-15T11:28:05.804+0000] {dagbag.py:538} INFO - Filling up the DagBag from /opt/airflow/dags/hn_pipeline_dag.py
[2026-05-15T11:28:05.816+0000] {processor.py:840} INFO - DAG(s) 'hn_pipeline' retrieved from /opt/airflow/dags/hn_pipeline_dag.py
[2026-05-15T11:28:05.834+0000] {logging_mixin.py:188} INFO - [2026-05-15T11:28:05.833+0000] {dag.py:3036} INFO - Sync 1 DAGs
[2026-05-15T11:28:05.844+0000] {logging_mixin.py:188} INFO - [2026-05-15T11:28:05.844+0000] {dag.py:3823} INFO - Setting next_dagrun for hn_pipeline to 2026-05-15 11:00:00+00:00, run_after=2026-05-15 12:00:00+00:00
[2026-05-15T11:28:05.852+0000] {processor.py:183} INFO - Processing /opt/airflow/dags/hn_pipeline_dag.py took 0.052 seconds
[2026-05-15T11:28:36.050+0000] {processor.py:161} INFO - Started process (PID=1382) to work on /opt/airflow/dags/hn_pipeline_dag.py
[2026-05-15T11:28:36.051+0000] {processor.py:830} INFO - Processing file /opt/airflow/dags/hn_pipeline_dag.py for tasks to queue
[2026-05-15T11:28:36.051+0000] {logging_mixin.py:188} INFO - [2026-05-15T11:28:36.051+0000] {dagbag.py:538} INFO - Filling up the DagBag from /opt/airflow/dags/hn_pipeline_dag.py
[2026-05-15T11:28:36.062+0000] {processor.py:840} INFO - DAG(s) 'hn_pipeline' retrieved from /opt/airflow/dags/hn_pipeline_dag.py
[2026-05-15T11:28:36.079+0000] {logging_mixin.py:188} INFO - [2026-05-15T11:28:36.078+0000] {dag.py:3036} INFO - Sync 1 DAGs
[2026-05-15T11:28:36.089+0000] {logging_mixin.py:188} INFO - [2026-05-15T11:28:36.089+0000] {dag.py:3823} INFO - Setting next_dagrun for hn_pipeline to 2026-05-15 11:00:00+00:00, run_after=2026-05-15 12:00:00+00:00
[2026-05-15T11:28:36.097+0000] {processor.py:183} INFO - Processing /opt/airflow/dags/hn_pipeline_dag.py took 0.050 seconds
[2026-05-15T11:29:06.339+0000] {processor.py:161} INFO - Started process (PID=1387) to work on /opt/airflow/dags/hn_pipeline_dag.py
[2026-05-15T11:29:06.340+0000] {processor.py:830} INFO - Processing file /opt/airflow/dags/hn_pipeline_dag.py for tasks to queue
[2026-05-15T11:29:06.343+0000] {logging_mixin.py:188} INFO - [2026-05-15T11:29:06.342+0000] {dagbag.py:538} INFO - Filling up the DagBag from /opt/airflow/dags/hn_pipeline_dag.py
[2026-05-15T11:29:06.361+0000] {processor.py:840} INFO - DAG(s) 'hn_pipeline' retrieved from /opt/airflow/dags/hn_pipeline_dag.py
[2026-05-15T11:29:06.384+0000] {logging_mixin.py:188} INFO - [2026-05-15T11:29:06.383+0000] {dag.py:3036} INFO - Sync 1 DAGs
[2026-05-15T11:29:06.399+0000] {logging_mixin.py:188} INFO - [2026-05-15T11:29:06.399+0000] {dag.py:3823} INFO - Setting next_dagrun for hn_pipeline to 2026-05-15 11:00:00+00:00, run_after=2026-05-15 12:00:00+00:00
[2026-05-15T11:29:06.409+0000] {processor.py:183} INFO - Processing /opt/airflow/dags/hn_pipeline_dag.py took 0.077 seconds
[2026-05-15T11:29:36.558+0000] {processor.py:161} INFO - Started process (PID=1392) to work on /opt/airflow/dags/hn_pipeline_dag.py
[2026-05-15T11:29:36.559+0000] {processor.py:830} INFO - Processing file /opt/airflow/dags/hn_pipeline_dag.py for tasks to queue
[2026-05-15T11:29:36.560+0000] {logging_mixin.py:188} INFO - [2026-05-15T11:29:36.560+0000] {dagbag.py:538} INFO - Filling up the DagBag from /opt/airflow/dags/hn_pipeline_dag.py
[2026-05-15T11:29:36.571+0000] {processor.py:840} INFO - DAG(s) 'hn_pipeline' retrieved from /opt/airflow/dags/hn_pipeline_dag.py
[2026-05-15T11:29:36.586+0000] {logging_mixin.py:188} INFO - [2026-05-15T11:29:36.586+0000] {dag.py:3036} INFO - Sync 1 DAGs
[2026-05-15T11:29:36.597+0000] {logging_mixin.py:188} INFO - [2026-05-15T11:29:36.597+0000] {dag.py:3823} INFO - Setting next_dagrun for hn_pipeline to 2026-05-15 11:00:00+00:00, run_after=2026-05-15 12:00:00+00:00
[2026-05-15T11:29:36.604+0000] {processor.py:183} INFO - Processing /opt/airflow/dags/hn_pipeline_dag.py took 0.049 seconds
[2026-05-15T11:30:06.796+0000] {processor.py:161} INFO - Started process (PID=1397) to work on /opt/airflow/dags/hn_pipeline_dag.py
[2026-05-15T11:30:06.797+0000] {processor.py:830} INFO - Processing file /opt/airflow/dags/hn_pipeline_dag.py for tasks to queue
[2026-05-15T11:30:06.798+0000] {logging_mixin.py:188} INFO - [2026-05-15T11:30:06.798+0000] {dagbag.py:538} INFO - Filling up the DagBag from /opt/airflow/dags/hn_pipeline_dag.py
[2026-05-15T11:30:06.810+0000] {processor.py:840} INFO - DAG(s) 'hn_pipeline' retrieved from /opt/airflow/dags/hn_pipeline_dag.py
[2026-05-15T11:30:06.826+0000] {logging_mixin.py:188} INFO - [2026-05-15T11:30:06.826+0000] {dag.py:3036} INFO - Sync 1 DAGs
[2026-05-15T11:30:06.837+0000] {logging_mixin.py:188} INFO - [2026-05-15T11:30:06.837+0000] {dag.py:3823} INFO - Setting next_dagrun for hn_pipeline to 2026-05-15 11:00:00+00:00, run_after=2026-05-15 12:00:00+00:00
[2026-05-15T11:30:06.845+0000] {processor.py:183} INFO - Processing /opt/airflow/dags/hn_pipeline_dag.py took 0.052 seconds
[2026-05-15T11:30:37.027+0000] {processor.py:161} INFO - Started process (PID=1402) to work on /opt/airflow/dags/hn_pipeline_dag.py
[2026-05-15T11:30:37.028+0000] {processor.py:830} INFO - Processing file /opt/airflow/dags/hn_pipeline_dag.py for tasks to queue
[2026-05-15T11:30:37.028+0000] {logging_mixin.py:188} INFO - [2026-05-15T11:30:37.028+0000] {dagbag.py:538} INFO - Filling up the DagBag from /opt/airflow/dags/hn_pipeline_dag.py
[2026-05-15T11:30:37.039+0000] {processor.py:840} INFO - DAG(s) 'hn_pipeline' retrieved from /opt/airflow/dags/hn_pipeline_dag.py
[2026-05-15T11:30:37.055+0000] {logging_mixin.py:188} INFO - [2026-05-15T11:30:37.054+0000] {dag.py:3036} INFO - Sync 1 DAGs
[2026-05-15T11:30:37.065+0000] {logging_mixin.py:188} INFO - [2026-05-15T11:30:37.065+0000] {dag.py:3823} INFO - Setting next_dagrun for hn_pipeline to 2026-05-15 11:00:00+00:00, run_after=2026-05-15 12:00:00+00:00
[2026-05-15T11:30:37.072+0000] {processor.py:183} INFO - Processing /opt/airflow/dags/hn_pipeline_dag.py took 0.048 seconds
[2026-05-15T11:31:07.258+0000] {processor.py:161} INFO - Started process (PID=1407) to work on /opt/airflow/dags/hn_pipeline_dag.py
[2026-05-15T11:31:07.259+0000] {processor.py:830} INFO - Processing file /opt/airflow/dags/hn_pipeline_dag.py for tasks to queue
[2026-05-15T11:31:07.260+0000] {logging_mixin.py:188} INFO - [2026-05-15T11:31:07.259+0000] {dagbag.py:538} INFO - Filling up the DagBag from /opt/airflow/dags/hn_pipeline_dag.py
[2026-05-15T11:31:07.271+0000] {processor.py:840} INFO - DAG(s) 'hn_pipeline' retrieved from /opt/airflow/dags/hn_pipeline_dag.py
[2026-05-15T11:31:07.288+0000] {logging_mixin.py:188} INFO - [2026-05-15T11:31:07.288+0000] {dag.py:3036} INFO - Sync 1 DAGs
[2026-05-15T11:31:07.299+0000] {logging_mixin.py:188} INFO - [2026-05-15T11:31:07.299+0000] {dag.py:3823} INFO - Setting next_dagrun for hn_pipeline to 2026-05-15 11:00:00+00:00, run_after=2026-05-15 12:00:00+00:00
[2026-05-15T11:31:07.307+0000] {processor.py:183} INFO - Processing /opt/airflow/dags/hn_pipeline_dag.py took 0.052 seconds
[2026-05-15T11:31:37.518+0000] {processor.py:161} INFO - Started process (PID=1412) to work on /opt/airflow/dags/hn_pipeline_dag.py
[2026-05-15T11:31:37.519+0000] {processor.py:830} INFO - Processing file /opt/airflow/dags/hn_pipeline_dag.py for tasks to queue
[2026-05-15T11:31:37.520+0000] {logging_mixin.py:188} INFO - [2026-05-15T11:31:37.520+0000] {dagbag.py:538} INFO - Filling up the DagBag from /opt/airflow/dags/hn_pipeline_dag.py
[2026-05-15T11:31:37.531+0000] {processor.py:840} INFO - DAG(s) 'hn_pipeline' retrieved from /opt/airflow/dags/hn_pipeline_dag.py
[2026-05-15T11:31:37.548+0000] {logging_mixin.py:188} INFO - [2026-05-15T11:31:37.548+0000] {dag.py:3036} INFO - Sync 1 DAGs
[2026-05-15T11:31:37.560+0000] {logging_mixin.py:188} INFO - [2026-05-15T11:31:37.559+0000] {dag.py:3823} INFO - Setting next_dagrun for hn_pipeline to 2026-05-15 11:00:00+00:00, run_after=2026-05-15 12:00:00+00:00
[2026-05-15T11:31:37.567+0000] {processor.py:183} INFO - Processing /opt/airflow/dags/hn_pipeline_dag.py took 0.051 seconds
[2026-05-15T11:32:07.745+0000] {processor.py:161} INFO - Started process (PID=1417) to work on /opt/airflow/dags/hn_pipeline_dag.py
[2026-05-15T11:32:07.746+0000] {processor.py:830} INFO - Processing file /opt/airflow/dags/hn_pipeline_dag.py for tasks to queue
[2026-05-15T11:32:07.747+0000] {logging_mixin.py:188} INFO - [2026-05-15T11:32:07.747+0000] {dagbag.py:538} INFO - Filling up the DagBag from /opt/airflow/dags/hn_pipeline_dag.py
[2026-05-15T11:32:07.757+0000] {processor.py:840} INFO - DAG(s) 'hn_pipeline' retrieved from /opt/airflow/dags/hn_pipeline_dag.py
[2026-05-15T11:32:07.772+0000] {logging_mixin.py:188} INFO - [2026-05-15T11:32:07.772+0000] {dag.py:3036} INFO - Sync 1 DAGs
[2026-05-15T11:32:07.782+0000] {logging_mixin.py:188} INFO - [2026-05-15T11:32:07.782+0000] {dag.py:3823} INFO - Setting next_dagrun for hn_pipeline to 2026-05-15 11:00:00+00:00, run_after=2026-05-15 12:00:00+00:00
[2026-05-15T11:32:07.790+0000] {processor.py:183} INFO - Processing /opt/airflow/dags/hn_pipeline_dag.py took 0.047 seconds
[2026-05-15T11:32:37.975+0000] {processor.py:161} INFO - Started process (PID=1422) to work on /opt/airflow/dags/hn_pipeline_dag.py
[2026-05-15T11:32:37.976+0000] {processor.py:830} INFO - Processing file /opt/airflow/dags/hn_pipeline_dag.py for tasks to queue
[2026-05-15T11:32:37.976+0000] {logging_mixin.py:188} INFO - [2026-05-15T11:32:37.976+0000] {dagbag.py:538} INFO - Filling up the DagBag from /opt/airflow/dags/hn_pipeline_dag.py
[2026-05-15T11:32:37.987+0000] {processor.py:840} INFO - DAG(s) 'hn_pipeline' retrieved from /opt/airflow/dags/hn_pipeline_dag.py
[2026-05-15T11:32:38.004+0000] {logging_mixin.py:188} INFO - [2026-05-15T11:32:38.004+0000] {dag.py:3036} INFO - Sync 1 DAGs
[2026-05-15T11:32:38.015+0000] {logging_mixin.py:188} INFO - [2026-05-15T11:32:38.015+0000] {dag.py:3823} INFO - Setting next_dagrun for hn_pipeline to 2026-05-15 11:00:00+00:00, run_after=2026-05-15 12:00:00+00:00
[2026-05-15T11:32:38.024+0000] {processor.py:183} INFO - Processing /opt/airflow/dags/hn_pipeline_dag.py took 0.051 seconds
[2026-05-15T11:33:08.280+0000] {processor.py:161} INFO - Started process (PID=1427) to work on /opt/airflow/dags/hn_pipeline_dag.py
[2026-05-15T11:33:08.281+0000] {processor.py:830} INFO - Processing file /opt/airflow/dags/hn_pipeline_dag.py for tasks to queue
[2026-05-15T11:33:08.282+0000] {logging_mixin.py:188} INFO - [2026-05-15T11:33:08.281+0000] {dagbag.py:538} INFO - Filling up the DagBag from /opt/airflow/dags/hn_pipeline_dag.py
[2026-05-15T11:33:08.294+0000] {processor.py:840} INFO - DAG(s) 'hn_pipeline' retrieved from /opt/airflow/dags/hn_pipeline_dag.py
[2026-05-15T11:33:08.310+0000] {logging_mixin.py:188} INFO - [2026-05-15T11:33:08.310+0000] {dag.py:3036} INFO - Sync 1 DAGs
[2026-05-15T11:33:08.322+0000] {logging_mixin.py:188} INFO - [2026-05-15T11:33:08.322+0000] {dag.py:3823} INFO - Setting next_dagrun for hn_pipeline to 2026-05-15 11:00:00+00:00, run_after=2026-05-15 12:00:00+00:00
[2026-05-15T11:33:08.329+0000] {processor.py:183} INFO - Processing /opt/airflow/dags/hn_pipeline_dag.py took 0.052 seconds
[2026-05-15T11:33:38.591+0000] {processor.py:161} INFO - Started process (PID=1432) to work on /opt/airflow/dags/hn_pipeline_dag.py
[2026-05-15T11:33:38.592+0000] {processor.py:830} INFO - Processing file /opt/airflow/dags/hn_pipeline_dag.py for tasks to queue
[2026-05-15T11:33:38.593+0000] {logging_mixin.py:188} INFO - [2026-05-15T11:33:38.592+0000] {dagbag.py:538} INFO - Filling up the DagBag from /opt/airflow/dags/hn_pipeline_dag.py
[2026-05-15T11:33:38.600+0000] {processor.py:840} INFO - DAG(s) 'hn_pipeline' retrieved from /opt/airflow/dags/hn_pipeline_dag.py
[2026-05-15T11:33:38.614+0000] {logging_mixin.py:188} INFO - [2026-05-15T11:33:38.614+0000] {dag.py:3036} INFO - Sync 1 DAGs
[2026-05-15T11:33:38.624+0000] {logging_mixin.py:188} INFO - [2026-05-15T11:33:38.624+0000] {dag.py:3823} INFO - Setting next_dagrun for hn_pipeline to 2026-05-15 11:00:00+00:00, run_after=2026-05-15 12:00:00+00:00
[2026-05-15T11:33:38.631+0000] {processor.py:183} INFO - Processing /opt/airflow/dags/hn_pipeline_dag.py took 0.042 seconds
[2026-05-15T11:34:08.895+0000] {processor.py:161} INFO - Started process (PID=1437) to work on /opt/airflow/dags/hn_pipeline_dag.py
[2026-05-15T11:34:08.896+0000] {processor.py:830} INFO - Processing file /opt/airflow/dags/hn_pipeline_dag.py for tasks to queue
[2026-05-15T11:34:08.897+0000] {logging_mixin.py:188} INFO - [2026-05-15T11:34:08.896+0000] {dagbag.py:538} INFO - Filling up the DagBag from /opt/airflow/dags/hn_pipeline_dag.py
[2026-05-15T11:34:08.910+0000] {processor.py:840} INFO - DAG(s) 'hn_pipeline' retrieved from /opt/airflow/dags/hn_pipeline_dag.py
[2026-05-15T11:34:08.926+0000] {logging_mixin.py:188} INFO - [2026-05-15T11:34:08.926+0000] {dag.py:3036} INFO - Sync 1 DAGs
[2026-05-15T11:34:08.936+0000] {logging_mixin.py:188} INFO - [2026-05-15T11:34:08.936+0000] {dag.py:3823} INFO - Setting next_dagrun for hn_pipeline to 2026-05-15 11:00:00+00:00, run_after=2026-05-15 12:00:00+00:00
[2026-05-15T11:34:08.943+0000] {processor.py:183} INFO - Processing /opt/airflow/dags/hn_pipeline_dag.py took 0.053 seconds
[2026-05-15T11:34:39.209+0000] {processor.py:161} INFO - Started process (PID=1442) to work on /opt/airflow/dags/hn_pipeline_dag.py
[2026-05-15T11:34:39.210+0000] {processor.py:830} INFO - Processing file /opt/airflow/dags/hn_pipeline_dag.py for tasks to queue
[2026-05-15T11:34:39.211+0000] {logging_mixin.py:188} INFO - [2026-05-15T11:34:39.211+0000] {dagbag.py:538} INFO - Filling up the DagBag from /opt/airflow/dags/hn_pipeline_dag.py
[2026-05-15T11:34:39.224+0000] {processor.py:840} INFO - DAG(s) 'hn_pipeline' retrieved from /opt/airflow/dags/hn_pipeline_dag.py
[2026-05-15T11:34:39.245+0000] {logging_mixin.py:188} INFO - [2026-05-15T11:34:39.245+0000] {dag.py:3036} INFO - Sync 1 DAGs
[2026-05-15T11:34:39.257+0000] {logging_mixin.py:188} INFO - [2026-05-15T11:34:39.257+0000] {dag.py:3823} INFO - Setting next_dagrun for hn_pipeline to 2026-05-15 11:00:00+00:00, run_after=2026-05-15 12:00:00+00:00
[2026-05-15T11:34:39.264+0000] {processor.py:183} INFO - Processing /opt/airflow/dags/hn_pipeline_dag.py took 0.058 seconds
[2026-05-15T11:35:09.556+0000] {processor.py:161} INFO - Started process (PID=1447) to work on /opt/airflow/dags/hn_pipeline_dag.py
[2026-05-15T11:35:09.557+0000] {processor.py:830} INFO - Processing file /opt/airflow/dags/hn_pipeline_dag.py for tasks to queue
[2026-05-15T11:35:09.557+0000] {logging_mixin.py:188} INFO - [2026-05-15T11:35:09.557+0000] {dagbag.py:538} INFO - Filling up the DagBag from /opt/airflow/dags/hn_pipeline_dag.py
[2026-05-15T11:35:09.567+0000] {processor.py:840} INFO - DAG(s) 'hn_pipeline' retrieved from /opt/airflow/dags/hn_pipeline_dag.py
[2026-05-15T11:35:09.582+0000] {logging_mixin.py:188} INFO - [2026-05-15T11:35:09.582+0000] {dag.py:3036} INFO - Sync 1 DAGs
[2026-05-15T11:35:09.594+0000] {logging_mixin.py:188} INFO - [2026-05-15T11:35:09.594+0000] {dag.py:3823} INFO - Setting next_dagrun for hn_pipeline to 2026-05-15 11:00:00+00:00, run_after=2026-05-15 12:00:00+00:00
[2026-05-15T11:35:09.602+0000] {processor.py:183} INFO - Processing /opt/airflow/dags/hn_pipeline_dag.py took 0.049 seconds
[2026-05-15T11:35:39.892+0000] {processor.py:161} INFO - Started process (PID=1452) to work on /opt/airflow/dags/hn_pipeline_dag.py
[2026-05-15T11:35:39.892+0000] {processor.py:830} INFO - Processing file /opt/airflow/dags/hn_pipeline_dag.py for tasks to queue
[2026-05-15T11:35:39.893+0000] {logging_mixin.py:188} INFO - [2026-05-15T11:35:39.893+0000] {dagbag.py:538} INFO - Filling up the DagBag from /opt/airflow/dags/hn_pipeline_dag.py
[2026-05-15T11:35:39.908+0000] {processor.py:840} INFO - DAG(s) 'hn_pipeline' retrieved from /opt/airflow/dags/hn_pipeline_dag.py
[2026-05-15T11:35:39.922+0000] {logging_mixin.py:188} INFO - [2026-05-15T11:35:39.922+0000] {dag.py:3036} INFO - Sync 1 DAGs
[2026-05-15T11:35:39.932+0000] {logging_mixin.py:188} INFO - [2026-05-15T11:35:39.932+0000] {dag.py:3823} INFO - Setting next_dagrun for hn_pipeline to 2026-05-15 11:00:00+00:00, run_after=2026-05-15 12:00:00+00:00
[2026-05-15T11:35:39.939+0000] {processor.py:183} INFO - Processing /opt/airflow/dags/hn_pipeline_dag.py took 0.053 seconds
[2026-05-15T11:36:10.216+0000] {processor.py:161} INFO - Started process (PID=1457) to work on /opt/airflow/dags/hn_pipeline_dag.py
[2026-05-15T11:36:10.217+0000] {processor.py:830} INFO - Processing file /opt/airflow/dags/hn_pipeline_dag.py for tasks to queue
[2026-05-15T11:36:10.218+0000] {logging_mixin.py:188} INFO - [2026-05-15T11:36:10.217+0000] {dagbag.py:538} INFO - Filling up the DagBag from /opt/airflow/dags/hn_pipeline_dag.py
[2026-05-15T11:36:10.228+0000] {processor.py:840} INFO - DAG(s) 'hn_pipeline' retrieved from /opt/airflow/dags/hn_pipeline_dag.py
[2026-05-15T11:36:10.242+0000] {logging_mixin.py:188} INFO - [2026-05-15T11:36:10.242+0000] {dag.py:3036} INFO - Sync 1 DAGs
[2026-05-15T11:36:10.254+0000] {logging_mixin.py:188} INFO - [2026-05-15T11:36:10.254+0000] {dag.py:3823} INFO - Setting next_dagrun for hn_pipeline to 2026-05-15 11:00:00+00:00, run_after=2026-05-15 12:00:00+00:00
[2026-05-15T11:36:10.263+0000] {processor.py:183} INFO - Processing /opt/airflow/dags/hn_pipeline_dag.py took 0.049 seconds
[2026-05-15T11:36:40.548+0000] {processor.py:161} INFO - Started process (PID=1462) to work on /opt/airflow/dags/hn_pipeline_dag.py
[2026-05-15T11:36:40.549+0000] {processor.py:830} INFO - Processing file /opt/airflow/dags/hn_pipeline_dag.py for tasks to queue
[2026-05-15T11:36:40.550+0000] {logging_mixin.py:188} INFO - [2026-05-15T11:36:40.550+0000] {dagbag.py:538} INFO - Filling up the DagBag from /opt/airflow/dags/hn_pipeline_dag.py
[2026-05-15T11:36:40.567+0000] {processor.py:840} INFO - DAG(s) 'hn_pipeline' retrieved from /opt/airflow/dags/hn_pipeline_dag.py
[2026-05-15T11:36:40.587+0000] {logging_mixin.py:188} INFO - [2026-05-15T11:36:40.587+0000] {dag.py:3036} INFO - Sync 1 DAGs
[2026-05-15T11:36:40.602+0000] {logging_mixin.py:188} INFO - [2026-05-15T11:36:40.602+0000] {dag.py:3823} INFO - Setting next_dagrun for hn_pipeline to 2026-05-15 11:00:00+00:00, run_after=2026-05-15 12:00:00+00:00
[2026-05-15T11:36:40.609+0000] {processor.py:183} INFO - Processing /opt/airflow/dags/hn_pipeline_dag.py took 0.065 seconds
[2026-05-15T11:37:10.829+0000] {processor.py:161} INFO - Started process (PID=1467) to work on /opt/airflow/dags/hn_pipeline_dag.py
[2026-05-15T11:37:10.830+0000] {processor.py:830} INFO - Processing file /opt/airflow/dags/hn_pipeline_dag.py for tasks to queue
[2026-05-15T11:37:10.831+0000] {logging_mixin.py:188} INFO - [2026-05-15T11:37:10.830+0000] {dagbag.py:538} INFO - Filling up the DagBag from /opt/airflow/dags/hn_pipeline_dag.py
[2026-05-15T11:37:10.843+0000] {processor.py:840} INFO - DAG(s) 'hn_pipeline' retrieved from /opt/airflow/dags/hn_pipeline_dag.py
[2026-05-15T11:37:10.863+0000] {logging_mixin.py:188} INFO - [2026-05-15T11:37:10.863+0000] {dag.py:3036} INFO - Sync 1 DAGs
[2026-05-15T11:37:10.876+0000] {logging_mixin.py:188} INFO - [2026-05-15T11:37:10.876+0000] {dag.py:3823} INFO - Setting next_dagrun for hn_pipeline to 2026-05-15 11:00:00+00:00, run_after=2026-05-15 12:00:00+00:00
[2026-05-15T11:37:10.884+0000] {processor.py:183} INFO - Processing /opt/airflow/dags/hn_pipeline_dag.py took 0.058 seconds
[2026-05-15T11:37:41.161+0000] {processor.py:161} INFO - Started process (PID=1472) to work on /opt/airflow/dags/hn_pipeline_dag.py
[2026-05-15T11:37:41.163+0000] {processor.py:830} INFO - Processing file /opt/airflow/dags/hn_pipeline_dag.py for tasks to queue
[2026-05-15T11:37:41.164+0000] {logging_mixin.py:188} INFO - [2026-05-15T11:37:41.163+0000] {dagbag.py:538} INFO - Filling up the DagBag from /opt/airflow/dags/hn_pipeline_dag.py
[2026-05-15T11:37:41.180+0000] {processor.py:840} INFO - DAG(s) 'hn_pipeline' retrieved from /opt/airflow/dags/hn_pipeline_dag.py
[2026-05-15T11:37:41.200+0000] {logging_mixin.py:188} INFO - [2026-05-15T11:37:41.200+0000] {dag.py:3036} INFO - Sync 1 DAGs
[2026-05-15T11:37:41.213+0000] {logging_mixin.py:188} INFO - [2026-05-15T11:37:41.213+0000] {dag.py:3823} INFO - Setting next_dagrun for hn_pipeline to 2026-05-15 11:00:00+00:00, run_after=2026-05-15 12:00:00+00:00
[2026-05-15T11:37:41.223+0000] {processor.py:183} INFO - Processing /opt/airflow/dags/hn_pipeline_dag.py took 0.066 seconds
[2026-05-15T11:38:11.494+0000] {processor.py:161} INFO - Started process (PID=1477) to work on /opt/airflow/dags/hn_pipeline_dag.py
[2026-05-15T11:38:11.495+0000] {processor.py:830} INFO - Processing file /opt/airflow/dags/hn_pipeline_dag.py for tasks to queue
[2026-05-15T11:38:11.496+0000] {logging_mixin.py:188} INFO - [2026-05-15T11:38:11.496+0000] {dagbag.py:538} INFO - Filling up the DagBag from /opt/airflow/dags/hn_pipeline_dag.py
[2026-05-15T11:38:11.509+0000] {processor.py:840} INFO - DAG(s) 'hn_pipeline' retrieved from /opt/airflow/dags/hn_pipeline_dag.py
[2026-05-15T11:38:11.530+0000] {logging_mixin.py:188} INFO - [2026-05-15T11:38:11.530+0000] {dag.py:3036} INFO - Sync 1 DAGs
[2026-05-15T11:38:11.543+0000] {logging_mixin.py:188} INFO - [2026-05-15T11:38:11.543+0000] {dag.py:3823} INFO - Setting next_dagrun for hn_pipeline to 2026-05-15 11:00:00+00:00, run_after=2026-05-15 12:00:00+00:00
[2026-05-15T11:38:11.550+0000] {processor.py:183} INFO - Processing /opt/airflow/dags/hn_pipeline_dag.py took 0.060 seconds
[2026-05-15T11:38:41.823+0000] {processor.py:161} INFO - Started process (PID=1482) to work on /opt/airflow/dags/hn_pipeline_dag.py
[2026-05-15T11:38:41.824+0000] {processor.py:830} INFO - Processing file /opt/airflow/dags/hn_pipeline_dag.py for tasks to queue
[2026-05-15T11:38:41.825+0000] {logging_mixin.py:188} INFO - [2026-05-15T11:38:41.824+0000] {dagbag.py:538} INFO - Filling up the DagBag from /opt/airflow/dags/hn_pipeline_dag.py
[2026-05-15T11:38:41.839+0000] {processor.py:840} INFO - DAG(s) 'hn_pipeline' retrieved from /opt/airflow/dags/hn_pipeline_dag.py
[2026-05-15T11:38:41.858+0000] {logging_mixin.py:188} INFO - [2026-05-15T11:38:41.858+0000] {dag.py:3036} INFO - Sync 1 DAGs
[2026-05-15T11:38:41.869+0000] {logging_mixin.py:188} INFO - [2026-05-15T11:38:41.869+0000] {dag.py:3823} INFO - Setting next_dagrun for hn_pipeline to 2026-05-15 11:00:00+00:00, run_after=2026-05-15 12:00:00+00:00
[2026-05-15T11:38:41.876+0000] {processor.py:183} INFO - Processing /opt/airflow/dags/hn_pipeline_dag.py took 0.057 seconds
[2026-05-15T11:39:12.146+0000] {processor.py:161} INFO - Started process (PID=1487) to work on /opt/airflow/dags/hn_pipeline_dag.py
[2026-05-15T11:39:12.148+0000] {processor.py:830} INFO - Processing file /opt/airflow/dags/hn_pipeline_dag.py for tasks to queue
[2026-05-15T11:39:12.149+0000] {logging_mixin.py:188} INFO - [2026-05-15T11:39:12.149+0000] {dagbag.py:538} INFO - Filling up the DagBag from /opt/airflow/dags/hn_pipeline_dag.py
[2026-05-15T11:39:12.166+0000] {processor.py:840} INFO - DAG(s) 'hn_pipeline' retrieved from /opt/airflow/dags/hn_pipeline_dag.py
[2026-05-15T11:39:12.186+0000] {logging_mixin.py:188} INFO - [2026-05-15T11:39:12.186+0000] {dag.py:3036} INFO - Sync 1 DAGs
[2026-05-15T11:39:12.199+0000] {logging_mixin.py:188} INFO - [2026-05-15T11:39:12.199+0000] {dag.py:3823} INFO - Setting next_dagrun for hn_pipeline to 2026-05-15 11:00:00+00:00, run_after=2026-05-15 12:00:00+00:00
[2026-05-15T11:39:12.208+0000] {processor.py:183} INFO - Processing /opt/airflow/dags/hn_pipeline_dag.py took 0.066 seconds
[2026-05-15T11:39:42.441+0000] {processor.py:161} INFO - Started process (PID=1492) to work on /opt/airflow/dags/hn_pipeline_dag.py
[2026-05-15T11:39:42.442+0000] {processor.py:830} INFO - Processing file /opt/airflow/dags/hn_pipeline_dag.py for tasks to queue
[2026-05-15T11:39:42.444+0000] {logging_mixin.py:188} INFO - [2026-05-15T11:39:42.443+0000] {dagbag.py:538} INFO - Filling up the DagBag from /opt/airflow/dags/hn_pipeline_dag.py
[2026-05-15T11:39:42.457+0000] {processor.py:840} INFO - DAG(s) 'hn_pipeline' retrieved from /opt/airflow/dags/hn_pipeline_dag.py
[2026-05-15T11:39:42.476+0000] {logging_mixin.py:188} INFO - [2026-05-15T11:39:42.476+0000] {dag.py:3036} INFO - Sync 1 DAGs
[2026-05-15T11:39:42.487+0000] {logging_mixin.py:188} INFO - [2026-05-15T11:39:42.487+0000] {dag.py:3823} INFO - Setting next_dagrun for hn_pipeline to 2026-05-15 11:00:00+00:00, run_after=2026-05-15 12:00:00+00:00
[2026-05-15T11:39:42.495+0000] {processor.py:183} INFO - Processing /opt/airflow/dags/hn_pipeline_dag.py took 0.058 seconds
[2026-05-15T11:40:12.736+0000] {processor.py:161} INFO - Started process (PID=1497) to work on /opt/airflow/dags/hn_pipeline_dag.py
[2026-05-15T11:40:12.737+0000] {processor.py:830} INFO - Processing file /opt/airflow/dags/hn_pipeline_dag.py for tasks to queue
[2026-05-15T11:40:12.739+0000] {logging_mixin.py:188} INFO - [2026-05-15T11:40:12.738+0000] {dagbag.py:538} INFO - Filling up the DagBag from /opt/airflow/dags/hn_pipeline_dag.py
[2026-05-15T11:40:12.753+0000] {processor.py:840} INFO - DAG(s) 'hn_pipeline' retrieved from /opt/airflow/dags/hn_pipeline_dag.py
[2026-05-15T11:40:12.774+0000] {logging_mixin.py:188} INFO - [2026-05-15T11:40:12.773+0000] {dag.py:3036} INFO - Sync 1 DAGs
[2026-05-15T11:40:12.785+0000] {logging_mixin.py:188} INFO - [2026-05-15T11:40:12.784+0000] {dag.py:3823} INFO - Setting next_dagrun for hn_pipeline to 2026-05-15 11:00:00+00:00, run_after=2026-05-15 12:00:00+00:00
[2026-05-15T11:40:12.792+0000] {processor.py:183} INFO - Processing /opt/airflow/dags/hn_pipeline_dag.py took 0.059 seconds
[2026-05-15T11:40:43.083+0000] {processor.py:161} INFO - Started process (PID=1502) to work on /opt/airflow/dags/hn_pipeline_dag.py
[2026-05-15T11:40:43.084+0000] {processor.py:830} INFO - Processing file /opt/airflow/dags/hn_pipeline_dag.py for tasks to queue
[2026-05-15T11:40:43.085+0000] {logging_mixin.py:188} INFO - [2026-05-15T11:40:43.084+0000] {dagbag.py:538} INFO - Filling up the DagBag from /opt/airflow/dags/hn_pipeline_dag.py
[2026-05-15T11:40:43.098+0000] {processor.py:840} INFO - DAG(s) 'hn_pipeline' retrieved from /opt/airflow/dags/hn_pipeline_dag.py
[2026-05-15T11:40:43.119+0000] {logging_mixin.py:188} INFO - [2026-05-15T11:40:43.119+0000] {dag.py:3036} INFO - Sync 1 DAGs
[2026-05-15T11:40:43.130+0000] {logging_mixin.py:188} INFO - [2026-05-15T11:40:43.130+0000] {dag.py:3823} INFO - Setting next_dagrun for hn_pipeline to 2026-05-15 11:00:00+00:00, run_after=2026-05-15 12:00:00+00:00
[2026-05-15T11:40:43.138+0000] {processor.py:183} INFO - Processing /opt/airflow/dags/hn_pipeline_dag.py took 0.059 seconds
[2026-05-15T11:41:13.364+0000] {processor.py:161} INFO - Started process (PID=1507) to work on /opt/airflow/dags/hn_pipeline_dag.py
[2026-05-15T11:41:13.365+0000] {processor.py:830} INFO - Processing file /opt/airflow/dags/hn_pipeline_dag.py for tasks to queue
[2026-05-15T11:41:13.365+0000] {logging_mixin.py:188} INFO - [2026-05-15T11:41:13.365+0000] {dagbag.py:538} INFO - Filling up the DagBag from /opt/airflow/dags/hn_pipeline_dag.py
[2026-05-15T11:41:13.372+0000] {processor.py:840} INFO - DAG(s) 'hn_pipeline' retrieved from /opt/airflow/dags/hn_pipeline_dag.py
[2026-05-15T11:41:13.383+0000] {logging_mixin.py:188} INFO - [2026-05-15T11:41:13.383+0000] {dag.py:3036} INFO - Sync 1 DAGs
[2026-05-15T11:41:13.393+0000] {logging_mixin.py:188} INFO - [2026-05-15T11:41:13.393+0000] {dag.py:3823} INFO - Setting next_dagrun for hn_pipeline to 2026-05-15 11:00:00+00:00, run_after=2026-05-15 12:00:00+00:00
[2026-05-15T11:41:13.400+0000] {processor.py:183} INFO - Processing /opt/airflow/dags/hn_pipeline_dag.py took 0.037 seconds
[2026-05-15T11:41:43.567+0000] {processor.py:161} INFO - Started process (PID=1512) to work on /opt/airflow/dags/hn_pipeline_dag.py
[2026-05-15T11:41:43.567+0000] {processor.py:830} INFO - Processing file /opt/airflow/dags/hn_pipeline_dag.py for tasks to queue
[2026-05-15T11:41:43.568+0000] {logging_mixin.py:188} INFO - [2026-05-15T11:41:43.568+0000] {dagbag.py:538} INFO - Filling up the DagBag from /opt/airflow/dags/hn_pipeline_dag.py
[2026-05-15T11:41:43.575+0000] {processor.py:840} INFO - DAG(s) 'hn_pipeline' retrieved from /opt/airflow/dags/hn_pipeline_dag.py
[2026-05-15T11:41:43.588+0000] {logging_mixin.py:188} INFO - [2026-05-15T11:41:43.588+0000] {dag.py:3036} INFO - Sync 1 DAGs
[2026-05-15T11:41:43.598+0000] {logging_mixin.py:188} INFO - [2026-05-15T11:41:43.598+0000] {dag.py:3823} INFO - Setting next_dagrun for hn_pipeline to 2026-05-15 11:00:00+00:00, run_after=2026-05-15 12:00:00+00:00
[2026-05-15T11:41:43.606+0000] {processor.py:183} INFO - Processing /opt/airflow/dags/hn_pipeline_dag.py took 0.040 seconds
[2026-05-15T11:42:13.795+0000] {processor.py:161} INFO - Started process (PID=1517) to work on /opt/airflow/dags/hn_pipeline_dag.py
[2026-05-15T11:42:13.797+0000] {processor.py:830} INFO - Processing file /opt/airflow/dags/hn_pipeline_dag.py for tasks to queue
[2026-05-15T11:42:13.797+0000] {logging_mixin.py:188} INFO - [2026-05-15T11:42:13.797+0000] {dagbag.py:538} INFO - Filling up the DagBag from /opt/airflow/dags/hn_pipeline_dag.py
[2026-05-15T11:42:13.811+0000] {processor.py:840} INFO - DAG(s) 'hn_pipeline' retrieved from /opt/airflow/dags/hn_pipeline_dag.py
[2026-05-15T11:42:13.829+0000] {logging_mixin.py:188} INFO - [2026-05-15T11:42:13.829+0000] {dag.py:3036} INFO - Sync 1 DAGs
[2026-05-15T11:42:13.840+0000] {logging_mixin.py:188} INFO - [2026-05-15T11:42:13.840+0000] {dag.py:3823} INFO - Setting next_dagrun for hn_pipeline to 2026-05-15 11:00:00+00:00, run_after=2026-05-15 12:00:00+00:00
[2026-05-15T11:42:13.847+0000] {processor.py:183} INFO - Processing /opt/airflow/dags/hn_pipeline_dag.py took 0.056 seconds
[2026-05-15T11:42:44.040+0000] {processor.py:161} INFO - Started process (PID=1522) to work on /opt/airflow/dags/hn_pipeline_dag.py
[2026-05-15T11:42:44.042+0000] {processor.py:830} INFO - Processing file /opt/airflow/dags/hn_pipeline_dag.py for tasks to queue
[2026-05-15T11:42:44.043+0000] {logging_mixin.py:188} INFO - [2026-05-15T11:42:44.042+0000] {dagbag.py:538} INFO - Filling up the DagBag from /opt/airflow/dags/hn_pipeline_dag.py
[2026-05-15T11:42:44.055+0000] {processor.py:840} INFO - DAG(s) 'hn_pipeline' retrieved from /opt/airflow/dags/hn_pipeline_dag.py
[2026-05-15T11:42:44.071+0000] {logging_mixin.py:188} INFO - [2026-05-15T11:42:44.071+0000] {dag.py:3036} INFO - Sync 1 DAGs
[2026-05-15T11:42:44.083+0000] {logging_mixin.py:188} INFO - [2026-05-15T11:42:44.083+0000] {dag.py:3823} INFO - Setting next_dagrun for hn_pipeline to 2026-05-15 11:00:00+00:00, run_after=2026-05-15 12:00:00+00:00
[2026-05-15T11:42:44.091+0000] {processor.py:183} INFO - Processing /opt/airflow/dags/hn_pipeline_dag.py took 0.053 seconds
[2026-05-15T11:43:14.302+0000] {processor.py:161} INFO - Started process (PID=1527) to work on /opt/airflow/dags/hn_pipeline_dag.py
[2026-05-15T11:43:14.303+0000] {processor.py:830} INFO - Processing file /opt/airflow/dags/hn_pipeline_dag.py for tasks to queue
[2026-05-15T11:43:14.303+0000] {logging_mixin.py:188} INFO - [2026-05-15T11:43:14.303+0000] {dagbag.py:538} INFO - Filling up the DagBag from /opt/airflow/dags/hn_pipeline_dag.py
[2026-05-15T11:43:14.317+0000] {processor.py:840} INFO - DAG(s) 'hn_pipeline' retrieved from /opt/airflow/dags/hn_pipeline_dag.py
[2026-05-15T11:43:14.338+0000] {logging_mixin.py:188} INFO - [2026-05-15T11:43:14.338+0000] {dag.py:3036} INFO - Sync 1 DAGs
[2026-05-15T11:43:14.354+0000] {logging_mixin.py:188} INFO - [2026-05-15T11:43:14.354+0000] {dag.py:3823} INFO - Setting next_dagrun for hn_pipeline to 2026-05-15 11:00:00+00:00, run_after=2026-05-15 12:00:00+00:00
[2026-05-15T11:43:14.363+0000] {processor.py:183} INFO - Processing /opt/airflow/dags/hn_pipeline_dag.py took 0.063 seconds
[2026-05-15T11:43:44.548+0000] {processor.py:161} INFO - Started process (PID=1532) to work on /opt/airflow/dags/hn_pipeline_dag.py
[2026-05-15T11:43:44.549+0000] {processor.py:830} INFO - Processing file /opt/airflow/dags/hn_pipeline_dag.py for tasks to queue
[2026-05-15T11:43:44.550+0000] {logging_mixin.py:188} INFO - [2026-05-15T11:43:44.549+0000] {dagbag.py:538} INFO - Filling up the DagBag from /opt/airflow/dags/hn_pipeline_dag.py
[2026-05-15T11:43:44.563+0000] {processor.py:840} INFO - DAG(s) 'hn_pipeline' retrieved from /opt/airflow/dags/hn_pipeline_dag.py
[2026-05-15T11:43:44.581+0000] {logging_mixin.py:188} INFO - [2026-05-15T11:43:44.581+0000] {dag.py:3036} INFO - Sync 1 DAGs
[2026-05-15T11:43:44.592+0000] {logging_mixin.py:188} INFO - [2026-05-15T11:43:44.592+0000] {dag.py:3823} INFO - Setting next_dagrun for hn_pipeline to 2026-05-15 11:00:00+00:00, run_after=2026-05-15 12:00:00+00:00
[2026-05-15T11:43:44.599+0000] {processor.py:183} INFO - Processing /opt/airflow/dags/hn_pipeline_dag.py took 0.054 seconds
[2026-05-15T11:44:14.720+0000] {processor.py:161} INFO - Started process (PID=1537) to work on /opt/airflow/dags/hn_pipeline_dag.py
[2026-05-15T11:44:14.721+0000] {processor.py:830} INFO - Processing file /opt/airflow/dags/hn_pipeline_dag.py for tasks to queue
[2026-05-15T11:44:14.721+0000] {logging_mixin.py:188} INFO - [2026-05-15T11:44:14.721+0000] {dagbag.py:538} INFO - Filling up the DagBag from /opt/airflow/dags/hn_pipeline_dag.py
[2026-05-15T11:44:14.728+0000] {processor.py:840} INFO - DAG(s) 'hn_pipeline' retrieved from /opt/airflow/dags/hn_pipeline_dag.py
[2026-05-15T11:44:14.743+0000] {logging_mixin.py:188} INFO - [2026-05-15T11:44:14.742+0000] {dag.py:3036} INFO - Sync 1 DAGs
[2026-05-15T11:44:14.753+0000] {logging_mixin.py:188} INFO - [2026-05-15T11:44:14.753+0000] {dag.py:3823} INFO - Setting next_dagrun for hn_pipeline to 2026-05-15 11:00:00+00:00, run_after=2026-05-15 12:00:00+00:00
[2026-05-15T11:44:14.761+0000] {processor.py:183} INFO - Processing /opt/airflow/dags/hn_pipeline_dag.py took 0.043 seconds
[2026-05-15T11:44:44.957+0000] {processor.py:161} INFO - Started process (PID=1542) to work on /opt/airflow/dags/hn_pipeline_dag.py
[2026-05-15T11:44:44.957+0000] {processor.py:830} INFO - Processing file /opt/airflow/dags/hn_pipeline_dag.py for tasks to queue
[2026-05-15T11:44:44.958+0000] {logging_mixin.py:188} INFO - [2026-05-15T11:44:44.958+0000] {dagbag.py:538} INFO - Filling up the DagBag from /opt/airflow/dags/hn_pipeline_dag.py
[2026-05-15T11:44:44.965+0000] {processor.py:840} INFO - DAG(s) 'hn_pipeline' retrieved from /opt/airflow/dags/hn_pipeline_dag.py
[2026-05-15T11:44:44.978+0000] {logging_mixin.py:188} INFO - [2026-05-15T11:44:44.978+0000] {dag.py:3036} INFO - Sync 1 DAGs
[2026-05-15T11:44:44.987+0000] {logging_mixin.py:188} INFO - [2026-05-15T11:44:44.987+0000] {dag.py:3823} INFO - Setting next_dagrun for hn_pipeline to 2026-05-15 11:00:00+00:00, run_after=2026-05-15 12:00:00+00:00
[2026-05-15T11:44:44.994+0000] {processor.py:183} INFO - Processing /opt/airflow/dags/hn_pipeline_dag.py took 0.039 seconds
