[2026-05-14T11:55:05.357+0000] {manager.py:469} INFO - Processing files using up to 2 processes at a time 
[2026-05-14T11:55:05.358+0000] {manager.py:470} INFO - Process each file at most once every 30 seconds
[2026-05-14T11:55:05.359+0000] {manager.py:471} INFO - Checking for new files in /opt/airflow/dags every 300 seconds
[2026-05-14T11:55:05.360+0000] {manager.py:738} INFO - Searching for files in /opt/airflow/dags
[2026-05-14T11:55:05.360+0000] {manager.py:741} INFO - There are 0 files in /opt/airflow/dags
[2026-05-14T12:00:43.289+0000] {manager.py:738} INFO - Searching for files in /opt/airflow/dags
[2026-05-14T12:00:43.368+0000] {manager.py:741} INFO - There are 1 files in /opt/airflow/dags
[2026-05-14T12:00:44.001+0000] {manager.py:879} INFO - 
================================================================================
DAG File Processing Stats

File Path                               PID  Runtime      # DAGs    # Errors  Last Runtime    Last Run
------------------------------------  -----  ---------  --------  ----------  --------------  ----------
/opt/airflow/dags/hn_pipeline_dag.py    167  0.03s             0           0
================================================================================
[2026-05-14T12:01:14.826+0000] {manager.py:879} INFO - 
================================================================================
DAG File Processing Stats

File Path                             PID    Runtime      # DAGs    # Errors  Last Runtime    Last Run
------------------------------------  -----  ---------  --------  ----------  --------------  -------------------
/opt/airflow/dags/hn_pipeline_dag.py                           1           0  1.01s           2026-05-14T12:00:44
================================================================================
[2026-05-14T12:01:45.564+0000] {manager.py:879} INFO - 
================================================================================
DAG File Processing Stats

File Path                               PID  Runtime      # DAGs    # Errors  Last Runtime    Last Run
------------------------------------  -----  ---------  --------  ----------  --------------  -------------------
/opt/airflow/dags/hn_pipeline_dag.py    179  0.01s             1           0  0.05s           2026-05-14T12:01:15
================================================================================
[2026-05-14T12:02:15.865+0000] {manager.py:879} INFO - 
================================================================================
DAG File Processing Stats

File Path                               PID  Runtime      # DAGs    # Errors  Last Runtime    Last Run
------------------------------------  -----  ---------  --------  ----------  --------------  -------------------
/opt/airflow/dags/hn_pipeline_dag.py    184  0.01s             1           0  0.09s           2026-05-14T12:01:45
================================================================================
[2026-05-14T12:02:46.207+0000] {manager.py:879} INFO - 
================================================================================
DAG File Processing Stats

File Path                               PID  Runtime      # DAGs    # Errors  Last Runtime    Last Run
------------------------------------  -----  ---------  --------  ----------  --------------  -------------------
/opt/airflow/dags/hn_pipeline_dag.py    189  0.02s             1           0  0.09s           2026-05-14T12:02:15
================================================================================
[2026-05-14T12:03:16.554+0000] {manager.py:879} INFO - 
================================================================================
DAG File Processing Stats

File Path                               PID  Runtime      # DAGs    # Errors  Last Runtime    Last Run
------------------------------------  -----  ---------  --------  ----------  --------------  -------------------
/opt/airflow/dags/hn_pipeline_dag.py    194  0.01s             1           0  0.13s           2026-05-14T12:02:46
================================================================================
[2026-05-14T12:03:46.994+0000] {manager.py:879} INFO - 
================================================================================
DAG File Processing Stats

File Path                               PID  Runtime      # DAGs    # Errors  Last Runtime    Last Run
------------------------------------  -----  ---------  --------  ----------  --------------  -------------------
/opt/airflow/dags/hn_pipeline_dag.py    199  0.01s             1           0  0.14s           2026-05-14T12:03:16
================================================================================
[2026-05-14T12:04:17.441+0000] {manager.py:879} INFO - 
================================================================================
DAG File Processing Stats

File Path                               PID  Runtime      # DAGs    # Errors  Last Runtime    Last Run
------------------------------------  -----  ---------  --------  ----------  --------------  -------------------
/opt/airflow/dags/hn_pipeline_dag.py    204  0.01s             1           0  0.12s           2026-05-14T12:03:47
================================================================================
[2026-05-14T12:04:47.835+0000] {manager.py:879} INFO - 
================================================================================
DAG File Processing Stats

File Path                               PID  Runtime      # DAGs    # Errors  Last Runtime    Last Run
------------------------------------  -----  ---------  --------  ----------  --------------  -------------------
/opt/airflow/dags/hn_pipeline_dag.py    209  0.01s             1           0  0.18s           2026-05-14T12:04:17
================================================================================
[2026-05-14T12:05:18.359+0000] {manager.py:879} INFO - 
================================================================================
DAG File Processing Stats

File Path                               PID  Runtime      # DAGs    # Errors  Last Runtime    Last Run
------------------------------------  -----  ---------  --------  ----------  --------------  -------------------
/opt/airflow/dags/hn_pipeline_dag.py    219  0.01s             1           0  0.31s           2026-05-14T12:04:48
================================================================================
[2026-05-14T12:05:43.840+0000] {manager.py:738} INFO - Searching for files in /opt/airflow/dags
[2026-05-14T12:05:43.855+0000] {manager.py:741} INFO - There are 1 files in /opt/airflow/dags
[2026-05-14T12:05:48.435+0000] {manager.py:879} INFO - 
================================================================================
DAG File Processing Stats

File Path                             PID    Runtime      # DAGs    # Errors  Last Runtime    Last Run
------------------------------------  -----  ---------  --------  ----------  --------------  -------------------
/opt/airflow/dags/hn_pipeline_dag.py                           1           0  0.24s           2026-05-14T12:05:18
================================================================================
[2026-05-14T12:06:18.571+0000] {manager.py:879} INFO - 
================================================================================
DAG File Processing Stats

File Path                             PID    Runtime      # DAGs    # Errors  Last Runtime    Last Run
------------------------------------  -----  ---------  --------  ----------  --------------  -------------------
/opt/airflow/dags/hn_pipeline_dag.py                           1           0  17.49s          2026-05-14T12:06:08
================================================================================
[2026-05-14T12:06:48.914+0000] {manager.py:879} INFO - 
================================================================================
DAG File Processing Stats

File Path                             PID    Runtime      # DAGs    # Errors  Last Runtime    Last Run
------------------------------------  -----  ---------  --------  ----------  --------------  -------------------
/opt/airflow/dags/hn_pipeline_dag.py                           1           0  0.17s           2026-05-14T12:06:38
================================================================================
[2026-05-14T12:07:19.268+0000] {manager.py:879} INFO - 
================================================================================
DAG File Processing Stats

File Path                             PID    Runtime      # DAGs    # Errors  Last Runtime    Last Run
------------------------------------  -----  ---------  --------  ----------  --------------  -------------------
/opt/airflow/dags/hn_pipeline_dag.py                           1           0  0.13s           2026-05-14T12:07:09
================================================================================
[2026-05-14T12:07:49.697+0000] {manager.py:879} INFO - 
================================================================================
DAG File Processing Stats

File Path                             PID    Runtime      # DAGs    # Errors  Last Runtime    Last Run
------------------------------------  -----  ---------  --------  ----------  --------------  -------------------
/opt/airflow/dags/hn_pipeline_dag.py                           1           0  0.13s           2026-05-14T12:07:39
================================================================================
[2026-05-14T12:08:19.999+0000] {manager.py:879} INFO - 
================================================================================
DAG File Processing Stats

File Path                             PID    Runtime      # DAGs    # Errors  Last Runtime    Last Run
------------------------------------  -----  ---------  --------  ----------  --------------  -------------------
/opt/airflow/dags/hn_pipeline_dag.py                           1           0  0.07s           2026-05-14T12:08:09
================================================================================
[2026-05-14T12:08:52.589+0000] {manager.py:879} INFO - 
================================================================================
DAG File Processing Stats

File Path                               PID  Runtime      # DAGs    # Errors  Last Runtime    Last Run
------------------------------------  -----  ---------  --------  ----------  --------------  -------------------
/opt/airflow/dags/hn_pipeline_dag.py    272  4.45s             1           0  0.07s           2026-05-14T12:08:09
================================================================================
[2026-05-14T12:09:23.202+0000] {manager.py:879} INFO - 
================================================================================
DAG File Processing Stats

File Path                             PID    Runtime      # DAGs    # Errors  Last Runtime    Last Run
------------------------------------  -----  ---------  --------  ----------  --------------  -------------------
/opt/airflow/dags/hn_pipeline_dag.py                           1           0  26.17s          2026-05-14T12:09:13
================================================================================
[2026-05-14T12:09:53.567+0000] {manager.py:879} INFO - 
================================================================================
DAG File Processing Stats

File Path                             PID    Runtime      # DAGs    # Errors  Last Runtime    Last Run
------------------------------------  -----  ---------  --------  ----------  --------------  -------------------
/opt/airflow/dags/hn_pipeline_dag.py                           1           0  0.18s           2026-05-14T12:09:43
================================================================================
[2026-05-14T12:10:23.923+0000] {manager.py:879} INFO - 
================================================================================
DAG File Processing Stats

File Path                             PID    Runtime      # DAGs    # Errors  Last Runtime    Last Run
------------------------------------  -----  ---------  --------  ----------  --------------  -------------------
/opt/airflow/dags/hn_pipeline_dag.py                           1           0  0.12s           2026-05-14T12:10:13
================================================================================
[2026-05-14T12:10:44.106+0000] {manager.py:738} INFO - Searching for files in /opt/airflow/dags
[2026-05-14T12:10:44.119+0000] {manager.py:741} INFO - There are 1 files in /opt/airflow/dags
[2026-05-14T12:10:54.281+0000] {manager.py:879} INFO - 
================================================================================
DAG File Processing Stats

File Path                             PID    Runtime      # DAGs    # Errors  Last Runtime    Last Run
------------------------------------  -----  ---------  --------  ----------  --------------  -------------------
/opt/airflow/dags/hn_pipeline_dag.py                           1           0  0.11s           2026-05-14T12:10:44
================================================================================
[2026-05-14T12:11:44.643+0000] {manager.py:879} INFO - 
================================================================================
DAG File Processing Stats

File Path                               PID  Runtime      # DAGs    # Errors  Last Runtime    Last Run
------------------------------------  -----  ---------  --------  ----------  --------------  -------------------
/opt/airflow/dags/hn_pipeline_dag.py    292  19.25s            1           0  0.11s           2026-05-14T12:10:44
================================================================================
[2026-05-14T12:12:06.301+0000] {manager.py:1201} ERROR - Processor for /opt/airflow/dags/hn_pipeline_dag.py with PID 292 started at 2026-05-14T12:11:16.078982+00:00 has timed out, killing it.
[2026-05-14T12:12:07.846+0000] {manager.py:451} INFO - Exiting gracefully upon receiving signal 15
[2026-05-14T12:15:45.253+0000] {manager.py:469} INFO - Processing files using up to 2 processes at a time 
[2026-05-14T12:15:45.254+0000] {manager.py:470} INFO - Process each file at most once every 30 seconds
[2026-05-14T12:15:45.254+0000] {manager.py:471} INFO - Checking for new files in /opt/airflow/dags every 300 seconds
[2026-05-14T12:15:45.255+0000] {manager.py:738} INFO - Searching for files in /opt/airflow/dags
[2026-05-14T12:15:45.257+0000] {manager.py:741} INFO - There are 1 files in /opt/airflow/dags
[2026-05-14T12:15:45.438+0000] {manager.py:879} INFO - 
================================================================================
DAG File Processing Stats

File Path                               PID  Runtime      # DAGs    # Errors  Last Runtime    Last Run
------------------------------------  -----  ---------  --------  ----------  --------------  ----------
/opt/airflow/dags/hn_pipeline_dag.py    186  0.11s             0           0
================================================================================
[2026-05-14T12:16:24.134+0000] {manager.py:879} INFO - 
================================================================================
DAG File Processing Stats

File Path                               PID  Runtime      # DAGs    # Errors  Last Runtime    Last Run
------------------------------------  -----  ---------  --------  ----------  --------------  ----------
/opt/airflow/dags/hn_pipeline_dag.py    186  38.58s            0           0
================================================================================
[2026-05-14T12:16:41.685+0000] {manager.py:1201} ERROR - Processor for /opt/airflow/dags/hn_pipeline_dag.py with PID 186 started at 2026-05-14T12:15:45.324640+00:00 has timed out, killing it.
[2026-05-14T12:16:55.137+0000] {manager.py:879} INFO - 
================================================================================
DAG File Processing Stats

File Path                             PID    Runtime      # DAGs    # Errors  Last Runtime    Last Run
------------------------------------  -----  ---------  --------  ----------  --------------  -------------------
/opt/airflow/dags/hn_pipeline_dag.py                           0           1  56.33s          2026-05-14T12:16:41
================================================================================
[2026-05-14T12:17:25.647+0000] {manager.py:879} INFO - 
================================================================================
DAG File Processing Stats

File Path                             PID    Runtime      # DAGs    # Errors  Last Runtime    Last Run
------------------------------------  -----  ---------  --------  ----------  --------------  -------------------
/opt/airflow/dags/hn_pipeline_dag.py                           1           0  1.63s           2026-05-14T12:17:14
================================================================================
[2026-05-14T12:17:56.147+0000] {manager.py:879} INFO - 
================================================================================
DAG File Processing Stats

File Path                             PID    Runtime      # DAGs    # Errors  Last Runtime    Last Run
------------------------------------  -----  ---------  --------  ----------  --------------  -------------------
/opt/airflow/dags/hn_pipeline_dag.py                           1           0  0.97s           2026-05-14T12:17:46
================================================================================
[2026-05-14T12:18:26.519+0000] {manager.py:879} INFO - 
================================================================================
DAG File Processing Stats

File Path                             PID    Runtime      # DAGs    # Errors  Last Runtime    Last Run
------------------------------------  -----  ---------  --------  ----------  --------------  -------------------
/opt/airflow/dags/hn_pipeline_dag.py                           1           0  0.13s           2026-05-14T12:18:16
================================================================================
[2026-05-14T12:18:56.908+0000] {manager.py:879} INFO - 
================================================================================
DAG File Processing Stats

File Path                             PID    Runtime      # DAGs    # Errors  Last Runtime    Last Run
------------------------------------  -----  ---------  --------  ----------  --------------  -------------------
/opt/airflow/dags/hn_pipeline_dag.py                           1           0  0.12s           2026-05-14T12:18:46
================================================================================
[2026-05-14T12:19:27.272+0000] {manager.py:879} INFO - 
================================================================================
DAG File Processing Stats

File Path                             PID    Runtime      # DAGs    # Errors  Last Runtime    Last Run
------------------------------------  -----  ---------  --------  ----------  --------------  -------------------
/opt/airflow/dags/hn_pipeline_dag.py                           1           0  0.10s           2026-05-14T12:19:17
================================================================================
[2026-05-14T12:19:57.678+0000] {manager.py:879} INFO - 
================================================================================
DAG File Processing Stats

File Path                             PID    Runtime      # DAGs    # Errors  Last Runtime    Last Run
------------------------------------  -----  ---------  --------  ----------  --------------  -------------------
/opt/airflow/dags/hn_pipeline_dag.py                           1           0  0.24s           2026-05-14T12:19:47
================================================================================
[2026-05-14T12:20:28.049+0000] {manager.py:879} INFO - 
================================================================================
DAG File Processing Stats

File Path                             PID    Runtime      # DAGs    # Errors  Last Runtime    Last Run
------------------------------------  -----  ---------  --------  ----------  --------------  -------------------
/opt/airflow/dags/hn_pipeline_dag.py                           1           0  0.23s           2026-05-14T12:20:18
================================================================================
[2026-05-14T12:20:45.403+0000] {manager.py:738} INFO - Searching for files in /opt/airflow/dags
[2026-05-14T12:20:45.414+0000] {manager.py:741} INFO - There are 1 files in /opt/airflow/dags
[2026-05-14T12:20:58.520+0000] {manager.py:879} INFO - 
================================================================================
DAG File Processing Stats

File Path                             PID    Runtime      # DAGs    # Errors  Last Runtime    Last Run
------------------------------------  -----  ---------  --------  ----------  --------------  -------------------
/opt/airflow/dags/hn_pipeline_dag.py                           1           0  0.19s           2026-05-14T12:20:48
================================================================================
[2026-05-14T12:21:28.888+0000] {manager.py:879} INFO - 
================================================================================
DAG File Processing Stats

File Path                             PID    Runtime      # DAGs    # Errors  Last Runtime    Last Run
------------------------------------  -----  ---------  --------  ----------  --------------  -------------------
/opt/airflow/dags/hn_pipeline_dag.py                           1           0  1.13s           2026-05-14T12:21:19
================================================================================
[2026-05-14T12:21:59.299+0000] {manager.py:879} INFO - 
================================================================================
DAG File Processing Stats

File Path                             PID    Runtime      # DAGs    # Errors  Last Runtime    Last Run
------------------------------------  -----  ---------  --------  ----------  --------------  -------------------
/opt/airflow/dags/hn_pipeline_dag.py                           1           0  0.16s           2026-05-14T12:21:50
================================================================================
[2026-05-14T12:22:29.447+0000] {manager.py:879} INFO - 
================================================================================
DAG File Processing Stats

File Path                             PID    Runtime      # DAGs    # Errors  Last Runtime    Last Run
------------------------------------  -----  ---------  --------  ----------  --------------  -------------------
/opt/airflow/dags/hn_pipeline_dag.py                           1           0  0.83s           2026-05-14T12:22:21
================================================================================
[2026-05-14T12:23:19.892+0000] {manager.py:879} INFO - 
================================================================================
DAG File Processing Stats

File Path                               PID  Runtime      # DAGs    # Errors  Last Runtime    Last Run
------------------------------------  -----  ---------  --------  ----------  --------------  -------------------
/opt/airflow/dags/hn_pipeline_dag.py    247  23.83s            1           0  0.83s           2026-05-14T12:22:21
================================================================================
[2026-05-14T12:23:48.094+0000] {manager.py:1201} ERROR - Processor for /opt/airflow/dags/hn_pipeline_dag.py with PID 247 started at 2026-05-14T12:22:52.239486+00:00 has timed out, killing it.
[2026-05-14T12:23:58.365+0000] {manager.py:879} INFO - 
================================================================================
DAG File Processing Stats

File Path                             PID    Runtime      # DAGs    # Errors  Last Runtime    Last Run
------------------------------------  -----  ---------  --------  ----------  --------------  -------------------
/opt/airflow/dags/hn_pipeline_dag.py                           0           1  55.85s          2026-05-14T12:23:48
================================================================================
[2026-05-14T12:24:28.705+0000] {manager.py:879} INFO - 
================================================================================
DAG File Processing Stats

File Path                             PID    Runtime      # DAGs    # Errors  Last Runtime    Last Run
------------------------------------  -----  ---------  --------  ----------  --------------  -------------------
/opt/airflow/dags/hn_pipeline_dag.py                           1           0  0.19s           2026-05-14T12:24:18
================================================================================
[2026-05-14T12:24:59.091+0000] {manager.py:879} INFO - 
================================================================================
DAG File Processing Stats

File Path                             PID    Runtime      # DAGs    # Errors  Last Runtime    Last Run
------------------------------------  -----  ---------  --------  ----------  --------------  -------------------
/opt/airflow/dags/hn_pipeline_dag.py                           1           0  0.14s           2026-05-14T12:24:49
================================================================================
[2026-05-14T12:25:29.331+0000] {manager.py:879} INFO - 
================================================================================
DAG File Processing Stats

File Path                             PID    Runtime      # DAGs    # Errors  Last Runtime    Last Run
------------------------------------  -----  ---------  --------  ----------  --------------  -------------------
/opt/airflow/dags/hn_pipeline_dag.py                           1           0  0.08s           2026-05-14T12:25:19
================================================================================
[2026-05-14T12:25:46.385+0000] {manager.py:738} INFO - Searching for files in /opt/airflow/dags
[2026-05-14T12:25:46.395+0000] {manager.py:741} INFO - There are 1 files in /opt/airflow/dags
[2026-05-14T12:26:32.941+0000] {manager.py:879} INFO - 
================================================================================
DAG File Processing Stats

File Path                               PID  Runtime      # DAGs    # Errors  Last Runtime    Last Run
------------------------------------  -----  ---------  --------  ----------  --------------  -------------------
/opt/airflow/dags/hn_pipeline_dag.py    266  37.60s            1           0  0.08s           2026-05-14T12:25:19
================================================================================
[2026-05-14T12:27:03.699+0000] {manager.py:879} INFO - 
================================================================================
DAG File Processing Stats

File Path                             PID    Runtime      # DAGs    # Errors  Last Runtime    Last Run
------------------------------------  -----  ---------  --------  ----------  --------------  -------------------
/opt/airflow/dags/hn_pipeline_dag.py                           1           0  40.55s          2026-05-14T12:26:34
================================================================================
[2026-05-14T12:27:34.517+0000] {manager.py:879} INFO - 
================================================================================
DAG File Processing Stats

File Path                             PID    Runtime      # DAGs    # Errors  Last Runtime    Last Run
------------------------------------  -----  ---------  --------  ----------  --------------  -------------------
/opt/airflow/dags/hn_pipeline_dag.py                           1           0  0.12s           2026-05-14T12:27:05
================================================================================
[2026-05-14T12:28:04.935+0000] {manager.py:879} INFO - 
================================================================================
DAG File Processing Stats

File Path                             PID    Runtime      # DAGs    # Errors  Last Runtime    Last Run
------------------------------------  -----  ---------  --------  ----------  --------------  -------------------
/opt/airflow/dags/hn_pipeline_dag.py                           1           0  0.09s           2026-05-14T12:27:35
================================================================================
[2026-05-14T12:28:35.287+0000] {manager.py:879} INFO - 
================================================================================
DAG File Processing Stats

File Path                             PID    Runtime      # DAGs    # Errors  Last Runtime    Last Run
------------------------------------  -----  ---------  --------  ----------  --------------  -------------------
/opt/airflow/dags/hn_pipeline_dag.py                           1           0  0.11s           2026-05-14T12:28:06
================================================================================
[2026-05-14T12:29:05.394+0000] {manager.py:879} INFO - 
================================================================================
DAG File Processing Stats

File Path                             PID    Runtime      # DAGs    # Errors  Last Runtime    Last Run
------------------------------------  -----  ---------  --------  ----------  --------------  -------------------
/opt/airflow/dags/hn_pipeline_dag.py                           1           0  0.09s           2026-05-14T12:28:36
================================================================================
[2026-05-14T12:29:35.953+0000] {manager.py:879} INFO - 
================================================================================
DAG File Processing Stats

File Path                             PID    Runtime      # DAGs    # Errors  Last Runtime    Last Run
------------------------------------  -----  ---------  --------  ----------  --------------  -------------------
/opt/airflow/dags/hn_pipeline_dag.py                           1           0  0.43s           2026-05-14T12:29:06
================================================================================
[2026-05-14T12:30:06.372+0000] {manager.py:879} INFO - 
================================================================================
DAG File Processing Stats

File Path                             PID    Runtime      # DAGs    # Errors  Last Runtime    Last Run
------------------------------------  -----  ---------  --------  ----------  --------------  -------------------
/opt/airflow/dags/hn_pipeline_dag.py                           1           0  0.17s           2026-05-14T12:29:37
================================================================================
[2026-05-14T12:30:36.683+0000] {manager.py:879} INFO - 
================================================================================
DAG File Processing Stats

File Path                             PID    Runtime      # DAGs    # Errors  Last Runtime    Last Run
------------------------------------  -----  ---------  --------  ----------  --------------  -------------------
/opt/airflow/dags/hn_pipeline_dag.py                           1           0  0.09s           2026-05-14T12:30:07
================================================================================
[2026-05-14T12:30:46.797+0000] {manager.py:738} INFO - Searching for files in /opt/airflow/dags
[2026-05-14T12:30:46.806+0000] {manager.py:741} INFO - There are 1 files in /opt/airflow/dags
[2026-05-14T12:31:06.874+0000] {manager.py:879} INFO - 
================================================================================
DAG File Processing Stats

File Path                             PID    Runtime      # DAGs    # Errors  Last Runtime    Last Run
------------------------------------  -----  ---------  --------  ----------  --------------  -------------------
/opt/airflow/dags/hn_pipeline_dag.py                           1           0  0.08s           2026-05-14T12:30:37
================================================================================
[2026-05-14T12:31:37.014+0000] {manager.py:879} INFO - 
================================================================================
DAG File Processing Stats

File Path                             PID    Runtime      # DAGs    # Errors  Last Runtime    Last Run
------------------------------------  -----  ---------  --------  ----------  --------------  -------------------
/opt/airflow/dags/hn_pipeline_dag.py                           1           0  0.14s           2026-05-14T12:31:08
================================================================================
[2026-05-14T12:32:07.344+0000] {manager.py:879} INFO - 
================================================================================
DAG File Processing Stats

File Path                             PID    Runtime      # DAGs    # Errors  Last Runtime    Last Run
------------------------------------  -----  ---------  --------  ----------  --------------  -------------------
/opt/airflow/dags/hn_pipeline_dag.py                           1           0  12.18s          2026-05-14T12:31:51
================================================================================
[2026-05-14T12:32:37.652+0000] {manager.py:879} INFO - 
================================================================================
DAG File Processing Stats

File Path                             PID    Runtime      # DAGs    # Errors  Last Runtime    Last Run
------------------------------------  -----  ---------  --------  ----------  --------------  -------------------
/opt/airflow/dags/hn_pipeline_dag.py                           1           0  0.14s           2026-05-14T12:32:21
================================================================================
[2026-05-14T12:33:08.011+0000] {manager.py:879} INFO - 
================================================================================
DAG File Processing Stats

File Path                             PID    Runtime      # DAGs    # Errors  Last Runtime    Last Run
------------------------------------  -----  ---------  --------  ----------  --------------  -------------------
/opt/airflow/dags/hn_pipeline_dag.py                           1           0  0.11s           2026-05-14T12:32:51
================================================================================
[2026-05-14T12:33:38.180+0000] {manager.py:879} INFO - 
================================================================================
DAG File Processing Stats

File Path                             PID    Runtime      # DAGs    # Errors  Last Runtime    Last Run
------------------------------------  -----  ---------  --------  ----------  --------------  -------------------
/opt/airflow/dags/hn_pipeline_dag.py                           1           0  0.10s           2026-05-14T12:33:22
================================================================================
[2026-05-14T12:34:08.914+0000] {manager.py:879} INFO - 
================================================================================
DAG File Processing Stats

File Path                               PID  Runtime      # DAGs    # Errors  Last Runtime    Last Run
------------------------------------  -----  ---------  --------  ----------  --------------  -------------------
/opt/airflow/dags/hn_pipeline_dag.py    336  16.32s            1           0  0.10s           2026-05-14T12:33:22
================================================================================
[2026-05-14T12:34:39.274+0000] {manager.py:879} INFO - 
================================================================================
DAG File Processing Stats

File Path                               PID  Runtime      # DAGs    # Errors  Last Runtime    Last Run
------------------------------------  -----  ---------  --------  ----------  --------------  -------------------
/opt/airflow/dags/hn_pipeline_dag.py    341  0.03s             1           0  16.37s          2026-05-14T12:34:08
================================================================================
[2026-05-14T12:35:09.642+0000] {manager.py:879} INFO - 
================================================================================
DAG File Processing Stats

File Path                               PID  Runtime      # DAGs    # Errors  Last Runtime    Last Run
------------------------------------  -----  ---------  --------  ----------  --------------  -------------------
/opt/airflow/dags/hn_pipeline_dag.py    346  0.01s             1           0  0.19s           2026-05-14T12:34:39
================================================================================
[2026-05-14T12:35:39.928+0000] {manager.py:879} INFO - 
================================================================================
DAG File Processing Stats

File Path                               PID  Runtime      # DAGs    # Errors  Last Runtime    Last Run
------------------------------------  -----  ---------  --------  ----------  --------------  -------------------
/opt/airflow/dags/hn_pipeline_dag.py    351  0.02s             1           0  0.21s           2026-05-14T12:35:09
================================================================================
[2026-05-14T12:35:47.066+0000] {manager.py:738} INFO - Searching for files in /opt/airflow/dags
[2026-05-14T12:35:47.079+0000] {manager.py:741} INFO - There are 1 files in /opt/airflow/dags
[2026-05-14T12:36:16.031+0000] {manager.py:879} INFO - 
================================================================================
DAG File Processing Stats

File Path                               PID  Runtime      # DAGs    # Errors  Last Runtime    Last Run
------------------------------------  -----  ---------  --------  ----------  --------------  -------------------
/opt/airflow/dags/hn_pipeline_dag.py    356  0.14s             1           0  0.13s           2026-05-14T12:35:40
================================================================================
[2026-05-14T12:36:48.960+0000] {manager.py:879} INFO - 
================================================================================
DAG File Processing Stats

File Path                               PID  Runtime      # DAGs    # Errors  Last Runtime    Last Run
------------------------------------  -----  ---------  --------  ----------  --------------  -------------------
/opt/airflow/dags/hn_pipeline_dag.py    356  35.38s            1           0  0.13s           2026-05-14T12:35:40
================================================================================
[2026-05-14T12:37:07.116+0000] {manager.py:1201} ERROR - Processor for /opt/airflow/dags/hn_pipeline_dag.py with PID 356 started at 2026-05-14T12:36:13.319997+00:00 has timed out, killing it.
[2026-05-14T12:37:18.920+0000] {manager.py:879} INFO - 
================================================================================
DAG File Processing Stats

File Path                             PID    Runtime      # DAGs    # Errors  Last Runtime    Last Run
------------------------------------  -----  ---------  --------  ----------  --------------  -------------------
/opt/airflow/dags/hn_pipeline_dag.py                           0           1  53.75s          2026-05-14T12:37:07
================================================================================
[2026-05-14T12:37:49.227+0000] {manager.py:879} INFO - 
================================================================================
DAG File Processing Stats

File Path                             PID    Runtime      # DAGs    # Errors  Last Runtime    Last Run
------------------------------------  -----  ---------  --------  ----------  --------------  -------------------
/opt/airflow/dags/hn_pipeline_dag.py                           1           0  0.30s           2026-05-14T12:37:37
================================================================================
[2026-05-14T12:38:30.701+0000] {manager.py:879} INFO - 
================================================================================
DAG File Processing Stats

File Path                               PID  Runtime      # DAGs    # Errors  Last Runtime    Last Run
------------------------------------  -----  ---------  --------  ----------  --------------  -------------------
/opt/airflow/dags/hn_pipeline_dag.py    364  9.57s             1           0  0.30s           2026-05-14T12:37:37
================================================================================
[2026-05-14T12:39:01.557+0000] {manager.py:879} INFO - 
================================================================================
DAG File Processing Stats

File Path                             PID    Runtime      # DAGs    # Errors  Last Runtime    Last Run
------------------------------------  -----  ---------  --------  ----------  --------------  -------------------
/opt/airflow/dags/hn_pipeline_dag.py                           1           0  38.98s          2026-05-14T12:38:53
================================================================================
[2026-05-14T12:39:31.805+0000] {manager.py:879} INFO - 
================================================================================
DAG File Processing Stats

File Path                             PID    Runtime      # DAGs    # Errors  Last Runtime    Last Run
------------------------------------  -----  ---------  --------  ----------  --------------  -------------------
/opt/airflow/dags/hn_pipeline_dag.py                           1           0  0.13s           2026-05-14T12:39:23
================================================================================
[2026-05-14T12:40:02.011+0000] {manager.py:879} INFO - 
================================================================================
DAG File Processing Stats

File Path                             PID    Runtime      # DAGs    # Errors  Last Runtime    Last Run
------------------------------------  -----  ---------  --------  ----------  --------------  -------------------
/opt/airflow/dags/hn_pipeline_dag.py                           1           0  0.09s           2026-05-14T12:39:53
================================================================================
[2026-05-14T12:40:32.308+0000] {manager.py:879} INFO - 
================================================================================
DAG File Processing Stats

File Path                             PID    Runtime      # DAGs    # Errors  Last Runtime    Last Run
------------------------------------  -----  ---------  --------  ----------  --------------  -------------------
/opt/airflow/dags/hn_pipeline_dag.py                           1           0  0.08s           2026-05-14T12:40:24
================================================================================
[2026-05-14T12:40:48.027+0000] {manager.py:738} INFO - Searching for files in /opt/airflow/dags
[2026-05-14T12:40:48.316+0000] {manager.py:741} INFO - There are 1 files in /opt/airflow/dags
[2026-05-14T12:41:02.490+0000] {manager.py:879} INFO - 
================================================================================
DAG File Processing Stats

File Path                             PID    Runtime      # DAGs    # Errors  Last Runtime    Last Run
------------------------------------  -----  ---------  --------  ----------  --------------  -------------------
/opt/airflow/dags/hn_pipeline_dag.py                           1           0  0.79s           2026-05-14T12:40:55
================================================================================
[2026-05-14T12:44:17.806+0000] {manager.py:1201} ERROR - Processor for /opt/airflow/dags/hn_pipeline_dag.py with PID 389 started at 2026-05-14T12:41:25.848196+00:00 has timed out, killing it.
[2026-05-14T12:44:17.845+0000] {manager.py:879} INFO - 
================================================================================
DAG File Processing Stats

File Path                             PID    Runtime      # DAGs    # Errors  Last Runtime    Last Run
------------------------------------  -----  ---------  --------  ----------  --------------  -------------------
/opt/airflow/dags/hn_pipeline_dag.py                           0           1  171.96s         2026-05-14T12:44:17
================================================================================
[2026-05-14T12:54:38.023+0000] {manager.py:738} INFO - Searching for files in /opt/airflow/dags
[2026-05-14T12:54:38.029+0000] {manager.py:741} INFO - There are 1 files in /opt/airflow/dags
[2026-05-14T13:02:41.040+0000] {manager.py:738} INFO - Searching for files in /opt/airflow/dags
[2026-05-14T13:02:41.045+0000] {manager.py:741} INFO - There are 1 files in /opt/airflow/dags
[2026-05-14T13:02:58.179+0000] {manager.py:879} INFO - 
================================================================================
DAG File Processing Stats

File Path                             PID    Runtime      # DAGs    # Errors  Last Runtime    Last Run
------------------------------------  -----  ---------  --------  ----------  --------------  -------------------
/opt/airflow/dags/hn_pipeline_dag.py                           1           0  0.07s           2026-05-14T13:02:41
================================================================================
[2026-05-14T13:20:58.060+0000] {manager.py:738} INFO - Searching for files in /opt/airflow/dags
[2026-05-14T13:20:58.069+0000] {manager.py:741} INFO - There are 1 files in /opt/airflow/dags
[2026-05-14T13:21:05.241+0000] {manager.py:879} INFO - 
================================================================================
DAG File Processing Stats

File Path                             PID    Runtime      # DAGs    # Errors  Last Runtime    Last Run
------------------------------------  -----  ---------  --------  ----------  --------------  -------------------
/opt/airflow/dags/hn_pipeline_dag.py                           1           0  0.21s           2026-05-14T13:20:58
================================================================================
[2026-05-14T13:40:12.261+0000] {manager.py:738} INFO - Searching for files in /opt/airflow/dags
[2026-05-14T13:40:12.269+0000] {manager.py:741} INFO - There are 1 files in /opt/airflow/dags
[2026-05-14T13:56:10.593+0000] {manager.py:738} INFO - Searching for files in /opt/airflow/dags
[2026-05-14T13:56:10.869+0000] {manager.py:741} INFO - There are 1 files in /opt/airflow/dags
[2026-05-14T14:11:32.922+0000] {manager.py:738} INFO - Searching for files in /opt/airflow/dags
[2026-05-14T14:11:34.048+0000] {manager.py:741} INFO - There are 1 files in /opt/airflow/dags
[2026-05-14T14:11:47.890+0000] {manager.py:1201} ERROR - Processor for /opt/airflow/dags/hn_pipeline_dag.py with PID 435 started at 2026-05-14T13:56:13.439356+00:00 has timed out, killing it.
[2026-05-14T14:11:47.906+0000] {manager.py:879} INFO - 
================================================================================
DAG File Processing Stats

File Path                             PID    Runtime      # DAGs    # Errors  Last Runtime    Last Run
------------------------------------  -----  ---------  --------  ----------  --------------  -------------------
/opt/airflow/dags/hn_pipeline_dag.py                           0           1  934.45s         2026-05-14T14:11:47
================================================================================
[2026-05-14T14:42:18.689+0000] {manager.py:738} INFO - Searching for files in /opt/airflow/dags
[2026-05-14T14:42:18.693+0000] {manager.py:741} INFO - There are 1 files in /opt/airflow/dags
[2026-05-14T14:59:54.392+0000] {manager.py:738} INFO - Searching for files in /opt/airflow/dags
[2026-05-14T14:59:54.395+0000] {manager.py:741} INFO - There are 1 files in /opt/airflow/dags
[2026-05-14T15:17:52.315+0000] {manager.py:738} INFO - Searching for files in /opt/airflow/dags
[2026-05-14T15:17:52.320+0000] {manager.py:741} INFO - There are 1 files in /opt/airflow/dags
[2026-05-14T15:17:55.371+0000] {manager.py:879} INFO - 
================================================================================
DAG File Processing Stats

File Path                             PID    Runtime      # DAGs    # Errors  Last Runtime    Last Run
------------------------------------  -----  ---------  --------  ----------  --------------  -------------------
/opt/airflow/dags/hn_pipeline_dag.py                           1           0  0.06s           2026-05-14T15:17:52
================================================================================
[2026-05-14T15:43:19.412+0000] {manager.py:738} INFO - Searching for files in /opt/airflow/dags
[2026-05-14T15:43:19.417+0000] {manager.py:741} INFO - There are 1 files in /opt/airflow/dags
[2026-05-14T15:43:22.469+0000] {manager.py:879} INFO - 
================================================================================
DAG File Processing Stats

File Path                             PID    Runtime      # DAGs    # Errors  Last Runtime    Last Run
------------------------------------  -----  ---------  --------  ----------  --------------  -------------------
/opt/airflow/dags/hn_pipeline_dag.py                           1           0  0.06s           2026-05-14T15:43:19
================================================================================
[2026-05-14T15:57:03.948+0000] {manager.py:738} INFO - Searching for files in /opt/airflow/dags
[2026-05-14T15:57:03.954+0000] {manager.py:741} INFO - There are 1 files in /opt/airflow/dags
[2026-05-14T15:57:27.280+0000] {manager.py:879} INFO - 
================================================================================
DAG File Processing Stats

File Path                             PID    Runtime      # DAGs    # Errors  Last Runtime    Last Run
------------------------------------  -----  ---------  --------  ----------  --------------  -------------------
/opt/airflow/dags/hn_pipeline_dag.py                           1           0  0.34s           2026-05-14T15:57:04
================================================================================
[2026-05-14T15:57:57.288+0000] {manager.py:879} INFO - 
================================================================================
DAG File Processing Stats

File Path                             PID    Runtime      # DAGs    # Errors  Last Runtime    Last Run
------------------------------------  -----  ---------  --------  ----------  --------------  -------------------
/opt/airflow/dags/hn_pipeline_dag.py                           1           0  0.08s           2026-05-14T15:57:34
================================================================================
[2026-05-14T15:58:27.719+0000] {manager.py:879} INFO - 
================================================================================
DAG File Processing Stats

File Path                             PID    Runtime      # DAGs    # Errors  Last Runtime    Last Run
------------------------------------  -----  ---------  --------  ----------  --------------  -------------------
/opt/airflow/dags/hn_pipeline_dag.py                           1           0  6.88s           2026-05-14T15:58:11
================================================================================
[2026-05-14T15:58:58.129+0000] {manager.py:879} INFO - 
================================================================================
DAG File Processing Stats

File Path                             PID    Runtime      # DAGs    # Errors  Last Runtime    Last Run
------------------------------------  -----  ---------  --------  ----------  --------------  -------------------
/opt/airflow/dags/hn_pipeline_dag.py                           1           0  0.20s           2026-05-14T15:58:42
================================================================================
[2026-05-14T15:59:28.492+0000] {manager.py:879} INFO - 
================================================================================
DAG File Processing Stats

File Path                             PID    Runtime      # DAGs    # Errors  Last Runtime    Last Run
------------------------------------  -----  ---------  --------  ----------  --------------  -------------------
/opt/airflow/dags/hn_pipeline_dag.py                           1           0  0.12s           2026-05-14T15:59:12
================================================================================
[2026-05-14T16:00:11.116+0000] {manager.py:879} INFO - 
================================================================================
DAG File Processing Stats

File Path                             PID    Runtime      # DAGs    # Errors  Last Runtime    Last Run
------------------------------------  -----  ---------  --------  ----------  --------------  -------------------
/opt/airflow/dags/hn_pipeline_dag.py                           1           0  0.29s           2026-05-14T15:59:42
================================================================================
[2026-05-14T16:00:41.988+0000] {manager.py:879} INFO - 
================================================================================
DAG File Processing Stats

File Path                             PID    Runtime      # DAGs    # Errors  Last Runtime    Last Run
------------------------------------  -----  ---------  --------  ----------  --------------  -------------------
/opt/airflow/dags/hn_pipeline_dag.py                           1           0  7.89s           2026-05-14T16:00:20
================================================================================
[2026-05-14T16:01:12.340+0000] {manager.py:879} INFO - 
================================================================================
DAG File Processing Stats

File Path                             PID    Runtime      # DAGs    # Errors  Last Runtime    Last Run
------------------------------------  -----  ---------  --------  ----------  --------------  -------------------
/opt/airflow/dags/hn_pipeline_dag.py                           1           0  0.09s           2026-05-14T16:00:51
================================================================================
[2026-05-14T16:01:42.639+0000] {manager.py:879} INFO - 
================================================================================
DAG File Processing Stats

File Path                             PID    Runtime      # DAGs    # Errors  Last Runtime    Last Run
------------------------------------  -----  ---------  --------  ----------  --------------  -------------------
/opt/airflow/dags/hn_pipeline_dag.py                           1           0  0.13s           2026-05-14T16:01:21
================================================================================
[2026-05-14T16:02:04.233+0000] {manager.py:738} INFO - Searching for files in /opt/airflow/dags
[2026-05-14T16:02:04.242+0000] {manager.py:741} INFO - There are 1 files in /opt/airflow/dags
[2026-05-14T16:02:13.392+0000] {manager.py:879} INFO - 
================================================================================
DAG File Processing Stats

File Path                             PID    Runtime      # DAGs    # Errors  Last Runtime    Last Run
------------------------------------  -----  ---------  --------  ----------  --------------  -------------------
/opt/airflow/dags/hn_pipeline_dag.py                           1           0  1.08s           2026-05-14T16:01:53
================================================================================
[2026-05-14T16:02:44.008+0000] {manager.py:879} INFO - 
================================================================================
DAG File Processing Stats

File Path                             PID    Runtime      # DAGs    # Errors  Last Runtime    Last Run
------------------------------------  -----  ---------  --------  ----------  --------------  -------------------
/opt/airflow/dags/hn_pipeline_dag.py                           1           0  6.41s           2026-05-14T16:02:29
================================================================================
[2026-05-14T16:03:14.380+0000] {manager.py:879} INFO - 
================================================================================
DAG File Processing Stats

File Path                             PID    Runtime      # DAGs    # Errors  Last Runtime    Last Run
------------------------------------  -----  ---------  --------  ----------  --------------  -------------------
/opt/airflow/dags/hn_pipeline_dag.py                           1           0  0.12s           2026-05-14T16:03:00
================================================================================
[2026-05-14T16:03:44.716+0000] {manager.py:879} INFO - 
================================================================================
DAG File Processing Stats

File Path                             PID    Runtime      # DAGs    # Errors  Last Runtime    Last Run
------------------------------------  -----  ---------  --------  ----------  --------------  -------------------
/opt/airflow/dags/hn_pipeline_dag.py                           1           0  0.10s           2026-05-14T16:03:30
================================================================================
[2026-05-14T16:04:15.364+0000] {manager.py:879} INFO - 
================================================================================
DAG File Processing Stats

File Path                             PID    Runtime      # DAGs    # Errors  Last Runtime    Last Run
------------------------------------  -----  ---------  --------  ----------  --------------  -------------------
/opt/airflow/dags/hn_pipeline_dag.py                           1           0  1.09s           2026-05-14T16:04:02
================================================================================
[2026-05-14T16:04:45.912+0000] {manager.py:879} INFO - 
================================================================================
DAG File Processing Stats

File Path                             PID    Runtime      # DAGs    # Errors  Last Runtime    Last Run
------------------------------------  -----  ---------  --------  ----------  --------------  -------------------
/opt/airflow/dags/hn_pipeline_dag.py                           1           0  1.37s           2026-05-14T16:04:34
================================================================================
[2026-05-14T16:05:16.342+0000] {manager.py:879} INFO - 
================================================================================
DAG File Processing Stats

File Path                             PID    Runtime      # DAGs    # Errors  Last Runtime    Last Run
------------------------------------  -----  ---------  --------  ----------  --------------  -------------------
/opt/airflow/dags/hn_pipeline_dag.py                           1           0  0.09s           2026-05-14T16:05:04
================================================================================
[2026-05-14T16:05:46.783+0000] {manager.py:879} INFO - 
================================================================================
DAG File Processing Stats

File Path                             PID    Runtime      # DAGs    # Errors  Last Runtime    Last Run
------------------------------------  -----  ---------  --------  ----------  --------------  -------------------
/opt/airflow/dags/hn_pipeline_dag.py                           1           0  0.09s           2026-05-14T16:05:34
================================================================================
[2026-05-14T16:06:18.160+0000] {manager.py:879} INFO - 
================================================================================
DAG File Processing Stats

File Path                               PID  Runtime      # DAGs    # Errors  Last Runtime    Last Run
------------------------------------  -----  ---------  --------  ----------  --------------  -------------------
/opt/airflow/dags/hn_pipeline_dag.py    566  12.23s            1           0  0.09s           2026-05-14T16:05:34
================================================================================
[2026-05-14T16:06:48.861+0000] {manager.py:879} INFO - 
================================================================================
DAG File Processing Stats

File Path                             PID    Runtime      # DAGs    # Errors  Last Runtime    Last Run
------------------------------------  -----  ---------  --------  ----------  --------------  -------------------
/opt/airflow/dags/hn_pipeline_dag.py                           1           0  27.36s          2026-05-14T16:06:32
================================================================================
[2026-05-14T16:07:05.007+0000] {manager.py:738} INFO - Searching for files in /opt/airflow/dags
[2026-05-14T16:07:05.015+0000] {manager.py:741} INFO - There are 1 files in /opt/airflow/dags
[2026-05-14T16:07:19.145+0000] {manager.py:879} INFO - 
================================================================================
DAG File Processing Stats

File Path                             PID    Runtime      # DAGs    # Errors  Last Runtime    Last Run
------------------------------------  -----  ---------  --------  ----------  --------------  -------------------
/opt/airflow/dags/hn_pipeline_dag.py                           1           0  0.12s           2026-05-14T16:07:03
================================================================================
[2026-05-14T16:07:49.399+0000] {manager.py:879} INFO - 
================================================================================
DAG File Processing Stats

File Path                             PID    Runtime      # DAGs    # Errors  Last Runtime    Last Run
------------------------------------  -----  ---------  --------  ----------  --------------  -------------------
/opt/airflow/dags/hn_pipeline_dag.py                           1           0  0.08s           2026-05-14T16:07:33
================================================================================
[2026-05-14T16:08:19.612+0000] {manager.py:879} INFO - 
================================================================================
DAG File Processing Stats

File Path                             PID    Runtime      # DAGs    # Errors  Last Runtime    Last Run
------------------------------------  -----  ---------  --------  ----------  --------------  -------------------
/opt/airflow/dags/hn_pipeline_dag.py                           1           0  0.07s           2026-05-14T16:08:03
================================================================================
[2026-05-14T16:08:50.047+0000] {manager.py:879} INFO - 
================================================================================
DAG File Processing Stats

File Path                             PID    Runtime      # DAGs    # Errors  Last Runtime    Last Run
------------------------------------  -----  ---------  --------  ----------  --------------  -------------------
/opt/airflow/dags/hn_pipeline_dag.py                           1           0  9.31s           2026-05-14T16:08:43
================================================================================
[2026-05-14T16:09:20.328+0000] {manager.py:879} INFO - 
================================================================================
DAG File Processing Stats

File Path                             PID    Runtime      # DAGs    # Errors  Last Runtime    Last Run
------------------------------------  -----  ---------  --------  ----------  --------------  -------------------
/opt/airflow/dags/hn_pipeline_dag.py                           1           0  0.11s           2026-05-14T16:09:13
================================================================================
[2026-05-14T16:09:50.620+0000] {manager.py:879} INFO - 
================================================================================
DAG File Processing Stats

File Path                             PID    Runtime      # DAGs    # Errors  Last Runtime    Last Run
------------------------------------  -----  ---------  --------  ----------  --------------  -------------------
/opt/airflow/dags/hn_pipeline_dag.py                           1           0  0.10s           2026-05-14T16:09:43
================================================================================
[2026-05-14T16:10:20.913+0000] {manager.py:879} INFO - 
================================================================================
DAG File Processing Stats

File Path                             PID    Runtime      # DAGs    # Errors  Last Runtime    Last Run
------------------------------------  -----  ---------  --------  ----------  --------------  -------------------
/opt/airflow/dags/hn_pipeline_dag.py                           1           0  0.08s           2026-05-14T16:10:13
================================================================================
[2026-05-14T16:10:51.246+0000] {manager.py:879} INFO - 
================================================================================
DAG File Processing Stats

File Path                               PID  Runtime      # DAGs    # Errors  Last Runtime    Last Run
------------------------------------  -----  ---------  --------  ----------  --------------  -------------------
/opt/airflow/dags/hn_pipeline_dag.py    606  4.02s             1           0  0.08s           2026-05-14T16:10:13
================================================================================
[2026-05-14T16:11:21.520+0000] {manager.py:879} INFO - 
================================================================================
DAG File Processing Stats

File Path                               PID  Runtime      # DAGs    # Errors  Last Runtime    Last Run
------------------------------------  -----  ---------  --------  ----------  --------------  -------------------
/opt/airflow/dags/hn_pipeline_dag.py    611  0.01s             1           0  4.16s           2026-05-14T16:10:51
================================================================================
[2026-05-14T16:11:51.772+0000] {manager.py:879} INFO - 
================================================================================
DAG File Processing Stats

File Path                               PID  Runtime      # DAGs    # Errors  Last Runtime    Last Run
------------------------------------  -----  ---------  --------  ----------  --------------  -------------------
/opt/airflow/dags/hn_pipeline_dag.py    616  0.01s             1           0  0.10s           2026-05-14T16:11:21
================================================================================
[2026-05-14T16:12:05.896+0000] {manager.py:738} INFO - Searching for files in /opt/airflow/dags
[2026-05-14T16:12:05.903+0000] {manager.py:741} INFO - There are 1 files in /opt/airflow/dags
[2026-05-14T16:12:22.104+0000] {manager.py:879} INFO - 
================================================================================
DAG File Processing Stats

File Path                               PID  Runtime      # DAGs    # Errors  Last Runtime    Last Run
------------------------------------  -----  ---------  --------  ----------  --------------  -------------------
/opt/airflow/dags/hn_pipeline_dag.py    621  0.01s             1           0  0.09s           2026-05-14T16:11:51
================================================================================
[2026-05-14T16:12:52.458+0000] {manager.py:879} INFO - 
================================================================================
DAG File Processing Stats

File Path                               PID  Runtime      # DAGs    # Errors  Last Runtime    Last Run
------------------------------------  -----  ---------  --------  ----------  --------------  -------------------
/opt/airflow/dags/hn_pipeline_dag.py    626  0.01s             1           0  0.07s           2026-05-14T16:12:22
================================================================================
[2026-05-14T16:13:22.787+0000] {manager.py:879} INFO - 
================================================================================
DAG File Processing Stats

File Path                               PID  Runtime      # DAGs    # Errors  Last Runtime    Last Run
------------------------------------  -----  ---------  --------  ----------  --------------  -------------------
/opt/airflow/dags/hn_pipeline_dag.py    631  0.01s             1           0  0.08s           2026-05-14T16:12:52
================================================================================
[2026-05-14T16:13:53.248+0000] {manager.py:879} INFO - 
================================================================================
DAG File Processing Stats

File Path                             PID    Runtime      # DAGs    # Errors  Last Runtime    Last Run
------------------------------------  -----  ---------  --------  ----------  --------------  -------------------
/opt/airflow/dags/hn_pipeline_dag.py                           1           0  21.42s          2026-05-14T16:13:44
================================================================================
[2026-05-14T16:14:23.559+0000] {manager.py:879} INFO - 
================================================================================
DAG File Processing Stats

File Path                             PID    Runtime      # DAGs    # Errors  Last Runtime    Last Run
------------------------------------  -----  ---------  --------  ----------  --------------  -------------------
/opt/airflow/dags/hn_pipeline_dag.py                           1           0  0.12s           2026-05-14T16:14:14
================================================================================
[2026-05-14T16:14:53.853+0000] {manager.py:879} INFO - 
================================================================================
DAG File Processing Stats

File Path                             PID    Runtime      # DAGs    # Errors  Last Runtime    Last Run
------------------------------------  -----  ---------  --------  ----------  --------------  -------------------
/opt/airflow/dags/hn_pipeline_dag.py                           1           0  0.08s           2026-05-14T16:14:44
================================================================================
[2026-05-14T16:15:24.152+0000] {manager.py:879} INFO - 
================================================================================
DAG File Processing Stats

File Path                             PID    Runtime      # DAGs    # Errors  Last Runtime    Last Run
------------------------------------  -----  ---------  --------  ----------  --------------  -------------------
/opt/airflow/dags/hn_pipeline_dag.py                           1           0  0.08s           2026-05-14T16:15:15
================================================================================
[2026-05-14T16:15:54.718+0000] {manager.py:879} INFO - 
================================================================================
DAG File Processing Stats

File Path                             PID    Runtime      # DAGs    # Errors  Last Runtime    Last Run
------------------------------------  -----  ---------  --------  ----------  --------------  -------------------
/opt/airflow/dags/hn_pipeline_dag.py                           1           0  3.49s           2026-05-14T16:15:48
================================================================================
[2026-05-14T16:16:25.038+0000] {manager.py:879} INFO - 
================================================================================
DAG File Processing Stats

File Path                             PID    Runtime      # DAGs    # Errors  Last Runtime    Last Run
------------------------------------  -----  ---------  --------  ----------  --------------  -------------------
/opt/airflow/dags/hn_pipeline_dag.py                           1           0  0.13s           2026-05-14T16:16:19
================================================================================
[2026-05-14T16:16:55.457+0000] {manager.py:879} INFO - 
================================================================================
DAG File Processing Stats

File Path                             PID    Runtime      # DAGs    # Errors  Last Runtime    Last Run
------------------------------------  -----  ---------  --------  ----------  --------------  -------------------
/opt/airflow/dags/hn_pipeline_dag.py                           1           0  0.08s           2026-05-14T16:16:49
================================================================================
[2026-05-14T16:17:06.556+0000] {manager.py:738} INFO - Searching for files in /opt/airflow/dags
[2026-05-14T16:17:06.563+0000] {manager.py:741} INFO - There are 1 files in /opt/airflow/dags
[2026-05-14T16:17:25.791+0000] {manager.py:879} INFO - 
================================================================================
DAG File Processing Stats

File Path                             PID    Runtime      # DAGs    # Errors  Last Runtime    Last Run
------------------------------------  -----  ---------  --------  ----------  --------------  -------------------
/opt/airflow/dags/hn_pipeline_dag.py                           1           0  0.07s           2026-05-14T16:17:19
================================================================================
[2026-05-14T16:17:56.061+0000] {manager.py:879} INFO - 
================================================================================
DAG File Processing Stats

File Path                             PID    Runtime      # DAGs    # Errors  Last Runtime    Last Run
------------------------------------  -----  ---------  --------  ----------  --------------  -------------------
/opt/airflow/dags/hn_pipeline_dag.py                           1           0  0.06s           2026-05-14T16:17:50
================================================================================
[2026-05-14T16:18:27.338+0000] {manager.py:879} INFO - 
================================================================================
DAG File Processing Stats

File Path                               PID  Runtime      # DAGs    # Errors  Last Runtime    Last Run
------------------------------------  -----  ---------  --------  ----------  --------------  -------------------
/opt/airflow/dags/hn_pipeline_dag.py    676  6.77s             1           0  0.06s           2026-05-14T16:17:50
================================================================================
[2026-05-14T16:18:57.399+0000] {manager.py:879} INFO - 
================================================================================
DAG File Processing Stats

File Path                             PID    Runtime      # DAGs    # Errors  Last Runtime    Last Run
------------------------------------  -----  ---------  --------  ----------  --------------  -------------------
/opt/airflow/dags/hn_pipeline_dag.py                           1           0  22.88s          2026-05-14T16:18:43
================================================================================
[2026-05-14T16:19:27.674+0000] {manager.py:879} INFO - 
================================================================================
DAG File Processing Stats

File Path                             PID    Runtime      # DAGs    # Errors  Last Runtime    Last Run
------------------------------------  -----  ---------  --------  ----------  --------------  -------------------
/opt/airflow/dags/hn_pipeline_dag.py                           1           0  0.10s           2026-05-14T16:19:13
================================================================================
[2026-05-14T16:19:57.953+0000] {manager.py:879} INFO - 
================================================================================
DAG File Processing Stats

File Path                             PID    Runtime      # DAGs    # Errors  Last Runtime    Last Run
------------------------------------  -----  ---------  --------  ----------  --------------  -------------------
/opt/airflow/dags/hn_pipeline_dag.py                           1           0  0.07s           2026-05-14T16:19:43
================================================================================
[2026-05-14T16:20:28.307+0000] {manager.py:879} INFO - 
================================================================================
DAG File Processing Stats

File Path                             PID    Runtime      # DAGs    # Errors  Last Runtime    Last Run
------------------------------------  -----  ---------  --------  ----------  --------------  -------------------
/opt/airflow/dags/hn_pipeline_dag.py                           1           0  0.09s           2026-05-14T16:20:14
================================================================================
[2026-05-14T16:20:59.065+0000] {manager.py:879} INFO - 
================================================================================
DAG File Processing Stats

File Path                             PID    Runtime      # DAGs    # Errors  Last Runtime    Last Run
------------------------------------  -----  ---------  --------  ----------  --------------  -------------------
/opt/airflow/dags/hn_pipeline_dag.py                           1           0  1.03s           2026-05-14T16:20:45
================================================================================
[2026-05-14T16:21:29.712+0000] {manager.py:879} INFO - 
================================================================================
DAG File Processing Stats

File Path                             PID    Runtime      # DAGs    # Errors  Last Runtime    Last Run
------------------------------------  -----  ---------  --------  ----------  --------------  -------------------
/opt/airflow/dags/hn_pipeline_dag.py                           1           0  4.64s           2026-05-14T16:21:20
================================================================================
[2026-05-14T16:22:00.238+0000] {manager.py:879} INFO - 
================================================================================
DAG File Processing Stats

File Path                             PID    Runtime      # DAGs    # Errors  Last Runtime    Last Run
------------------------------------  -----  ---------  --------  ----------  --------------  -------------------
/opt/airflow/dags/hn_pipeline_dag.py                           1           0  0.10s           2026-05-14T16:21:51
================================================================================
[2026-05-14T16:22:07.306+0000] {manager.py:738} INFO - Searching for files in /opt/airflow/dags
[2026-05-14T16:22:07.316+0000] {manager.py:741} INFO - There are 1 files in /opt/airflow/dags
[2026-05-14T16:22:30.709+0000] {manager.py:879} INFO - 
================================================================================
DAG File Processing Stats

File Path                             PID    Runtime      # DAGs    # Errors  Last Runtime    Last Run
------------------------------------  -----  ---------  --------  ----------  --------------  -------------------
/opt/airflow/dags/hn_pipeline_dag.py                           1           0  0.12s           2026-05-14T16:22:21
================================================================================
[2026-05-14T16:23:00.965+0000] {manager.py:879} INFO - 
================================================================================
DAG File Processing Stats

File Path                             PID    Runtime      # DAGs    # Errors  Last Runtime    Last Run
------------------------------------  -----  ---------  --------  ----------  --------------  -------------------
/opt/airflow/dags/hn_pipeline_dag.py                           1           0  1.91s           2026-05-14T16:22:53
================================================================================
[2026-05-14T16:23:31.553+0000] {manager.py:879} INFO - 
================================================================================
DAG File Processing Stats

File Path                             PID    Runtime      # DAGs    # Errors  Last Runtime    Last Run
------------------------------------  -----  ---------  --------  ----------  --------------  -------------------
/opt/airflow/dags/hn_pipeline_dag.py                           1           0  0.12s           2026-05-14T16:23:24
================================================================================
[2026-05-14T16:24:01.856+0000] {manager.py:879} INFO - 
================================================================================
DAG File Processing Stats

File Path                             PID    Runtime      # DAGs    # Errors  Last Runtime    Last Run
------------------------------------  -----  ---------  --------  ----------  --------------  -------------------
/opt/airflow/dags/hn_pipeline_dag.py                           1           0  0.06s           2026-05-14T16:23:54
================================================================================
[2026-05-14T16:24:32.683+0000] {manager.py:879} INFO - 
================================================================================
DAG File Processing Stats

File Path                             PID    Runtime      # DAGs    # Errors  Last Runtime    Last Run
------------------------------------  -----  ---------  --------  ----------  --------------  -------------------
/opt/airflow/dags/hn_pipeline_dag.py                           1           0  0.10s           2026-05-14T16:24:25
================================================================================
[2026-05-14T16:25:10.816+0000] {manager.py:879} INFO - 
================================================================================
DAG File Processing Stats

File Path                               PID  Runtime      # DAGs    # Errors  Last Runtime    Last Run
------------------------------------  -----  ---------  --------  ----------  --------------  -------------------
/opt/airflow/dags/hn_pipeline_dag.py    736  15.45s            1           0  0.10s           2026-05-14T16:24:25
================================================================================
[2026-05-14T16:25:40.874+0000] {manager.py:879} INFO - 
================================================================================
DAG File Processing Stats

File Path                             PID    Runtime      # DAGs    # Errors  Last Runtime    Last Run
------------------------------------  -----  ---------  --------  ----------  --------------  -------------------
/opt/airflow/dags/hn_pipeline_dag.py                           1           0  29.59s          2026-05-14T16:25:24
================================================================================
[2026-05-14T16:26:11.189+0000] {manager.py:879} INFO - 
================================================================================
DAG File Processing Stats

File Path                             PID    Runtime      # DAGs    # Errors  Last Runtime    Last Run
------------------------------------  -----  ---------  --------  ----------  --------------  -------------------
/opt/airflow/dags/hn_pipeline_dag.py                           1           0  0.09s           2026-05-14T16:25:55
================================================================================
[2026-05-14T16:26:41.962+0000] {manager.py:879} INFO - 
================================================================================
DAG File Processing Stats

File Path                             PID    Runtime      # DAGs    # Errors  Last Runtime    Last Run
------------------------------------  -----  ---------  --------  ----------  --------------  -------------------
/opt/airflow/dags/hn_pipeline_dag.py                           1           0  0.09s           2026-05-14T16:26:25
================================================================================
[2026-05-14T16:27:07.457+0000] {manager.py:738} INFO - Searching for files in /opt/airflow/dags
[2026-05-14T16:27:07.465+0000] {manager.py:741} INFO - There are 1 files in /opt/airflow/dags
[2026-05-14T16:27:12.535+0000] {manager.py:879} INFO - 
================================================================================
DAG File Processing Stats

File Path                             PID    Runtime      # DAGs    # Errors  Last Runtime    Last Run
------------------------------------  -----  ---------  --------  ----------  --------------  -------------------
/opt/airflow/dags/hn_pipeline_dag.py                           1           0  1.44s           2026-05-14T16:26:57
================================================================================
[2026-05-14T16:27:42.938+0000] {manager.py:879} INFO - 
================================================================================
DAG File Processing Stats

File Path                             PID    Runtime      # DAGs    # Errors  Last Runtime    Last Run
------------------------------------  -----  ---------  --------  ----------  --------------  -------------------
/opt/airflow/dags/hn_pipeline_dag.py                           1           0  0.12s           2026-05-14T16:27:27
================================================================================
[2026-05-14T16:28:13.283+0000] {manager.py:879} INFO - 
================================================================================
DAG File Processing Stats

File Path                             PID    Runtime      # DAGs    # Errors  Last Runtime    Last Run
------------------------------------  -----  ---------  --------  ----------  --------------  -------------------
/opt/airflow/dags/hn_pipeline_dag.py                           1           0  0.08s           2026-05-14T16:27:58
================================================================================
[2026-05-14T16:28:43.976+0000] {manager.py:879} INFO - 
================================================================================
DAG File Processing Stats

File Path                             PID    Runtime      # DAGs    # Errors  Last Runtime    Last Run
------------------------------------  -----  ---------  --------  ----------  --------------  -------------------
/opt/airflow/dags/hn_pipeline_dag.py                           1           0  0.10s           2026-05-14T16:28:28
================================================================================
[2026-05-14T16:29:14.164+0000] {manager.py:879} INFO - 
================================================================================
DAG File Processing Stats

File Path                             PID    Runtime      # DAGs    # Errors  Last Runtime    Last Run
------------------------------------  -----  ---------  --------  ----------  --------------  -------------------
/opt/airflow/dags/hn_pipeline_dag.py                           1           0  6.44s           2026-05-14T16:29:05
================================================================================
[2026-05-14T16:29:44.429+0000] {manager.py:879} INFO - 
================================================================================
DAG File Processing Stats

File Path                             PID    Runtime      # DAGs    # Errors  Last Runtime    Last Run
------------------------------------  -----  ---------  --------  ----------  --------------  -------------------
/opt/airflow/dags/hn_pipeline_dag.py                           1           0  0.11s           2026-05-14T16:29:35
================================================================================
[2026-05-14T16:30:14.792+0000] {manager.py:879} INFO - 
================================================================================
DAG File Processing Stats

File Path                             PID    Runtime      # DAGs    # Errors  Last Runtime    Last Run
------------------------------------  -----  ---------  --------  ----------  --------------  -------------------
/opt/airflow/dags/hn_pipeline_dag.py                           1           0  0.08s           2026-05-14T16:30:05
================================================================================
[2026-05-14T16:30:45.650+0000] {manager.py:879} INFO - 
================================================================================
DAG File Processing Stats

File Path                             PID    Runtime      # DAGs    # Errors  Last Runtime    Last Run
------------------------------------  -----  ---------  --------  ----------  --------------  -------------------
/opt/airflow/dags/hn_pipeline_dag.py                           1           0  0.09s           2026-05-14T16:30:36
================================================================================
[2026-05-14T16:31:21.852+0000] {manager.py:879} INFO - 
================================================================================
DAG File Processing Stats

File Path                               PID  Runtime      # DAGs    # Errors  Last Runtime    Last Run
------------------------------------  -----  ---------  --------  ----------  --------------  -------------------
/opt/airflow/dags/hn_pipeline_dag.py    791  13.39s            1           0  0.09s           2026-05-14T16:30:36
================================================================================
[2026-05-14T16:31:53.450+0000] {manager.py:879} INFO - 
================================================================================
DAG File Processing Stats

File Path                               PID  Runtime      # DAGs    # Errors  Last Runtime    Last Run
------------------------------------  -----  ---------  --------  ----------  --------------  -------------------
/opt/airflow/dags/hn_pipeline_dag.py    796  0.01s             1           0  16.30s          2026-05-14T16:31:23
================================================================================
[2026-05-14T16:32:07.599+0000] {manager.py:738} INFO - Searching for files in /opt/airflow/dags
[2026-05-14T16:32:07.608+0000] {manager.py:741} INFO - There are 1 files in /opt/airflow/dags
[2026-05-14T16:32:23.794+0000] {manager.py:879} INFO - 
================================================================================
DAG File Processing Stats

File Path                               PID  Runtime      # DAGs    # Errors  Last Runtime    Last Run
------------------------------------  -----  ---------  --------  ----------  --------------  -------------------
/opt/airflow/dags/hn_pipeline_dag.py    801  0.02s             1           0  0.08s           2026-05-14T16:31:53
================================================================================
[2026-05-14T16:32:54.167+0000] {manager.py:879} INFO - 
================================================================================
DAG File Processing Stats

File Path                               PID  Runtime      # DAGs    # Errors  Last Runtime    Last Run
------------------------------------  -----  ---------  --------  ----------  --------------  -------------------
/opt/airflow/dags/hn_pipeline_dag.py    806  0.01s             1           0  0.11s           2026-05-14T16:32:23
================================================================================
[2026-05-14T16:33:24.486+0000] {manager.py:879} INFO - 
================================================================================
DAG File Processing Stats

File Path                               PID  Runtime      # DAGs    # Errors  Last Runtime    Last Run
------------------------------------  -----  ---------  --------  ----------  --------------  -------------------
/opt/airflow/dags/hn_pipeline_dag.py    811  0.01s             1           0  0.09s           2026-05-14T16:32:54
================================================================================
[2026-05-14T16:33:54.886+0000] {manager.py:879} INFO - 
================================================================================
DAG File Processing Stats

File Path                               PID  Runtime      # DAGs    # Errors  Last Runtime    Last Run
------------------------------------  -----  ---------  --------  ----------  --------------  -------------------
/opt/airflow/dags/hn_pipeline_dag.py    816  0.01s             1           0  0.15s           2026-05-14T16:33:24
================================================================================
[2026-05-14T16:34:25.220+0000] {manager.py:879} INFO - 
================================================================================
DAG File Processing Stats

File Path                               PID  Runtime      # DAGs    # Errors  Last Runtime    Last Run
------------------------------------  -----  ---------  --------  ----------  --------------  -------------------
/opt/airflow/dags/hn_pipeline_dag.py    821  0.01s             1           0  0.08s           2026-05-14T16:33:54
================================================================================
[2026-05-14T16:34:55.233+0000] {manager.py:879} INFO - 
================================================================================
DAG File Processing Stats

File Path                             PID    Runtime      # DAGs    # Errors  Last Runtime    Last Run
------------------------------------  -----  ---------  --------  ----------  --------------  -------------------
/opt/airflow/dags/hn_pipeline_dag.py                           1           0  0.11s           2026-05-14T16:34:25
================================================================================
[2026-05-14T16:35:26.198+0000] {manager.py:879} INFO - 
================================================================================
DAG File Processing Stats

File Path                             PID    Runtime      # DAGs    # Errors  Last Runtime    Last Run
------------------------------------  -----  ---------  --------  ----------  --------------  -------------------
/opt/airflow/dags/hn_pipeline_dag.py                           1           0  2.55s           2026-05-14T16:34:57
================================================================================
[2026-05-14T16:35:56.481+0000] {manager.py:879} INFO - 
================================================================================
DAG File Processing Stats

File Path                             PID    Runtime      # DAGs    # Errors  Last Runtime    Last Run
------------------------------------  -----  ---------  --------  ----------  --------------  -------------------
/opt/airflow/dags/hn_pipeline_dag.py                           1           0  0.11s           2026-05-14T16:35:28
================================================================================
[2026-05-14T16:36:26.830+0000] {manager.py:879} INFO - 
================================================================================
DAG File Processing Stats

File Path                             PID    Runtime      # DAGs    # Errors  Last Runtime    Last Run
------------------------------------  -----  ---------  --------  ----------  --------------  -------------------
/opt/airflow/dags/hn_pipeline_dag.py                           1           0  0.07s           2026-05-14T16:35:58
================================================================================
[2026-05-14T16:36:57.155+0000] {manager.py:879} INFO - 
================================================================================
DAG File Processing Stats

File Path                             PID    Runtime      # DAGs    # Errors  Last Runtime    Last Run
------------------------------------  -----  ---------  --------  ----------  --------------  -------------------
/opt/airflow/dags/hn_pipeline_dag.py                           1           0  0.11s           2026-05-14T16:36:28
================================================================================
[2026-05-14T16:37:08.551+0000] {manager.py:738} INFO - Searching for files in /opt/airflow/dags
[2026-05-14T16:37:08.898+0000] {manager.py:741} INFO - There are 1 files in /opt/airflow/dags
[2026-05-14T16:37:26.956+0000] {manager.py:879} INFO - 
================================================================================
DAG File Processing Stats

File Path                             PID    Runtime      # DAGs    # Errors  Last Runtime    Last Run
------------------------------------  -----  ---------  --------  ----------  --------------  -------------------
/opt/airflow/dags/hn_pipeline_dag.py                           1           0  10.79s          2026-05-14T16:37:10
================================================================================
[2026-05-14T16:37:57.239+0000] {manager.py:879} INFO - 
================================================================================
DAG File Processing Stats

File Path                             PID    Runtime      # DAGs    # Errors  Last Runtime    Last Run
------------------------------------  -----  ---------  --------  ----------  --------------  -------------------
/opt/airflow/dags/hn_pipeline_dag.py                           1           0  0.11s           2026-05-14T16:37:41
================================================================================
[2026-05-14T16:38:27.522+0000] {manager.py:879} INFO - 
================================================================================
DAG File Processing Stats

File Path                             PID    Runtime      # DAGs    # Errors  Last Runtime    Last Run
------------------------------------  -----  ---------  --------  ----------  --------------  -------------------
/opt/airflow/dags/hn_pipeline_dag.py                           1           0  0.08s           2026-05-14T16:38:11
================================================================================
[2026-05-14T16:38:58.302+0000] {manager.py:879} INFO - 
================================================================================
DAG File Processing Stats

File Path                             PID    Runtime      # DAGs    # Errors  Last Runtime    Last Run
------------------------------------  -----  ---------  --------  ----------  --------------  -------------------
/opt/airflow/dags/hn_pipeline_dag.py                           1           0  0.10s           2026-05-14T16:38:41
================================================================================
[2026-05-14T16:39:29.192+0000] {manager.py:879} INFO - 
================================================================================
DAG File Processing Stats

File Path                             PID    Runtime      # DAGs    # Errors  Last Runtime    Last Run
------------------------------------  -----  ---------  --------  ----------  --------------  -------------------
/opt/airflow/dags/hn_pipeline_dag.py                           1           0  2.18s           2026-05-14T16:39:14
================================================================================
[2026-05-14T16:39:59.573+0000] {manager.py:879} INFO - 
================================================================================
DAG File Processing Stats

File Path                             PID    Runtime      # DAGs    # Errors  Last Runtime    Last Run
------------------------------------  -----  ---------  --------  ----------  --------------  -------------------
/opt/airflow/dags/hn_pipeline_dag.py                           1           0  0.10s           2026-05-14T16:39:44
================================================================================
[2026-05-14T16:40:29.986+0000] {manager.py:879} INFO - 
================================================================================
DAG File Processing Stats

File Path                             PID    Runtime      # DAGs    # Errors  Last Runtime    Last Run
------------------------------------  -----  ---------  --------  ----------  --------------  -------------------
/opt/airflow/dags/hn_pipeline_dag.py                           1           0  0.15s           2026-05-14T16:40:14
================================================================================
[2026-05-14T16:41:02.371+0000] {manager.py:879} INFO - 
================================================================================
DAG File Processing Stats

File Path                             PID    Runtime      # DAGs    # Errors  Last Runtime    Last Run
------------------------------------  -----  ---------  --------  ----------  --------------  -------------------
/opt/airflow/dags/hn_pipeline_dag.py                           1           0  0.08s           2026-05-14T16:40:45
================================================================================
[2026-05-14T16:41:33.221+0000] {manager.py:879} INFO - 
================================================================================
DAG File Processing Stats

File Path                             PID    Runtime      # DAGs    # Errors  Last Runtime    Last Run
------------------------------------  -----  ---------  --------  ----------  --------------  -------------------
/opt/airflow/dags/hn_pipeline_dag.py                           1           0  5.43s           2026-05-14T16:41:21
================================================================================
[2026-05-14T16:42:03.511+0000] {manager.py:879} INFO - 
================================================================================
DAG File Processing Stats

File Path                             PID    Runtime      # DAGs    # Errors  Last Runtime    Last Run
------------------------------------  -----  ---------  --------  ----------  --------------  -------------------
/opt/airflow/dags/hn_pipeline_dag.py                           1           0  0.07s           2026-05-14T16:41:51
================================================================================
[2026-05-14T16:42:08.552+0000] {manager.py:738} INFO - Searching for files in /opt/airflow/dags
[2026-05-14T16:42:08.558+0000] {manager.py:741} INFO - There are 1 files in /opt/airflow/dags
[2026-05-14T16:42:33.738+0000] {manager.py:879} INFO - 
================================================================================
DAG File Processing Stats

File Path                             PID    Runtime      # DAGs    # Errors  Last Runtime    Last Run
------------------------------------  -----  ---------  --------  ----------  --------------  -------------------
/opt/airflow/dags/hn_pipeline_dag.py                           1           0  0.07s           2026-05-14T16:42:21
================================================================================
[2026-05-14T16:43:03.955+0000] {manager.py:879} INFO - 
================================================================================
DAG File Processing Stats

File Path                             PID    Runtime      # DAGs    # Errors  Last Runtime    Last Run
------------------------------------  -----  ---------  --------  ----------  --------------  -------------------
/opt/airflow/dags/hn_pipeline_dag.py                           1           0  0.07s           2026-05-14T16:42:51
================================================================================
[2026-05-14T16:43:34.054+0000] {manager.py:879} INFO - 
================================================================================
DAG File Processing Stats

File Path                             PID    Runtime      # DAGs    # Errors  Last Runtime    Last Run
------------------------------------  -----  ---------  --------  ----------  --------------  -------------------
/opt/airflow/dags/hn_pipeline_dag.py                           1           0  1.45s           2026-05-14T16:43:24
================================================================================
[2026-05-14T16:44:04.383+0000] {manager.py:879} INFO - 
================================================================================
DAG File Processing Stats

File Path                             PID    Runtime      # DAGs    # Errors  Last Runtime    Last Run
------------------------------------  -----  ---------  --------  ----------  --------------  -------------------
/opt/airflow/dags/hn_pipeline_dag.py                           1           0  0.08s           2026-05-14T16:43:54
================================================================================
[2026-05-14T16:44:34.665+0000] {manager.py:879} INFO - 
================================================================================
DAG File Processing Stats

File Path                             PID    Runtime      # DAGs    # Errors  Last Runtime    Last Run
------------------------------------  -----  ---------  --------  ----------  --------------  -------------------
/opt/airflow/dags/hn_pipeline_dag.py                           1           0  0.08s           2026-05-14T16:44:24
================================================================================
[2026-05-14T16:45:04.900+0000] {manager.py:879} INFO - 
================================================================================
DAG File Processing Stats

File Path                             PID    Runtime      # DAGs    # Errors  Last Runtime    Last Run
------------------------------------  -----  ---------  --------  ----------  --------------  -------------------
/opt/airflow/dags/hn_pipeline_dag.py                           1           0  0.07s           2026-05-14T16:44:54
================================================================================
[2026-05-14T16:45:34.988+0000] {manager.py:879} INFO - 
================================================================================
DAG File Processing Stats

File Path                             PID    Runtime      # DAGs    # Errors  Last Runtime    Last Run
------------------------------------  -----  ---------  --------  ----------  --------------  -------------------
/opt/airflow/dags/hn_pipeline_dag.py                           1           0  1.03s           2026-05-14T16:45:26
================================================================================
[2026-05-14T16:46:05.321+0000] {manager.py:879} INFO - 
================================================================================
DAG File Processing Stats

File Path                             PID    Runtime      # DAGs    # Errors  Last Runtime    Last Run
------------------------------------  -----  ---------  --------  ----------  --------------  -------------------
/opt/airflow/dags/hn_pipeline_dag.py                           1           0  0.08s           2026-05-14T16:45:56
================================================================================
[2026-05-14T16:46:35.662+0000] {manager.py:879} INFO - 
================================================================================
DAG File Processing Stats

File Path                             PID    Runtime      # DAGs    # Errors  Last Runtime    Last Run
------------------------------------  -----  ---------  --------  ----------  --------------  -------------------
/opt/airflow/dags/hn_pipeline_dag.py                           1           0  0.10s           2026-05-14T16:46:26
================================================================================
[2026-05-14T16:47:06.010+0000] {manager.py:879} INFO - 
================================================================================
DAG File Processing Stats

File Path                             PID    Runtime      # DAGs    # Errors  Last Runtime    Last Run
------------------------------------  -----  ---------  --------  ----------  --------------  -------------------
/opt/airflow/dags/hn_pipeline_dag.py                           1           0  0.09s           2026-05-14T16:46:56
================================================================================
[2026-05-14T16:47:09.022+0000] {manager.py:738} INFO - Searching for files in /opt/airflow/dags
[2026-05-14T16:47:09.026+0000] {manager.py:741} INFO - There are 1 files in /opt/airflow/dags
[2026-05-14T16:47:36.200+0000] {manager.py:879} INFO - 
================================================================================
DAG File Processing Stats

File Path                             PID    Runtime      # DAGs    # Errors  Last Runtime    Last Run
------------------------------------  -----  ---------  --------  ----------  --------------  -------------------
/opt/airflow/dags/hn_pipeline_dag.py                           1           0  0.09s           2026-05-14T16:47:27
================================================================================
[2026-05-14T16:48:06.475+0000] {manager.py:879} INFO - 
================================================================================
DAG File Processing Stats

File Path                             PID    Runtime      # DAGs    # Errors  Last Runtime    Last Run
------------------------------------  -----  ---------  --------  ----------  --------------  -------------------
/opt/airflow/dags/hn_pipeline_dag.py                           1           0  0.08s           2026-05-14T16:47:57
================================================================================
[2026-05-14T16:48:36.779+0000] {manager.py:879} INFO - 
================================================================================
DAG File Processing Stats

File Path                             PID    Runtime      # DAGs    # Errors  Last Runtime    Last Run
------------------------------------  -----  ---------  --------  ----------  --------------  -------------------
/opt/airflow/dags/hn_pipeline_dag.py                           1           0  0.07s           2026-05-14T16:48:27
================================================================================
[2026-05-14T16:49:07.058+0000] {manager.py:879} INFO - 
================================================================================
DAG File Processing Stats

File Path                             PID    Runtime      # DAGs    # Errors  Last Runtime    Last Run
------------------------------------  -----  ---------  --------  ----------  --------------  -------------------
/opt/airflow/dags/hn_pipeline_dag.py                           1           0  0.12s           2026-05-14T16:48:58
================================================================================
[2026-05-14T16:49:37.351+0000] {manager.py:879} INFO - 
================================================================================
DAG File Processing Stats

File Path                               PID  Runtime      # DAGs    # Errors  Last Runtime    Last Run
------------------------------------  -----  ---------  --------  ----------  --------------  -------------------
/opt/airflow/dags/hn_pipeline_dag.py    966  3.08s             1           0  0.12s           2026-05-14T16:48:58
================================================================================
[2026-05-14T16:50:07.682+0000] {manager.py:879} INFO - 
================================================================================
DAG File Processing Stats

File Path                               PID  Runtime      # DAGs    # Errors  Last Runtime    Last Run
------------------------------------  -----  ---------  --------  ----------  --------------  -------------------
/opt/airflow/dags/hn_pipeline_dag.py    971  0.01s             1           0  3.25s           2026-05-14T16:49:37
================================================================================
[2026-05-14T16:50:37.982+0000] {manager.py:879} INFO - 
================================================================================
DAG File Processing Stats

File Path                               PID  Runtime      # DAGs    # Errors  Last Runtime    Last Run
------------------------------------  -----  ---------  --------  ----------  --------------  -------------------
/opt/airflow/dags/hn_pipeline_dag.py    976  0.01s             1           0  0.10s           2026-05-14T16:50:07
================================================================================
[2026-05-14T16:51:08.282+0000] {manager.py:879} INFO - 
================================================================================
DAG File Processing Stats

File Path                               PID  Runtime      # DAGs    # Errors  Last Runtime    Last Run
------------------------------------  -----  ---------  --------  ----------  --------------  -------------------
/opt/airflow/dags/hn_pipeline_dag.py    981  0.00s             1           0  0.11s           2026-05-14T16:50:38
================================================================================
[2026-05-14T16:51:38.280+0000] {manager.py:879} INFO - 
================================================================================
DAG File Processing Stats

File Path                             PID    Runtime      # DAGs    # Errors  Last Runtime    Last Run
------------------------------------  -----  ---------  --------  ----------  --------------  -------------------
/opt/airflow/dags/hn_pipeline_dag.py                           1           0  0.07s           2026-05-14T16:51:08
================================================================================
[2026-05-14T16:52:08.700+0000] {manager.py:879} INFO - 
================================================================================
DAG File Processing Stats

File Path                               PID  Runtime      # DAGs    # Errors  Last Runtime    Last Run
------------------------------------  -----  ---------  --------  ----------  --------------  -------------------
/opt/airflow/dags/hn_pipeline_dag.py    991  0.01s             1           0  0.08s           2026-05-14T16:51:38
================================================================================
[2026-05-14T16:52:09.714+0000] {manager.py:738} INFO - Searching for files in /opt/airflow/dags
[2026-05-14T16:52:09.721+0000] {manager.py:741} INFO - There are 1 files in /opt/airflow/dags
[2026-05-14T16:59:57.860+0000] {manager.py:469} INFO - Processing files using up to 2 processes at a time 
[2026-05-14T16:59:57.861+0000] {manager.py:470} INFO - Process each file at most once every 30 seconds
[2026-05-14T16:59:57.862+0000] {manager.py:471} INFO - Checking for new files in /opt/airflow/dags every 300 seconds
[2026-05-14T16:59:57.862+0000] {manager.py:738} INFO - Searching for files in /opt/airflow/dags
[2026-05-14T16:59:57.867+0000] {manager.py:741} INFO - There are 1 files in /opt/airflow/dags
[2026-05-14T16:59:57.972+0000] {manager.py:879} INFO - 
================================================================================
DAG File Processing Stats

File Path                               PID  Runtime      # DAGs    # Errors  Last Runtime    Last Run
------------------------------------  -----  ---------  --------  ----------  --------------  ----------
/opt/airflow/dags/hn_pipeline_dag.py    206  0.06s             0           0
================================================================================
[2026-05-14T17:00:28.251+0000] {manager.py:879} INFO - 
================================================================================
DAG File Processing Stats

File Path                               PID  Runtime      # DAGs    # Errors  Last Runtime    Last Run
------------------------------------  -----  ---------  --------  ----------  --------------  -------------------
/opt/airflow/dags/hn_pipeline_dag.py    214  0.01s             1           0  0.14s           2026-05-14T16:59:58
================================================================================
[2026-05-14T17:00:58.539+0000] {manager.py:879} INFO - 
================================================================================
DAG File Processing Stats

File Path                               PID  Runtime      # DAGs    # Errors  Last Runtime    Last Run
------------------------------------  -----  ---------  --------  ----------  --------------  -------------------
/opt/airflow/dags/hn_pipeline_dag.py    219  0.00s             1           0  0.12s           2026-05-14T17:00:28
================================================================================
[2026-05-14T17:01:28.868+0000] {manager.py:879} INFO - 
================================================================================
DAG File Processing Stats

File Path                               PID  Runtime      # DAGs    # Errors  Last Runtime    Last Run
------------------------------------  -----  ---------  --------  ----------  --------------  -------------------
/opt/airflow/dags/hn_pipeline_dag.py    224  0.00s             1           0  0.07s           2026-05-14T17:00:58
================================================================================
[2026-05-14T17:01:59.169+0000] {manager.py:879} INFO - 
================================================================================
DAG File Processing Stats

File Path                               PID  Runtime      # DAGs    # Errors  Last Runtime    Last Run
------------------------------------  -----  ---------  --------  ----------  --------------  -------------------
/opt/airflow/dags/hn_pipeline_dag.py    229  0.01s             1           0  0.05s           2026-05-14T17:01:28
================================================================================
[2026-05-14T17:02:29.507+0000] {manager.py:879} INFO - 
================================================================================
DAG File Processing Stats

File Path                               PID  Runtime      # DAGs    # Errors  Last Runtime    Last Run
------------------------------------  -----  ---------  --------  ----------  --------------  -------------------
/opt/airflow/dags/hn_pipeline_dag.py    236  0.01s             1           0  0.07s           2026-05-14T17:01:59
================================================================================
[2026-05-14T17:02:59.866+0000] {manager.py:879} INFO - 
================================================================================
DAG File Processing Stats

File Path                               PID  Runtime      # DAGs    # Errors  Last Runtime    Last Run
------------------------------------  -----  ---------  --------  ----------  --------------  -------------------
/opt/airflow/dags/hn_pipeline_dag.py    241  0.01s             1           0  0.08s           2026-05-14T17:02:29
================================================================================
[2026-05-14T17:03:30.153+0000] {manager.py:879} INFO - 
================================================================================
DAG File Processing Stats

File Path                               PID  Runtime      # DAGs    # Errors  Last Runtime    Last Run
------------------------------------  -----  ---------  --------  ----------  --------------  -------------------
/opt/airflow/dags/hn_pipeline_dag.py    246  0.00s             1           0  0.08s           2026-05-14T17:02:59
================================================================================
[2026-05-14T17:04:00.486+0000] {manager.py:879} INFO - 
================================================================================
DAG File Processing Stats

File Path                               PID  Runtime      # DAGs    # Errors  Last Runtime    Last Run
------------------------------------  -----  ---------  --------  ----------  --------------  -------------------
/opt/airflow/dags/hn_pipeline_dag.py    251  0.01s             1           0  0.06s           2026-05-14T17:03:30
================================================================================
[2026-05-14T17:04:30.847+0000] {manager.py:879} INFO - 
================================================================================
DAG File Processing Stats

File Path                               PID  Runtime      # DAGs    # Errors  Last Runtime    Last Run
------------------------------------  -----  ---------  --------  ----------  --------------  -------------------
/opt/airflow/dags/hn_pipeline_dag.py    256  0.01s             1           0  0.08s           2026-05-14T17:04:00
================================================================================
[2026-05-14T17:04:58.138+0000] {manager.py:738} INFO - Searching for files in /opt/airflow/dags
[2026-05-14T17:04:58.146+0000] {manager.py:741} INFO - There are 1 files in /opt/airflow/dags
[2026-05-14T17:05:01.220+0000] {manager.py:879} INFO - 
================================================================================
DAG File Processing Stats

File Path                               PID  Runtime      # DAGs    # Errors  Last Runtime    Last Run
------------------------------------  -----  ---------  --------  ----------  --------------  -------------------
/opt/airflow/dags/hn_pipeline_dag.py    261  0.01s             1           0  0.09s           2026-05-14T17:04:30
================================================================================
[2026-05-14T17:05:31.547+0000] {manager.py:879} INFO - 
================================================================================
DAG File Processing Stats

File Path                               PID  Runtime      # DAGs    # Errors  Last Runtime    Last Run
------------------------------------  -----  ---------  --------  ----------  --------------  -------------------
/opt/airflow/dags/hn_pipeline_dag.py    268  0.01s             1           0  0.08s           2026-05-14T17:05:01
================================================================================
[2026-05-14T17:06:01.913+0000] {manager.py:879} INFO - 
================================================================================
DAG File Processing Stats

File Path                               PID  Runtime      # DAGs    # Errors  Last Runtime    Last Run
------------------------------------  -----  ---------  --------  ----------  --------------  -------------------
/opt/airflow/dags/hn_pipeline_dag.py    273  0.01s             1           0  0.08s           2026-05-14T17:05:31
================================================================================
[2026-05-14T17:06:32.219+0000] {manager.py:879} INFO - 
================================================================================
DAG File Processing Stats

File Path                               PID  Runtime      # DAGs    # Errors  Last Runtime    Last Run
------------------------------------  -----  ---------  --------  ----------  --------------  -------------------
/opt/airflow/dags/hn_pipeline_dag.py    278  0.00s             1           0  0.08s           2026-05-14T17:06:01
================================================================================
[2026-05-14T17:07:02.533+0000] {manager.py:879} INFO - 
================================================================================
DAG File Processing Stats

File Path                               PID  Runtime      # DAGs    # Errors  Last Runtime    Last Run
------------------------------------  -----  ---------  --------  ----------  --------------  -------------------
/opt/airflow/dags/hn_pipeline_dag.py    283  0.01s             1           0  0.07s           2026-05-14T17:06:32
================================================================================
[2026-05-14T17:07:13.386+0000] {manager.py:451} INFO - Exiting gracefully upon receiving signal 15
[2026-05-14T17:29:41.975+0000] {manager.py:469} INFO - Processing files using up to 2 processes at a time 
[2026-05-14T17:29:41.976+0000] {manager.py:470} INFO - Process each file at most once every 30 seconds
[2026-05-14T17:29:41.979+0000] {manager.py:471} INFO - Checking for new files in /opt/airflow/dags every 300 seconds
[2026-05-14T17:29:41.979+0000] {manager.py:738} INFO - Searching for files in /opt/airflow/dags
[2026-05-14T17:29:41.983+0000] {manager.py:741} INFO - There are 1 files in /opt/airflow/dags
[2026-05-14T17:29:42.053+0000] {manager.py:879} INFO - 
================================================================================
DAG File Processing Stats

File Path                               PID  Runtime      # DAGs    # Errors  Last Runtime    Last Run
------------------------------------  -----  ---------  --------  ----------  --------------  ----------
/opt/airflow/dags/hn_pipeline_dag.py    178  0.04s             0           0
================================================================================
[2026-05-14T17:30:12.372+0000] {manager.py:879} INFO - 
================================================================================
DAG File Processing Stats

File Path                               PID  Runtime      # DAGs    # Errors  Last Runtime    Last Run
------------------------------------  -----  ---------  --------  ----------  --------------  -------------------
/opt/airflow/dags/hn_pipeline_dag.py    184  0.01s             1           0  0.27s           2026-05-14T17:29:42
================================================================================
[2026-05-14T17:30:42.726+0000] {manager.py:879} INFO - 
================================================================================
DAG File Processing Stats

File Path                               PID  Runtime      # DAGs    # Errors  Last Runtime    Last Run
------------------------------------  -----  ---------  --------  ----------  --------------  -------------------
/opt/airflow/dags/hn_pipeline_dag.py    189  0.01s             1           0  0.10s           2026-05-14T17:30:12
================================================================================
[2026-05-14T17:31:13.098+0000] {manager.py:879} INFO - 
================================================================================
DAG File Processing Stats

File Path                               PID  Runtime      # DAGs    # Errors  Last Runtime    Last Run
------------------------------------  -----  ---------  --------  ----------  --------------  -------------------
/opt/airflow/dags/hn_pipeline_dag.py    194  0.01s             1           0  0.27s           2026-05-14T17:30:42
================================================================================
[2026-05-14T17:31:43.181+0000] {manager.py:879} INFO - 
================================================================================
DAG File Processing Stats

File Path                             PID    Runtime      # DAGs    # Errors  Last Runtime    Last Run
------------------------------------  -----  ---------  --------  ----------  --------------  -------------------
/opt/airflow/dags/hn_pipeline_dag.py                           1           0  0.63s           2026-05-14T17:31:13
================================================================================
[2026-05-14T17:32:13.444+0000] {manager.py:879} INFO - 
================================================================================
DAG File Processing Stats

File Path                             PID    Runtime      # DAGs    # Errors  Last Runtime    Last Run
------------------------------------  -----  ---------  --------  ----------  --------------  -------------------
/opt/airflow/dags/hn_pipeline_dag.py                           1           0  0.57s           2026-05-14T17:31:44
================================================================================
[2026-05-14T17:32:44.437+0000] {manager.py:879} INFO - 
================================================================================
DAG File Processing Stats

File Path                             PID    Runtime      # DAGs    # Errors  Last Runtime    Last Run
------------------------------------  -----  ---------  --------  ----------  --------------  -------------------
/opt/airflow/dags/hn_pipeline_dag.py                           1           0  0.10s           2026-05-14T17:32:15
================================================================================
[2026-05-14T17:33:14.792+0000] {manager.py:879} INFO - 
================================================================================
DAG File Processing Stats

File Path                             PID    Runtime      # DAGs    # Errors  Last Runtime    Last Run
------------------------------------  -----  ---------  --------  ----------  --------------  -------------------
/opt/airflow/dags/hn_pipeline_dag.py                           1           0  0.09s           2026-05-14T17:32:45
================================================================================
[2026-05-14T17:33:45.148+0000] {manager.py:879} INFO - 
================================================================================
DAG File Processing Stats

File Path                             PID    Runtime      # DAGs    # Errors  Last Runtime    Last Run
------------------------------------  -----  ---------  --------  ----------  --------------  -------------------
/opt/airflow/dags/hn_pipeline_dag.py                           1           0  0.09s           2026-05-14T17:33:15
================================================================================
[2026-05-14T17:34:15.480+0000] {manager.py:879} INFO - 
================================================================================
DAG File Processing Stats

File Path                             PID    Runtime      # DAGs    # Errors  Last Runtime    Last Run
------------------------------------  -----  ---------  --------  ----------  --------------  -------------------
/opt/airflow/dags/hn_pipeline_dag.py                           1           0  0.09s           2026-05-14T17:33:46
================================================================================
[2026-05-14T17:34:42.797+0000] {manager.py:738} INFO - Searching for files in /opt/airflow/dags
[2026-05-14T17:34:42.806+0000] {manager.py:741} INFO - There are 1 files in /opt/airflow/dags
[2026-05-14T17:34:45.865+0000] {manager.py:879} INFO - 
================================================================================
DAG File Processing Stats

File Path                             PID    Runtime      # DAGs    # Errors  Last Runtime    Last Run
------------------------------------  -----  ---------  --------  ----------  --------------  -------------------
/opt/airflow/dags/hn_pipeline_dag.py                           1           0  0.11s           2026-05-14T17:34:16
================================================================================
[2026-05-14T17:35:16.222+0000] {manager.py:879} INFO - 
================================================================================
DAG File Processing Stats

File Path                             PID    Runtime      # DAGs    # Errors  Last Runtime    Last Run
------------------------------------  -----  ---------  --------  ----------  --------------  -------------------
/opt/airflow/dags/hn_pipeline_dag.py                           1           0  0.10s           2026-05-14T17:34:46
================================================================================
[2026-05-14T17:35:46.538+0000] {manager.py:879} INFO - 
================================================================================
DAG File Processing Stats

File Path                             PID    Runtime      # DAGs    # Errors  Last Runtime    Last Run
------------------------------------  -----  ---------  --------  ----------  --------------  -------------------
/opt/airflow/dags/hn_pipeline_dag.py                           1           0  0.11s           2026-05-14T17:35:17
================================================================================
[2026-05-14T17:36:16.874+0000] {manager.py:879} INFO - 
================================================================================
DAG File Processing Stats

File Path                             PID    Runtime      # DAGs    # Errors  Last Runtime    Last Run
------------------------------------  -----  ---------  --------  ----------  --------------  -------------------
/opt/airflow/dags/hn_pipeline_dag.py                           1           0  0.09s           2026-05-14T17:35:47
================================================================================
[2026-05-14T17:36:47.233+0000] {manager.py:879} INFO - 
================================================================================
DAG File Processing Stats

File Path                             PID    Runtime      # DAGs    # Errors  Last Runtime    Last Run
------------------------------------  -----  ---------  --------  ----------  --------------  -------------------
/opt/airflow/dags/hn_pipeline_dag.py                           1           0  0.07s           2026-05-14T17:36:17
================================================================================
[2026-05-14T17:37:17.573+0000] {manager.py:879} INFO - 
================================================================================
DAG File Processing Stats

File Path                             PID    Runtime      # DAGs    # Errors  Last Runtime    Last Run
------------------------------------  -----  ---------  --------  ----------  --------------  -------------------
/opt/airflow/dags/hn_pipeline_dag.py                           1           0  0.10s           2026-05-14T17:36:48
================================================================================
[2026-05-14T17:37:47.784+0000] {manager.py:879} INFO - 
================================================================================
DAG File Processing Stats

File Path                             PID    Runtime      # DAGs    # Errors  Last Runtime    Last Run
------------------------------------  -----  ---------  --------  ----------  --------------  -------------------
/opt/airflow/dags/hn_pipeline_dag.py                           1           0  0.10s           2026-05-14T17:37:18
================================================================================
[2026-05-14T17:38:17.909+0000] {manager.py:879} INFO - 
================================================================================
DAG File Processing Stats

File Path                             PID    Runtime      # DAGs    # Errors  Last Runtime    Last Run
------------------------------------  -----  ---------  --------  ----------  --------------  -------------------
/opt/airflow/dags/hn_pipeline_dag.py                           1           0  16.99s          2026-05-14T17:38:05
================================================================================
[2026-05-14T17:39:08.275+0000] {manager.py:879} INFO - 
================================================================================
DAG File Processing Stats

File Path                               PID  Runtime      # DAGs    # Errors  Last Runtime    Last Run
------------------------------------  -----  ---------  --------  ----------  --------------  -------------------
/opt/airflow/dags/hn_pipeline_dag.py    264  3.93s             1           0  16.99s          2026-05-14T17:38:05
================================================================================
[2026-05-14T17:39:38.948+0000] {manager.py:879} INFO - 
================================================================================
DAG File Processing Stats

File Path                             PID    Runtime      # DAGs    # Errors  Last Runtime    Last Run
------------------------------------  -----  ---------  --------  ----------  --------------  -------------------
/opt/airflow/dags/hn_pipeline_dag.py                           1           0  24.46s          2026-05-14T17:39:09
================================================================================
[2026-05-14T17:39:43.361+0000] {manager.py:738} INFO - Searching for files in /opt/airflow/dags
[2026-05-14T17:39:43.371+0000] {manager.py:741} INFO - There are 1 files in /opt/airflow/dags
[2026-05-14T17:40:09.724+0000] {manager.py:879} INFO - 
================================================================================
DAG File Processing Stats

File Path                             PID    Runtime      # DAGs    # Errors  Last Runtime    Last Run
------------------------------------  -----  ---------  --------  ----------  --------------  -------------------
/opt/airflow/dags/hn_pipeline_dag.py                           1           0  1.07s           2026-05-14T17:39:41
================================================================================
[2026-05-14T17:40:40.161+0000] {manager.py:879} INFO - 
================================================================================
DAG File Processing Stats

File Path                             PID    Runtime      # DAGs    # Errors  Last Runtime    Last Run
------------------------------------  -----  ---------  --------  ----------  --------------  -------------------
/opt/airflow/dags/hn_pipeline_dag.py                           1           0  0.12s           2026-05-14T17:40:11
================================================================================
[2026-05-14T17:41:10.552+0000] {manager.py:879} INFO - 
================================================================================
DAG File Processing Stats

File Path                             PID    Runtime      # DAGs    # Errors  Last Runtime    Last Run
------------------------------------  -----  ---------  --------  ----------  --------------  -------------------
/opt/airflow/dags/hn_pipeline_dag.py                           1           0  0.14s           2026-05-14T17:40:42
================================================================================
[2026-05-14T17:41:41.024+0000] {manager.py:879} INFO - 
================================================================================
DAG File Processing Stats

File Path                             PID    Runtime      # DAGs    # Errors  Last Runtime    Last Run
------------------------------------  -----  ---------  --------  ----------  --------------  -------------------
/opt/airflow/dags/hn_pipeline_dag.py                           1           0  0.21s           2026-05-14T17:41:12
================================================================================
[2026-05-14T17:42:11.365+0000] {manager.py:879} INFO - 
================================================================================
DAG File Processing Stats

File Path                             PID    Runtime      # DAGs    # Errors  Last Runtime    Last Run
------------------------------------  -----  ---------  --------  ----------  --------------  -------------------
/opt/airflow/dags/hn_pipeline_dag.py                           1           0  1.94s           2026-05-14T17:41:45
================================================================================
[2026-05-14T17:42:41.932+0000] {manager.py:879} INFO - 
================================================================================
DAG File Processing Stats

File Path                             PID    Runtime      # DAGs    # Errors  Last Runtime    Last Run
------------------------------------  -----  ---------  --------  ----------  --------------  -------------------
/opt/airflow/dags/hn_pipeline_dag.py                           1           0  0.53s           2026-05-14T17:42:15
================================================================================
[2026-05-14T17:43:12.134+0000] {manager.py:879} INFO - 
================================================================================
DAG File Processing Stats

File Path                             PID    Runtime      # DAGs    # Errors  Last Runtime    Last Run
------------------------------------  -----  ---------  --------  ----------  --------------  -------------------
/opt/airflow/dags/hn_pipeline_dag.py                           1           0  1.91s           2026-05-14T17:42:47
================================================================================
[2026-05-14T17:43:42.535+0000] {manager.py:879} INFO - 
================================================================================
DAG File Processing Stats

File Path                             PID    Runtime      # DAGs    # Errors  Last Runtime    Last Run
------------------------------------  -----  ---------  --------  ----------  --------------  -------------------
/opt/airflow/dags/hn_pipeline_dag.py                           1           0  0.52s           2026-05-14T17:43:18
================================================================================
[2026-05-14T17:44:12.896+0000] {manager.py:879} INFO - 
================================================================================
DAG File Processing Stats

File Path                             PID    Runtime      # DAGs    # Errors  Last Runtime    Last Run
------------------------------------  -----  ---------  --------  ----------  --------------  -------------------
/opt/airflow/dags/hn_pipeline_dag.py                           1           0  0.83s           2026-05-14T17:43:49
================================================================================
[2026-05-14T17:44:43.299+0000] {manager.py:879} INFO - 
================================================================================
DAG File Processing Stats

File Path                             PID    Runtime      # DAGs    # Errors  Last Runtime    Last Run
------------------------------------  -----  ---------  --------  ----------  --------------  -------------------
/opt/airflow/dags/hn_pipeline_dag.py                           1           0  0.10s           2026-05-14T17:44:20
================================================================================
[2026-05-14T17:44:44.310+0000] {manager.py:738} INFO - Searching for files in /opt/airflow/dags
[2026-05-14T17:44:44.319+0000] {manager.py:741} INFO - There are 1 files in /opt/airflow/dags
[2026-05-14T17:45:13.729+0000] {manager.py:879} INFO - 
================================================================================
DAG File Processing Stats

File Path                             PID    Runtime      # DAGs    # Errors  Last Runtime    Last Run
------------------------------------  -----  ---------  --------  ----------  --------------  -------------------
/opt/airflow/dags/hn_pipeline_dag.py                           1           0  0.38s           2026-05-14T17:44:50
================================================================================
[2026-05-14T17:45:44.116+0000] {manager.py:879} INFO - 
================================================================================
DAG File Processing Stats

File Path                             PID    Runtime      # DAGs    # Errors  Last Runtime    Last Run
------------------------------------  -----  ---------  --------  ----------  --------------  -------------------
/opt/airflow/dags/hn_pipeline_dag.py                           1           0  0.18s           2026-05-14T17:45:21
================================================================================
[2026-05-14T17:46:14.529+0000] {manager.py:879} INFO - 
================================================================================
DAG File Processing Stats

File Path                             PID    Runtime      # DAGs    # Errors  Last Runtime    Last Run
------------------------------------  -----  ---------  --------  ----------  --------------  -------------------
/opt/airflow/dags/hn_pipeline_dag.py                           1           0  0.95s           2026-05-14T17:45:52
================================================================================
[2026-05-14T17:46:44.767+0000] {manager.py:879} INFO - 
================================================================================
DAG File Processing Stats

File Path                             PID    Runtime      # DAGs    # Errors  Last Runtime    Last Run
------------------------------------  -----  ---------  --------  ----------  --------------  -------------------
/opt/airflow/dags/hn_pipeline_dag.py                           1           0  0.86s           2026-05-14T17:46:23
================================================================================
[2026-05-14T17:47:15.318+0000] {manager.py:879} INFO - 
================================================================================
DAG File Processing Stats

File Path                             PID    Runtime      # DAGs    # Errors  Last Runtime    Last Run
------------------------------------  -----  ---------  --------  ----------  --------------  -------------------
/opt/airflow/dags/hn_pipeline_dag.py                           1           0  0.22s           2026-05-14T17:46:54
================================================================================
[2026-05-14T17:47:45.805+0000] {manager.py:879} INFO - 
================================================================================
DAG File Processing Stats

File Path                             PID    Runtime      # DAGs    # Errors  Last Runtime    Last Run
------------------------------------  -----  ---------  --------  ----------  --------------  -------------------
/opt/airflow/dags/hn_pipeline_dag.py                           1           0  0.36s           2026-05-14T17:47:24
================================================================================
[2026-05-14T17:48:15.977+0000] {manager.py:879} INFO - 
================================================================================
DAG File Processing Stats

File Path                             PID    Runtime      # DAGs    # Errors  Last Runtime    Last Run
------------------------------------  -----  ---------  --------  ----------  --------------  -------------------
/opt/airflow/dags/hn_pipeline_dag.py                           1           0  1.75s           2026-05-14T17:47:56
================================================================================
[2026-05-14T17:48:46.019+0000] {manager.py:879} INFO - 
================================================================================
DAG File Processing Stats

File Path                             PID    Runtime      # DAGs    # Errors  Last Runtime    Last Run
------------------------------------  -----  ---------  --------  ----------  --------------  -------------------
/opt/airflow/dags/hn_pipeline_dag.py                           1           0  1.01s           2026-05-14T17:48:27
================================================================================
[2026-05-14T17:49:16.423+0000] {manager.py:879} INFO - 
================================================================================
DAG File Processing Stats

File Path                             PID    Runtime      # DAGs    # Errors  Last Runtime    Last Run
------------------------------------  -----  ---------  --------  ----------  --------------  -------------------
/opt/airflow/dags/hn_pipeline_dag.py                           1           0  0.15s           2026-05-14T17:48:58
================================================================================
[2026-05-14T17:49:44.857+0000] {manager.py:738} INFO - Searching for files in /opt/airflow/dags
[2026-05-14T17:49:44.861+0000] {manager.py:741} INFO - There are 1 files in /opt/airflow/dags
[2026-05-14T17:49:46.900+0000] {manager.py:879} INFO - 
================================================================================
DAG File Processing Stats

File Path                             PID    Runtime      # DAGs    # Errors  Last Runtime    Last Run
------------------------------------  -----  ---------  --------  ----------  --------------  -------------------
/opt/airflow/dags/hn_pipeline_dag.py                           1           0  0.14s           2026-05-14T17:49:28
================================================================================
[2026-05-14T17:50:17.427+0000] {manager.py:879} INFO - 
================================================================================
DAG File Processing Stats

File Path                             PID    Runtime      # DAGs    # Errors  Last Runtime    Last Run
------------------------------------  -----  ---------  --------  ----------  --------------  -------------------
/opt/airflow/dags/hn_pipeline_dag.py                           1           0  1.17s           2026-05-14T17:50:00
================================================================================
[2026-05-14T17:50:48.136+0000] {manager.py:879} INFO - 
================================================================================
DAG File Processing Stats

File Path                             PID    Runtime      # DAGs    # Errors  Last Runtime    Last Run
------------------------------------  -----  ---------  --------  ----------  --------------  -------------------
/opt/airflow/dags/hn_pipeline_dag.py                           1           0  1.48s           2026-05-14T17:50:32
================================================================================
[2026-05-14T18:07:05.711+0000] {manager.py:738} INFO - Searching for files in /opt/airflow/dags
[2026-05-14T18:07:05.719+0000] {manager.py:741} INFO - There are 1 files in /opt/airflow/dags
[2026-05-14T18:07:13.810+0000] {manager.py:879} INFO - 
================================================================================
DAG File Processing Stats

File Path                             PID    Runtime      # DAGs    # Errors  Last Runtime    Last Run
------------------------------------  -----  ---------  --------  ----------  --------------  -------------------
/opt/airflow/dags/hn_pipeline_dag.py                           1           0  0.15s           2026-05-14T18:07:05
================================================================================
[2026-05-14T18:37:58.461+0000] {manager.py:738} INFO - Searching for files in /opt/airflow/dags
[2026-05-14T18:37:58.464+0000] {manager.py:741} INFO - There are 1 files in /opt/airflow/dags
[2026-05-14T19:10:13.159+0000] {manager.py:738} INFO - Searching for files in /opt/airflow/dags
[2026-05-14T19:10:13.161+0000] {manager.py:741} INFO - There are 1 files in /opt/airflow/dags
[2026-05-14T19:44:06.012+0000] {manager.py:738} INFO - Searching for files in /opt/airflow/dags
[2026-05-14T19:44:06.018+0000] {manager.py:741} INFO - There are 1 files in /opt/airflow/dags
[2026-05-14T19:44:14.209+0000] {manager.py:879} INFO - 
================================================================================
DAG File Processing Stats

File Path                             PID    Runtime      # DAGs    # Errors  Last Runtime    Last Run
------------------------------------  -----  ---------  --------  ----------  --------------  -------------------
/opt/airflow/dags/hn_pipeline_dag.py                           1           0  0.17s           2026-05-14T19:44:06
================================================================================
[2026-05-14T19:52:07.026+0000] {manager.py:738} INFO - Searching for files in /opt/airflow/dags
[2026-05-14T19:52:07.040+0000] {manager.py:741} INFO - There are 1 files in /opt/airflow/dags
[2026-05-14T20:24:17.483+0000] {manager.py:738} INFO - Searching for files in /opt/airflow/dags
[2026-05-14T20:24:17.485+0000] {manager.py:741} INFO - There are 1 files in /opt/airflow/dags
[2026-05-14T20:24:26.596+0000] {manager.py:879} INFO - 
================================================================================
DAG File Processing Stats

File Path                             PID    Runtime      # DAGs    # Errors  Last Runtime    Last Run
------------------------------------  -----  ---------  --------  ----------  --------------  -------------------
/opt/airflow/dags/hn_pipeline_dag.py                           1           0  0.06s           2026-05-14T20:24:17
================================================================================
[2026-05-14T20:44:23.228+0000] {manager.py:738} INFO - Searching for files in /opt/airflow/dags
[2026-05-14T20:44:23.235+0000] {manager.py:741} INFO - There are 1 files in /opt/airflow/dags
[2026-05-14T21:01:01.336+0000] {manager.py:738} INFO - Searching for files in /opt/airflow/dags
[2026-05-14T21:01:01.341+0000] {manager.py:741} INFO - There are 1 files in /opt/airflow/dags
[2026-05-14T21:33:35.159+0000] {manager.py:738} INFO - Searching for files in /opt/airflow/dags
[2026-05-14T21:33:35.163+0000] {manager.py:741} INFO - There are 1 files in /opt/airflow/dags
[2026-05-14T22:06:29.020+0000] {manager.py:738} INFO - Searching for files in /opt/airflow/dags
[2026-05-14T22:06:29.024+0000] {manager.py:741} INFO - There are 1 files in /opt/airflow/dags
[2026-05-14T22:06:29.044+0000] {manager.py:879} INFO - 
================================================================================
DAG File Processing Stats

File Path                               PID  Runtime      # DAGs    # Errors  Last Runtime    Last Run
------------------------------------  -----  ---------  --------  ----------  --------------  -------------------
/opt/airflow/dags/hn_pipeline_dag.py    448  0.00s             1           0  0.07s           2026-05-14T21:33:35
================================================================================
[2026-05-14T22:38:38.832+0000] {manager.py:738} INFO - Searching for files in /opt/airflow/dags
[2026-05-14T22:38:38.835+0000] {manager.py:741} INFO - There are 1 files in /opt/airflow/dags
[2026-05-14T23:11:14.578+0000] {manager.py:738} INFO - Searching for files in /opt/airflow/dags
[2026-05-14T23:11:14.581+0000] {manager.py:741} INFO - There are 1 files in /opt/airflow/dags
[2026-05-14T23:27:52.516+0000] {manager.py:738} INFO - Searching for files in /opt/airflow/dags
[2026-05-14T23:27:52.523+0000] {manager.py:741} INFO - There are 1 files in /opt/airflow/dags
[2026-05-14T23:27:52.549+0000] {manager.py:879} INFO - 
================================================================================
DAG File Processing Stats

File Path                               PID  Runtime      # DAGs    # Errors  Last Runtime    Last Run
------------------------------------  -----  ---------  --------  ----------  --------------  -------------------
/opt/airflow/dags/hn_pipeline_dag.py    469  0.00s             1           0  0.06s           2026-05-14T23:11:14
================================================================================
[2026-05-14T23:46:02.314+0000] {manager.py:738} INFO - Searching for files in /opt/airflow/dags
[2026-05-14T23:46:02.320+0000] {manager.py:741} INFO - There are 1 files in /opt/airflow/dags
[2026-05-14T23:57:33.752+0000] {manager.py:738} INFO - Searching for files in /opt/airflow/dags
[2026-05-14T23:57:33.755+0000] {manager.py:741} INFO - There are 1 files in /opt/airflow/dags
[2026-05-14T23:57:34.790+0000] {manager.py:879} INFO - 
================================================================================
DAG File Processing Stats

File Path                             PID    Runtime      # DAGs    # Errors  Last Runtime    Last Run
------------------------------------  -----  ---------  --------  ----------  --------------  -------------------
/opt/airflow/dags/hn_pipeline_dag.py                           1           0  0.05s           2026-05-14T23:57:33
================================================================================
[2026-05-15T00:14:04.987+0000] {manager.py:738} INFO - Searching for files in /opt/airflow/dags
[2026-05-15T00:14:04.995+0000] {manager.py:741} INFO - There are 1 files in /opt/airflow/dags
[2026-05-15T00:47:35.888+0000] {manager.py:738} INFO - Searching for files in /opt/airflow/dags
[2026-05-15T00:47:35.895+0000] {manager.py:741} INFO - There are 1 files in /opt/airflow/dags
[2026-05-15T00:47:36.983+0000] {manager.py:879} INFO - 
================================================================================
DAG File Processing Stats

File Path                             PID    Runtime      # DAGs    # Errors  Last Runtime    Last Run
------------------------------------  -----  ---------  --------  ----------  --------------  -------------------
/opt/airflow/dags/hn_pipeline_dag.py                           1           0  0.07s           2026-05-15T00:47:35
================================================================================
[2026-05-15T01:03:57.337+0000] {manager.py:738} INFO - Searching for files in /opt/airflow/dags
[2026-05-15T01:03:57.345+0000] {manager.py:741} INFO - There are 1 files in /opt/airflow/dags
[2026-05-15T01:04:19.679+0000] {manager.py:879} INFO - 
================================================================================
DAG File Processing Stats

File Path                             PID    Runtime      # DAGs    # Errors  Last Runtime    Last Run
------------------------------------  -----  ---------  --------  ----------  --------------  -------------------
/opt/airflow/dags/hn_pipeline_dag.py                           1           0  0.07s           2026-05-15T01:03:57
================================================================================
[2026-05-15T01:38:50.105+0000] {manager.py:738} INFO - Searching for files in /opt/airflow/dags
[2026-05-15T01:38:50.107+0000] {manager.py:741} INFO - There are 1 files in /opt/airflow/dags
[2026-05-15T01:38:52.154+0000] {manager.py:879} INFO - 
================================================================================
DAG File Processing Stats

File Path                             PID    Runtime      # DAGs    # Errors  Last Runtime    Last Run
------------------------------------  -----  ---------  --------  ----------  --------------  -------------------
/opt/airflow/dags/hn_pipeline_dag.py                           1           0  0.08s           2026-05-15T01:38:50
================================================================================
[2026-05-15T01:47:05.125+0000] {manager.py:738} INFO - Searching for files in /opt/airflow/dags
[2026-05-15T01:47:05.132+0000] {manager.py:741} INFO - There are 1 files in /opt/airflow/dags
[2026-05-15T02:20:28.164+0000] {manager.py:738} INFO - Searching for files in /opt/airflow/dags
[2026-05-15T02:20:28.170+0000] {manager.py:741} INFO - There are 1 files in /opt/airflow/dags
[2026-05-15T02:48:02.976+0000] {manager.py:738} INFO - Searching for files in /opt/airflow/dags
[2026-05-15T02:48:02.978+0000] {manager.py:741} INFO - There are 1 files in /opt/airflow/dags
[2026-05-15T02:48:06.027+0000] {manager.py:879} INFO - 
================================================================================
DAG File Processing Stats

File Path                             PID    Runtime      # DAGs    # Errors  Last Runtime    Last Run
------------------------------------  -----  ---------  --------  ----------  --------------  -------------------
/opt/airflow/dags/hn_pipeline_dag.py                           1           0  0.08s           2026-05-15T02:48:03
================================================================================
[2026-05-15T03:04:00.225+0000] {manager.py:738} INFO - Searching for files in /opt/airflow/dags
[2026-05-15T03:04:00.241+0000] {manager.py:741} INFO - There are 1 files in /opt/airflow/dags
[2026-05-15T03:37:52.098+0000] {manager.py:738} INFO - Searching for files in /opt/airflow/dags
[2026-05-15T03:37:52.105+0000] {manager.py:741} INFO - There are 1 files in /opt/airflow/dags
[2026-05-15T03:48:41.084+0000] {manager.py:738} INFO - Searching for files in /opt/airflow/dags
[2026-05-15T03:48:41.089+0000] {manager.py:741} INFO - There are 1 files in /opt/airflow/dags
[2026-05-15T03:48:45.175+0000] {manager.py:879} INFO - 
================================================================================
DAG File Processing Stats

File Path                             PID    Runtime      # DAGs    # Errors  Last Runtime    Last Run
------------------------------------  -----  ---------  --------  ----------  --------------  -------------------
/opt/airflow/dags/hn_pipeline_dag.py                           1           0  0.07s           2026-05-15T03:48:41
================================================================================
[2026-05-15T03:49:15.544+0000] {manager.py:879} INFO - 
================================================================================
DAG File Processing Stats

File Path                             PID    Runtime      # DAGs    # Errors  Last Runtime    Last Run
------------------------------------  -----  ---------  --------  ----------  --------------  -------------------
/opt/airflow/dags/hn_pipeline_dag.py                           1           0  0.10s           2026-05-15T03:49:11
================================================================================
[2026-05-15T03:49:45.871+0000] {manager.py:879} INFO - 
================================================================================
DAG File Processing Stats

File Path                             PID    Runtime      # DAGs    # Errors  Last Runtime    Last Run
------------------------------------  -----  ---------  --------  ----------  --------------  -------------------
/opt/airflow/dags/hn_pipeline_dag.py                           1           0  0.11s           2026-05-15T03:49:41
================================================================================
[2026-05-15T03:50:16.198+0000] {manager.py:879} INFO - 
================================================================================
DAG File Processing Stats

File Path                             PID    Runtime      # DAGs    # Errors  Last Runtime    Last Run
------------------------------------  -----  ---------  --------  ----------  --------------  -------------------
/opt/airflow/dags/hn_pipeline_dag.py                           1           0  0.10s           2026-05-15T03:50:12
================================================================================
[2026-05-15T03:50:46.557+0000] {manager.py:879} INFO - 
================================================================================
DAG File Processing Stats

File Path                             PID    Runtime      # DAGs    # Errors  Last Runtime    Last Run
------------------------------------  -----  ---------  --------  ----------  --------------  -------------------
/opt/airflow/dags/hn_pipeline_dag.py                           1           0  0.08s           2026-05-15T03:50:42
================================================================================
[2026-05-15T03:51:16.878+0000] {manager.py:879} INFO - 
================================================================================
DAG File Processing Stats

File Path                             PID    Runtime      # DAGs    # Errors  Last Runtime    Last Run
------------------------------------  -----  ---------  --------  ----------  --------------  -------------------
/opt/airflow/dags/hn_pipeline_dag.py                           1           0  0.08s           2026-05-15T03:51:12
================================================================================
[2026-05-15T03:51:47.226+0000] {manager.py:879} INFO - 
================================================================================
DAG File Processing Stats

File Path                             PID    Runtime      # DAGs    # Errors  Last Runtime    Last Run
------------------------------------  -----  ---------  --------  ----------  --------------  -------------------
/opt/airflow/dags/hn_pipeline_dag.py                           1           0  0.08s           2026-05-15T03:51:43
================================================================================
[2026-05-15T03:52:17.616+0000] {manager.py:879} INFO - 
================================================================================
DAG File Processing Stats

File Path                             PID    Runtime      # DAGs    # Errors  Last Runtime    Last Run
------------------------------------  -----  ---------  --------  ----------  --------------  -------------------
/opt/airflow/dags/hn_pipeline_dag.py                           1           0  0.12s           2026-05-15T03:52:13
================================================================================
[2026-05-15T03:52:48.023+0000] {manager.py:879} INFO - 
================================================================================
DAG File Processing Stats

File Path                             PID    Runtime      # DAGs    # Errors  Last Runtime    Last Run
------------------------------------  -----  ---------  --------  ----------  --------------  -------------------
/opt/airflow/dags/hn_pipeline_dag.py                           1           0  0.10s           2026-05-15T03:52:44
================================================================================
[2026-05-15T03:53:18.439+0000] {manager.py:879} INFO - 
================================================================================
DAG File Processing Stats

File Path                             PID    Runtime      # DAGs    # Errors  Last Runtime    Last Run
------------------------------------  -----  ---------  --------  ----------  --------------  -------------------
/opt/airflow/dags/hn_pipeline_dag.py                           1           0  0.10s           2026-05-15T03:53:14
================================================================================
[2026-05-15T03:53:41.684+0000] {manager.py:738} INFO - Searching for files in /opt/airflow/dags
[2026-05-15T03:53:41.694+0000] {manager.py:741} INFO - There are 1 files in /opt/airflow/dags
[2026-05-15T03:53:48.815+0000] {manager.py:879} INFO - 
================================================================================
DAG File Processing Stats

File Path                             PID    Runtime      # DAGs    # Errors  Last Runtime    Last Run
------------------------------------  -----  ---------  --------  ----------  --------------  -------------------
/opt/airflow/dags/hn_pipeline_dag.py                           1           0  0.10s           2026-05-15T03:53:44
================================================================================
[2026-05-15T03:54:19.220+0000] {manager.py:879} INFO - 
================================================================================
DAG File Processing Stats

File Path                             PID    Runtime      # DAGs    # Errors  Last Runtime    Last Run
------------------------------------  -----  ---------  --------  ----------  --------------  -------------------
/opt/airflow/dags/hn_pipeline_dag.py                           1           0  0.11s           2026-05-15T03:54:15
================================================================================
[2026-05-15T03:54:49.668+0000] {manager.py:879} INFO - 
================================================================================
DAG File Processing Stats

File Path                             PID    Runtime      # DAGs    # Errors  Last Runtime    Last Run
------------------------------------  -----  ---------  --------  ----------  --------------  -------------------
/opt/airflow/dags/hn_pipeline_dag.py                           1           0  0.11s           2026-05-15T03:54:45
================================================================================
[2026-05-15T03:55:20.016+0000] {manager.py:879} INFO - 
================================================================================
DAG File Processing Stats

File Path                             PID    Runtime      # DAGs    # Errors  Last Runtime    Last Run
------------------------------------  -----  ---------  --------  ----------  --------------  -------------------
/opt/airflow/dags/hn_pipeline_dag.py                           1           0  0.11s           2026-05-15T03:55:16
================================================================================
[2026-05-15T03:55:50.340+0000] {manager.py:879} INFO - 
================================================================================
DAG File Processing Stats

File Path                             PID    Runtime      # DAGs    # Errors  Last Runtime    Last Run
------------------------------------  -----  ---------  --------  ----------  --------------  -------------------
/opt/airflow/dags/hn_pipeline_dag.py                           1           0  0.08s           2026-05-15T03:55:46
================================================================================
[2026-05-15T03:56:20.668+0000] {manager.py:879} INFO - 
================================================================================
DAG File Processing Stats

File Path                             PID    Runtime      # DAGs    # Errors  Last Runtime    Last Run
------------------------------------  -----  ---------  --------  ----------  --------------  -------------------
/opt/airflow/dags/hn_pipeline_dag.py                           1           0  0.09s           2026-05-15T03:56:16
================================================================================
[2026-05-15T03:56:51.003+0000] {manager.py:879} INFO - 
================================================================================
DAG File Processing Stats

File Path                             PID    Runtime      # DAGs    # Errors  Last Runtime    Last Run
------------------------------------  -----  ---------  --------  ----------  --------------  -------------------
/opt/airflow/dags/hn_pipeline_dag.py                           1           0  0.09s           2026-05-15T03:56:47
================================================================================
[2026-05-15T03:57:21.189+0000] {manager.py:879} INFO - 
================================================================================
DAG File Processing Stats

File Path                             PID    Runtime      # DAGs    # Errors  Last Runtime    Last Run
------------------------------------  -----  ---------  --------  ----------  --------------  -------------------
/opt/airflow/dags/hn_pipeline_dag.py                           1           0  0.09s           2026-05-15T03:57:17
================================================================================
[2026-05-15T03:57:51.537+0000] {manager.py:879} INFO - 
================================================================================
DAG File Processing Stats

File Path                             PID    Runtime      # DAGs    # Errors  Last Runtime    Last Run
------------------------------------  -----  ---------  --------  ----------  --------------  -------------------
/opt/airflow/dags/hn_pipeline_dag.py                           1           0  0.10s           2026-05-15T03:57:47
================================================================================
[2026-05-15T03:58:21.860+0000] {manager.py:879} INFO - 
================================================================================
DAG File Processing Stats

File Path                             PID    Runtime      # DAGs    # Errors  Last Runtime    Last Run
------------------------------------  -----  ---------  --------  ----------  --------------  -------------------
/opt/airflow/dags/hn_pipeline_dag.py                           1           0  0.08s           2026-05-15T03:58:17
================================================================================
[2026-05-15T03:58:42.058+0000] {manager.py:738} INFO - Searching for files in /opt/airflow/dags
[2026-05-15T03:58:42.063+0000] {manager.py:741} INFO - There are 1 files in /opt/airflow/dags
[2026-05-15T03:58:52.186+0000] {manager.py:879} INFO - 
================================================================================
DAG File Processing Stats

File Path                             PID    Runtime      # DAGs    # Errors  Last Runtime    Last Run
------------------------------------  -----  ---------  --------  ----------  --------------  -------------------
/opt/airflow/dags/hn_pipeline_dag.py                           1           0  0.09s           2026-05-15T03:58:48
================================================================================
[2026-05-15T03:59:22.556+0000] {manager.py:879} INFO - 
================================================================================
DAG File Processing Stats

File Path                             PID    Runtime      # DAGs    # Errors  Last Runtime    Last Run
------------------------------------  -----  ---------  --------  ----------  --------------  -------------------
/opt/airflow/dags/hn_pipeline_dag.py                           1           0  0.11s           2026-05-15T03:59:18
================================================================================
[2026-05-15T03:59:52.989+0000] {manager.py:879} INFO - 
================================================================================
DAG File Processing Stats

File Path                             PID    Runtime      # DAGs    # Errors  Last Runtime    Last Run
------------------------------------  -----  ---------  --------  ----------  --------------  -------------------
/opt/airflow/dags/hn_pipeline_dag.py                           1           0  0.10s           2026-05-15T03:59:49
================================================================================
[2026-05-15T04:00:23.384+0000] {manager.py:879} INFO - 
================================================================================
DAG File Processing Stats

File Path                             PID    Runtime      # DAGs    # Errors  Last Runtime    Last Run
------------------------------------  -----  ---------  --------  ----------  --------------  -------------------
/opt/airflow/dags/hn_pipeline_dag.py                           1           0  0.10s           2026-05-15T04:00:19
================================================================================
[2026-05-15T04:00:53.756+0000] {manager.py:879} INFO - 
================================================================================
DAG File Processing Stats

File Path                             PID    Runtime      # DAGs    # Errors  Last Runtime    Last Run
------------------------------------  -----  ---------  --------  ----------  --------------  -------------------
/opt/airflow/dags/hn_pipeline_dag.py                           1           0  0.14s           2026-05-15T04:00:49
================================================================================
[2026-05-15T04:01:24.263+0000] {manager.py:879} INFO - 
================================================================================
DAG File Processing Stats

File Path                             PID    Runtime      # DAGs    # Errors  Last Runtime    Last Run
------------------------------------  -----  ---------  --------  ----------  --------------  -------------------
/opt/airflow/dags/hn_pipeline_dag.py                           1           0  0.42s           2026-05-15T04:01:20
================================================================================
[2026-05-15T04:01:55.076+0000] {manager.py:879} INFO - 
================================================================================
DAG File Processing Stats

File Path                             PID    Runtime      # DAGs    # Errors  Last Runtime    Last Run
------------------------------------  -----  ---------  --------  ----------  --------------  -------------------
/opt/airflow/dags/hn_pipeline_dag.py                           1           0  3.09s           2026-05-15T04:01:54
================================================================================
[2026-05-15T04:02:26.058+0000] {manager.py:879} INFO - 
================================================================================
DAG File Processing Stats

File Path                             PID    Runtime      # DAGs    # Errors  Last Runtime    Last Run
------------------------------------  -----  ---------  --------  ----------  --------------  -------------------
/opt/airflow/dags/hn_pipeline_dag.py                           1           0  1.61s           2026-05-15T04:02:26
================================================================================
[2026-05-15T04:02:56.389+0000] {manager.py:879} INFO - 
================================================================================
DAG File Processing Stats

File Path                               PID  Runtime      # DAGs    # Errors  Last Runtime    Last Run
------------------------------------  -----  ---------  --------  ----------  --------------  -------------------
/opt/airflow/dags/hn_pipeline_dag.py    699  0.01s             1           0  1.61s           2026-05-15T04:02:26
================================================================================
[2026-05-15T04:03:26.972+0000] {manager.py:879} INFO - 
================================================================================
DAG File Processing Stats

File Path                             PID    Runtime      # DAGs    # Errors  Last Runtime    Last Run
------------------------------------  -----  ---------  --------  ----------  --------------  -------------------
/opt/airflow/dags/hn_pipeline_dag.py                           1           0  1.54s           2026-05-15T04:02:57
================================================================================
[2026-05-15T04:03:42.427+0000] {manager.py:738} INFO - Searching for files in /opt/airflow/dags
[2026-05-15T04:03:42.434+0000] {manager.py:741} INFO - There are 1 files in /opt/airflow/dags
[2026-05-15T04:03:57.709+0000] {manager.py:879} INFO - 
================================================================================
DAG File Processing Stats

File Path                             PID    Runtime      # DAGs    # Errors  Last Runtime    Last Run
------------------------------------  -----  ---------  --------  ----------  --------------  -------------------
/opt/airflow/dags/hn_pipeline_dag.py                           1           0  0.44s           2026-05-15T04:03:28
================================================================================
[2026-05-15T04:04:28.513+0000] {manager.py:879} INFO - 
================================================================================
DAG File Processing Stats

File Path                             PID    Runtime      # DAGs    # Errors  Last Runtime    Last Run
------------------------------------  -----  ---------  --------  ----------  --------------  -------------------
/opt/airflow/dags/hn_pipeline_dag.py                           1           0  24.86s          2026-05-15T04:04:23
================================================================================
[2026-05-15T04:04:58.558+0000] {manager.py:879} INFO - 
================================================================================
DAG File Processing Stats

File Path                             PID    Runtime      # DAGs    # Errors  Last Runtime    Last Run
------------------------------------  -----  ---------  --------  ----------  --------------  -------------------
/opt/airflow/dags/hn_pipeline_dag.py                           1           0  1.63s           2026-05-15T04:04:55
================================================================================
[2026-05-15T04:05:33.915+0000] {manager.py:879} INFO - 
================================================================================
DAG File Processing Stats

File Path                               PID  Runtime      # DAGs    # Errors  Last Runtime    Last Run
------------------------------------  -----  ---------  --------  ----------  --------------  -------------------
/opt/airflow/dags/hn_pipeline_dag.py    719  7.76s             1           0  1.63s           2026-05-15T04:04:55
================================================================================
[2026-05-15T04:06:04.397+0000] {manager.py:879} INFO - 
================================================================================
DAG File Processing Stats

File Path                             PID    Runtime      # DAGs    # Errors  Last Runtime    Last Run
------------------------------------  -----  ---------  --------  ----------  --------------  -------------------
/opt/airflow/dags/hn_pipeline_dag.py                           1           0  12.19s          2026-05-15T04:05:38
================================================================================
[2026-05-15T04:06:34.851+0000] {manager.py:879} INFO - 
================================================================================
DAG File Processing Stats

File Path                             PID    Runtime      # DAGs    # Errors  Last Runtime    Last Run
------------------------------------  -----  ---------  --------  ----------  --------------  -------------------
/opt/airflow/dags/hn_pipeline_dag.py                           1           0  1.51s           2026-05-15T04:06:09
================================================================================
[2026-05-15T04:07:05.704+0000] {manager.py:879} INFO - 
================================================================================
DAG File Processing Stats

File Path                             PID    Runtime      # DAGs    # Errors  Last Runtime    Last Run
------------------------------------  -----  ---------  --------  ----------  --------------  -------------------
/opt/airflow/dags/hn_pipeline_dag.py                           1           0  0.22s           2026-05-15T04:06:40
================================================================================
[2026-05-15T04:07:36.126+0000] {manager.py:879} INFO - 
================================================================================
DAG File Processing Stats

File Path                             PID    Runtime      # DAGs    # Errors  Last Runtime    Last Run
------------------------------------  -----  ---------  --------  ----------  --------------  -------------------
/opt/airflow/dags/hn_pipeline_dag.py                           1           0  0.46s           2026-05-15T04:07:11
================================================================================
[2026-05-15T04:08:06.403+0000] {manager.py:879} INFO - 
================================================================================
DAG File Processing Stats

File Path                             PID    Runtime      # DAGs    # Errors  Last Runtime    Last Run
------------------------------------  -----  ---------  --------  ----------  --------------  -------------------
/opt/airflow/dags/hn_pipeline_dag.py                           1           0  0.43s           2026-05-15T04:07:42
================================================================================
[2026-05-15T04:08:36.404+0000] {manager.py:879} INFO - 
================================================================================
DAG File Processing Stats

File Path                             PID    Runtime      # DAGs    # Errors  Last Runtime    Last Run
------------------------------------  -----  ---------  --------  ----------  --------------  -------------------
/opt/airflow/dags/hn_pipeline_dag.py                           1           0  1.19s           2026-05-15T04:08:13
================================================================================
[2026-05-15T04:08:42.528+0000] {manager.py:738} INFO - Searching for files in /opt/airflow/dags
[2026-05-15T04:08:42.539+0000] {manager.py:741} INFO - There are 1 files in /opt/airflow/dags
[2026-05-15T04:09:07.362+0000] {manager.py:879} INFO - 
================================================================================
DAG File Processing Stats

File Path                             PID    Runtime      # DAGs    # Errors  Last Runtime    Last Run
------------------------------------  -----  ---------  --------  ----------  --------------  -------------------
/opt/airflow/dags/hn_pipeline_dag.py                           1           0  3.51s           2026-05-15T04:08:47
================================================================================
[2026-05-15T04:09:37.814+0000] {manager.py:879} INFO - 
================================================================================
DAG File Processing Stats

File Path                             PID    Runtime      # DAGs    # Errors  Last Runtime    Last Run
------------------------------------  -----  ---------  --------  ----------  --------------  -------------------
/opt/airflow/dags/hn_pipeline_dag.py                           1           0  0.32s           2026-05-15T04:09:17
================================================================================
[2026-05-15T04:10:08.542+0000] {manager.py:879} INFO - 
================================================================================
DAG File Processing Stats

File Path                             PID    Runtime      # DAGs    # Errors  Last Runtime    Last Run
------------------------------------  -----  ---------  --------  ----------  --------------  -------------------
/opt/airflow/dags/hn_pipeline_dag.py                           1           0  1.43s           2026-05-15T04:09:49
================================================================================
[2026-05-15T04:10:39.000+0000] {manager.py:879} INFO - 
================================================================================
DAG File Processing Stats

File Path                             PID    Runtime      # DAGs    # Errors  Last Runtime    Last Run
------------------------------------  -----  ---------  --------  ----------  --------------  -------------------
/opt/airflow/dags/hn_pipeline_dag.py                           1           0  1.14s           2026-05-15T04:10:20
================================================================================
[2026-05-15T04:11:09.322+0000] {manager.py:879} INFO - 
================================================================================
DAG File Processing Stats

File Path                             PID    Runtime      # DAGs    # Errors  Last Runtime    Last Run
------------------------------------  -----  ---------  --------  ----------  --------------  -------------------
/opt/airflow/dags/hn_pipeline_dag.py                           1           0  10.08s          2026-05-15T04:11:01
================================================================================
[2026-05-15T04:11:39.452+0000] {manager.py:879} INFO - 
================================================================================
DAG File Processing Stats

File Path                             PID    Runtime      # DAGs    # Errors  Last Runtime    Last Run
------------------------------------  -----  ---------  --------  ----------  --------------  -------------------
/opt/airflow/dags/hn_pipeline_dag.py                           1           0  7.85s           2026-05-15T04:11:39
================================================================================
[2026-05-15T04:12:09.841+0000] {manager.py:879} INFO - 
================================================================================
DAG File Processing Stats

File Path                               PID  Runtime      # DAGs    # Errors  Last Runtime    Last Run
------------------------------------  -----  ---------  --------  ----------  --------------  -------------------
/opt/airflow/dags/hn_pipeline_dag.py    779  0.01s             1           0  7.85s           2026-05-15T04:11:39
================================================================================
[2026-05-15T04:12:39.702+0000] {manager.py:879} INFO - 
================================================================================
DAG File Processing Stats

File Path                             PID    Runtime      # DAGs    # Errors  Last Runtime    Last Run
------------------------------------  -----  ---------  --------  ----------  --------------  -------------------
/opt/airflow/dags/hn_pipeline_dag.py                           1           0  19.06s          2026-05-15T04:12:28
================================================================================
[2026-05-15T04:13:10.030+0000] {manager.py:879} INFO - 
================================================================================
DAG File Processing Stats

File Path                             PID    Runtime      # DAGs    # Errors  Last Runtime    Last Run
------------------------------------  -----  ---------  --------  ----------  --------------  -------------------
/opt/airflow/dags/hn_pipeline_dag.py                           1           0  0.13s           2026-05-15T04:12:59
================================================================================
[2026-05-15T04:13:40.395+0000] {manager.py:879} INFO - 
================================================================================
DAG File Processing Stats

File Path                             PID    Runtime      # DAGs    # Errors  Last Runtime    Last Run
------------------------------------  -----  ---------  --------  ----------  --------------  -------------------
/opt/airflow/dags/hn_pipeline_dag.py                           1           0  0.10s           2026-05-15T04:13:29
================================================================================
[2026-05-15T04:13:43.434+0000] {manager.py:738} INFO - Searching for files in /opt/airflow/dags
[2026-05-15T04:13:43.443+0000] {manager.py:741} INFO - There are 1 files in /opt/airflow/dags
[2026-05-15T04:14:10.755+0000] {manager.py:879} INFO - 
================================================================================
DAG File Processing Stats

File Path                             PID    Runtime      # DAGs    # Errors  Last Runtime    Last Run
------------------------------------  -----  ---------  --------  ----------  --------------  -------------------
/opt/airflow/dags/hn_pipeline_dag.py                           1           0  0.10s           2026-05-15T04:13:59
================================================================================
[2026-05-15T04:14:41.093+0000] {manager.py:879} INFO - 
================================================================================
DAG File Processing Stats

File Path                             PID    Runtime      # DAGs    # Errors  Last Runtime    Last Run
------------------------------------  -----  ---------  --------  ----------  --------------  -------------------
/opt/airflow/dags/hn_pipeline_dag.py                           1           0  0.06s           2026-05-15T04:14:30
================================================================================
[2026-05-15T04:15:11.542+0000] {manager.py:879} INFO - 
================================================================================
DAG File Processing Stats

File Path                             PID    Runtime      # DAGs    # Errors  Last Runtime    Last Run
------------------------------------  -----  ---------  --------  ----------  --------------  -------------------
/opt/airflow/dags/hn_pipeline_dag.py                           1           0  2.99s           2026-05-15T04:15:03
================================================================================
[2026-05-15T04:15:41.783+0000] {manager.py:879} INFO - 
================================================================================
DAG File Processing Stats

File Path                             PID    Runtime      # DAGs    # Errors  Last Runtime    Last Run
------------------------------------  -----  ---------  --------  ----------  --------------  -------------------
/opt/airflow/dags/hn_pipeline_dag.py                           1           0  1.89s           2026-05-15T04:15:35
================================================================================
[2026-05-15T04:16:18.726+0000] {manager.py:879} INFO - 
================================================================================
DAG File Processing Stats

File Path                               PID  Runtime      # DAGs    # Errors  Last Runtime    Last Run
------------------------------------  -----  ---------  --------  ----------  --------------  -------------------
/opt/airflow/dags/hn_pipeline_dag.py    814  12.74s            1           0  1.89s           2026-05-15T04:15:35
================================================================================
[2026-05-15T04:16:49.262+0000] {manager.py:879} INFO - 
================================================================================
DAG File Processing Stats

File Path                               PID  Runtime      # DAGs    # Errors  Last Runtime    Last Run
------------------------------------  -----  ---------  --------  ----------  --------------  -------------------
/opt/airflow/dags/hn_pipeline_dag.py    819  0.01s             1           0  13.11s          2026-05-15T04:16:19
================================================================================
[2026-05-15T04:17:19.624+0000] {manager.py:879} INFO - 
================================================================================
DAG File Processing Stats

File Path                               PID  Runtime      # DAGs    # Errors  Last Runtime    Last Run
------------------------------------  -----  ---------  --------  ----------  --------------  -------------------
/opt/airflow/dags/hn_pipeline_dag.py    824  0.01s             1           0  0.09s           2026-05-15T04:16:49
================================================================================
[2026-05-15T04:17:49.949+0000] {manager.py:879} INFO - 
================================================================================
DAG File Processing Stats

File Path                               PID  Runtime      # DAGs    # Errors  Last Runtime    Last Run
------------------------------------  -----  ---------  --------  ----------  --------------  -------------------
/opt/airflow/dags/hn_pipeline_dag.py    829  0.01s             1           0  0.07s           2026-05-15T04:17:19
================================================================================
[2026-05-15T04:18:20.262+0000] {manager.py:879} INFO - 
================================================================================
DAG File Processing Stats

File Path                               PID  Runtime      # DAGs    # Errors  Last Runtime    Last Run
------------------------------------  -----  ---------  --------  ----------  --------------  -------------------
/opt/airflow/dags/hn_pipeline_dag.py    834  0.01s             1           0  0.08s           2026-05-15T04:17:50
================================================================================
[2026-05-15T04:18:43.509+0000] {manager.py:738} INFO - Searching for files in /opt/airflow/dags
[2026-05-15T04:18:43.519+0000] {manager.py:741} INFO - There are 1 files in /opt/airflow/dags
[2026-05-15T04:18:50.629+0000] {manager.py:879} INFO - 
================================================================================
DAG File Processing Stats

File Path                               PID  Runtime      # DAGs    # Errors  Last Runtime    Last Run
------------------------------------  -----  ---------  --------  ----------  --------------  -------------------
/opt/airflow/dags/hn_pipeline_dag.py    839  0.01s             1           0  0.07s           2026-05-15T04:18:20
================================================================================
[2026-05-15T04:19:20.938+0000] {manager.py:879} INFO - 
================================================================================
DAG File Processing Stats

File Path                             PID    Runtime      # DAGs    # Errors  Last Runtime    Last Run
------------------------------------  -----  ---------  --------  ----------  --------------  -------------------
/opt/airflow/dags/hn_pipeline_dag.py                           1           0  8.27s           2026-05-15T04:18:58
================================================================================
[2026-05-15T04:19:51.396+0000] {manager.py:879} INFO - 
================================================================================
DAG File Processing Stats

File Path                             PID    Runtime      # DAGs    # Errors  Last Runtime    Last Run
------------------------------------  -----  ---------  --------  ----------  --------------  -------------------
/opt/airflow/dags/hn_pipeline_dag.py                           1           0  0.26s           2026-05-15T04:19:29
================================================================================
[2026-05-15T04:20:21.786+0000] {manager.py:879} INFO - 
================================================================================
DAG File Processing Stats

File Path                             PID    Runtime      # DAGs    # Errors  Last Runtime    Last Run
------------------------------------  -----  ---------  --------  ----------  --------------  -------------------
/opt/airflow/dags/hn_pipeline_dag.py                           1           0  0.09s           2026-05-15T04:19:59
================================================================================
[2026-05-15T04:20:52.133+0000] {manager.py:879} INFO - 
================================================================================
DAG File Processing Stats

File Path                             PID    Runtime      # DAGs    # Errors  Last Runtime    Last Run
------------------------------------  -----  ---------  --------  ----------  --------------  -------------------
/opt/airflow/dags/hn_pipeline_dag.py                           1           0  0.07s           2026-05-15T04:20:29
================================================================================
[2026-05-15T04:21:22.431+0000] {manager.py:879} INFO - 
================================================================================
DAG File Processing Stats

File Path                             PID    Runtime      # DAGs    # Errors  Last Runtime    Last Run
------------------------------------  -----  ---------  --------  ----------  --------------  -------------------
/opt/airflow/dags/hn_pipeline_dag.py                           1           0  0.07s           2026-05-15T04:21:00
================================================================================
[2026-05-15T04:21:55.573+0000] {manager.py:879} INFO - 
================================================================================
DAG File Processing Stats

File Path                               PID  Runtime      # DAGs    # Errors  Last Runtime    Last Run
------------------------------------  -----  ---------  --------  ----------  --------------  -------------------
/opt/airflow/dags/hn_pipeline_dag.py    864  25.01s            1           0  0.07s           2026-05-15T04:21:00
================================================================================
[2026-05-15T04:22:25.766+0000] {manager.py:879} INFO - 
================================================================================
DAG File Processing Stats

File Path                             PID    Runtime      # DAGs    # Errors  Last Runtime    Last Run
------------------------------------  -----  ---------  --------  ----------  --------------  -------------------
/opt/airflow/dags/hn_pipeline_dag.py                           1           0  30.30s          2026-05-15T04:22:00
================================================================================
[2026-05-15T04:22:56.443+0000] {manager.py:879} INFO - 
================================================================================
DAG File Processing Stats

File Path                             PID    Runtime      # DAGs    # Errors  Last Runtime    Last Run
------------------------------------  -----  ---------  --------  ----------  --------------  -------------------
/opt/airflow/dags/hn_pipeline_dag.py                           1           0  0.25s           2026-05-15T04:22:31
================================================================================
[2026-05-15T04:23:26.798+0000] {manager.py:879} INFO - 
================================================================================
DAG File Processing Stats

File Path                             PID    Runtime      # DAGs    # Errors  Last Runtime    Last Run
------------------------------------  -----  ---------  --------  ----------  --------------  -------------------
/opt/airflow/dags/hn_pipeline_dag.py                           1           0  0.10s           2026-05-15T04:23:01
================================================================================
[2026-05-15T04:23:43.967+0000] {manager.py:738} INFO - Searching for files in /opt/airflow/dags
[2026-05-15T04:23:43.975+0000] {manager.py:741} INFO - There are 1 files in /opt/airflow/dags
[2026-05-15T04:23:57.074+0000] {manager.py:879} INFO - 
================================================================================
DAG File Processing Stats

File Path                             PID    Runtime      # DAGs    # Errors  Last Runtime    Last Run
------------------------------------  -----  ---------  --------  ----------  --------------  -------------------
/opt/airflow/dags/hn_pipeline_dag.py                           1           0  0.08s           2026-05-15T04:23:31
================================================================================
[2026-05-15T04:24:35.170+0000] {manager.py:879} INFO - 
================================================================================
DAG File Processing Stats

File Path                               PID  Runtime      # DAGs    # Errors  Last Runtime    Last Run
------------------------------------  -----  ---------  --------  ----------  --------------  -------------------
/opt/airflow/dags/hn_pipeline_dag.py    884  31.05s            1           0  0.08s           2026-05-15T04:23:31
================================================================================
[2026-05-15T04:24:58.002+0000] {manager.py:1201} ERROR - Processor for /opt/airflow/dags/hn_pipeline_dag.py with PID 884 started at 2026-05-15T04:24:02.157903+00:00 has timed out, killing it.
[2026-05-15T04:25:05.416+0000] {manager.py:879} INFO - 
================================================================================
DAG File Processing Stats

File Path                             PID    Runtime      # DAGs    # Errors  Last Runtime    Last Run
------------------------------------  -----  ---------  --------  ----------  --------------  -------------------
/opt/airflow/dags/hn_pipeline_dag.py                           0           1  55.79s          2026-05-15T04:24:57
================================================================================
[2026-05-15T04:25:35.683+0000] {manager.py:879} INFO - 
================================================================================
DAG File Processing Stats

File Path                             PID    Runtime      # DAGs    # Errors  Last Runtime    Last Run
------------------------------------  -----  ---------  --------  ----------  --------------  -------------------
/opt/airflow/dags/hn_pipeline_dag.py                           1           0  0.14s           2026-05-15T04:25:28
================================================================================
[2026-05-15T04:26:06.021+0000] {manager.py:879} INFO - 
================================================================================
DAG File Processing Stats

File Path                             PID    Runtime      # DAGs    # Errors  Last Runtime    Last Run
------------------------------------  -----  ---------  --------  ----------  --------------  -------------------
/opt/airflow/dags/hn_pipeline_dag.py                           1           0  0.09s           2026-05-15T04:25:59
================================================================================
[2026-05-15T04:26:45.708+0000] {manager.py:879} INFO - 
================================================================================
DAG File Processing Stats

File Path                               PID  Runtime      # DAGs    # Errors  Last Runtime    Last Run
------------------------------------  -----  ---------  --------  ----------  --------------  -------------------
/opt/airflow/dags/hn_pipeline_dag.py    897  15.06s            1           0  0.09s           2026-05-15T04:25:59
================================================================================
[2026-05-15T04:27:16.112+0000] {manager.py:879} INFO - 
================================================================================
DAG File Processing Stats

File Path                             PID    Runtime      # DAGs    # Errors  Last Runtime    Last Run
------------------------------------  -----  ---------  --------  ----------  --------------  -------------------
/opt/airflow/dags/hn_pipeline_dag.py                           1           0  44.08s          2026-05-15T04:27:13
================================================================================
[2026-05-15T04:27:46.407+0000] {manager.py:879} INFO - 
================================================================================
DAG File Processing Stats

File Path                             PID    Runtime      # DAGs    # Errors  Last Runtime    Last Run
------------------------------------  -----  ---------  --------  ----------  --------------  -------------------
/opt/airflow/dags/hn_pipeline_dag.py                           1           0  0.10s           2026-05-15T04:27:43
================================================================================
[2026-05-15T04:28:16.727+0000] {manager.py:879} INFO - 
================================================================================
DAG File Processing Stats

File Path                             PID    Runtime      # DAGs    # Errors  Last Runtime    Last Run
------------------------------------  -----  ---------  --------  ----------  --------------  -------------------
/opt/airflow/dags/hn_pipeline_dag.py                           1           0  0.09s           2026-05-15T04:28:13
================================================================================
[2026-05-15T04:28:43.990+0000] {manager.py:738} INFO - Searching for files in /opt/airflow/dags
[2026-05-15T04:28:44.000+0000] {manager.py:741} INFO - There are 1 files in /opt/airflow/dags
[2026-05-15T04:28:47.043+0000] {manager.py:879} INFO - 
================================================================================
DAG File Processing Stats

File Path                             PID    Runtime      # DAGs    # Errors  Last Runtime    Last Run
------------------------------------  -----  ---------  --------  ----------  --------------  -------------------
/opt/airflow/dags/hn_pipeline_dag.py                           1           0  0.06s           2026-05-15T04:28:44
================================================================================
[2026-05-15T04:29:17.375+0000] {manager.py:879} INFO - 
================================================================================
DAG File Processing Stats

File Path                               PID  Runtime      # DAGs    # Errors  Last Runtime    Last Run
------------------------------------  -----  ---------  --------  ----------  --------------  -------------------
/opt/airflow/dags/hn_pipeline_dag.py    917  2.71s             1           0  0.06s           2026-05-15T04:28:44
================================================================================
[2026-05-15T04:29:47.544+0000] {manager.py:879} INFO - 
================================================================================
DAG File Processing Stats

File Path                             PID    Runtime      # DAGs    # Errors  Last Runtime    Last Run
------------------------------------  -----  ---------  --------  ----------  --------------  -------------------
/opt/airflow/dags/hn_pipeline_dag.py                           1           0  14.77s          2026-05-15T04:29:29
================================================================================
[2026-05-15T04:30:17.861+0000] {manager.py:879} INFO - 
================================================================================
DAG File Processing Stats

File Path                             PID    Runtime      # DAGs    # Errors  Last Runtime    Last Run
------------------------------------  -----  ---------  --------  ----------  --------------  -------------------
/opt/airflow/dags/hn_pipeline_dag.py                           1           0  0.20s           2026-05-15T04:29:59
================================================================================
[2026-05-15T04:30:48.068+0000] {manager.py:879} INFO - 
================================================================================
DAG File Processing Stats

File Path                             PID    Runtime      # DAGs    # Errors  Last Runtime    Last Run
------------------------------------  -----  ---------  --------  ----------  --------------  -------------------
/opt/airflow/dags/hn_pipeline_dag.py                           1           0  0.10s           2026-05-15T04:30:30
================================================================================
[2026-05-15T04:31:18.420+0000] {manager.py:879} INFO - 
================================================================================
DAG File Processing Stats

File Path                             PID    Runtime      # DAGs    # Errors  Last Runtime    Last Run
------------------------------------  -----  ---------  --------  ----------  --------------  -------------------
/opt/airflow/dags/hn_pipeline_dag.py                           1           0  0.08s           2026-05-15T04:31:00
================================================================================
[2026-05-15T04:31:49.006+0000] {manager.py:879} INFO - 
================================================================================
DAG File Processing Stats

File Path                             PID    Runtime      # DAGs    # Errors  Last Runtime    Last Run
------------------------------------  -----  ---------  --------  ----------  --------------  -------------------
/opt/airflow/dags/hn_pipeline_dag.py                           1           0  0.05s           2026-05-15T04:31:30
================================================================================
[2026-05-15T04:32:41.226+0000] {manager.py:879} INFO - 
================================================================================
DAG File Processing Stats

File Path                               PID  Runtime      # DAGs    # Errors  Last Runtime    Last Run
------------------------------------  -----  ---------  --------  ----------  --------------  -------------------
/opt/airflow/dags/hn_pipeline_dag.py    942  39.87s            1           0  0.05s           2026-05-15T04:31:30
================================================================================
[2026-05-15T04:33:11.464+0000] {manager.py:879} INFO - 
================================================================================
DAG File Processing Stats

File Path                             PID    Runtime      # DAGs    # Errors  Last Runtime    Last Run
------------------------------------  -----  ---------  --------  ----------  --------------  -------------------
/opt/airflow/dags/hn_pipeline_dag.py                           1           0  41.89s          2026-05-15T04:32:43
================================================================================
[2026-05-15T04:33:41.489+0000] {manager.py:879} INFO - 
================================================================================
DAG File Processing Stats

File Path                             PID    Runtime      # DAGs    # Errors  Last Runtime    Last Run
------------------------------------  -----  ---------  --------  ----------  --------------  -------------------
/opt/airflow/dags/hn_pipeline_dag.py                           1           0  0.09s           2026-05-15T04:33:13
================================================================================
[2026-05-15T04:33:44.555+0000] {manager.py:738} INFO - Searching for files in /opt/airflow/dags
[2026-05-15T04:33:44.567+0000] {manager.py:741} INFO - There are 1 files in /opt/airflow/dags
[2026-05-15T04:34:11.838+0000] {manager.py:879} INFO - 
================================================================================
DAG File Processing Stats

File Path                             PID    Runtime      # DAGs    # Errors  Last Runtime    Last Run
------------------------------------  -----  ---------  --------  ----------  --------------  -------------------
/opt/airflow/dags/hn_pipeline_dag.py                           1           0  0.09s           2026-05-15T04:33:43
================================================================================
[2026-05-15T04:34:42.124+0000] {manager.py:879} INFO - 
================================================================================
DAG File Processing Stats

File Path                             PID    Runtime      # DAGs    # Errors  Last Runtime    Last Run
------------------------------------  -----  ---------  --------  ----------  --------------  -------------------
/opt/airflow/dags/hn_pipeline_dag.py                           1           0  0.07s           2026-05-15T04:34:13
================================================================================
[2026-05-15T04:35:12.876+0000] {manager.py:879} INFO - 
================================================================================
DAG File Processing Stats

File Path                             PID    Runtime      # DAGs    # Errors  Last Runtime    Last Run
------------------------------------  -----  ---------  --------  ----------  --------------  -------------------
/opt/airflow/dags/hn_pipeline_dag.py                           1           0  0.08s           2026-05-15T04:34:44
================================================================================
[2026-05-15T04:35:43.071+0000] {manager.py:879} INFO - 
================================================================================
DAG File Processing Stats

File Path                             PID    Runtime      # DAGs    # Errors  Last Runtime    Last Run
------------------------------------  -----  ---------  --------  ----------  --------------  -------------------
/opt/airflow/dags/hn_pipeline_dag.py                           1           0  11.18s          2026-05-15T04:35:26
================================================================================
[2026-05-15T04:36:13.427+0000] {manager.py:879} INFO - 
================================================================================
DAG File Processing Stats

File Path                             PID    Runtime      # DAGs    # Errors  Last Runtime    Last Run
------------------------------------  -----  ---------  --------  ----------  --------------  -------------------
/opt/airflow/dags/hn_pipeline_dag.py                           1           0  0.10s           2026-05-15T04:35:56
================================================================================
[2026-05-15T04:36:43.766+0000] {manager.py:879} INFO - 
================================================================================
DAG File Processing Stats

File Path                             PID    Runtime      # DAGs    # Errors  Last Runtime    Last Run
------------------------------------  -----  ---------  --------  ----------  --------------  -------------------
/opt/airflow/dags/hn_pipeline_dag.py                           1           0  0.09s           2026-05-15T04:36:26
================================================================================
[2026-05-15T04:37:14.107+0000] {manager.py:879} INFO - 
================================================================================
DAG File Processing Stats

File Path                             PID    Runtime      # DAGs    # Errors  Last Runtime    Last Run
------------------------------------  -----  ---------  --------  ----------  --------------  -------------------
/opt/airflow/dags/hn_pipeline_dag.py                           1           0  0.08s           2026-05-15T04:36:56
================================================================================
[2026-05-15T04:37:44.411+0000] {manager.py:879} INFO - 
================================================================================
DAG File Processing Stats

File Path                             PID    Runtime      # DAGs    # Errors  Last Runtime    Last Run
------------------------------------  -----  ---------  --------  ----------  --------------  -------------------
/opt/airflow/dags/hn_pipeline_dag.py                           1           0  0.08s           2026-05-15T04:37:27
================================================================================
[2026-05-15T04:38:14.543+0000] {manager.py:879} INFO - 
================================================================================
DAG File Processing Stats

File Path                             PID    Runtime      # DAGs    # Errors  Last Runtime    Last Run
------------------------------------  -----  ---------  --------  ----------  --------------  -------------------
/opt/airflow/dags/hn_pipeline_dag.py                           1           0  7.55s           2026-05-15T04:38:05
================================================================================
[2026-05-15T04:38:44.946+0000] {manager.py:738} INFO - Searching for files in /opt/airflow/dags
[2026-05-15T04:38:44.955+0000] {manager.py:741} INFO - There are 1 files in /opt/airflow/dags
[2026-05-15T04:38:44.972+0000] {manager.py:879} INFO - 
================================================================================
DAG File Processing Stats

File Path                             PID    Runtime      # DAGs    # Errors  Last Runtime    Last Run
------------------------------------  -----  ---------  --------  ----------  --------------  -------------------
/opt/airflow/dags/hn_pipeline_dag.py                           1           0  0.17s           2026-05-15T04:38:36
================================================================================
[2026-05-15T04:39:15.356+0000] {manager.py:879} INFO - 
================================================================================
DAG File Processing Stats

File Path                             PID    Runtime      # DAGs    # Errors  Last Runtime    Last Run
------------------------------------  -----  ---------  --------  ----------  --------------  -------------------
/opt/airflow/dags/hn_pipeline_dag.py                           1           0  0.12s           2026-05-15T04:39:06
================================================================================
[2026-05-15T04:39:45.719+0000] {manager.py:879} INFO - 
================================================================================
DAG File Processing Stats

File Path                             PID    Runtime      # DAGs    # Errors  Last Runtime    Last Run
------------------------------------  -----  ---------  --------  ----------  --------------  -------------------
/opt/airflow/dags/hn_pipeline_dag.py                           1           0  0.09s           2026-05-15T04:39:36
================================================================================
[2026-05-15T04:40:16.033+0000] {manager.py:879} INFO - 
================================================================================
DAG File Processing Stats

File Path                             PID    Runtime      # DAGs    # Errors  Last Runtime    Last Run
------------------------------------  -----  ---------  --------  ----------  --------------  -------------------
/opt/airflow/dags/hn_pipeline_dag.py                           1           0  0.08s           2026-05-15T04:40:07
================================================================================
[2026-05-15T04:40:50.710+0000] {manager.py:879} INFO - 
================================================================================
DAG File Processing Stats

File Path                               PID  Runtime      # DAGs    # Errors  Last Runtime    Last Run
------------------------------------  -----  ---------  --------  ----------  --------------  -------------------
/opt/airflow/dags/hn_pipeline_dag.py   1017  13.50s            1           0  0.08s           2026-05-15T04:40:07
================================================================================
[2026-05-15T04:41:20.996+0000] {manager.py:879} INFO - 
================================================================================
DAG File Processing Stats

File Path                               PID  Runtime      # DAGs    # Errors  Last Runtime    Last Run
------------------------------------  -----  ---------  --------  ----------  --------------  -------------------
/opt/airflow/dags/hn_pipeline_dag.py   1022  0.01s             1           0  13.54s          2026-05-15T04:40:50
================================================================================
[2026-05-15T04:41:51.330+0000] {manager.py:879} INFO - 
================================================================================
DAG File Processing Stats

File Path                               PID  Runtime      # DAGs    # Errors  Last Runtime    Last Run
------------------------------------  -----  ---------  --------  ----------  --------------  -------------------
/opt/airflow/dags/hn_pipeline_dag.py   1027  0.01s             1           0  0.08s           2026-05-15T04:41:21
================================================================================
[2026-05-15T04:42:21.541+0000] {manager.py:879} INFO - 
================================================================================
DAG File Processing Stats

File Path                               PID  Runtime      # DAGs    # Errors  Last Runtime    Last Run
------------------------------------  -----  ---------  --------  ----------  --------------  -------------------
/opt/airflow/dags/hn_pipeline_dag.py   1032  0.01s             1           0  0.08s           2026-05-15T04:41:51
================================================================================
[2026-05-15T04:42:52.483+0000] {manager.py:879} INFO - 
================================================================================
DAG File Processing Stats

File Path                               PID  Runtime      # DAGs    # Errors  Last Runtime    Last Run
------------------------------------  -----  ---------  --------  ----------  --------------  -------------------
/opt/airflow/dags/hn_pipeline_dag.py   1037  0.05s             1           0  0.08s           2026-05-15T04:42:21
================================================================================
[2026-05-15T04:43:22.379+0000] {manager.py:879} INFO - 
================================================================================
DAG File Processing Stats

File Path                             PID    Runtime      # DAGs    # Errors  Last Runtime    Last Run
------------------------------------  -----  ---------  --------  ----------  --------------  -------------------
/opt/airflow/dags/hn_pipeline_dag.py                           1           0  26.02s          2026-05-15T04:43:18
================================================================================
[2026-05-15T04:43:45.409+0000] {manager.py:738} INFO - Searching for files in /opt/airflow/dags
[2026-05-15T04:43:45.418+0000] {manager.py:741} INFO - There are 1 files in /opt/airflow/dags
[2026-05-15T04:43:52.504+0000] {manager.py:879} INFO - 
================================================================================
DAG File Processing Stats

File Path                             PID    Runtime      # DAGs    # Errors  Last Runtime    Last Run
------------------------------------  -----  ---------  --------  ----------  --------------  -------------------
/opt/airflow/dags/hn_pipeline_dag.py                           1           0  0.08s           2026-05-15T04:43:48
================================================================================
[2026-05-15T04:44:22.764+0000] {manager.py:879} INFO - 
================================================================================
DAG File Processing Stats

File Path                             PID    Runtime      # DAGs    # Errors  Last Runtime    Last Run
------------------------------------  -----  ---------  --------  ----------  --------------  -------------------
/opt/airflow/dags/hn_pipeline_dag.py                           1           0  0.09s           2026-05-15T04:44:18
================================================================================
[2026-05-15T04:44:53.069+0000] {manager.py:879} INFO - 
================================================================================
DAG File Processing Stats

File Path                             PID    Runtime      # DAGs    # Errors  Last Runtime    Last Run
------------------------------------  -----  ---------  --------  ----------  --------------  -------------------
/opt/airflow/dags/hn_pipeline_dag.py                           1           0  0.06s           2026-05-15T04:44:49
================================================================================
[2026-05-15T04:45:24.833+0000] {manager.py:879} INFO - 
================================================================================
DAG File Processing Stats

File Path                               PID  Runtime      # DAGs    # Errors  Last Runtime    Last Run
------------------------------------  -----  ---------  --------  ----------  --------------  -------------------
/opt/airflow/dags/hn_pipeline_dag.py   1057  4.16s             1           0  0.06s           2026-05-15T04:44:49
================================================================================
[2026-05-15T04:45:55.336+0000] {manager.py:879} INFO - 
================================================================================
DAG File Processing Stats

File Path                             PID    Runtime      # DAGs    # Errors  Last Runtime    Last Run
------------------------------------  -----  ---------  --------  ----------  --------------  -------------------
/opt/airflow/dags/hn_pipeline_dag.py                           1           0  20.21s          2026-05-15T04:45:40
================================================================================
[2026-05-15T04:46:25.626+0000] {manager.py:879} INFO - 
================================================================================
DAG File Processing Stats

File Path                             PID    Runtime      # DAGs    # Errors  Last Runtime    Last Run
------------------------------------  -----  ---------  --------  ----------  --------------  -------------------
/opt/airflow/dags/hn_pipeline_dag.py                           1           0  0.09s           2026-05-15T04:46:10
================================================================================
[2026-05-15T04:46:55.926+0000] {manager.py:879} INFO - 
================================================================================
DAG File Processing Stats

File Path                             PID    Runtime      # DAGs    # Errors  Last Runtime    Last Run
------------------------------------  -----  ---------  --------  ----------  --------------  -------------------
/opt/airflow/dags/hn_pipeline_dag.py                           1           0  0.08s           2026-05-15T04:46:40
================================================================================
[2026-05-15T04:47:26.224+0000] {manager.py:879} INFO - 
================================================================================
DAG File Processing Stats

File Path                             PID    Runtime      # DAGs    # Errors  Last Runtime    Last Run
------------------------------------  -----  ---------  --------  ----------  --------------  -------------------
/opt/airflow/dags/hn_pipeline_dag.py                           1           0  0.08s           2026-05-15T04:47:11
================================================================================
[2026-05-15T04:47:56.293+0000] {manager.py:879} INFO - 
================================================================================
DAG File Processing Stats

File Path                               PID  Runtime      # DAGs    # Errors  Last Runtime    Last Run
------------------------------------  -----  ---------  --------  ----------  --------------  -------------------
/opt/airflow/dags/hn_pipeline_dag.py   1077  13.76s            1           0  0.08s           2026-05-15T04:47:11
================================================================================
[2026-05-15T04:48:27.326+0000] {manager.py:879} INFO - 
================================================================================
DAG File Processing Stats

File Path                             PID    Runtime      # DAGs    # Errors  Last Runtime    Last Run
------------------------------------  -----  ---------  --------  ----------  --------------  -------------------
/opt/airflow/dags/hn_pipeline_dag.py                           1           0  18.76s          2026-05-15T04:48:01
================================================================================
[2026-05-15T04:48:45.486+0000] {manager.py:738} INFO - Searching for files in /opt/airflow/dags
[2026-05-15T04:48:45.495+0000] {manager.py:741} INFO - There are 1 files in /opt/airflow/dags
[2026-05-15T04:48:57.590+0000] {manager.py:879} INFO - 
================================================================================
DAG File Processing Stats

File Path                             PID    Runtime      # DAGs    # Errors  Last Runtime    Last Run
------------------------------------  -----  ---------  --------  ----------  --------------  -------------------
/opt/airflow/dags/hn_pipeline_dag.py                           1           0  0.08s           2026-05-15T04:48:31
================================================================================
[2026-05-15T04:49:27.835+0000] {manager.py:879} INFO - 
================================================================================
DAG File Processing Stats

File Path                             PID    Runtime      # DAGs    # Errors  Last Runtime    Last Run
------------------------------------  -----  ---------  --------  ----------  --------------  -------------------
/opt/airflow/dags/hn_pipeline_dag.py                           1           0  0.06s           2026-05-15T04:49:01
================================================================================
[2026-05-15T04:49:58.134+0000] {manager.py:879} INFO - 
================================================================================
DAG File Processing Stats

File Path                             PID    Runtime      # DAGs    # Errors  Last Runtime    Last Run
------------------------------------  -----  ---------  --------  ----------  --------------  -------------------
/opt/airflow/dags/hn_pipeline_dag.py                           1           0  0.08s           2026-05-15T04:49:31
================================================================================
[2026-05-15T04:50:40.658+0000] {manager.py:879} INFO - 
================================================================================
DAG File Processing Stats

File Path                               PID  Runtime      # DAGs    # Errors  Last Runtime    Last Run
------------------------------------  -----  ---------  --------  ----------  --------------  -------------------
/opt/airflow/dags/hn_pipeline_dag.py   1102  0.96s             1           0  0.05s           2026-05-15T04:50:02
================================================================================
[2026-05-15T04:51:14.627+0000] {manager.py:879} INFO - 
================================================================================
DAG File Processing Stats

File Path                             PID    Runtime      # DAGs    # Errors  Last Runtime    Last Run
------------------------------------  -----  ---------  --------  ----------  --------------  -------------------
/opt/airflow/dags/hn_pipeline_dag.py                           1           0  22.22s          2026-05-15T04:50:55
================================================================================
[2026-05-15T04:51:44.927+0000] {manager.py:879} INFO - 
================================================================================
DAG File Processing Stats

File Path                             PID    Runtime      # DAGs    # Errors  Last Runtime    Last Run
------------------------------------  -----  ---------  --------  ----------  --------------  -------------------
/opt/airflow/dags/hn_pipeline_dag.py                           1           0  0.10s           2026-05-15T04:51:25
================================================================================
[2026-05-15T04:52:15.252+0000] {manager.py:879} INFO - 
================================================================================
DAG File Processing Stats

File Path                             PID    Runtime      # DAGs    # Errors  Last Runtime    Last Run
------------------------------------  -----  ---------  --------  ----------  --------------  -------------------
/opt/airflow/dags/hn_pipeline_dag.py                           1           0  0.09s           2026-05-15T04:51:56
================================================================================
[2026-05-15T04:52:46.673+0000] {manager.py:879} INFO - 
================================================================================
DAG File Processing Stats

File Path                             PID    Runtime      # DAGs    # Errors  Last Runtime    Last Run
------------------------------------  -----  ---------  --------  ----------  --------------  -------------------
/opt/airflow/dags/hn_pipeline_dag.py                           1           0  0.07s           2026-05-15T04:52:26
================================================================================
[2026-05-15T04:53:17.768+0000] {manager.py:879} INFO - 
================================================================================
DAG File Processing Stats

File Path                               PID  Runtime      # DAGs    # Errors  Last Runtime    Last Run
------------------------------------  -----  ---------  --------  ----------  --------------  -------------------
/opt/airflow/dags/hn_pipeline_dag.py   1122  19.85s            1           0  0.07s           2026-05-15T04:52:26
================================================================================
[2026-05-15T04:53:46.304+0000] {manager.py:738} INFO - Searching for files in /opt/airflow/dags
[2026-05-15T04:53:46.310+0000] {manager.py:741} INFO - There are 1 files in /opt/airflow/dags
[2026-05-15T04:53:48.337+0000] {manager.py:879} INFO - 
================================================================================
DAG File Processing Stats

File Path                             PID    Runtime      # DAGs    # Errors  Last Runtime    Last Run
------------------------------------  -----  ---------  --------  ----------  --------------  -------------------
/opt/airflow/dags/hn_pipeline_dag.py                           1           0  48.52s          2026-05-15T04:53:46
================================================================================
[2026-05-15T04:54:18.584+0000] {manager.py:879} INFO - 
================================================================================
DAG File Processing Stats

File Path                             PID    Runtime      # DAGs    # Errors  Last Runtime    Last Run
------------------------------------  -----  ---------  --------  ----------  --------------  -------------------
/opt/airflow/dags/hn_pipeline_dag.py                           1           0  0.09s           2026-05-15T04:54:16
================================================================================
[2026-05-15T04:54:48.819+0000] {manager.py:879} INFO - 
================================================================================
DAG File Processing Stats

File Path                             PID    Runtime      # DAGs    # Errors  Last Runtime    Last Run
------------------------------------  -----  ---------  --------  ----------  --------------  -------------------
/opt/airflow/dags/hn_pipeline_dag.py                           1           0  0.07s           2026-05-15T04:54:46
================================================================================
[2026-05-15T04:55:24.731+0000] {manager.py:879} INFO - 
================================================================================
DAG File Processing Stats

File Path                               PID  Runtime      # DAGs    # Errors  Last Runtime    Last Run
------------------------------------  -----  ---------  --------  ----------  --------------  -------------------
/opt/airflow/dags/hn_pipeline_dag.py   1137  6.24s             1           0  0.07s           2026-05-15T04:54:46
================================================================================
[2026-05-15T04:55:55.058+0000] {manager.py:879} INFO - 
================================================================================
DAG File Processing Stats

File Path                             PID    Runtime      # DAGs    # Errors  Last Runtime    Last Run
------------------------------------  -----  ---------  --------  ----------  --------------  -------------------
/opt/airflow/dags/hn_pipeline_dag.py                           1           0  14.93s          2026-05-15T04:55:31
================================================================================
[2026-05-15T04:56:25.302+0000] {manager.py:879} INFO - 
================================================================================
DAG File Processing Stats

File Path                             PID    Runtime      # DAGs    # Errors  Last Runtime    Last Run
------------------------------------  -----  ---------  --------  ----------  --------------  -------------------
/opt/airflow/dags/hn_pipeline_dag.py                           1           0  0.08s           2026-05-15T04:56:02
================================================================================
[2026-05-15T04:56:55.598+0000] {manager.py:879} INFO - 
================================================================================
DAG File Processing Stats

File Path                             PID    Runtime      # DAGs    # Errors  Last Runtime    Last Run
------------------------------------  -----  ---------  --------  ----------  --------------  -------------------
/opt/airflow/dags/hn_pipeline_dag.py                           1           0  0.07s           2026-05-15T04:56:32
================================================================================
[2026-05-15T04:57:25.887+0000] {manager.py:879} INFO - 
================================================================================
DAG File Processing Stats

File Path                             PID    Runtime      # DAGs    # Errors  Last Runtime    Last Run
------------------------------------  -----  ---------  --------  ----------  --------------  -------------------
/opt/airflow/dags/hn_pipeline_dag.py                           1           0  0.07s           2026-05-15T04:57:02
================================================================================
[2026-05-15T04:57:56.353+0000] {manager.py:879} INFO - 
================================================================================
DAG File Processing Stats

File Path                             PID    Runtime      # DAGs    # Errors  Last Runtime    Last Run
------------------------------------  -----  ---------  --------  ----------  --------------  -------------------
/opt/airflow/dags/hn_pipeline_dag.py                           1           0  0.06s           2026-05-15T04:57:32
================================================================================
[2026-05-15T04:58:27.300+0000] {manager.py:879} INFO - 
================================================================================
DAG File Processing Stats

File Path                             PID    Runtime      # DAGs    # Errors  Last Runtime    Last Run
------------------------------------  -----  ---------  --------  ----------  --------------  -------------------
/opt/airflow/dags/hn_pipeline_dag.py                           1           0  5.68s           2026-05-15T04:58:09
================================================================================
[2026-05-15T04:58:46.505+0000] {manager.py:738} INFO - Searching for files in /opt/airflow/dags
[2026-05-15T04:58:46.512+0000] {manager.py:741} INFO - There are 1 files in /opt/airflow/dags
[2026-05-15T04:58:57.630+0000] {manager.py:879} INFO - 
================================================================================
DAG File Processing Stats

File Path                             PID    Runtime      # DAGs    # Errors  Last Runtime    Last Run
------------------------------------  -----  ---------  --------  ----------  --------------  -------------------
/opt/airflow/dags/hn_pipeline_dag.py                           1           0  0.10s           2026-05-15T04:58:39
================================================================================
[2026-05-15T04:59:27.976+0000] {manager.py:879} INFO - 
================================================================================
DAG File Processing Stats

File Path                             PID    Runtime      # DAGs    # Errors  Last Runtime    Last Run
------------------------------------  -----  ---------  --------  ----------  --------------  -------------------
/opt/airflow/dags/hn_pipeline_dag.py                           1           0  0.09s           2026-05-15T04:59:09
================================================================================
[2026-05-15T04:59:58.163+0000] {manager.py:879} INFO - 
================================================================================
DAG File Processing Stats

File Path                             PID    Runtime      # DAGs    # Errors  Last Runtime    Last Run
------------------------------------  -----  ---------  --------  ----------  --------------  -------------------
/opt/airflow/dags/hn_pipeline_dag.py                           1           0  0.07s           2026-05-15T04:59:40
================================================================================
[2026-05-15T05:00:28.231+0000] {manager.py:879} INFO - 
================================================================================
DAG File Processing Stats

File Path                             PID    Runtime      # DAGs    # Errors  Last Runtime    Last Run
------------------------------------  -----  ---------  --------  ----------  --------------  -------------------
/opt/airflow/dags/hn_pipeline_dag.py                           1           0  9.17s           2026-05-15T05:00:20
================================================================================
[2026-05-15T05:00:58.561+0000] {manager.py:879} INFO - 
================================================================================
DAG File Processing Stats

File Path                             PID    Runtime      # DAGs    # Errors  Last Runtime    Last Run
------------------------------------  -----  ---------  --------  ----------  --------------  -------------------
/opt/airflow/dags/hn_pipeline_dag.py                           1           0  0.07s           2026-05-15T05:00:50
================================================================================
[2026-05-15T05:01:28.881+0000] {manager.py:879} INFO - 
================================================================================
DAG File Processing Stats

File Path                             PID    Runtime      # DAGs    # Errors  Last Runtime    Last Run
------------------------------------  -----  ---------  --------  ----------  --------------  -------------------
/opt/airflow/dags/hn_pipeline_dag.py                           1           0  0.09s           2026-05-15T05:01:20
================================================================================
[2026-05-15T05:01:59.199+0000] {manager.py:879} INFO - 
================================================================================
DAG File Processing Stats

File Path                             PID    Runtime      # DAGs    # Errors  Last Runtime    Last Run
------------------------------------  -----  ---------  --------  ----------  --------------  -------------------
/opt/airflow/dags/hn_pipeline_dag.py                           1           0  0.08s           2026-05-15T05:01:51
================================================================================
[2026-05-15T05:02:29.468+0000] {manager.py:879} INFO - 
================================================================================
DAG File Processing Stats

File Path                             PID    Runtime      # DAGs    # Errors  Last Runtime    Last Run
------------------------------------  -----  ---------  --------  ----------  --------------  -------------------
/opt/airflow/dags/hn_pipeline_dag.py                           1           0  0.08s           2026-05-15T05:02:21
================================================================================
[2026-05-15T05:03:00.120+0000] {manager.py:879} INFO - 
================================================================================
DAG File Processing Stats

File Path                             PID    Runtime      # DAGs    # Errors  Last Runtime    Last Run
------------------------------------  -----  ---------  --------  ----------  --------------  -------------------
/opt/airflow/dags/hn_pipeline_dag.py                           1           0  6.54s           2026-05-15T05:02:58
================================================================================
[2026-05-15T05:03:30.397+0000] {manager.py:879} INFO - 
================================================================================
DAG File Processing Stats

File Path                             PID    Runtime      # DAGs    # Errors  Last Runtime    Last Run
------------------------------------  -----  ---------  --------  ----------  --------------  -------------------
/opt/airflow/dags/hn_pipeline_dag.py                           1           0  0.08s           2026-05-15T05:03:28
================================================================================
[2026-05-15T05:03:46.532+0000] {manager.py:738} INFO - Searching for files in /opt/airflow/dags
[2026-05-15T05:03:46.540+0000] {manager.py:741} INFO - There are 1 files in /opt/airflow/dags
[2026-05-15T05:04:00.663+0000] {manager.py:879} INFO - 
================================================================================
DAG File Processing Stats

File Path                             PID    Runtime      # DAGs    # Errors  Last Runtime    Last Run
------------------------------------  -----  ---------  --------  ----------  --------------  -------------------
/opt/airflow/dags/hn_pipeline_dag.py                           1           0  0.07s           2026-05-15T05:03:58
================================================================================
[2026-05-15T05:04:30.915+0000] {manager.py:879} INFO - 
================================================================================
DAG File Processing Stats

File Path                             PID    Runtime      # DAGs    # Errors  Last Runtime    Last Run
------------------------------------  -----  ---------  --------  ----------  --------------  -------------------
/opt/airflow/dags/hn_pipeline_dag.py                           1           0  0.07s           2026-05-15T05:04:28
================================================================================
[2026-05-15T05:05:01.413+0000] {manager.py:879} INFO - 
================================================================================
DAG File Processing Stats

File Path                               PID  Runtime      # DAGs    # Errors  Last Runtime    Last Run
------------------------------------  -----  ---------  --------  ----------  --------------  -------------------
/opt/airflow/dags/hn_pipeline_dag.py   1227  1.82s             1           0  0.07s           2026-05-15T05:04:28
================================================================================
[2026-05-15T05:05:31.901+0000] {manager.py:879} INFO - 
================================================================================
DAG File Processing Stats

File Path                             PID    Runtime      # DAGs    # Errors  Last Runtime    Last Run
------------------------------------  -----  ---------  --------  ----------  --------------  -------------------
/opt/airflow/dags/hn_pipeline_dag.py                           1           0  14.12s          2026-05-15T05:05:13
================================================================================
[2026-05-15T05:06:02.179+0000] {manager.py:879} INFO - 
================================================================================
DAG File Processing Stats

File Path                             PID    Runtime      # DAGs    # Errors  Last Runtime    Last Run
------------------------------------  -----  ---------  --------  ----------  --------------  -------------------
/opt/airflow/dags/hn_pipeline_dag.py                           1           0  0.10s           2026-05-15T05:05:44
================================================================================
[2026-05-15T05:06:32.451+0000] {manager.py:879} INFO - 
================================================================================
DAG File Processing Stats

File Path                             PID    Runtime      # DAGs    # Errors  Last Runtime    Last Run
------------------------------------  -----  ---------  --------  ----------  --------------  -------------------
/opt/airflow/dags/hn_pipeline_dag.py                           1           0  0.09s           2026-05-15T05:06:14
================================================================================
[2026-05-15T05:07:02.624+0000] {manager.py:879} INFO - 
================================================================================
DAG File Processing Stats

File Path                             PID    Runtime      # DAGs    # Errors  Last Runtime    Last Run
------------------------------------  -----  ---------  --------  ----------  --------------  -------------------
/opt/airflow/dags/hn_pipeline_dag.py                           1           0  0.10s           2026-05-15T05:06:44
================================================================================
[2026-05-15T05:07:47.611+0000] {manager.py:879} INFO - 
================================================================================
DAG File Processing Stats

File Path                               PID  Runtime      # DAGs    # Errors  Last Runtime    Last Run
------------------------------------  -----  ---------  --------  ----------  --------------  -------------------
/opt/airflow/dags/hn_pipeline_dag.py   1247  30.38s            1           0  0.10s           2026-05-15T05:06:44
================================================================================
[2026-05-15T05:08:14.762+0000] {manager.py:1201} ERROR - Processor for /opt/airflow/dags/hn_pipeline_dag.py with PID 1247 started at 2026-05-15T05:07:14.985467+00:00 has timed out, killing it.
[2026-05-15T05:08:17.806+0000] {manager.py:879} INFO - 
================================================================================
DAG File Processing Stats

File Path                             PID    Runtime      # DAGs    # Errors  Last Runtime    Last Run
------------------------------------  -----  ---------  --------  ----------  --------------  -------------------
/opt/airflow/dags/hn_pipeline_dag.py                           0           1  59.78s          2026-05-15T05:08:14
================================================================================
[2026-05-15T05:08:47.088+0000] {manager.py:738} INFO - Searching for files in /opt/airflow/dags
[2026-05-15T05:08:47.099+0000] {manager.py:741} INFO - There are 1 files in /opt/airflow/dags
[2026-05-15T05:08:48.118+0000] {manager.py:879} INFO - 
================================================================================
DAG File Processing Stats

File Path                             PID    Runtime      # DAGs    # Errors  Last Runtime    Last Run
------------------------------------  -----  ---------  --------  ----------  --------------  -------------------
/opt/airflow/dags/hn_pipeline_dag.py                           1           0  0.08s           2026-05-15T05:08:45
================================================================================
[2026-05-15T05:09:18.342+0000] {manager.py:879} INFO - 
================================================================================
DAG File Processing Stats

File Path                             PID    Runtime      # DAGs    # Errors  Last Runtime    Last Run
------------------------------------  -----  ---------  --------  ----------  --------------  -------------------
/opt/airflow/dags/hn_pipeline_dag.py                           1           0  0.08s           2026-05-15T05:09:15
================================================================================
[2026-05-15T05:09:48.646+0000] {manager.py:879} INFO - 
================================================================================
DAG File Processing Stats

File Path                             PID    Runtime      # DAGs    # Errors  Last Runtime    Last Run
------------------------------------  -----  ---------  --------  ----------  --------------  -------------------
/opt/airflow/dags/hn_pipeline_dag.py                           1           0  0.08s           2026-05-15T05:09:45
================================================================================
[2026-05-15T05:10:18.696+0000] {manager.py:879} INFO - 
================================================================================
DAG File Processing Stats

File Path                               PID  Runtime      # DAGs    # Errors  Last Runtime    Last Run
------------------------------------  -----  ---------  --------  ----------  --------------  -------------------
/opt/airflow/dags/hn_pipeline_dag.py   1265  2.84s             1           0  0.08s           2026-05-15T05:09:45
================================================================================
[2026-05-15T05:10:48.870+0000] {manager.py:879} INFO - 
================================================================================
DAG File Processing Stats

File Path                             PID    Runtime      # DAGs    # Errors  Last Runtime    Last Run
------------------------------------  -----  ---------  --------  ----------  --------------  -------------------
/opt/airflow/dags/hn_pipeline_dag.py                           1           0  8.03s           2026-05-15T05:10:23
================================================================================
[2026-05-15T05:11:19.181+0000] {manager.py:879} INFO - 
================================================================================
DAG File Processing Stats

File Path                             PID    Runtime      # DAGs    # Errors  Last Runtime    Last Run
------------------------------------  -----  ---------  --------  ----------  --------------  -------------------
/opt/airflow/dags/hn_pipeline_dag.py                           1           0  0.10s           2026-05-15T05:10:54
================================================================================
[2026-05-15T05:11:49.496+0000] {manager.py:879} INFO - 
================================================================================
DAG File Processing Stats

File Path                             PID    Runtime      # DAGs    # Errors  Last Runtime    Last Run
------------------------------------  -----  ---------  --------  ----------  --------------  -------------------
/opt/airflow/dags/hn_pipeline_dag.py                           1           0  0.07s           2026-05-15T05:11:24
================================================================================
[2026-05-15T05:12:19.701+0000] {manager.py:879} INFO - 
================================================================================
DAG File Processing Stats

File Path                             PID    Runtime      # DAGs    # Errors  Last Runtime    Last Run
------------------------------------  -----  ---------  --------  ----------  --------------  -------------------
/opt/airflow/dags/hn_pipeline_dag.py                           1           0  0.08s           2026-05-15T05:11:54
================================================================================
[2026-05-15T05:12:49.646+0000] {manager.py:879} INFO - 
================================================================================
DAG File Processing Stats

File Path                             PID    Runtime      # DAGs    # Errors  Last Runtime    Last Run
------------------------------------  -----  ---------  --------  ----------  --------------  -------------------
/opt/airflow/dags/hn_pipeline_dag.py                           1           0  0.88s           2026-05-15T05:12:25
================================================================================
[2026-05-15T05:13:20.070+0000] {manager.py:879} INFO - 
================================================================================
DAG File Processing Stats

File Path                             PID    Runtime      # DAGs    # Errors  Last Runtime    Last Run
------------------------------------  -----  ---------  --------  ----------  --------------  -------------------
/opt/airflow/dags/hn_pipeline_dag.py                           1           0  1.50s           2026-05-15T05:12:57
================================================================================
[2026-05-15T05:13:47.755+0000] {manager.py:738} INFO - Searching for files in /opt/airflow/dags
[2026-05-15T05:13:47.766+0000] {manager.py:741} INFO - There are 1 files in /opt/airflow/dags
[2026-05-15T05:13:50.818+0000] {manager.py:879} INFO - 
================================================================================
DAG File Processing Stats

File Path                             PID    Runtime      # DAGs    # Errors  Last Runtime    Last Run
------------------------------------  -----  ---------  --------  ----------  --------------  -------------------
/opt/airflow/dags/hn_pipeline_dag.py                           1           0  0.10s           2026-05-15T05:13:27
================================================================================
[2026-05-15T05:14:21.113+0000] {manager.py:879} INFO - 
================================================================================
DAG File Processing Stats

File Path                             PID    Runtime      # DAGs    # Errors  Last Runtime    Last Run
------------------------------------  -----  ---------  --------  ----------  --------------  -------------------
/opt/airflow/dags/hn_pipeline_dag.py                           1           0  0.09s           2026-05-15T05:13:57
================================================================================
[2026-05-15T05:14:51.204+0000] {manager.py:879} INFO - 
================================================================================
DAG File Processing Stats

File Path                             PID    Runtime      # DAGs    # Errors  Last Runtime    Last Run
------------------------------------  -----  ---------  --------  ----------  --------------  -------------------
/opt/airflow/dags/hn_pipeline_dag.py                           1           0  0.06s           2026-05-15T05:14:28
================================================================================
[2026-05-15T05:15:21.654+0000] {manager.py:879} INFO - 
================================================================================
DAG File Processing Stats

File Path                             PID    Runtime      # DAGs    # Errors  Last Runtime    Last Run
------------------------------------  -----  ---------  --------  ----------  --------------  -------------------
/opt/airflow/dags/hn_pipeline_dag.py                           1           0  3.09s           2026-05-15T05:15:01
================================================================================
[2026-05-15T05:15:51.794+0000] {manager.py:879} INFO - 
================================================================================
DAG File Processing Stats

File Path                             PID    Runtime      # DAGs    # Errors  Last Runtime    Last Run
------------------------------------  -----  ---------  --------  ----------  --------------  -------------------
/opt/airflow/dags/hn_pipeline_dag.py                           1           0  0.08s           2026-05-15T05:15:31
================================================================================
[2026-05-15T05:16:08.477+0000] {manager.py:451} INFO - Exiting gracefully upon receiving signal 15
[2026-05-15T05:16:41.901+0000] {manager.py:469} INFO - Processing files using up to 2 processes at a time 
[2026-05-15T05:16:41.906+0000] {manager.py:470} INFO - Process each file at most once every 30 seconds
[2026-05-15T05:16:41.907+0000] {manager.py:471} INFO - Checking for new files in /opt/airflow/dags every 300 seconds
[2026-05-15T05:16:41.908+0000] {manager.py:738} INFO - Searching for files in /opt/airflow/dags
[2026-05-15T05:16:41.916+0000] {manager.py:741} INFO - There are 1 files in /opt/airflow/dags
[2026-05-15T05:16:41.969+0000] {manager.py:879} INFO - 
================================================================================
DAG File Processing Stats

File Path                               PID  Runtime      # DAGs    # Errors  Last Runtime    Last Run
------------------------------------  -----  ---------  --------  ----------  --------------  ----------
/opt/airflow/dags/hn_pipeline_dag.py    180  0.03s             0           0
================================================================================
[2026-05-15T05:17:18.586+0000] {manager.py:879} INFO - 
================================================================================
DAG File Processing Stats

File Path                               PID  Runtime      # DAGs    # Errors  Last Runtime    Last Run
------------------------------------  -----  ---------  --------  ----------  --------------  -------------------
/opt/airflow/dags/hn_pipeline_dag.py    187  0.06s             1           0  0.22s           2026-05-15T05:16:42
================================================================================
[2026-05-15T05:17:49.588+0000] {manager.py:879} INFO - 
================================================================================
DAG File Processing Stats

File Path                             PID    Runtime      # DAGs    # Errors  Last Runtime    Last Run
------------------------------------  -----  ---------  --------  ----------  --------------  -------------------
/opt/airflow/dags/hn_pipeline_dag.py                           1           0  6.91s           2026-05-15T05:17:24
================================================================================
[2026-05-15T05:18:19.714+0000] {manager.py:879} INFO - 
================================================================================
DAG File Processing Stats

File Path                             PID    Runtime      # DAGs    # Errors  Last Runtime    Last Run
------------------------------------  -----  ---------  --------  ----------  --------------  -------------------
/opt/airflow/dags/hn_pipeline_dag.py                           1           0  0.06s           2026-05-15T05:17:55
================================================================================
[2026-05-15T05:18:50.018+0000] {manager.py:879} INFO - 
================================================================================
DAG File Processing Stats

File Path                             PID    Runtime      # DAGs    # Errors  Last Runtime    Last Run
------------------------------------  -----  ---------  --------  ----------  --------------  -------------------
/opt/airflow/dags/hn_pipeline_dag.py                           1           0  0.08s           2026-05-15T05:18:25
================================================================================
[2026-05-15T05:19:20.321+0000] {manager.py:879} INFO - 
================================================================================
DAG File Processing Stats

File Path                             PID    Runtime      # DAGs    # Errors  Last Runtime    Last Run
------------------------------------  -----  ---------  --------  ----------  --------------  -------------------
/opt/airflow/dags/hn_pipeline_dag.py                           1           0  0.09s           2026-05-15T05:18:56
================================================================================
[2026-05-15T05:19:51.062+0000] {manager.py:879} INFO - 
================================================================================
DAG File Processing Stats

File Path                             PID    Runtime      # DAGs    # Errors  Last Runtime    Last Run
------------------------------------  -----  ---------  --------  ----------  --------------  -------------------
/opt/airflow/dags/hn_pipeline_dag.py                           1           0  0.07s           2026-05-15T05:19:26
================================================================================
[2026-05-15T05:20:21.327+0000] {manager.py:879} INFO - 
================================================================================
DAG File Processing Stats

File Path                             PID    Runtime      # DAGs    # Errors  Last Runtime    Last Run
------------------------------------  -----  ---------  --------  ----------  --------------  -------------------
/opt/airflow/dags/hn_pipeline_dag.py                           1           0  0.08s           2026-05-15T05:19:57
================================================================================
[2026-05-15T05:20:51.620+0000] {manager.py:879} INFO - 
================================================================================
DAG File Processing Stats

File Path                             PID    Runtime      # DAGs    # Errors  Last Runtime    Last Run
------------------------------------  -----  ---------  --------  ----------  --------------  -------------------
/opt/airflow/dags/hn_pipeline_dag.py                           1           0  0.05s           2026-05-15T05:20:27
================================================================================
[2026-05-15T05:21:21.916+0000] {manager.py:879} INFO - 
================================================================================
DAG File Processing Stats

File Path                             PID    Runtime      # DAGs    # Errors  Last Runtime    Last Run
------------------------------------  -----  ---------  --------  ----------  --------------  -------------------
/opt/airflow/dags/hn_pipeline_dag.py                           1           0  0.05s           2026-05-15T05:20:57
================================================================================
[2026-05-15T05:21:42.129+0000] {manager.py:738} INFO - Searching for files in /opt/airflow/dags
[2026-05-15T05:21:42.138+0000] {manager.py:741} INFO - There are 1 files in /opt/airflow/dags
[2026-05-15T05:21:52.248+0000] {manager.py:879} INFO - 
================================================================================
DAG File Processing Stats

File Path                             PID    Runtime      # DAGs    # Errors  Last Runtime    Last Run
------------------------------------  -----  ---------  --------  ----------  --------------  -------------------
/opt/airflow/dags/hn_pipeline_dag.py                           1           0  0.07s           2026-05-15T05:21:28
================================================================================
[2026-05-15T05:22:22.620+0000] {manager.py:879} INFO - 
================================================================================
DAG File Processing Stats

File Path                             PID    Runtime      # DAGs    # Errors  Last Runtime    Last Run
------------------------------------  -----  ---------  --------  ----------  --------------  -------------------
/opt/airflow/dags/hn_pipeline_dag.py                           1           0  0.09s           2026-05-15T05:21:58
================================================================================
[2026-05-15T05:22:52.962+0000] {manager.py:879} INFO - 
================================================================================
DAG File Processing Stats

File Path                             PID    Runtime      # DAGs    # Errors  Last Runtime    Last Run
------------------------------------  -----  ---------  --------  ----------  --------------  -------------------
/opt/airflow/dags/hn_pipeline_dag.py                           1           0  0.09s           2026-05-15T05:22:28
================================================================================
[2026-05-15T05:23:23.237+0000] {manager.py:879} INFO - 
================================================================================
DAG File Processing Stats

File Path                             PID    Runtime      # DAGs    # Errors  Last Runtime    Last Run
------------------------------------  -----  ---------  --------  ----------  --------------  -------------------
/opt/airflow/dags/hn_pipeline_dag.py                           1           0  0.09s           2026-05-15T05:22:59
================================================================================
[2026-05-15T05:23:53.637+0000] {manager.py:879} INFO - 
================================================================================
DAG File Processing Stats

File Path                             PID    Runtime      # DAGs    # Errors  Last Runtime    Last Run
------------------------------------  -----  ---------  --------  ----------  --------------  -------------------
/opt/airflow/dags/hn_pipeline_dag.py                           1           0  0.08s           2026-05-15T05:23:29
================================================================================
[2026-05-15T05:24:23.979+0000] {manager.py:879} INFO - 
================================================================================
DAG File Processing Stats

File Path                             PID    Runtime      # DAGs    # Errors  Last Runtime    Last Run
------------------------------------  -----  ---------  --------  ----------  --------------  -------------------
/opt/airflow/dags/hn_pipeline_dag.py                           1           0  0.09s           2026-05-15T05:23:59
================================================================================
[2026-05-15T05:24:54.321+0000] {manager.py:879} INFO - 
================================================================================
DAG File Processing Stats

File Path                             PID    Runtime      # DAGs    # Errors  Last Runtime    Last Run
------------------------------------  -----  ---------  --------  ----------  --------------  -------------------
/opt/airflow/dags/hn_pipeline_dag.py                           1           0  0.07s           2026-05-15T05:24:30
================================================================================
[2026-05-15T05:25:24.691+0000] {manager.py:879} INFO - 
================================================================================
DAG File Processing Stats

File Path                             PID    Runtime      # DAGs    # Errors  Last Runtime    Last Run
------------------------------------  -----  ---------  --------  ----------  --------------  -------------------
/opt/airflow/dags/hn_pipeline_dag.py                           1           0  0.08s           2026-05-15T05:25:00
================================================================================
[2026-05-15T05:25:54.896+0000] {manager.py:879} INFO - 
================================================================================
DAG File Processing Stats

File Path                             PID    Runtime      # DAGs    # Errors  Last Runtime    Last Run
------------------------------------  -----  ---------  --------  ----------  --------------  -------------------
/opt/airflow/dags/hn_pipeline_dag.py                           1           0  0.09s           2026-05-15T05:25:30
================================================================================
[2026-05-15T05:26:25.273+0000] {manager.py:879} INFO - 
================================================================================
DAG File Processing Stats

File Path                             PID    Runtime      # DAGs    # Errors  Last Runtime    Last Run
------------------------------------  -----  ---------  --------  ----------  --------------  -------------------
/opt/airflow/dags/hn_pipeline_dag.py                           1           0  0.09s           2026-05-15T05:26:01
================================================================================
[2026-05-15T05:26:42.441+0000] {manager.py:738} INFO - Searching for files in /opt/airflow/dags
[2026-05-15T05:26:42.447+0000] {manager.py:741} INFO - There are 1 files in /opt/airflow/dags
[2026-05-15T05:26:55.596+0000] {manager.py:879} INFO - 
================================================================================
DAG File Processing Stats

File Path                             PID    Runtime      # DAGs    # Errors  Last Runtime    Last Run
------------------------------------  -----  ---------  --------  ----------  --------------  -------------------
/opt/airflow/dags/hn_pipeline_dag.py                           1           0  0.08s           2026-05-15T05:26:31
================================================================================
[2026-05-15T05:27:25.832+0000] {manager.py:879} INFO - 
================================================================================
DAG File Processing Stats

File Path                             PID    Runtime      # DAGs    # Errors  Last Runtime    Last Run
------------------------------------  -----  ---------  --------  ----------  --------------  -------------------
/opt/airflow/dags/hn_pipeline_dag.py                           1           0  0.09s           2026-05-15T05:27:01
================================================================================
[2026-05-15T05:27:56.179+0000] {manager.py:879} INFO - 
================================================================================
DAG File Processing Stats

File Path                             PID    Runtime      # DAGs    # Errors  Last Runtime    Last Run
------------------------------------  -----  ---------  --------  ----------  --------------  -------------------
/opt/airflow/dags/hn_pipeline_dag.py                           1           0  0.09s           2026-05-15T05:27:32
================================================================================
[2026-05-15T05:28:26.546+0000] {manager.py:879} INFO - 
================================================================================
DAG File Processing Stats

File Path                             PID    Runtime      # DAGs    # Errors  Last Runtime    Last Run
------------------------------------  -----  ---------  --------  ----------  --------------  -------------------
/opt/airflow/dags/hn_pipeline_dag.py                           1           0  0.09s           2026-05-15T05:28:02
================================================================================
[2026-05-15T05:28:56.759+0000] {manager.py:879} INFO - 
================================================================================
DAG File Processing Stats

File Path                             PID    Runtime      # DAGs    # Errors  Last Runtime    Last Run
------------------------------------  -----  ---------  --------  ----------  --------------  -------------------
/opt/airflow/dags/hn_pipeline_dag.py                           1           0  0.06s           2026-05-15T05:28:32
================================================================================
[2026-05-15T05:29:27.024+0000] {manager.py:879} INFO - 
================================================================================
DAG File Processing Stats

File Path                             PID    Runtime      # DAGs    # Errors  Last Runtime    Last Run
------------------------------------  -----  ---------  --------  ----------  --------------  -------------------
/opt/airflow/dags/hn_pipeline_dag.py                           1           0  0.07s           2026-05-15T05:29:26
================================================================================
[2026-05-15T05:29:57.320+0000] {manager.py:879} INFO - 
================================================================================
DAG File Processing Stats

File Path                             PID    Runtime      # DAGs    # Errors  Last Runtime    Last Run
------------------------------------  -----  ---------  --------  ----------  --------------  -------------------
/opt/airflow/dags/hn_pipeline_dag.py                           1           0  0.07s           2026-05-15T05:29:56
================================================================================
[2026-05-15T05:30:27.638+0000] {manager.py:879} INFO - 
================================================================================
DAG File Processing Stats

File Path                             PID    Runtime      # DAGs    # Errors  Last Runtime    Last Run
------------------------------------  -----  ---------  --------  ----------  --------------  -------------------
/opt/airflow/dags/hn_pipeline_dag.py                           1           0  0.05s           2026-05-15T05:30:26
================================================================================
[2026-05-15T05:30:57.897+0000] {manager.py:879} INFO - 
================================================================================
DAG File Processing Stats

File Path                             PID    Runtime      # DAGs    # Errors  Last Runtime    Last Run
------------------------------------  -----  ---------  --------  ----------  --------------  -------------------
/opt/airflow/dags/hn_pipeline_dag.py                           1           0  0.09s           2026-05-15T05:30:56
================================================================================
[2026-05-15T05:31:28.126+0000] {manager.py:879} INFO - 
================================================================================
DAG File Processing Stats

File Path                             PID    Runtime      # DAGs    # Errors  Last Runtime    Last Run
------------------------------------  -----  ---------  --------  ----------  --------------  -------------------
/opt/airflow/dags/hn_pipeline_dag.py                           1           0  0.08s           2026-05-15T05:31:27
================================================================================
[2026-05-15T05:31:43.276+0000] {manager.py:738} INFO - Searching for files in /opt/airflow/dags
[2026-05-15T05:31:43.282+0000] {manager.py:741} INFO - There are 1 files in /opt/airflow/dags
[2026-05-15T05:31:58.465+0000] {manager.py:879} INFO - 
================================================================================
DAG File Processing Stats

File Path                             PID    Runtime      # DAGs    # Errors  Last Runtime    Last Run
------------------------------------  -----  ---------  --------  ----------  --------------  -------------------
/opt/airflow/dags/hn_pipeline_dag.py                           1           0  0.08s           2026-05-15T05:31:57
================================================================================
[2026-05-15T05:32:28.777+0000] {manager.py:879} INFO - 
================================================================================
DAG File Processing Stats

File Path                             PID    Runtime      # DAGs    # Errors  Last Runtime    Last Run
------------------------------------  -----  ---------  --------  ----------  --------------  -------------------
/opt/airflow/dags/hn_pipeline_dag.py                           1           0  0.09s           2026-05-15T05:32:27
================================================================================
[2026-05-15T05:32:59.118+0000] {manager.py:879} INFO - 
================================================================================
DAG File Processing Stats

File Path                             PID    Runtime      # DAGs    # Errors  Last Runtime    Last Run
------------------------------------  -----  ---------  --------  ----------  --------------  -------------------
/opt/airflow/dags/hn_pipeline_dag.py                           1           0  0.06s           2026-05-15T05:32:58
================================================================================
[2026-05-15T05:33:29.475+0000] {manager.py:879} INFO - 
================================================================================
DAG File Processing Stats

File Path                             PID    Runtime      # DAGs    # Errors  Last Runtime    Last Run
------------------------------------  -----  ---------  --------  ----------  --------------  -------------------
/opt/airflow/dags/hn_pipeline_dag.py                           1           0  0.09s           2026-05-15T05:33:28
================================================================================
[2026-05-15T05:33:59.825+0000] {manager.py:879} INFO - 
================================================================================
DAG File Processing Stats

File Path                             PID    Runtime      # DAGs    # Errors  Last Runtime    Last Run
------------------------------------  -----  ---------  --------  ----------  --------------  -------------------
/opt/airflow/dags/hn_pipeline_dag.py                           1           0  0.05s           2026-05-15T05:33:58
================================================================================
[2026-05-15T05:34:30.035+0000] {manager.py:879} INFO - 
================================================================================
DAG File Processing Stats

File Path                             PID    Runtime      # DAGs    # Errors  Last Runtime    Last Run
------------------------------------  -----  ---------  --------  ----------  --------------  -------------------
/opt/airflow/dags/hn_pipeline_dag.py                           1           0  0.07s           2026-05-15T05:34:29
================================================================================
[2026-05-15T05:34:30.672+0000] {manager.py:451} INFO - Exiting gracefully upon receiving signal 15
[2026-05-15T05:35:07.567+0000] {manager.py:469} INFO - Processing files using up to 2 processes at a time 
[2026-05-15T05:35:07.569+0000] {manager.py:470} INFO - Process each file at most once every 30 seconds
[2026-05-15T05:35:07.570+0000] {manager.py:471} INFO - Checking for new files in /opt/airflow/dags every 300 seconds
[2026-05-15T05:35:07.570+0000] {manager.py:738} INFO - Searching for files in /opt/airflow/dags
[2026-05-15T05:35:07.574+0000] {manager.py:741} INFO - There are 1 files in /opt/airflow/dags
[2026-05-15T05:35:07.636+0000] {manager.py:879} INFO - 
================================================================================
DAG File Processing Stats

File Path                               PID  Runtime      # DAGs    # Errors  Last Runtime    Last Run
------------------------------------  -----  ---------  --------  ----------  --------------  ----------
/opt/airflow/dags/hn_pipeline_dag.py    179  0.02s             0           0
================================================================================
[2026-05-15T05:35:37.768+0000] {manager.py:879} INFO - 
================================================================================
DAG File Processing Stats

File Path                             PID    Runtime      # DAGs    # Errors  Last Runtime    Last Run
------------------------------------  -----  ---------  --------  ----------  --------------  -------------------
/opt/airflow/dags/hn_pipeline_dag.py                           1           0  0.21s           2026-05-15T05:35:07
================================================================================
[2026-05-15T05:36:16.723+0000] {manager.py:879} INFO - 
================================================================================
DAG File Processing Stats

File Path                               PID  Runtime      # DAGs    # Errors  Last Runtime    Last Run
------------------------------------  -----  ---------  --------  ----------  --------------  -------------------
/opt/airflow/dags/hn_pipeline_dag.py    185  38.13s            1           0  0.21s           2026-05-15T05:35:07
================================================================================
[2026-05-15T05:36:37.637+0000] {manager.py:1201} ERROR - Processor for /opt/airflow/dags/hn_pipeline_dag.py with PID 185 started at 2026-05-15T05:35:38.307321+00:00 has timed out, killing it.
[2026-05-15T05:36:47.864+0000] {manager.py:879} INFO - 
================================================================================
DAG File Processing Stats

File Path                             PID    Runtime      # DAGs    # Errors  Last Runtime    Last Run
------------------------------------  -----  ---------  --------  ----------  --------------  -------------------
/opt/airflow/dags/hn_pipeline_dag.py                           0           1  59.33s          2026-05-15T05:36:37
================================================================================
[2026-05-15T05:37:18.189+0000] {manager.py:879} INFO - 
================================================================================
DAG File Processing Stats

File Path                             PID    Runtime      # DAGs    # Errors  Last Runtime    Last Run
------------------------------------  -----  ---------  --------  ----------  --------------  -------------------
/opt/airflow/dags/hn_pipeline_dag.py                           1           0  0.09s           2026-05-15T05:37:08
================================================================================
[2026-05-15T05:37:57.305+0000] {manager.py:879} INFO - 
================================================================================
DAG File Processing Stats

File Path                               PID  Runtime      # DAGs    # Errors  Last Runtime    Last Run
------------------------------------  -----  ---------  --------  ----------  --------------  -------------------
/opt/airflow/dags/hn_pipeline_dag.py    195  14.63s            1           0  0.09s           2026-05-15T05:37:08
================================================================================
[2026-05-15T05:38:28.147+0000] {manager.py:879} INFO - 
================================================================================
DAG File Processing Stats

File Path                             PID    Runtime      # DAGs    # Errors  Last Runtime    Last Run
------------------------------------  -----  ---------  --------  ----------  --------------  -------------------
/opt/airflow/dags/hn_pipeline_dag.py                           1           0  21.43s          2026-05-15T05:38:04
================================================================================
[2026-05-15T05:38:58.367+0000] {manager.py:879} INFO - 
================================================================================
DAG File Processing Stats

File Path                             PID    Runtime      # DAGs    # Errors  Last Runtime    Last Run
------------------------------------  -----  ---------  --------  ----------  --------------  -------------------
/opt/airflow/dags/hn_pipeline_dag.py                           1           0  0.06s           2026-05-15T05:38:34
================================================================================
[2026-05-15T05:39:28.505+0000] {manager.py:879} INFO - 
================================================================================
DAG File Processing Stats

File Path                             PID    Runtime      # DAGs    # Errors  Last Runtime    Last Run
------------------------------------  -----  ---------  --------  ----------  --------------  -------------------
/opt/airflow/dags/hn_pipeline_dag.py                           1           0  0.07s           2026-05-15T05:39:04
================================================================================
[2026-05-15T05:39:58.784+0000] {manager.py:879} INFO - 
================================================================================
DAG File Processing Stats

File Path                             PID    Runtime      # DAGs    # Errors  Last Runtime    Last Run
------------------------------------  -----  ---------  --------  ----------  --------------  -------------------
/opt/airflow/dags/hn_pipeline_dag.py                           1           0  0.08s           2026-05-15T05:39:34
================================================================================
[2026-05-15T05:40:08.423+0000] {manager.py:738} INFO - Searching for files in /opt/airflow/dags
[2026-05-15T05:40:08.426+0000] {manager.py:741} INFO - There are 1 files in /opt/airflow/dags
[2026-05-15T05:40:29.509+0000] {manager.py:879} INFO - 
================================================================================
DAG File Processing Stats

File Path                             PID    Runtime      # DAGs    # Errors  Last Runtime    Last Run
------------------------------------  -----  ---------  --------  ----------  --------------  -------------------
/opt/airflow/dags/hn_pipeline_dag.py                           1           0  0.10s           2026-05-15T05:40:05
================================================================================
[2026-05-15T05:40:59.621+0000] {manager.py:879} INFO - 
================================================================================
DAG File Processing Stats

File Path                             PID    Runtime      # DAGs    # Errors  Last Runtime    Last Run
------------------------------------  -----  ---------  --------  ----------  --------------  -------------------
/opt/airflow/dags/hn_pipeline_dag.py                           1           0  0.10s           2026-05-15T05:40:35
================================================================================
[2026-05-15T05:41:29.857+0000] {manager.py:879} INFO - 
================================================================================
DAG File Processing Stats

File Path                             PID    Runtime      # DAGs    # Errors  Last Runtime    Last Run
------------------------------------  -----  ---------  --------  ----------  --------------  -------------------
/opt/airflow/dags/hn_pipeline_dag.py                           1           0  0.11s           2026-05-15T05:41:05
================================================================================
[2026-05-15T05:42:00.149+0000] {manager.py:879} INFO - 
================================================================================
DAG File Processing Stats

File Path                             PID    Runtime      # DAGs    # Errors  Last Runtime    Last Run
------------------------------------  -----  ---------  --------  ----------  --------------  -------------------
/opt/airflow/dags/hn_pipeline_dag.py                           1           0  0.06s           2026-05-15T05:41:35
================================================================================
[2026-05-15T05:42:30.447+0000] {manager.py:879} INFO - 
================================================================================
DAG File Processing Stats

File Path                             PID    Runtime      # DAGs    # Errors  Last Runtime    Last Run
------------------------------------  -----  ---------  --------  ----------  --------------  -------------------
/opt/airflow/dags/hn_pipeline_dag.py                           1           0  0.07s           2026-05-15T05:42:06
================================================================================
[2026-05-15T05:43:00.741+0000] {manager.py:879} INFO - 
================================================================================
DAG File Processing Stats

File Path                             PID    Runtime      # DAGs    # Errors  Last Runtime    Last Run
------------------------------------  -----  ---------  --------  ----------  --------------  -------------------
/opt/airflow/dags/hn_pipeline_dag.py                           1           0  0.07s           2026-05-15T05:42:36
================================================================================
[2026-05-15T05:43:30.933+0000] {manager.py:879} INFO - 
================================================================================
DAG File Processing Stats

File Path                             PID    Runtime      # DAGs    # Errors  Last Runtime    Last Run
------------------------------------  -----  ---------  --------  ----------  --------------  -------------------
/opt/airflow/dags/hn_pipeline_dag.py                           1           0  0.07s           2026-05-15T05:43:06
================================================================================
[2026-05-15T05:44:01.243+0000] {manager.py:879} INFO - 
================================================================================
DAG File Processing Stats

File Path                             PID    Runtime      # DAGs    # Errors  Last Runtime    Last Run
------------------------------------  -----  ---------  --------  ----------  --------------  -------------------
/opt/airflow/dags/hn_pipeline_dag.py                           1           0  0.07s           2026-05-15T05:43:37
================================================================================
[2026-05-15T05:44:31.427+0000] {manager.py:879} INFO - 
================================================================================
DAG File Processing Stats

File Path                             PID    Runtime      # DAGs    # Errors  Last Runtime    Last Run
------------------------------------  -----  ---------  --------  ----------  --------------  -------------------
/opt/airflow/dags/hn_pipeline_dag.py                           1           0  0.07s           2026-05-15T05:44:07
================================================================================
[2026-05-15T05:45:01.726+0000] {manager.py:879} INFO - 
================================================================================
DAG File Processing Stats

File Path                             PID    Runtime      # DAGs    # Errors  Last Runtime    Last Run
------------------------------------  -----  ---------  --------  ----------  --------------  -------------------
/opt/airflow/dags/hn_pipeline_dag.py                           1           0  0.07s           2026-05-15T05:44:37
================================================================================
[2026-05-15T05:45:08.811+0000] {manager.py:738} INFO - Searching for files in /opt/airflow/dags
[2026-05-15T05:45:08.819+0000] {manager.py:741} INFO - There are 1 files in /opt/airflow/dags
[2026-05-15T05:45:32.077+0000] {manager.py:879} INFO - 
================================================================================
DAG File Processing Stats

File Path                             PID    Runtime      # DAGs    # Errors  Last Runtime    Last Run
------------------------------------  -----  ---------  --------  ----------  --------------  -------------------
/opt/airflow/dags/hn_pipeline_dag.py                           1           0  0.07s           2026-05-15T05:45:07
================================================================================
[2026-05-15T05:46:02.319+0000] {manager.py:879} INFO - 
================================================================================
DAG File Processing Stats

File Path                             PID    Runtime      # DAGs    # Errors  Last Runtime    Last Run
------------------------------------  -----  ---------  --------  ----------  --------------  -------------------
/opt/airflow/dags/hn_pipeline_dag.py                           1           0  0.09s           2026-05-15T05:45:38
================================================================================
[2026-05-15T05:46:32.589+0000] {manager.py:879} INFO - 
================================================================================
DAG File Processing Stats

File Path                             PID    Runtime      # DAGs    # Errors  Last Runtime    Last Run
------------------------------------  -----  ---------  --------  ----------  --------------  -------------------
/opt/airflow/dags/hn_pipeline_dag.py                           1           0  0.09s           2026-05-15T05:46:08
================================================================================
[2026-05-15T05:47:02.941+0000] {manager.py:879} INFO - 
================================================================================
DAG File Processing Stats

File Path                             PID    Runtime      # DAGs    # Errors  Last Runtime    Last Run
------------------------------------  -----  ---------  --------  ----------  --------------  -------------------
/opt/airflow/dags/hn_pipeline_dag.py                           1           0  0.09s           2026-05-15T05:46:38
================================================================================
[2026-05-15T05:47:33.286+0000] {manager.py:879} INFO - 
================================================================================
DAG File Processing Stats

File Path                             PID    Runtime      # DAGs    # Errors  Last Runtime    Last Run
------------------------------------  -----  ---------  --------  ----------  --------------  -------------------
/opt/airflow/dags/hn_pipeline_dag.py                           1           0  0.08s           2026-05-15T05:47:09
================================================================================
[2026-05-15T05:48:03.619+0000] {manager.py:879} INFO - 
================================================================================
DAG File Processing Stats

File Path                             PID    Runtime      # DAGs    # Errors  Last Runtime    Last Run
------------------------------------  -----  ---------  --------  ----------  --------------  -------------------
/opt/airflow/dags/hn_pipeline_dag.py                           1           0  0.07s           2026-05-15T05:47:39
================================================================================
[2026-05-15T05:48:33.968+0000] {manager.py:879} INFO - 
================================================================================
DAG File Processing Stats

File Path                             PID    Runtime      # DAGs    # Errors  Last Runtime    Last Run
------------------------------------  -----  ---------  --------  ----------  --------------  -------------------
/opt/airflow/dags/hn_pipeline_dag.py                           1           0  0.09s           2026-05-15T05:48:09
================================================================================
[2026-05-15T05:49:04.318+0000] {manager.py:879} INFO - 
================================================================================
DAG File Processing Stats

File Path                             PID    Runtime      # DAGs    # Errors  Last Runtime    Last Run
------------------------------------  -----  ---------  --------  ----------  --------------  -------------------
/opt/airflow/dags/hn_pipeline_dag.py                           1           0  0.06s           2026-05-15T05:48:40
================================================================================
[2026-05-15T05:49:34.669+0000] {manager.py:879} INFO - 
================================================================================
DAG File Processing Stats

File Path                             PID    Runtime      # DAGs    # Errors  Last Runtime    Last Run
------------------------------------  -----  ---------  --------  ----------  --------------  -------------------
/opt/airflow/dags/hn_pipeline_dag.py                           1           0  0.08s           2026-05-15T05:49:10
================================================================================
[2026-05-15T05:50:05.039+0000] {manager.py:879} INFO - 
================================================================================
DAG File Processing Stats

File Path                             PID    Runtime      # DAGs    # Errors  Last Runtime    Last Run
------------------------------------  -----  ---------  --------  ----------  --------------  -------------------
/opt/airflow/dags/hn_pipeline_dag.py                           1           0  0.09s           2026-05-15T05:49:40
================================================================================
[2026-05-15T05:50:09.073+0000] {manager.py:738} INFO - Searching for files in /opt/airflow/dags
[2026-05-15T05:50:09.080+0000] {manager.py:741} INFO - There are 1 files in /opt/airflow/dags
[2026-05-15T05:50:35.410+0000] {manager.py:879} INFO - 
================================================================================
DAG File Processing Stats

File Path                             PID    Runtime      # DAGs    # Errors  Last Runtime    Last Run
------------------------------------  -----  ---------  --------  ----------  --------------  -------------------
/opt/airflow/dags/hn_pipeline_dag.py                           1           0  0.08s           2026-05-15T05:50:11
================================================================================
[2026-05-15T05:51:05.765+0000] {manager.py:879} INFO - 
================================================================================
DAG File Processing Stats

File Path                             PID    Runtime      # DAGs    # Errors  Last Runtime    Last Run
------------------------------------  -----  ---------  --------  ----------  --------------  -------------------
/opt/airflow/dags/hn_pipeline_dag.py                           1           0  0.09s           2026-05-15T05:50:41
================================================================================
[2026-05-15T05:51:36.089+0000] {manager.py:879} INFO - 
================================================================================
DAG File Processing Stats

File Path                             PID    Runtime      # DAGs    # Errors  Last Runtime    Last Run
------------------------------------  -----  ---------  --------  ----------  --------------  -------------------
/opt/airflow/dags/hn_pipeline_dag.py                           1           0  0.08s           2026-05-15T05:51:11
================================================================================
[2026-05-15T05:52:06.315+0000] {manager.py:879} INFO - 
================================================================================
DAG File Processing Stats

File Path                             PID    Runtime      # DAGs    # Errors  Last Runtime    Last Run
------------------------------------  -----  ---------  --------  ----------  --------------  -------------------
/opt/airflow/dags/hn_pipeline_dag.py                           1           0  0.08s           2026-05-15T05:51:42
================================================================================
[2026-05-15T05:52:36.614+0000] {manager.py:879} INFO - 
================================================================================
DAG File Processing Stats

File Path                             PID    Runtime      # DAGs    # Errors  Last Runtime    Last Run
------------------------------------  -----  ---------  --------  ----------  --------------  -------------------
/opt/airflow/dags/hn_pipeline_dag.py                           1           0  0.09s           2026-05-15T05:52:12
================================================================================
[2026-05-15T05:53:06.879+0000] {manager.py:879} INFO - 
================================================================================
DAG File Processing Stats

File Path                             PID    Runtime      # DAGs    # Errors  Last Runtime    Last Run
------------------------------------  -----  ---------  --------  ----------  --------------  -------------------
/opt/airflow/dags/hn_pipeline_dag.py                           1           0  0.07s           2026-05-15T05:52:42
================================================================================
[2026-05-15T05:53:37.148+0000] {manager.py:879} INFO - 
================================================================================
DAG File Processing Stats

File Path                             PID    Runtime      # DAGs    # Errors  Last Runtime    Last Run
------------------------------------  -----  ---------  --------  ----------  --------------  -------------------
/opt/airflow/dags/hn_pipeline_dag.py                           1           0  0.09s           2026-05-15T05:53:13
================================================================================
[2026-05-15T05:54:07.315+0000] {manager.py:879} INFO - 
================================================================================
DAG File Processing Stats

File Path                             PID    Runtime      # DAGs    # Errors  Last Runtime    Last Run
------------------------------------  -----  ---------  --------  ----------  --------------  -------------------
/opt/airflow/dags/hn_pipeline_dag.py                           1           0  0.07s           2026-05-15T05:53:43
================================================================================
[2026-05-15T05:54:37.600+0000] {manager.py:879} INFO - 
================================================================================
DAG File Processing Stats

File Path                             PID    Runtime      # DAGs    # Errors  Last Runtime    Last Run
------------------------------------  -----  ---------  --------  ----------  --------------  -------------------
/opt/airflow/dags/hn_pipeline_dag.py                           1           0  0.07s           2026-05-15T05:54:13
================================================================================
[2026-05-15T05:55:07.884+0000] {manager.py:879} INFO - 
================================================================================
DAG File Processing Stats

File Path                             PID    Runtime      # DAGs    # Errors  Last Runtime    Last Run
------------------------------------  -----  ---------  --------  ----------  --------------  -------------------
/opt/airflow/dags/hn_pipeline_dag.py                           1           0  0.07s           2026-05-15T05:54:43
================================================================================
[2026-05-15T05:55:09.907+0000] {manager.py:738} INFO - Searching for files in /opt/airflow/dags
[2026-05-15T05:55:09.914+0000] {manager.py:741} INFO - There are 1 files in /opt/airflow/dags
[2026-05-15T05:55:38.074+0000] {manager.py:879} INFO - 
================================================================================
DAG File Processing Stats

File Path                             PID    Runtime      # DAGs    # Errors  Last Runtime    Last Run
------------------------------------  -----  ---------  --------  ----------  --------------  -------------------
/opt/airflow/dags/hn_pipeline_dag.py                           1           0  0.07s           2026-05-15T05:55:14
================================================================================
[2026-05-15T05:56:08.362+0000] {manager.py:879} INFO - 
================================================================================
DAG File Processing Stats

File Path                             PID    Runtime      # DAGs    # Errors  Last Runtime    Last Run
------------------------------------  -----  ---------  --------  ----------  --------------  -------------------
/opt/airflow/dags/hn_pipeline_dag.py                           1           0  0.07s           2026-05-15T05:55:44
================================================================================
[2026-05-15T05:56:38.640+0000] {manager.py:879} INFO - 
================================================================================
DAG File Processing Stats

File Path                             PID    Runtime      # DAGs    # Errors  Last Runtime    Last Run
------------------------------------  -----  ---------  --------  ----------  --------------  -------------------
/opt/airflow/dags/hn_pipeline_dag.py                           1           0  0.07s           2026-05-15T05:56:14
================================================================================
[2026-05-15T05:57:08.800+0000] {manager.py:879} INFO - 
================================================================================
DAG File Processing Stats

File Path                             PID    Runtime      # DAGs    # Errors  Last Runtime    Last Run
------------------------------------  -----  ---------  --------  ----------  --------------  -------------------
/opt/airflow/dags/hn_pipeline_dag.py                           1           0  0.07s           2026-05-15T05:56:44
================================================================================
[2026-05-15T05:57:39.098+0000] {manager.py:879} INFO - 
================================================================================
DAG File Processing Stats

File Path                             PID    Runtime      # DAGs    # Errors  Last Runtime    Last Run
------------------------------------  -----  ---------  --------  ----------  --------------  -------------------
/opt/airflow/dags/hn_pipeline_dag.py                           1           0  0.07s           2026-05-15T05:57:14
================================================================================
[2026-05-15T05:58:09.406+0000] {manager.py:879} INFO - 
================================================================================
DAG File Processing Stats

File Path                             PID    Runtime      # DAGs    # Errors  Last Runtime    Last Run
------------------------------------  -----  ---------  --------  ----------  --------------  -------------------
/opt/airflow/dags/hn_pipeline_dag.py                           1           0  0.08s           2026-05-15T05:57:45
================================================================================
[2026-05-15T05:58:39.607+0000] {manager.py:879} INFO - 
================================================================================
DAG File Processing Stats

File Path                             PID    Runtime      # DAGs    # Errors  Last Runtime    Last Run
------------------------------------  -----  ---------  --------  ----------  --------------  -------------------
/opt/airflow/dags/hn_pipeline_dag.py                           1           0  0.07s           2026-05-15T05:58:15
================================================================================
[2026-05-15T05:59:09.951+0000] {manager.py:879} INFO - 
================================================================================
DAG File Processing Stats

File Path                             PID    Runtime      # DAGs    # Errors  Last Runtime    Last Run
------------------------------------  -----  ---------  --------  ----------  --------------  -------------------
/opt/airflow/dags/hn_pipeline_dag.py                           1           0  0.09s           2026-05-15T05:58:45
================================================================================
[2026-05-15T05:59:40.260+0000] {manager.py:879} INFO - 
================================================================================
DAG File Processing Stats

File Path                             PID    Runtime      # DAGs    # Errors  Last Runtime    Last Run
------------------------------------  -----  ---------  --------  ----------  --------------  -------------------
/opt/airflow/dags/hn_pipeline_dag.py                           1           0  0.09s           2026-05-15T05:59:16
================================================================================
[2026-05-15T05:59:52.818+0000] {manager.py:451} INFO - Exiting gracefully upon receiving signal 15
[2026-05-15T06:00:29.488+0000] {manager.py:469} INFO - Processing files using up to 2 processes at a time 
[2026-05-15T06:00:29.489+0000] {manager.py:470} INFO - Process each file at most once every 30 seconds
[2026-05-15T06:00:29.489+0000] {manager.py:471} INFO - Checking for new files in /opt/airflow/dags every 300 seconds
[2026-05-15T06:00:29.490+0000] {manager.py:738} INFO - Searching for files in /opt/airflow/dags
[2026-05-15T06:00:29.495+0000] {manager.py:741} INFO - There are 1 files in /opt/airflow/dags
[2026-05-15T06:00:29.550+0000] {manager.py:879} INFO - 
================================================================================
DAG File Processing Stats

File Path                               PID  Runtime      # DAGs    # Errors  Last Runtime    Last Run
------------------------------------  -----  ---------  --------  ----------  --------------  ----------
/opt/airflow/dags/hn_pipeline_dag.py    180  0.03s             0           0
================================================================================
[2026-05-15T06:01:00.086+0000] {manager.py:879} INFO - 
================================================================================
DAG File Processing Stats

File Path                               PID  Runtime      # DAGs    # Errors  Last Runtime    Last Run
------------------------------------  -----  ---------  --------  ----------  --------------  -------------------
/opt/airflow/dags/hn_pipeline_dag.py    185  0.01s             1           0  0.21s           2026-05-15T06:00:29
================================================================================
[2026-05-15T06:01:30.290+0000] {manager.py:879} INFO - 
================================================================================
DAG File Processing Stats

File Path                               PID  Runtime      # DAGs    # Errors  Last Runtime    Last Run
------------------------------------  -----  ---------  --------  ----------  --------------  -------------------
/opt/airflow/dags/hn_pipeline_dag.py    190  0.01s             1           0  0.09s           2026-05-15T06:01:00
================================================================================
[2026-05-15T06:02:00.585+0000] {manager.py:879} INFO - 
================================================================================
DAG File Processing Stats

File Path                               PID  Runtime      # DAGs    # Errors  Last Runtime    Last Run
------------------------------------  -----  ---------  --------  ----------  --------------  -------------------
/opt/airflow/dags/hn_pipeline_dag.py    195  0.00s             1           0  0.08s           2026-05-15T06:01:30
================================================================================
[2026-05-15T06:02:30.863+0000] {manager.py:879} INFO - 
================================================================================
DAG File Processing Stats

File Path                               PID  Runtime      # DAGs    # Errors  Last Runtime    Last Run
------------------------------------  -----  ---------  --------  ----------  --------------  -------------------
/opt/airflow/dags/hn_pipeline_dag.py    200  0.00s             1           0  0.07s           2026-05-15T06:02:00
================================================================================
[2026-05-15T06:03:01.144+0000] {manager.py:879} INFO - 
================================================================================
DAG File Processing Stats

File Path                               PID  Runtime      # DAGs    # Errors  Last Runtime    Last Run
------------------------------------  -----  ---------  --------  ----------  --------------  -------------------
/opt/airflow/dags/hn_pipeline_dag.py    205  0.01s             1           0  0.07s           2026-05-15T06:02:30
================================================================================
[2026-05-15T06:03:31.367+0000] {manager.py:879} INFO - 
================================================================================
DAG File Processing Stats

File Path                               PID  Runtime      # DAGs    # Errors  Last Runtime    Last Run
------------------------------------  -----  ---------  --------  ----------  --------------  -------------------
/opt/airflow/dags/hn_pipeline_dag.py    210  0.00s             1           0  0.10s           2026-05-15T06:03:01
================================================================================
[2026-05-15T06:04:01.695+0000] {manager.py:879} INFO - 
================================================================================
DAG File Processing Stats

File Path                               PID  Runtime      # DAGs    # Errors  Last Runtime    Last Run
------------------------------------  -----  ---------  --------  ----------  --------------  -------------------
/opt/airflow/dags/hn_pipeline_dag.py    215  0.01s             1           0  0.09s           2026-05-15T06:03:31
================================================================================
[2026-05-15T06:04:31.931+0000] {manager.py:879} INFO - 
================================================================================
DAG File Processing Stats

File Path                               PID  Runtime      # DAGs    # Errors  Last Runtime    Last Run
------------------------------------  -----  ---------  --------  ----------  --------------  -------------------
/opt/airflow/dags/hn_pipeline_dag.py    220  0.01s             1           0  0.11s           2026-05-15T06:04:01
================================================================================
[2026-05-15T06:05:02.285+0000] {manager.py:879} INFO - 
================================================================================
DAG File Processing Stats

File Path                               PID  Runtime      # DAGs    # Errors  Last Runtime    Last Run
------------------------------------  -----  ---------  --------  ----------  --------------  -------------------
/opt/airflow/dags/hn_pipeline_dag.py    225  0.01s             1           0  0.11s           2026-05-15T06:04:32
================================================================================
[2026-05-15T06:05:29.590+0000] {manager.py:738} INFO - Searching for files in /opt/airflow/dags
[2026-05-15T06:05:29.599+0000] {manager.py:741} INFO - There are 1 files in /opt/airflow/dags
[2026-05-15T06:05:32.680+0000] {manager.py:879} INFO - 
================================================================================
DAG File Processing Stats

File Path                               PID  Runtime      # DAGs    # Errors  Last Runtime    Last Run
------------------------------------  -----  ---------  --------  ----------  --------------  -------------------
/opt/airflow/dags/hn_pipeline_dag.py    230  0.01s             1           0  0.10s           2026-05-15T06:05:02
================================================================================
[2026-05-15T06:06:03.059+0000] {manager.py:879} INFO - 
================================================================================
DAG File Processing Stats

File Path                               PID  Runtime      # DAGs    # Errors  Last Runtime    Last Run
------------------------------------  -----  ---------  --------  ----------  --------------  -------------------
/opt/airflow/dags/hn_pipeline_dag.py    235  0.01s             1           0  0.09s           2026-05-15T06:05:32
================================================================================
[2026-05-15T06:06:33.449+0000] {manager.py:879} INFO - 
================================================================================
DAG File Processing Stats

File Path                               PID  Runtime      # DAGs    # Errors  Last Runtime    Last Run
------------------------------------  -----  ---------  --------  ----------  --------------  -------------------
/opt/airflow/dags/hn_pipeline_dag.py    240  0.01s             1           0  0.10s           2026-05-15T06:06:03
================================================================================
[2026-05-15T06:07:04.354+0000] {manager.py:879} INFO - 
================================================================================
DAG File Processing Stats

File Path                               PID  Runtime      # DAGs    # Errors  Last Runtime    Last Run
------------------------------------  -----  ---------  --------  ----------  --------------  -------------------
/opt/airflow/dags/hn_pipeline_dag.py    245  0.16s             1           0  0.10s           2026-05-15T06:06:33
================================================================================
[2026-05-15T06:07:35.463+0000] {manager.py:879} INFO - 
================================================================================
DAG File Processing Stats

File Path                             PID    Runtime      # DAGs    # Errors  Last Runtime    Last Run
------------------------------------  -----  ---------  --------  ----------  --------------  -------------------
/opt/airflow/dags/hn_pipeline_dag.py                           1           0  6.87s           2026-05-15T06:07:10
================================================================================
[2026-05-15T06:08:17.294+0000] {manager.py:879} INFO - 
================================================================================
DAG File Processing Stats

File Path                               PID  Runtime      # DAGs    # Errors  Last Runtime    Last Run
------------------------------------  -----  ---------  --------  ----------  --------------  -------------------
/opt/airflow/dags/hn_pipeline_dag.py    251  31.37s            1           0  6.87s           2026-05-15T06:07:10
================================================================================
[2026-05-15T06:08:47.601+0000] {manager.py:879} INFO - 
================================================================================
DAG File Processing Stats

File Path                             PID    Runtime      # DAGs    # Errors  Last Runtime    Last Run
------------------------------------  -----  ---------  --------  ----------  --------------  -------------------
/opt/airflow/dags/hn_pipeline_dag.py                           1           0  48.36s          2026-05-15T06:08:33
================================================================================
[2026-05-15T06:09:17.624+0000] {manager.py:879} INFO - 
================================================================================
DAG File Processing Stats

File Path                             PID    Runtime      # DAGs    # Errors  Last Runtime    Last Run
------------------------------------  -----  ---------  --------  ----------  --------------  -------------------
/opt/airflow/dags/hn_pipeline_dag.py                           1           0  0.09s           2026-05-15T06:09:04
================================================================================
[2026-05-15T06:09:47.967+0000] {manager.py:879} INFO - 
================================================================================
DAG File Processing Stats

File Path                             PID    Runtime      # DAGs    # Errors  Last Runtime    Last Run
------------------------------------  -----  ---------  --------  ----------  --------------  -------------------
/opt/airflow/dags/hn_pipeline_dag.py                           1           0  0.08s           2026-05-15T06:09:34
================================================================================
[2026-05-15T06:10:18.328+0000] {manager.py:879} INFO - 
================================================================================
DAG File Processing Stats

File Path                             PID    Runtime      # DAGs    # Errors  Last Runtime    Last Run
------------------------------------  -----  ---------  --------  ----------  --------------  -------------------
/opt/airflow/dags/hn_pipeline_dag.py                           1           0  0.08s           2026-05-15T06:10:05
================================================================================
[2026-05-15T06:10:30.460+0000] {manager.py:738} INFO - Searching for files in /opt/airflow/dags
[2026-05-15T06:10:30.469+0000] {manager.py:741} INFO - There are 1 files in /opt/airflow/dags
[2026-05-15T06:10:48.670+0000] {manager.py:879} INFO - 
================================================================================
DAG File Processing Stats

File Path                             PID    Runtime      # DAGs    # Errors  Last Runtime    Last Run
------------------------------------  -----  ---------  --------  ----------  --------------  -------------------
/opt/airflow/dags/hn_pipeline_dag.py                           1           0  0.08s           2026-05-15T06:10:35
================================================================================
[2026-05-15T06:11:19.101+0000] {manager.py:879} INFO - 
================================================================================
DAG File Processing Stats

File Path                             PID    Runtime      # DAGs    # Errors  Last Runtime    Last Run
------------------------------------  -----  ---------  --------  ----------  --------------  -------------------
/opt/airflow/dags/hn_pipeline_dag.py                           1           0  0.12s           2026-05-15T06:11:06
================================================================================
[2026-05-15T06:11:49.510+0000] {manager.py:879} INFO - 
================================================================================
DAG File Processing Stats

File Path                             PID    Runtime      # DAGs    # Errors  Last Runtime    Last Run
------------------------------------  -----  ---------  --------  ----------  --------------  -------------------
/opt/airflow/dags/hn_pipeline_dag.py                           1           0  0.11s           2026-05-15T06:11:36
================================================================================
[2026-05-15T06:12:19.886+0000] {manager.py:879} INFO - 
================================================================================
DAG File Processing Stats

File Path                             PID    Runtime      # DAGs    # Errors  Last Runtime    Last Run
------------------------------------  -----  ---------  --------  ----------  --------------  -------------------
/opt/airflow/dags/hn_pipeline_dag.py                           1           0  0.10s           2026-05-15T06:12:06
================================================================================
[2026-05-15T06:12:50.218+0000] {manager.py:879} INFO - 
================================================================================
DAG File Processing Stats

File Path                             PID    Runtime      # DAGs    # Errors  Last Runtime    Last Run
------------------------------------  -----  ---------  --------  ----------  --------------  -------------------
/opt/airflow/dags/hn_pipeline_dag.py                           1           0  0.11s           2026-05-15T06:12:37
================================================================================
[2026-05-15T06:13:20.264+0000] {manager.py:879} INFO - 
================================================================================
DAG File Processing Stats

File Path                             PID    Runtime      # DAGs    # Errors  Last Runtime    Last Run
------------------------------------  -----  ---------  --------  ----------  --------------  -------------------
/opt/airflow/dags/hn_pipeline_dag.py                           1           0  0.10s           2026-05-15T06:13:07
================================================================================
[2026-05-15T06:13:55.747+0000] {manager.py:879} INFO - 
================================================================================
DAG File Processing Stats

File Path                               PID  Runtime      # DAGs    # Errors  Last Runtime    Last Run
------------------------------------  -----  ---------  --------  ----------  --------------  -------------------
/opt/airflow/dags/hn_pipeline_dag.py    302  13.49s            1           0  0.10s           2026-05-15T06:13:07
================================================================================
[2026-05-15T06:14:28.053+0000] {manager.py:879} INFO - 
================================================================================
DAG File Processing Stats

File Path                             PID    Runtime      # DAGs    # Errors  Last Runtime    Last Run
------------------------------------  -----  ---------  --------  ----------  --------------  -------------------
/opt/airflow/dags/hn_pipeline_dag.py                           1           0  32.19s          2026-05-15T06:14:10
================================================================================
[2026-05-15T06:14:58.308+0000] {manager.py:879} INFO - 
================================================================================
DAG File Processing Stats

File Path                             PID    Runtime      # DAGs    # Errors  Last Runtime    Last Run
------------------------------------  -----  ---------  --------  ----------  --------------  -------------------
/opt/airflow/dags/hn_pipeline_dag.py                           1           0  0.06s           2026-05-15T06:14:40
================================================================================
[2026-05-15T06:15:28.547+0000] {manager.py:879} INFO - 
================================================================================
DAG File Processing Stats

File Path                             PID    Runtime      # DAGs    # Errors  Last Runtime    Last Run
------------------------------------  -----  ---------  --------  ----------  --------------  -------------------
/opt/airflow/dags/hn_pipeline_dag.py                           1           0  0.06s           2026-05-15T06:15:10
================================================================================
[2026-05-15T06:15:30.557+0000] {manager.py:738} INFO - Searching for files in /opt/airflow/dags
[2026-05-15T06:15:30.561+0000] {manager.py:741} INFO - There are 1 files in /opt/airflow/dags
[2026-05-15T06:15:58.665+0000] {manager.py:879} INFO - 
================================================================================
DAG File Processing Stats

File Path                             PID    Runtime      # DAGs    # Errors  Last Runtime    Last Run
------------------------------------  -----  ---------  --------  ----------  --------------  -------------------
/opt/airflow/dags/hn_pipeline_dag.py                           1           0  0.06s           2026-05-15T06:15:40
================================================================================
[2026-05-15T06:16:29.068+0000] {manager.py:879} INFO - 
================================================================================
DAG File Processing Stats

File Path                             PID    Runtime      # DAGs    # Errors  Last Runtime    Last Run
------------------------------------  -----  ---------  --------  ----------  --------------  -------------------
/opt/airflow/dags/hn_pipeline_dag.py                           1           0  0.07s           2026-05-15T06:16:11
================================================================================
[2026-05-15T06:16:59.285+0000] {manager.py:879} INFO - 
================================================================================
DAG File Processing Stats

File Path                             PID    Runtime      # DAGs    # Errors  Last Runtime    Last Run
------------------------------------  -----  ---------  --------  ----------  --------------  -------------------
/opt/airflow/dags/hn_pipeline_dag.py                           1           0  0.09s           2026-05-15T06:16:42
================================================================================
[2026-05-15T06:17:29.527+0000] {manager.py:879} INFO - 
================================================================================
DAG File Processing Stats

File Path                             PID    Runtime      # DAGs    # Errors  Last Runtime    Last Run
------------------------------------  -----  ---------  --------  ----------  --------------  -------------------
/opt/airflow/dags/hn_pipeline_dag.py                           1           0  0.09s           2026-05-15T06:17:12
================================================================================
[2026-05-15T06:17:59.867+0000] {manager.py:879} INFO - 
================================================================================
DAG File Processing Stats

File Path                             PID    Runtime      # DAGs    # Errors  Last Runtime    Last Run
------------------------------------  -----  ---------  --------  ----------  --------------  -------------------
/opt/airflow/dags/hn_pipeline_dag.py                           1           0  0.08s           2026-05-15T06:17:42
================================================================================
[2026-05-15T06:18:30.208+0000] {manager.py:879} INFO - 
================================================================================
DAG File Processing Stats

File Path                             PID    Runtime      # DAGs    # Errors  Last Runtime    Last Run
------------------------------------  -----  ---------  --------  ----------  --------------  -------------------
/opt/airflow/dags/hn_pipeline_dag.py                           1           0  0.09s           2026-05-15T06:18:13
================================================================================
[2026-05-15T06:19:00.466+0000] {manager.py:879} INFO - 
================================================================================
DAG File Processing Stats

File Path                             PID    Runtime      # DAGs    # Errors  Last Runtime    Last Run
------------------------------------  -----  ---------  --------  ----------  --------------  -------------------
/opt/airflow/dags/hn_pipeline_dag.py                           1           0  0.09s           2026-05-15T06:18:43
================================================================================
[2026-05-15T06:19:30.824+0000] {manager.py:879} INFO - 
================================================================================
DAG File Processing Stats

File Path                             PID    Runtime      # DAGs    # Errors  Last Runtime    Last Run
------------------------------------  -----  ---------  --------  ----------  --------------  -------------------
/opt/airflow/dags/hn_pipeline_dag.py                           1           0  0.09s           2026-05-15T06:19:13
================================================================================
[2026-05-15T06:20:01.183+0000] {manager.py:879} INFO - 
================================================================================
DAG File Processing Stats

File Path                             PID    Runtime      # DAGs    # Errors  Last Runtime    Last Run
------------------------------------  -----  ---------  --------  ----------  --------------  -------------------
/opt/airflow/dags/hn_pipeline_dag.py                           1           0  0.09s           2026-05-15T06:19:44
================================================================================
[2026-05-15T06:20:31.527+0000] {manager.py:738} INFO - Searching for files in /opt/airflow/dags
[2026-05-15T06:20:31.538+0000] {manager.py:741} INFO - There are 1 files in /opt/airflow/dags
[2026-05-15T06:20:31.551+0000] {manager.py:879} INFO - 
================================================================================
DAG File Processing Stats

File Path                             PID    Runtime      # DAGs    # Errors  Last Runtime    Last Run
------------------------------------  -----  ---------  --------  ----------  --------------  -------------------
/opt/airflow/dags/hn_pipeline_dag.py                           1           0  0.06s           2026-05-15T06:20:14
================================================================================
[2026-05-15T06:21:01.860+0000] {manager.py:879} INFO - 
================================================================================
DAG File Processing Stats

File Path                             PID    Runtime      # DAGs    # Errors  Last Runtime    Last Run
------------------------------------  -----  ---------  --------  ----------  --------------  -------------------
/opt/airflow/dags/hn_pipeline_dag.py                           1           0  0.09s           2026-05-15T06:20:44
================================================================================
[2026-05-15T06:21:32.124+0000] {manager.py:879} INFO - 
================================================================================
DAG File Processing Stats

File Path                             PID    Runtime      # DAGs    # Errors  Last Runtime    Last Run
------------------------------------  -----  ---------  --------  ----------  --------------  -------------------
/opt/airflow/dags/hn_pipeline_dag.py                           1           0  0.07s           2026-05-15T06:21:15
================================================================================
[2026-05-15T06:22:02.516+0000] {manager.py:879} INFO - 
================================================================================
DAG File Processing Stats

File Path                             PID    Runtime      # DAGs    # Errors  Last Runtime    Last Run
------------------------------------  -----  ---------  --------  ----------  --------------  -------------------
/opt/airflow/dags/hn_pipeline_dag.py                           1           0  0.09s           2026-05-15T06:21:45
================================================================================
[2026-05-15T06:22:32.852+0000] {manager.py:879} INFO - 
================================================================================
DAG File Processing Stats

File Path                             PID    Runtime      # DAGs    # Errors  Last Runtime    Last Run
------------------------------------  -----  ---------  --------  ----------  --------------  -------------------
/opt/airflow/dags/hn_pipeline_dag.py                           1           0  0.09s           2026-05-15T06:22:15
================================================================================
[2026-05-15T06:23:03.213+0000] {manager.py:879} INFO - 
================================================================================
DAG File Processing Stats

File Path                             PID    Runtime      # DAGs    # Errors  Last Runtime    Last Run
------------------------------------  -----  ---------  --------  ----------  --------------  -------------------
/opt/airflow/dags/hn_pipeline_dag.py                           1           0  0.09s           2026-05-15T06:22:46
================================================================================
[2026-05-15T06:23:33.560+0000] {manager.py:879} INFO - 
================================================================================
DAG File Processing Stats

File Path                             PID    Runtime      # DAGs    # Errors  Last Runtime    Last Run
------------------------------------  -----  ---------  --------  ----------  --------------  -------------------
/opt/airflow/dags/hn_pipeline_dag.py                           1           0  0.08s           2026-05-15T06:23:16
================================================================================
[2026-05-15T06:24:03.938+0000] {manager.py:879} INFO - 
================================================================================
DAG File Processing Stats

File Path                             PID    Runtime      # DAGs    # Errors  Last Runtime    Last Run
------------------------------------  -----  ---------  --------  ----------  --------------  -------------------
/opt/airflow/dags/hn_pipeline_dag.py                           1           0  0.08s           2026-05-15T06:23:46
================================================================================
[2026-05-15T06:24:34.201+0000] {manager.py:879} INFO - 
================================================================================
DAG File Processing Stats

File Path                             PID    Runtime      # DAGs    # Errors  Last Runtime    Last Run
------------------------------------  -----  ---------  --------  ----------  --------------  -------------------
/opt/airflow/dags/hn_pipeline_dag.py                           1           0  0.09s           2026-05-15T06:24:17
================================================================================
[2026-05-15T06:25:04.543+0000] {manager.py:879} INFO - 
================================================================================
DAG File Processing Stats

File Path                             PID    Runtime      # DAGs    # Errors  Last Runtime    Last Run
------------------------------------  -----  ---------  --------  ----------  --------------  -------------------
/opt/airflow/dags/hn_pipeline_dag.py                           1           0  0.07s           2026-05-15T06:24:47
================================================================================
[2026-05-15T06:25:31.862+0000] {manager.py:738} INFO - Searching for files in /opt/airflow/dags
[2026-05-15T06:25:31.872+0000] {manager.py:741} INFO - There are 1 files in /opt/airflow/dags
[2026-05-15T06:25:34.921+0000] {manager.py:879} INFO - 
================================================================================
DAG File Processing Stats

File Path                             PID    Runtime      # DAGs    # Errors  Last Runtime    Last Run
------------------------------------  -----  ---------  --------  ----------  --------------  -------------------
/opt/airflow/dags/hn_pipeline_dag.py                           1           0  0.08s           2026-05-15T06:25:17
================================================================================
[2026-05-15T06:26:05.269+0000] {manager.py:879} INFO - 
================================================================================
DAG File Processing Stats

File Path                             PID    Runtime      # DAGs    # Errors  Last Runtime    Last Run
------------------------------------  -----  ---------  --------  ----------  --------------  -------------------
/opt/airflow/dags/hn_pipeline_dag.py                           1           0  0.08s           2026-05-15T06:25:48
================================================================================
[2026-05-15T06:26:35.540+0000] {manager.py:879} INFO - 
================================================================================
DAG File Processing Stats

File Path                             PID    Runtime      # DAGs    # Errors  Last Runtime    Last Run
------------------------------------  -----  ---------  --------  ----------  --------------  -------------------
/opt/airflow/dags/hn_pipeline_dag.py                           1           0  0.09s           2026-05-15T06:26:18
================================================================================
[2026-05-15T06:27:05.844+0000] {manager.py:879} INFO - 
================================================================================
DAG File Processing Stats

File Path                             PID    Runtime      # DAGs    # Errors  Last Runtime    Last Run
------------------------------------  -----  ---------  --------  ----------  --------------  -------------------
/opt/airflow/dags/hn_pipeline_dag.py                           1           0  0.08s           2026-05-15T06:26:48
================================================================================
[2026-05-15T06:27:36.055+0000] {manager.py:879} INFO - 
================================================================================
DAG File Processing Stats

File Path                             PID    Runtime      # DAGs    # Errors  Last Runtime    Last Run
------------------------------------  -----  ---------  --------  ----------  --------------  -------------------
/opt/airflow/dags/hn_pipeline_dag.py                           1           0  0.06s           2026-05-15T06:27:18
================================================================================
[2026-05-15T06:28:06.342+0000] {manager.py:879} INFO - 
================================================================================
DAG File Processing Stats

File Path                             PID    Runtime      # DAGs    # Errors  Last Runtime    Last Run
------------------------------------  -----  ---------  --------  ----------  --------------  -------------------
/opt/airflow/dags/hn_pipeline_dag.py                           1           0  0.07s           2026-05-15T06:27:49
================================================================================
[2026-05-15T06:28:36.629+0000] {manager.py:879} INFO - 
================================================================================
DAG File Processing Stats

File Path                             PID    Runtime      # DAGs    # Errors  Last Runtime    Last Run
------------------------------------  -----  ---------  --------  ----------  --------------  -------------------
/opt/airflow/dags/hn_pipeline_dag.py                           1           0  0.06s           2026-05-15T06:28:19
================================================================================
[2026-05-15T06:29:06.928+0000] {manager.py:879} INFO - 
================================================================================
DAG File Processing Stats

File Path                             PID    Runtime      # DAGs    # Errors  Last Runtime    Last Run
------------------------------------  -----  ---------  --------  ----------  --------------  -------------------
/opt/airflow/dags/hn_pipeline_dag.py                           1           0  0.09s           2026-05-15T06:28:49
================================================================================
[2026-05-15T06:29:25.075+0000] {manager.py:451} INFO - Exiting gracefully upon receiving signal 15
[2026-05-15T06:29:59.570+0000] {manager.py:469} INFO - Processing files using up to 2 processes at a time 
[2026-05-15T06:29:59.572+0000] {manager.py:470} INFO - Process each file at most once every 30 seconds
[2026-05-15T06:29:59.572+0000] {manager.py:471} INFO - Checking for new files in /opt/airflow/dags every 300 seconds
[2026-05-15T06:29:59.572+0000] {manager.py:738} INFO - Searching for files in /opt/airflow/dags
[2026-05-15T06:29:59.575+0000] {manager.py:741} INFO - There are 1 files in /opt/airflow/dags
[2026-05-15T06:29:59.650+0000] {manager.py:879} INFO - 
================================================================================
DAG File Processing Stats

File Path                               PID  Runtime      # DAGs    # Errors  Last Runtime    Last Run
------------------------------------  -----  ---------  --------  ----------  --------------  ----------
/opt/airflow/dags/hn_pipeline_dag.py    179  0.03s             0           0
================================================================================
[2026-05-15T06:30:29.867+0000] {manager.py:879} INFO - 
================================================================================
DAG File Processing Stats

File Path                               PID  Runtime      # DAGs    # Errors  Last Runtime    Last Run
------------------------------------  -----  ---------  --------  ----------  --------------  -------------------
/opt/airflow/dags/hn_pipeline_dag.py    185  0.01s             0           1  0.05s           2026-05-15T06:29:59
================================================================================
[2026-05-15T06:31:00.092+0000] {manager.py:879} INFO - 
================================================================================
DAG File Processing Stats

File Path                               PID  Runtime      # DAGs    # Errors  Last Runtime    Last Run
------------------------------------  -----  ---------  --------  ----------  --------------  -------------------
/opt/airflow/dags/hn_pipeline_dag.py    190  0.00s             0           1  0.06s           2026-05-15T06:30:29
================================================================================
[2026-05-15T06:31:30.203+0000] {manager.py:879} INFO - 
================================================================================
DAG File Processing Stats

File Path                               PID  Runtime      # DAGs    # Errors  Last Runtime    Last Run
------------------------------------  -----  ---------  --------  ----------  --------------  -------------------
/opt/airflow/dags/hn_pipeline_dag.py    195  0.01s             0           1  0.07s           2026-05-15T06:31:00
================================================================================
[2026-05-15T06:32:00.536+0000] {manager.py:879} INFO - 
================================================================================
DAG File Processing Stats

File Path                               PID  Runtime      # DAGs    # Errors  Last Runtime    Last Run
------------------------------------  -----  ---------  --------  ----------  --------------  -------------------
/opt/airflow/dags/hn_pipeline_dag.py    200  0.01s             0           1  0.06s           2026-05-15T06:31:30
================================================================================
[2026-05-15T06:32:30.928+0000] {manager.py:879} INFO - 
================================================================================
DAG File Processing Stats

File Path                               PID  Runtime      # DAGs    # Errors  Last Runtime    Last Run
------------------------------------  -----  ---------  --------  ----------  --------------  -------------------
/opt/airflow/dags/hn_pipeline_dag.py    205  0.01s             0           1  0.06s           2026-05-15T06:32:00
================================================================================
[2026-05-15T06:33:01.321+0000] {manager.py:879} INFO - 
================================================================================
DAG File Processing Stats

File Path                               PID  Runtime      # DAGs    # Errors  Last Runtime    Last Run
------------------------------------  -----  ---------  --------  ----------  --------------  -------------------
/opt/airflow/dags/hn_pipeline_dag.py    210  0.02s             0           1  0.07s           2026-05-15T06:32:30
================================================================================
[2026-05-15T06:33:31.639+0000] {manager.py:879} INFO - 
================================================================================
DAG File Processing Stats

File Path                               PID  Runtime      # DAGs    # Errors  Last Runtime    Last Run
------------------------------------  -----  ---------  --------  ----------  --------------  -------------------
/opt/airflow/dags/hn_pipeline_dag.py    215  0.01s             0           1  0.06s           2026-05-15T06:33:01
================================================================================
[2026-05-15T06:34:06.561+0000] {manager.py:879} INFO - 
================================================================================
DAG File Processing Stats

File Path                               PID  Runtime      # DAGs    # Errors  Last Runtime    Last Run
------------------------------------  -----  ---------  --------  ----------  --------------  -------------------
/opt/airflow/dags/hn_pipeline_dag.py    220  0.16s             0           1  0.05s           2026-05-15T06:33:31
================================================================================
[2026-05-15T06:34:38.623+0000] {manager.py:879} INFO - 
================================================================================
DAG File Processing Stats

File Path                             PID    Runtime      # DAGs    # Errors  Last Runtime    Last Run
------------------------------------  -----  ---------  --------  ----------  --------------  -------------------
/opt/airflow/dags/hn_pipeline_dag.py                           0           1  9.77s           2026-05-15T06:34:15
================================================================================
[2026-05-15T06:34:59.628+0000] {manager.py:738} INFO - Searching for files in /opt/airflow/dags
[2026-05-15T06:34:59.637+0000] {manager.py:741} INFO - There are 1 files in /opt/airflow/dags
[2026-05-15T06:35:08.806+0000] {manager.py:879} INFO - 
================================================================================
DAG File Processing Stats

File Path                             PID    Runtime      # DAGs    # Errors  Last Runtime    Last Run
------------------------------------  -----  ---------  --------  ----------  --------------  -------------------
/opt/airflow/dags/hn_pipeline_dag.py                           0           1  0.51s           2026-05-15T06:34:46
================================================================================
[2026-05-15T06:35:39.773+0000] {manager.py:879} INFO - 
================================================================================
DAG File Processing Stats

File Path                             PID    Runtime      # DAGs    # Errors  Last Runtime    Last Run
------------------------------------  -----  ---------  --------  ----------  --------------  -------------------
/opt/airflow/dags/hn_pipeline_dag.py                           0           1  0.58s           2026-05-15T06:35:17
================================================================================
[2026-05-15T06:36:10.675+0000] {manager.py:879} INFO - 
================================================================================
DAG File Processing Stats

File Path                             PID    Runtime      # DAGs    # Errors  Last Runtime    Last Run
------------------------------------  -----  ---------  --------  ----------  --------------  -------------------
/opt/airflow/dags/hn_pipeline_dag.py                           0           1  1.61s           2026-05-15T06:35:49
================================================================================
[2026-05-15T06:36:40.704+0000] {manager.py:879} INFO - 
================================================================================
DAG File Processing Stats

File Path                             PID    Runtime      # DAGs    # Errors  Last Runtime    Last Run
------------------------------------  -----  ---------  --------  ----------  --------------  -------------------
/opt/airflow/dags/hn_pipeline_dag.py                           0           1  3.16s           2026-05-15T06:36:23
================================================================================
[2026-05-15T06:37:11.082+0000] {manager.py:879} INFO - 
================================================================================
DAG File Processing Stats

File Path                             PID    Runtime      # DAGs    # Errors  Last Runtime    Last Run
------------------------------------  -----  ---------  --------  ----------  --------------  -------------------
/opt/airflow/dags/hn_pipeline_dag.py                           0           1  0.08s           2026-05-15T06:37:08
================================================================================
[2026-05-15T06:37:41.448+0000] {manager.py:879} INFO - 
================================================================================
DAG File Processing Stats

File Path                             PID    Runtime      # DAGs    # Errors  Last Runtime    Last Run
------------------------------------  -----  ---------  --------  ----------  --------------  -------------------
/opt/airflow/dags/hn_pipeline_dag.py                           0           1  0.07s           2026-05-15T06:37:38
================================================================================
[2026-05-15T06:38:11.795+0000] {manager.py:879} INFO - 
================================================================================
DAG File Processing Stats

File Path                             PID    Runtime      # DAGs    # Errors  Last Runtime    Last Run
------------------------------------  -----  ---------  --------  ----------  --------------  -------------------
/opt/airflow/dags/hn_pipeline_dag.py                           0           1  0.07s           2026-05-15T06:38:08
================================================================================
[2026-05-15T06:38:12.239+0000] {manager.py:451} INFO - Exiting gracefully upon receiving signal 15
[2026-05-15T06:39:09.514+0000] {manager.py:469} INFO - Processing files using up to 2 processes at a time 
[2026-05-15T06:39:09.516+0000] {manager.py:470} INFO - Process each file at most once every 30 seconds
[2026-05-15T06:39:09.518+0000] {manager.py:471} INFO - Checking for new files in /opt/airflow/dags every 300 seconds
[2026-05-15T06:39:09.518+0000] {manager.py:738} INFO - Searching for files in /opt/airflow/dags
[2026-05-15T06:39:09.523+0000] {manager.py:741} INFO - There are 1 files in /opt/airflow/dags
[2026-05-15T06:39:09.570+0000] {manager.py:879} INFO - 
================================================================================
DAG File Processing Stats

File Path                               PID  Runtime      # DAGs    # Errors  Last Runtime    Last Run
------------------------------------  -----  ---------  --------  ----------  --------------  ----------
/opt/airflow/dags/hn_pipeline_dag.py    179  0.02s             0           0
================================================================================
[2026-05-15T06:39:39.770+0000] {manager.py:879} INFO - 
================================================================================
DAG File Processing Stats

File Path                               PID  Runtime      # DAGs    # Errors  Last Runtime    Last Run
------------------------------------  -----  ---------  --------  ----------  --------------  -------------------
/opt/airflow/dags/hn_pipeline_dag.py    184  0.01s             0           1  0.04s           2026-05-15T06:39:09
================================================================================
[2026-05-15T06:40:10.083+0000] {manager.py:879} INFO - 
================================================================================
DAG File Processing Stats

File Path                               PID  Runtime      # DAGs    # Errors  Last Runtime    Last Run
------------------------------------  -----  ---------  --------  ----------  --------------  -------------------
/opt/airflow/dags/hn_pipeline_dag.py    189  0.01s             0           1  0.07s           2026-05-15T06:39:39
================================================================================
[2026-05-15T06:40:41.828+0000] {manager.py:879} INFO - 
================================================================================
DAG File Processing Stats

File Path                               PID  Runtime      # DAGs    # Errors  Last Runtime    Last Run
------------------------------------  -----  ---------  --------  ----------  --------------  -------------------
/opt/airflow/dags/hn_pipeline_dag.py    194  0.01s             0           1  0.08s           2026-05-15T06:40:10
================================================================================
[2026-05-15T06:41:12.547+0000] {manager.py:879} INFO - 
================================================================================
DAG File Processing Stats

File Path                               PID  Runtime      # DAGs    # Errors  Last Runtime    Last Run
------------------------------------  -----  ---------  --------  ----------  --------------  -------------------
/opt/airflow/dags/hn_pipeline_dag.py    199  0.01s             0           1  0.64s           2026-05-15T06:40:42
================================================================================
[2026-05-15T06:41:42.793+0000] {manager.py:879} INFO - 
================================================================================
DAG File Processing Stats

File Path                               PID  Runtime      # DAGs    # Errors  Last Runtime    Last Run
------------------------------------  -----  ---------  --------  ----------  --------------  -------------------
/opt/airflow/dags/hn_pipeline_dag.py    204  0.01s             0           1  0.05s           2026-05-15T06:41:12
================================================================================
[2026-05-15T06:42:13.062+0000] {manager.py:879} INFO - 
================================================================================
DAG File Processing Stats

File Path                               PID  Runtime      # DAGs    # Errors  Last Runtime    Last Run
------------------------------------  -----  ---------  --------  ----------  --------------  -------------------
/opt/airflow/dags/hn_pipeline_dag.py    209  0.01s             0           1  0.05s           2026-05-15T06:41:42
================================================================================
[2026-05-15T06:42:43.366+0000] {manager.py:879} INFO - 
================================================================================
DAG File Processing Stats

File Path                               PID  Runtime      # DAGs    # Errors  Last Runtime    Last Run
------------------------------------  -----  ---------  --------  ----------  --------------  -------------------
/opt/airflow/dags/hn_pipeline_dag.py    214  0.01s             0           1  0.04s           2026-05-15T06:42:13
================================================================================
[2026-05-15T06:43:13.654+0000] {manager.py:879} INFO - 
================================================================================
DAG File Processing Stats

File Path                               PID  Runtime      # DAGs    # Errors  Last Runtime    Last Run
------------------------------------  -----  ---------  --------  ----------  --------------  -------------------
/opt/airflow/dags/hn_pipeline_dag.py    219  0.01s             0           1  0.06s           2026-05-15T06:42:43
================================================================================
[2026-05-15T06:43:43.988+0000] {manager.py:879} INFO - 
================================================================================
DAG File Processing Stats

File Path                               PID  Runtime      # DAGs    # Errors  Last Runtime    Last Run
------------------------------------  -----  ---------  --------  ----------  --------------  -------------------
/opt/airflow/dags/hn_pipeline_dag.py    224  0.01s             0           1  0.07s           2026-05-15T06:43:13
================================================================================
[2026-05-15T06:44:10.410+0000] {manager.py:738} INFO - Searching for files in /opt/airflow/dags
[2026-05-15T06:44:10.416+0000] {manager.py:741} INFO - There are 1 files in /opt/airflow/dags
[2026-05-15T06:44:14.482+0000] {manager.py:879} INFO - 
================================================================================
DAG File Processing Stats

File Path                               PID  Runtime      # DAGs    # Errors  Last Runtime    Last Run
------------------------------------  -----  ---------  --------  ----------  --------------  -------------------
/opt/airflow/dags/hn_pipeline_dag.py    229  0.01s             0           1  0.07s           2026-05-15T06:43:44
================================================================================
[2026-05-15T06:44:45.100+0000] {manager.py:879} INFO - 
================================================================================
DAG File Processing Stats

File Path                               PID  Runtime      # DAGs    # Errors  Last Runtime    Last Run
------------------------------------  -----  ---------  --------  ----------  --------------  -------------------
/opt/airflow/dags/hn_pipeline_dag.py    234  0.01s             0           1  0.17s           2026-05-15T06:44:14
================================================================================
[2026-05-15T06:45:15.161+0000] {manager.py:879} INFO - 
================================================================================
DAG File Processing Stats

File Path                             PID    Runtime      # DAGs    # Errors  Last Runtime    Last Run
------------------------------------  -----  ---------  --------  ----------  --------------  -------------------
/opt/airflow/dags/hn_pipeline_dag.py                           0           1  0.60s           2026-05-15T06:44:45
================================================================================
[2026-05-15T06:45:35.552+0000] {manager.py:451} INFO - Exiting gracefully upon receiving signal 15
[2026-05-15T06:46:14.298+0000] {manager.py:469} INFO - Processing files using up to 2 processes at a time 
[2026-05-15T06:46:14.298+0000] {manager.py:470} INFO - Process each file at most once every 30 seconds
[2026-05-15T06:46:14.299+0000] {manager.py:471} INFO - Checking for new files in /opt/airflow/dags every 300 seconds
[2026-05-15T06:46:14.299+0000] {manager.py:738} INFO - Searching for files in /opt/airflow/dags
[2026-05-15T06:46:14.300+0000] {manager.py:741} INFO - There are 1 files in /opt/airflow/dags
[2026-05-15T06:46:14.370+0000] {manager.py:879} INFO - 
================================================================================
DAG File Processing Stats

File Path                               PID  Runtime      # DAGs    # Errors  Last Runtime    Last Run
------------------------------------  -----  ---------  --------  ----------  --------------  ----------
/opt/airflow/dags/hn_pipeline_dag.py    179  0.03s             0           0
================================================================================
[2026-05-15T06:46:44.603+0000] {manager.py:879} INFO - 
================================================================================
DAG File Processing Stats

File Path                               PID  Runtime      # DAGs    # Errors  Last Runtime    Last Run
------------------------------------  -----  ---------  --------  ----------  --------------  -------------------
/opt/airflow/dags/hn_pipeline_dag.py    185  0.01s             1           0  0.20s           2026-05-15T06:46:14
================================================================================
[2026-05-15T06:47:14.850+0000] {manager.py:879} INFO - 
================================================================================
DAG File Processing Stats

File Path                               PID  Runtime      # DAGs    # Errors  Last Runtime    Last Run
------------------------------------  -----  ---------  --------  ----------  --------------  -------------------
/opt/airflow/dags/hn_pipeline_dag.py    197  0.01s             1           0  0.10s           2026-05-15T06:46:44
================================================================================
[2026-05-15T06:47:45.214+0000] {manager.py:879} INFO - 
================================================================================
DAG File Processing Stats

File Path                               PID  Runtime      # DAGs    # Errors  Last Runtime    Last Run
------------------------------------  -----  ---------  --------  ----------  --------------  -------------------
/opt/airflow/dags/hn_pipeline_dag.py    207  0.01s             1           0  0.11s           2026-05-15T06:47:14
================================================================================
[2026-05-15T06:48:15.524+0000] {manager.py:879} INFO - 
================================================================================
DAG File Processing Stats

File Path                               PID  Runtime      # DAGs    # Errors  Last Runtime    Last Run
------------------------------------  -----  ---------  --------  ----------  --------------  -------------------
/opt/airflow/dags/hn_pipeline_dag.py    224  0.01s             1           0  0.10s           2026-05-15T06:47:45
================================================================================
[2026-05-15T06:48:45.631+0000] {manager.py:879} INFO - 
================================================================================
DAG File Processing Stats

File Path                             PID    Runtime      # DAGs    # Errors  Last Runtime    Last Run
------------------------------------  -----  ---------  --------  ----------  --------------  -------------------
/opt/airflow/dags/hn_pipeline_dag.py                           1           0  0.11s           2026-05-15T06:48:15
================================================================================
[2026-05-15T06:49:15.727+0000] {manager.py:879} INFO - 
================================================================================
DAG File Processing Stats

File Path                             PID    Runtime      # DAGs    # Errors  Last Runtime    Last Run
------------------------------------  -----  ---------  --------  ----------  --------------  -------------------
/opt/airflow/dags/hn_pipeline_dag.py                           1           0  15.88s          2026-05-15T06:49:01
================================================================================
[2026-05-15T06:49:46.047+0000] {manager.py:879} INFO - 
================================================================================
DAG File Processing Stats

File Path                             PID    Runtime      # DAGs    # Errors  Last Runtime    Last Run
------------------------------------  -----  ---------  --------  ----------  --------------  -------------------
/opt/airflow/dags/hn_pipeline_dag.py                           1           0  0.10s           2026-05-15T06:49:32
================================================================================
[2026-05-15T06:50:16.348+0000] {manager.py:879} INFO - 
================================================================================
DAG File Processing Stats

File Path                             PID    Runtime      # DAGs    # Errors  Last Runtime    Last Run
------------------------------------  -----  ---------  --------  ----------  --------------  -------------------
/opt/airflow/dags/hn_pipeline_dag.py                           1           0  0.08s           2026-05-15T06:50:02
================================================================================
[2026-05-15T06:50:46.532+0000] {manager.py:879} INFO - 
================================================================================
DAG File Processing Stats

File Path                             PID    Runtime      # DAGs    # Errors  Last Runtime    Last Run
------------------------------------  -----  ---------  --------  ----------  --------------  -------------------
/opt/airflow/dags/hn_pipeline_dag.py                           1           0  0.07s           2026-05-15T06:50:32
================================================================================
[2026-05-15T06:51:14.698+0000] {manager.py:738} INFO - Searching for files in /opt/airflow/dags
[2026-05-15T06:51:14.701+0000] {manager.py:741} INFO - There are 1 files in /opt/airflow/dags
[2026-05-15T06:51:16.710+0000] {manager.py:879} INFO - 
================================================================================
DAG File Processing Stats

File Path                             PID    Runtime      # DAGs    # Errors  Last Runtime    Last Run
------------------------------------  -----  ---------  --------  ----------  --------------  -------------------
/opt/airflow/dags/hn_pipeline_dag.py                           1           0  0.09s           2026-05-15T06:51:02
================================================================================
[2026-05-15T06:51:46.875+0000] {manager.py:879} INFO - 
================================================================================
DAG File Processing Stats

File Path                               PID  Runtime      # DAGs    # Errors  Last Runtime    Last Run
------------------------------------  -----  ---------  --------  ----------  --------------  -------------------
/opt/airflow/dags/hn_pipeline_dag.py    261  13.29s            1           0  0.09s           2026-05-15T06:51:02
================================================================================
[2026-05-15T06:52:11.839+0000] {manager.py:451} INFO - Exiting gracefully upon receiving signal 15
[2026-05-15T06:52:38.816+0000] {manager.py:469} INFO - Processing files using up to 2 processes at a time 
[2026-05-15T06:52:38.816+0000] {manager.py:470} INFO - Process each file at most once every 30 seconds
[2026-05-15T06:52:38.816+0000] {manager.py:471} INFO - Checking for new files in /opt/airflow/dags every 300 seconds
[2026-05-15T06:52:38.817+0000] {manager.py:738} INFO - Searching for files in /opt/airflow/dags
[2026-05-15T06:52:38.819+0000] {manager.py:741} INFO - There are 1 files in /opt/airflow/dags
[2026-05-15T06:52:38.875+0000] {manager.py:879} INFO - 
================================================================================
DAG File Processing Stats

File Path                               PID  Runtime      # DAGs    # Errors  Last Runtime    Last Run
------------------------------------  -----  ---------  --------  ----------  --------------  ----------
/opt/airflow/dags/hn_pipeline_dag.py    180  0.03s             0           0
================================================================================
[2026-05-15T06:53:09.161+0000] {manager.py:879} INFO - 
================================================================================
DAG File Processing Stats

File Path                               PID  Runtime      # DAGs    # Errors  Last Runtime    Last Run
------------------------------------  -----  ---------  --------  ----------  --------------  -------------------
/opt/airflow/dags/hn_pipeline_dag.py    192  0.03s             1           0  0.21s           2026-05-15T06:52:39
================================================================================
[2026-05-15T06:53:39.569+0000] {manager.py:879} INFO - 
================================================================================
DAG File Processing Stats

File Path                               PID  Runtime      # DAGs    # Errors  Last Runtime    Last Run
------------------------------------  -----  ---------  --------  ----------  --------------  -------------------
/opt/airflow/dags/hn_pipeline_dag.py    203  0.00s             1           0  0.15s           2026-05-15T06:53:09
================================================================================
[2026-05-15T06:54:09.738+0000] {manager.py:879} INFO - 
================================================================================
DAG File Processing Stats

File Path                               PID  Runtime      # DAGs    # Errors  Last Runtime    Last Run
------------------------------------  -----  ---------  --------  ----------  --------------  -------------------
/opt/airflow/dags/hn_pipeline_dag.py    208  0.01s             1           0  0.07s           2026-05-15T06:53:39
================================================================================
[2026-05-15T06:54:39.988+0000] {manager.py:879} INFO - 
================================================================================
DAG File Processing Stats

File Path                               PID  Runtime      # DAGs    # Errors  Last Runtime    Last Run
------------------------------------  -----  ---------  --------  ----------  --------------  -------------------
/opt/airflow/dags/hn_pipeline_dag.py    213  0.00s             1           0  0.08s           2026-05-15T06:54:09
================================================================================
[2026-05-15T06:55:10.246+0000] {manager.py:879} INFO - 
================================================================================
DAG File Processing Stats

File Path                               PID  Runtime      # DAGs    # Errors  Last Runtime    Last Run
------------------------------------  -----  ---------  --------  ----------  --------------  -------------------
/opt/airflow/dags/hn_pipeline_dag.py    224  0.01s             1           0  0.07s           2026-05-15T06:54:40
================================================================================
[2026-05-15T06:55:40.526+0000] {manager.py:879} INFO - 
================================================================================
DAG File Processing Stats

File Path                               PID  Runtime      # DAGs    # Errors  Last Runtime    Last Run
------------------------------------  -----  ---------  --------  ----------  --------------  -------------------
/opt/airflow/dags/hn_pipeline_dag.py    229  0.01s             1           0  0.08s           2026-05-15T06:55:10
================================================================================
[2026-05-15T06:56:10.711+0000] {manager.py:879} INFO - 
================================================================================
DAG File Processing Stats

File Path                               PID  Runtime      # DAGs    # Errors  Last Runtime    Last Run
------------------------------------  -----  ---------  --------  ----------  --------------  -------------------
/opt/airflow/dags/hn_pipeline_dag.py    234  0.00s             1           0  0.07s           2026-05-15T06:55:40
================================================================================
[2026-05-15T06:56:40.882+0000] {manager.py:879} INFO - 
================================================================================
DAG File Processing Stats

File Path                               PID  Runtime      # DAGs    # Errors  Last Runtime    Last Run
------------------------------------  -----  ---------  --------  ----------  --------------  -------------------
/opt/airflow/dags/hn_pipeline_dag.py    239  0.01s             1           0  0.08s           2026-05-15T06:56:10
================================================================================
[2026-05-15T06:57:11.122+0000] {manager.py:879} INFO - 
================================================================================
DAG File Processing Stats

File Path                               PID  Runtime      # DAGs    # Errors  Last Runtime    Last Run
------------------------------------  -----  ---------  --------  ----------  --------------  -------------------
/opt/airflow/dags/hn_pipeline_dag.py    244  0.01s             1           0  0.09s           2026-05-15T06:56:40
================================================================================
[2026-05-15T06:57:40.243+0000] {manager.py:738} INFO - Searching for files in /opt/airflow/dags
[2026-05-15T06:57:40.499+0000] {manager.py:741} INFO - There are 1 files in /opt/airflow/dags
[2026-05-15T06:57:42.540+0000] {manager.py:879} INFO - 
================================================================================
DAG File Processing Stats

File Path                               PID  Runtime      # DAGs    # Errors  Last Runtime    Last Run
------------------------------------  -----  ---------  --------  ----------  --------------  -------------------
/opt/airflow/dags/hn_pipeline_dag.py    251  0.04s             1           0  0.09s           2026-05-15T06:57:11
================================================================================
[2026-05-15T06:58:15.565+0000] {manager.py:879} INFO - 
================================================================================
DAG File Processing Stats

File Path                               PID  Runtime      # DAGs    # Errors  Last Runtime    Last Run
------------------------------------  -----  ---------  --------  ----------  --------------  -------------------
/opt/airflow/dags/hn_pipeline_dag.py    251  32.15s            1           0  0.09s           2026-05-15T06:57:11
================================================================================
[2026-05-15T06:58:20.123+0000] {manager.py:451} INFO - Exiting gracefully upon receiving signal 15
[2026-05-15T06:59:07.615+0000] {manager.py:469} INFO - Processing files using up to 2 processes at a time 
[2026-05-15T06:59:07.615+0000] {manager.py:470} INFO - Process each file at most once every 30 seconds
[2026-05-15T06:59:07.615+0000] {manager.py:471} INFO - Checking for new files in /opt/airflow/dags every 300 seconds
[2026-05-15T06:59:07.616+0000] {manager.py:738} INFO - Searching for files in /opt/airflow/dags
[2026-05-15T06:59:07.618+0000] {manager.py:741} INFO - There are 1 files in /opt/airflow/dags
[2026-05-15T06:59:07.686+0000] {manager.py:879} INFO - 
================================================================================
DAG File Processing Stats

File Path                               PID  Runtime      # DAGs    # Errors  Last Runtime    Last Run
------------------------------------  -----  ---------  --------  ----------  --------------  ----------
/opt/airflow/dags/hn_pipeline_dag.py    186  0.03s             0           0
================================================================================
[2026-05-15T06:59:37.983+0000] {manager.py:879} INFO - 
================================================================================
DAG File Processing Stats

File Path                               PID  Runtime      # DAGs    # Errors  Last Runtime    Last Run
------------------------------------  -----  ---------  --------  ----------  --------------  -------------------
/opt/airflow/dags/hn_pipeline_dag.py    198  0.01s             1           0  0.23s           2026-05-15T06:59:07
================================================================================
[2026-05-15T07:00:08.387+0000] {manager.py:879} INFO - 
================================================================================
DAG File Processing Stats

File Path                               PID  Runtime      # DAGs    # Errors  Last Runtime    Last Run
------------------------------------  -----  ---------  --------  ----------  --------------  -------------------
/opt/airflow/dags/hn_pipeline_dag.py    203  0.01s             1           0  0.10s           2026-05-15T06:59:38
================================================================================
[2026-05-15T07:00:38.698+0000] {manager.py:879} INFO - 
================================================================================
DAG File Processing Stats

File Path                               PID  Runtime      # DAGs    # Errors  Last Runtime    Last Run
------------------------------------  -----  ---------  --------  ----------  --------------  -------------------
/opt/airflow/dags/hn_pipeline_dag.py    208  0.01s             1           0  0.26s           2026-05-15T07:00:08
================================================================================
[2026-05-15T07:01:08.973+0000] {manager.py:879} INFO - 
================================================================================
DAG File Processing Stats

File Path                               PID  Runtime      # DAGs    # Errors  Last Runtime    Last Run
------------------------------------  -----  ---------  --------  ----------  --------------  -------------------
/opt/airflow/dags/hn_pipeline_dag.py    213  0.01s             1           0  0.16s           2026-05-15T07:00:38
================================================================================
[2026-05-15T07:01:39.461+0000] {manager.py:879} INFO - 
================================================================================
DAG File Processing Stats

File Path                               PID  Runtime      # DAGs    # Errors  Last Runtime    Last Run
------------------------------------  -----  ---------  --------  ----------  --------------  -------------------
/opt/airflow/dags/hn_pipeline_dag.py    224  0.01s             1           0  0.33s           2026-05-15T07:01:09
================================================================================
[2026-05-15T07:02:09.783+0000] {manager.py:879} INFO - 
================================================================================
DAG File Processing Stats

File Path                               PID  Runtime      # DAGs    # Errors  Last Runtime    Last Run
------------------------------------  -----  ---------  --------  ----------  --------------  -------------------
/opt/airflow/dags/hn_pipeline_dag.py    229  0.01s             1           0  0.10s           2026-05-15T07:01:39
================================================================================
[2026-05-15T07:02:40.086+0000] {manager.py:879} INFO - 
================================================================================
DAG File Processing Stats

File Path                               PID  Runtime      # DAGs    # Errors  Last Runtime    Last Run
------------------------------------  -----  ---------  --------  ----------  --------------  -------------------
/opt/airflow/dags/hn_pipeline_dag.py    240  0.00s             1           0  0.08s           2026-05-15T07:02:09
================================================================================
[2026-05-15T07:03:10.326+0000] {manager.py:879} INFO - 
================================================================================
DAG File Processing Stats

File Path                               PID  Runtime      # DAGs    # Errors  Last Runtime    Last Run
------------------------------------  -----  ---------  --------  ----------  --------------  -------------------
/opt/airflow/dags/hn_pipeline_dag.py    579  0.01s             1           0  0.07s           2026-05-15T07:02:40
================================================================================
[2026-05-15T07:03:40.660+0000] {manager.py:879} INFO - 
================================================================================
DAG File Processing Stats

File Path                               PID  Runtime      # DAGs    # Errors  Last Runtime    Last Run
------------------------------------  -----  ---------  --------  ----------  --------------  -------------------
/opt/airflow/dags/hn_pipeline_dag.py    595  0.01s             1           0  0.07s           2026-05-15T07:03:10
================================================================================
[2026-05-15T07:04:08.365+0000] {manager.py:738} INFO - Searching for files in /opt/airflow/dags
[2026-05-15T07:04:08.369+0000] {manager.py:741} INFO - There are 1 files in /opt/airflow/dags
[2026-05-15T07:04:11.406+0000] {manager.py:879} INFO - 
================================================================================
DAG File Processing Stats

File Path                             PID    Runtime      # DAGs    # Errors  Last Runtime    Last Run
------------------------------------  -----  ---------  --------  ----------  --------------  -------------------
/opt/airflow/dags/hn_pipeline_dag.py                           1           0  7.62s           2026-05-15T07:03:48
================================================================================
[2026-05-15T07:04:41.494+0000] {manager.py:879} INFO - 
================================================================================
DAG File Processing Stats

File Path                             PID    Runtime      # DAGs    # Errors  Last Runtime    Last Run
------------------------------------  -----  ---------  --------  ----------  --------------  -------------------
/opt/airflow/dags/hn_pipeline_dag.py                           1           0  0.07s           2026-05-15T07:04:18
================================================================================
[2026-05-15T07:05:11.740+0000] {manager.py:879} INFO - 
================================================================================
DAG File Processing Stats

File Path                             PID    Runtime      # DAGs    # Errors  Last Runtime    Last Run
------------------------------------  -----  ---------  --------  ----------  --------------  -------------------
/opt/airflow/dags/hn_pipeline_dag.py                           1           0  0.07s           2026-05-15T07:04:48
================================================================================
[2026-05-15T07:05:41.912+0000] {manager.py:879} INFO - 
================================================================================
DAG File Processing Stats

File Path                             PID    Runtime      # DAGs    # Errors  Last Runtime    Last Run
------------------------------------  -----  ---------  --------  ----------  --------------  -------------------
/opt/airflow/dags/hn_pipeline_dag.py                           1           0  0.06s           2026-05-15T07:05:18
================================================================================
[2026-05-15T07:06:12.211+0000] {manager.py:879} INFO - 
================================================================================
DAG File Processing Stats

File Path                             PID    Runtime      # DAGs    # Errors  Last Runtime    Last Run
------------------------------------  -----  ---------  --------  ----------  --------------  -------------------
/opt/airflow/dags/hn_pipeline_dag.py                           1           0  0.07s           2026-05-15T07:05:49
================================================================================
[2026-05-15T07:06:42.569+0000] {manager.py:879} INFO - 
================================================================================
DAG File Processing Stats

File Path                             PID    Runtime      # DAGs    # Errors  Last Runtime    Last Run
------------------------------------  -----  ---------  --------  ----------  --------------  -------------------
/opt/airflow/dags/hn_pipeline_dag.py                           1           0  0.12s           2026-05-15T07:06:27
================================================================================
[2026-05-15T07:07:12.905+0000] {manager.py:879} INFO - 
================================================================================
DAG File Processing Stats

File Path                             PID    Runtime      # DAGs    # Errors  Last Runtime    Last Run
------------------------------------  -----  ---------  --------  ----------  --------------  -------------------
/opt/airflow/dags/hn_pipeline_dag.py                           1           0  0.13s           2026-05-15T07:06:57
================================================================================
[2026-05-15T07:07:43.342+0000] {manager.py:879} INFO - 
================================================================================
DAG File Processing Stats

File Path                             PID    Runtime      # DAGs    # Errors  Last Runtime    Last Run
------------------------------------  -----  ---------  --------  ----------  --------------  -------------------
/opt/airflow/dags/hn_pipeline_dag.py                           1           0  0.12s           2026-05-15T07:07:28
================================================================================
[2026-05-15T07:08:13.671+0000] {manager.py:879} INFO - 
================================================================================
DAG File Processing Stats

File Path                             PID    Runtime      # DAGs    # Errors  Last Runtime    Last Run
------------------------------------  -----  ---------  --------  ----------  --------------  -------------------
/opt/airflow/dags/hn_pipeline_dag.py                           1           0  0.21s           2026-05-15T07:07:58
================================================================================
[2026-05-15T07:08:44.106+0000] {manager.py:879} INFO - 
================================================================================
DAG File Processing Stats

File Path                             PID    Runtime      # DAGs    # Errors  Last Runtime    Last Run
------------------------------------  -----  ---------  --------  ----------  --------------  -------------------
/opt/airflow/dags/hn_pipeline_dag.py                           1           0  0.13s           2026-05-15T07:08:37
================================================================================
[2026-05-15T07:09:08.431+0000] {manager.py:738} INFO - Searching for files in /opt/airflow/dags
[2026-05-15T07:09:08.439+0000] {manager.py:741} INFO - There are 1 files in /opt/airflow/dags
[2026-05-15T07:09:14.538+0000] {manager.py:879} INFO - 
================================================================================
DAG File Processing Stats

File Path                             PID    Runtime      # DAGs    # Errors  Last Runtime    Last Run
------------------------------------  -----  ---------  --------  ----------  --------------  -------------------
/opt/airflow/dags/hn_pipeline_dag.py                           1           0  0.08s           2026-05-15T07:09:07
================================================================================
[2026-05-15T07:09:45.465+0000] {manager.py:879} INFO - 
================================================================================
DAG File Processing Stats

File Path                               PID  Runtime      # DAGs    # Errors  Last Runtime    Last Run
------------------------------------  -----  ---------  --------  ----------  --------------  -------------------
/opt/airflow/dags/hn_pipeline_dag.py   3309  6.26s             1           0  0.08s           2026-05-15T07:09:07
================================================================================
[2026-05-15T07:10:31.423+0000] {manager.py:1201} ERROR - Processor for /opt/airflow/dags/hn_pipeline_dag.py with PID 3309 started at 2026-05-15T07:09:38.224964+00:00 has timed out, killing it.
[2026-05-15T07:10:31.747+0000] {manager.py:879} INFO - 
================================================================================
DAG File Processing Stats

File Path                             PID    Runtime      # DAGs    # Errors  Last Runtime    Last Run
------------------------------------  -----  ---------  --------  ----------  --------------  -------------------
/opt/airflow/dags/hn_pipeline_dag.py                           0           1  53.19s          2026-05-15T07:10:31
================================================================================
[2026-05-15T07:11:02.249+0000] {manager.py:879} INFO - 
================================================================================
DAG File Processing Stats

File Path                               PID  Runtime      # DAGs    # Errors  Last Runtime    Last Run
------------------------------------  -----  ---------  --------  ----------  --------------  -------------------
/opt/airflow/dags/hn_pipeline_dag.py   3312  0.02s             0           1  53.19s          2026-05-15T07:10:31
================================================================================
[2026-05-15T07:11:32.349+0000] {manager.py:879} INFO - 
================================================================================
DAG File Processing Stats

File Path                             PID    Runtime      # DAGs    # Errors  Last Runtime    Last Run
------------------------------------  -----  ---------  --------  ----------  --------------  -------------------
/opt/airflow/dags/hn_pipeline_dag.py                           1           0  14.39s          2026-05-15T07:11:16
================================================================================
[2026-05-15T07:12:02.998+0000] {manager.py:879} INFO - 
================================================================================
DAG File Processing Stats

File Path                             PID    Runtime      # DAGs    # Errors  Last Runtime    Last Run
------------------------------------  -----  ---------  --------  ----------  --------------  -------------------
/opt/airflow/dags/hn_pipeline_dag.py                           1           0  2.08s           2026-05-15T07:11:48
================================================================================
[2026-05-15T07:12:33.391+0000] {manager.py:879} INFO - 
================================================================================
DAG File Processing Stats

File Path                             PID    Runtime      # DAGs    # Errors  Last Runtime    Last Run
------------------------------------  -----  ---------  --------  ----------  --------------  -------------------
/opt/airflow/dags/hn_pipeline_dag.py                           1           0  0.65s           2026-05-15T07:12:19
================================================================================
[2026-05-15T07:13:04.280+0000] {manager.py:879} INFO - 
================================================================================
DAG File Processing Stats

File Path                             PID    Runtime      # DAGs    # Errors  Last Runtime    Last Run
------------------------------------  -----  ---------  --------  ----------  --------------  -------------------
/opt/airflow/dags/hn_pipeline_dag.py                           1           0  0.14s           2026-05-15T07:12:50
================================================================================
[2026-05-15T07:13:34.891+0000] {manager.py:879} INFO - 
================================================================================
DAG File Processing Stats

File Path                             PID    Runtime      # DAGs    # Errors  Last Runtime    Last Run
------------------------------------  -----  ---------  --------  ----------  --------------  -------------------
/opt/airflow/dags/hn_pipeline_dag.py                           1           0  1.58s           2026-05-15T07:13:22
================================================================================
[2026-05-15T07:14:05.544+0000] {manager.py:879} INFO - 
================================================================================
DAG File Processing Stats

File Path                             PID    Runtime      # DAGs    # Errors  Last Runtime    Last Run
------------------------------------  -----  ---------  --------  ----------  --------------  -------------------
/opt/airflow/dags/hn_pipeline_dag.py                           1           0  0.32s           2026-05-15T07:13:52
================================================================================
[2026-05-15T07:14:08.591+0000] {manager.py:738} INFO - Searching for files in /opt/airflow/dags
[2026-05-15T07:14:08.600+0000] {manager.py:741} INFO - There are 1 files in /opt/airflow/dags
[2026-05-15T07:14:35.988+0000] {manager.py:879} INFO - 
================================================================================
DAG File Processing Stats

File Path                             PID    Runtime      # DAGs    # Errors  Last Runtime    Last Run
------------------------------------  -----  ---------  --------  ----------  --------------  -------------------
/opt/airflow/dags/hn_pipeline_dag.py                           1           0  0.22s           2026-05-15T07:14:23
================================================================================
[2026-05-15T07:15:06.561+0000] {manager.py:879} INFO - 
================================================================================
DAG File Processing Stats

File Path                             PID    Runtime      # DAGs    # Errors  Last Runtime    Last Run
------------------------------------  -----  ---------  --------  ----------  --------------  -------------------
/opt/airflow/dags/hn_pipeline_dag.py                           1           0  0.39s           2026-05-15T07:14:53
================================================================================
[2026-05-15T07:15:36.909+0000] {manager.py:879} INFO - 
================================================================================
DAG File Processing Stats

File Path                             PID    Runtime      # DAGs    # Errors  Last Runtime    Last Run
------------------------------------  -----  ---------  --------  ----------  --------------  -------------------
/opt/airflow/dags/hn_pipeline_dag.py                           1           0  3.53s           2026-05-15T07:15:27
================================================================================
[2026-05-15T07:16:07.481+0000] {manager.py:879} INFO - 
================================================================================
DAG File Processing Stats

File Path                             PID    Runtime      # DAGs    # Errors  Last Runtime    Last Run
------------------------------------  -----  ---------  --------  ----------  --------------  -------------------
/opt/airflow/dags/hn_pipeline_dag.py                           1           0  8.01s           2026-05-15T07:16:05
================================================================================
[2026-05-15T07:16:38.054+0000] {manager.py:879} INFO - 
================================================================================
DAG File Processing Stats

File Path                             PID    Runtime      # DAGs    # Errors  Last Runtime    Last Run
------------------------------------  -----  ---------  --------  ----------  --------------  -------------------
/opt/airflow/dags/hn_pipeline_dag.py                           1           0  0.21s           2026-05-15T07:16:36
================================================================================
[2026-05-15T07:17:08.805+0000] {manager.py:879} INFO - 
================================================================================
DAG File Processing Stats

File Path                               PID  Runtime      # DAGs    # Errors  Last Runtime    Last Run
------------------------------------  -----  ---------  --------  ----------  --------------  -------------------
/opt/airflow/dags/hn_pipeline_dag.py   3367  2.36s             1           0  0.21s           2026-05-15T07:16:36
================================================================================
[2026-05-15T07:17:39.133+0000] {manager.py:879} INFO - 
================================================================================
DAG File Processing Stats

File Path                             PID    Runtime      # DAGs    # Errors  Last Runtime    Last Run
------------------------------------  -----  ---------  --------  ----------  --------------  -------------------
/opt/airflow/dags/hn_pipeline_dag.py                           1           0  6.07s           2026-05-15T07:17:12
================================================================================
[2026-05-15T07:18:09.525+0000] {manager.py:879} INFO - 
================================================================================
DAG File Processing Stats

File Path                             PID    Runtime      # DAGs    # Errors  Last Runtime    Last Run
------------------------------------  -----  ---------  --------  ----------  --------------  -------------------
/opt/airflow/dags/hn_pipeline_dag.py                           1           0  0.48s           2026-05-15T07:17:43
================================================================================
[2026-05-15T07:18:39.972+0000] {manager.py:879} INFO - 
================================================================================
DAG File Processing Stats

File Path                             PID    Runtime      # DAGs    # Errors  Last Runtime    Last Run
------------------------------------  -----  ---------  --------  ----------  --------------  -------------------
/opt/airflow/dags/hn_pipeline_dag.py                           1           0  0.23s           2026-05-15T07:18:13
================================================================================
[2026-05-15T07:19:08.718+0000] {manager.py:738} INFO - Searching for files in /opt/airflow/dags
[2026-05-15T07:19:08.729+0000] {manager.py:741} INFO - There are 1 files in /opt/airflow/dags
[2026-05-15T07:19:10.324+0000] {manager.py:879} INFO - 
================================================================================
DAG File Processing Stats

File Path                             PID    Runtime      # DAGs    # Errors  Last Runtime    Last Run
------------------------------------  -----  ---------  --------  ----------  --------------  -------------------
/opt/airflow/dags/hn_pipeline_dag.py                           1           0  1.99s           2026-05-15T07:18:46
================================================================================
[2026-05-15T07:19:42.951+0000] {manager.py:879} INFO - 
================================================================================
DAG File Processing Stats

File Path                             PID    Runtime      # DAGs    # Errors  Last Runtime    Last Run
------------------------------------  -----  ---------  --------  ----------  --------------  -------------------
/opt/airflow/dags/hn_pipeline_dag.py                           1           0  0.13s           2026-05-15T07:19:16
================================================================================
[2026-05-15T07:20:13.315+0000] {manager.py:879} INFO - 
================================================================================
DAG File Processing Stats

File Path                             PID    Runtime      # DAGs    # Errors  Last Runtime    Last Run
------------------------------------  -----  ---------  --------  ----------  --------------  -------------------
/opt/airflow/dags/hn_pipeline_dag.py                           1           0  16.94s          2026-05-15T07:20:04
================================================================================
[2026-05-15T07:20:43.648+0000] {manager.py:879} INFO - 
================================================================================
DAG File Processing Stats

File Path                             PID    Runtime      # DAGs    # Errors  Last Runtime    Last Run
------------------------------------  -----  ---------  --------  ----------  --------------  -------------------
/opt/airflow/dags/hn_pipeline_dag.py                           1           0  0.35s           2026-05-15T07:20:34
================================================================================
[2026-05-15T07:21:14.078+0000] {manager.py:879} INFO - 
================================================================================
DAG File Processing Stats

File Path                             PID    Runtime      # DAGs    # Errors  Last Runtime    Last Run
------------------------------------  -----  ---------  --------  ----------  --------------  -------------------
/opt/airflow/dags/hn_pipeline_dag.py                           1           0  0.31s           2026-05-15T07:21:05
================================================================================
[2026-05-15T07:21:45.092+0000] {manager.py:879} INFO - 
================================================================================
DAG File Processing Stats

File Path                             PID    Runtime      # DAGs    # Errors  Last Runtime    Last Run
------------------------------------  -----  ---------  --------  ----------  --------------  -------------------
/opt/airflow/dags/hn_pipeline_dag.py                           1           0  5.24s           2026-05-15T07:21:41
================================================================================
[2026-05-15T07:22:22.332+0000] {manager.py:879} INFO - 
================================================================================
DAG File Processing Stats

File Path                               PID  Runtime      # DAGs    # Errors  Last Runtime    Last Run
------------------------------------  -----  ---------  --------  ----------  --------------  -------------------
/opt/airflow/dags/hn_pipeline_dag.py   3413  0.02s             1           0  5.24s           2026-05-15T07:21:41
================================================================================
[2026-05-15T07:23:10.438+0000] {manager.py:879} INFO - 
================================================================================
DAG File Processing Stats

File Path                               PID  Runtime      # DAGs    # Errors  Last Runtime    Last Run
------------------------------------  -----  ---------  --------  ----------  --------------  -------------------
/opt/airflow/dags/hn_pipeline_dag.py   3413  48.15s            1           0  5.24s           2026-05-15T07:21:41
================================================================================
[2026-05-15T07:23:17.450+0000] {manager.py:1201} ERROR - Processor for /opt/airflow/dags/hn_pipeline_dag.py with PID 3413 started at 2026-05-15T07:22:22.272729+00:00 has timed out, killing it.
[2026-05-15T07:23:41.263+0000] {manager.py:879} INFO - 
================================================================================
DAG File Processing Stats

File Path                             PID    Runtime      # DAGs    # Errors  Last Runtime    Last Run
------------------------------------  -----  ---------  --------  ----------  --------------  -------------------
/opt/airflow/dags/hn_pipeline_dag.py                           0           1  55.17s          2026-05-15T07:23:17
================================================================================
[2026-05-15T07:24:09.535+0000] {manager.py:738} INFO - Searching for files in /opt/airflow/dags
[2026-05-15T07:24:09.544+0000] {manager.py:741} INFO - There are 1 files in /opt/airflow/dags
[2026-05-15T07:24:11.575+0000] {manager.py:879} INFO - 
================================================================================
DAG File Processing Stats

File Path                             PID    Runtime      # DAGs    # Errors  Last Runtime    Last Run
------------------------------------  -----  ---------  --------  ----------  --------------  -------------------
/opt/airflow/dags/hn_pipeline_dag.py                           1           0  0.09s           2026-05-15T07:23:48
================================================================================
[2026-05-15T07:24:41.861+0000] {manager.py:879} INFO - 
================================================================================
DAG File Processing Stats

File Path                             PID    Runtime      # DAGs    # Errors  Last Runtime    Last Run
------------------------------------  -----  ---------  --------  ----------  --------------  -------------------
/opt/airflow/dags/hn_pipeline_dag.py                           1           0  0.07s           2026-05-15T07:24:18
================================================================================
[2026-05-15T07:25:12.055+0000] {manager.py:879} INFO - 
================================================================================
DAG File Processing Stats

File Path                             PID    Runtime      # DAGs    # Errors  Last Runtime    Last Run
------------------------------------  -----  ---------  --------  ----------  --------------  -------------------
/opt/airflow/dags/hn_pipeline_dag.py                           1           0  0.05s           2026-05-15T07:24:48
================================================================================
[2026-05-15T07:25:42.259+0000] {manager.py:879} INFO - 
================================================================================
DAG File Processing Stats

File Path                             PID    Runtime      # DAGs    # Errors  Last Runtime    Last Run
------------------------------------  -----  ---------  --------  ----------  --------------  -------------------
/opt/airflow/dags/hn_pipeline_dag.py                           1           0  0.09s           2026-05-15T07:25:19
================================================================================
[2026-05-15T07:26:12.482+0000] {manager.py:879} INFO - 
================================================================================
DAG File Processing Stats

File Path                             PID    Runtime      # DAGs    # Errors  Last Runtime    Last Run
------------------------------------  -----  ---------  --------  ----------  --------------  -------------------
/opt/airflow/dags/hn_pipeline_dag.py                           1           0  0.09s           2026-05-15T07:25:49
================================================================================
[2026-05-15T07:26:42.797+0000] {manager.py:879} INFO - 
================================================================================
DAG File Processing Stats

File Path                             PID    Runtime      # DAGs    # Errors  Last Runtime    Last Run
------------------------------------  -----  ---------  --------  ----------  --------------  -------------------
/opt/airflow/dags/hn_pipeline_dag.py                           1           0  0.08s           2026-05-15T07:26:19
================================================================================
[2026-05-15T07:27:13.150+0000] {manager.py:879} INFO - 
================================================================================
DAG File Processing Stats

File Path                             PID    Runtime      # DAGs    # Errors  Last Runtime    Last Run
------------------------------------  -----  ---------  --------  ----------  --------------  -------------------
/opt/airflow/dags/hn_pipeline_dag.py                           1           0  0.09s           2026-05-15T07:26:49
================================================================================
[2026-05-15T07:27:43.389+0000] {manager.py:879} INFO - 
================================================================================
DAG File Processing Stats

File Path                             PID    Runtime      # DAGs    # Errors  Last Runtime    Last Run
------------------------------------  -----  ---------  --------  ----------  --------------  -------------------
/opt/airflow/dags/hn_pipeline_dag.py                           1           0  0.09s           2026-05-15T07:27:20
================================================================================
[2026-05-15T07:28:13.771+0000] {manager.py:879} INFO - 
================================================================================
DAG File Processing Stats

File Path                             PID    Runtime      # DAGs    # Errors  Last Runtime    Last Run
------------------------------------  -----  ---------  --------  ----------  --------------  -------------------
/opt/airflow/dags/hn_pipeline_dag.py                           1           0  0.09s           2026-05-15T07:27:50
================================================================================
[2026-05-15T07:28:44.148+0000] {manager.py:879} INFO - 
================================================================================
DAG File Processing Stats

File Path                             PID    Runtime      # DAGs    # Errors  Last Runtime    Last Run
------------------------------------  -----  ---------  --------  ----------  --------------  -------------------
/opt/airflow/dags/hn_pipeline_dag.py                           1           0  0.09s           2026-05-15T07:28:20
================================================================================
[2026-05-15T07:29:10.494+0000] {manager.py:738} INFO - Searching for files in /opt/airflow/dags
[2026-05-15T07:29:10.505+0000] {manager.py:741} INFO - There are 1 files in /opt/airflow/dags
[2026-05-15T07:29:14.557+0000] {manager.py:879} INFO - 
================================================================================
DAG File Processing Stats

File Path                             PID    Runtime      # DAGs    # Errors  Last Runtime    Last Run
------------------------------------  -----  ---------  --------  ----------  --------------  -------------------
/opt/airflow/dags/hn_pipeline_dag.py                           1           0  0.09s           2026-05-15T07:28:51
================================================================================
[2026-05-15T07:29:44.839+0000] {manager.py:879} INFO - 
================================================================================
DAG File Processing Stats

File Path                             PID    Runtime      # DAGs    # Errors  Last Runtime    Last Run
------------------------------------  -----  ---------  --------  ----------  --------------  -------------------
/opt/airflow/dags/hn_pipeline_dag.py                           1           0  0.08s           2026-05-15T07:29:21
================================================================================
[2026-05-15T07:30:15.137+0000] {manager.py:879} INFO - 
================================================================================
DAG File Processing Stats

File Path                             PID    Runtime      # DAGs    # Errors  Last Runtime    Last Run
------------------------------------  -----  ---------  --------  ----------  --------------  -------------------
/opt/airflow/dags/hn_pipeline_dag.py                           1           0  0.08s           2026-05-15T07:29:51
================================================================================
[2026-05-15T07:30:45.610+0000] {manager.py:879} INFO - 
================================================================================
DAG File Processing Stats

File Path                             PID    Runtime      # DAGs    # Errors  Last Runtime    Last Run
------------------------------------  -----  ---------  --------  ----------  --------------  -------------------
/opt/airflow/dags/hn_pipeline_dag.py                           1           0  0.09s           2026-05-15T07:30:22
================================================================================
[2026-05-15T07:47:02.991+0000] {manager.py:738} INFO - Searching for files in /opt/airflow/dags
[2026-05-15T07:47:03.004+0000] {manager.py:741} INFO - There are 1 files in /opt/airflow/dags
[2026-05-15T07:52:03.779+0000] {manager.py:738} INFO - Searching for files in /opt/airflow/dags
[2026-05-15T07:52:03.786+0000] {manager.py:741} INFO - There are 1 files in /opt/airflow/dags
[2026-05-15T07:52:15.949+0000] {manager.py:879} INFO - 
================================================================================
DAG File Processing Stats

File Path                             PID    Runtime      # DAGs    # Errors  Last Runtime    Last Run
------------------------------------  -----  ---------  --------  ----------  --------------  -------------------
/opt/airflow/dags/hn_pipeline_dag.py                           1           0  0.18s           2026-05-15T07:52:01
================================================================================
[2026-05-15T07:52:46.335+0000] {manager.py:879} INFO - 
================================================================================
DAG File Processing Stats

File Path                             PID    Runtime      # DAGs    # Errors  Last Runtime    Last Run
------------------------------------  -----  ---------  --------  ----------  --------------  -------------------
/opt/airflow/dags/hn_pipeline_dag.py                           1           0  0.10s           2026-05-15T07:52:32
================================================================================
[2026-05-15T07:57:04.451+0000] {manager.py:738} INFO - Searching for files in /opt/airflow/dags
[2026-05-15T07:57:04.457+0000] {manager.py:741} INFO - There are 1 files in /opt/airflow/dags
[2026-05-15T07:57:29.791+0000] {manager.py:879} INFO - 
================================================================================
DAG File Processing Stats

File Path                             PID    Runtime      # DAGs    # Errors  Last Runtime    Last Run
------------------------------------  -----  ---------  --------  ----------  --------------  -------------------
/opt/airflow/dags/hn_pipeline_dag.py                           1           0  0.07s           2026-05-15T07:57:04
================================================================================
[2026-05-15T08:02:05.152+0000] {manager.py:738} INFO - Searching for files in /opt/airflow/dags
[2026-05-15T08:02:05.161+0000] {manager.py:741} INFO - There are 1 files in /opt/airflow/dags
[2026-05-15T08:02:13.296+0000] {manager.py:879} INFO - 
================================================================================
DAG File Processing Stats

File Path                             PID    Runtime      # DAGs    # Errors  Last Runtime    Last Run
------------------------------------  -----  ---------  --------  ----------  --------------  -------------------
/opt/airflow/dags/hn_pipeline_dag.py                           1           0  0.07s           2026-05-15T08:01:58
================================================================================
[2026-05-15T08:02:43.607+0000] {manager.py:879} INFO - 
================================================================================
DAG File Processing Stats

File Path                             PID    Runtime      # DAGs    # Errors  Last Runtime    Last Run
------------------------------------  -----  ---------  --------  ----------  --------------  -------------------
/opt/airflow/dags/hn_pipeline_dag.py                           1           0  0.05s           2026-05-15T08:02:28
================================================================================
[2026-05-15T08:03:14.003+0000] {manager.py:879} INFO - 
================================================================================
DAG File Processing Stats

File Path                             PID    Runtime      # DAGs    # Errors  Last Runtime    Last Run
------------------------------------  -----  ---------  --------  ----------  --------------  -------------------
/opt/airflow/dags/hn_pipeline_dag.py                           1           0  0.09s           2026-05-15T08:02:58
================================================================================
[2026-05-15T08:03:44.438+0000] {manager.py:879} INFO - 
================================================================================
DAG File Processing Stats

File Path                             PID    Runtime      # DAGs    # Errors  Last Runtime    Last Run
------------------------------------  -----  ---------  --------  ----------  --------------  -------------------
/opt/airflow/dags/hn_pipeline_dag.py                           1           0  0.09s           2026-05-15T08:03:29
================================================================================
[2026-05-15T08:04:14.871+0000] {manager.py:879} INFO - 
================================================================================
DAG File Processing Stats

File Path                             PID    Runtime      # DAGs    # Errors  Last Runtime    Last Run
------------------------------------  -----  ---------  --------  ----------  --------------  -------------------
/opt/airflow/dags/hn_pipeline_dag.py                           1           0  0.08s           2026-05-15T08:03:59
================================================================================
[2026-05-15T08:04:45.295+0000] {manager.py:879} INFO - 
================================================================================
DAG File Processing Stats

File Path                             PID    Runtime      # DAGs    # Errors  Last Runtime    Last Run
------------------------------------  -----  ---------  --------  ----------  --------------  -------------------
/opt/airflow/dags/hn_pipeline_dag.py                           1           0  0.08s           2026-05-15T08:04:30
================================================================================
[2026-05-15T08:05:15.564+0000] {manager.py:879} INFO - 
================================================================================
DAG File Processing Stats

File Path                             PID    Runtime      # DAGs    # Errors  Last Runtime    Last Run
------------------------------------  -----  ---------  --------  ----------  --------------  -------------------
/opt/airflow/dags/hn_pipeline_dag.py                           1           0  0.09s           2026-05-15T08:05:00
================================================================================
[2026-05-15T08:05:45.927+0000] {manager.py:879} INFO - 
================================================================================
DAG File Processing Stats

File Path                             PID    Runtime      # DAGs    # Errors  Last Runtime    Last Run
------------------------------------  -----  ---------  --------  ----------  --------------  -------------------
/opt/airflow/dags/hn_pipeline_dag.py                           1           0  0.08s           2026-05-15T08:05:30
================================================================================
[2026-05-15T08:06:16.288+0000] {manager.py:879} INFO - 
================================================================================
DAG File Processing Stats

File Path                             PID    Runtime      # DAGs    # Errors  Last Runtime    Last Run
------------------------------------  -----  ---------  --------  ----------  --------------  -------------------
/opt/airflow/dags/hn_pipeline_dag.py                           1           0  0.05s           2026-05-15T08:06:01
================================================================================
[2026-05-15T08:06:46.637+0000] {manager.py:879} INFO - 
================================================================================
DAG File Processing Stats

File Path                             PID    Runtime      # DAGs    # Errors  Last Runtime    Last Run
------------------------------------  -----  ---------  --------  ----------  --------------  -------------------
/opt/airflow/dags/hn_pipeline_dag.py                           1           0  0.08s           2026-05-15T08:06:31
================================================================================
[2026-05-15T08:07:05.875+0000] {manager.py:738} INFO - Searching for files in /opt/airflow/dags
[2026-05-15T08:07:05.882+0000] {manager.py:741} INFO - There are 1 files in /opt/airflow/dags
[2026-05-15T08:12:06.363+0000] {manager.py:738} INFO - Searching for files in /opt/airflow/dags
[2026-05-15T08:12:06.369+0000] {manager.py:741} INFO - There are 1 files in /opt/airflow/dags
[2026-05-15T08:12:13.460+0000] {manager.py:879} INFO - 
================================================================================
DAG File Processing Stats

File Path                             PID    Runtime      # DAGs    # Errors  Last Runtime    Last Run
------------------------------------  -----  ---------  --------  ----------  --------------  -------------------
/opt/airflow/dags/hn_pipeline_dag.py                           1           0  0.07s           2026-05-15T08:12:04
================================================================================
[2026-05-15T08:12:58.010+0000] {manager.py:879} INFO - 
================================================================================
DAG File Processing Stats

File Path                             PID    Runtime      # DAGs    # Errors  Last Runtime    Last Run
------------------------------------  -----  ---------  --------  ----------  --------------  -------------------
/opt/airflow/dags/hn_pipeline_dag.py                           1           0  0.12s           2026-05-15T08:12:49
================================================================================
[2026-05-15T08:13:28.375+0000] {manager.py:879} INFO - 
================================================================================
DAG File Processing Stats

File Path                             PID    Runtime      # DAGs    # Errors  Last Runtime    Last Run
------------------------------------  -----  ---------  --------  ----------  --------------  -------------------
/opt/airflow/dags/hn_pipeline_dag.py                           1           0  0.10s           2026-05-15T08:13:19
================================================================================
[2026-05-15T08:13:58.713+0000] {manager.py:879} INFO - 
================================================================================
DAG File Processing Stats

File Path                             PID    Runtime      # DAGs    # Errors  Last Runtime    Last Run
------------------------------------  -----  ---------  --------  ----------  --------------  -------------------
/opt/airflow/dags/hn_pipeline_dag.py                           1           0  0.09s           2026-05-15T08:13:49
================================================================================
[2026-05-15T08:14:29.089+0000] {manager.py:879} INFO - 
================================================================================
DAG File Processing Stats

File Path                             PID    Runtime      # DAGs    # Errors  Last Runtime    Last Run
------------------------------------  -----  ---------  --------  ----------  --------------  -------------------
/opt/airflow/dags/hn_pipeline_dag.py                           1           0  0.08s           2026-05-15T08:14:20
================================================================================
[2026-05-15T08:14:59.381+0000] {manager.py:879} INFO - 
================================================================================
DAG File Processing Stats

File Path                             PID    Runtime      # DAGs    # Errors  Last Runtime    Last Run
------------------------------------  -----  ---------  --------  ----------  --------------  -------------------
/opt/airflow/dags/hn_pipeline_dag.py                           1           0  0.09s           2026-05-15T08:14:50
================================================================================
[2026-05-15T08:15:29.606+0000] {manager.py:879} INFO - 
================================================================================
DAG File Processing Stats

File Path                             PID    Runtime      # DAGs    # Errors  Last Runtime    Last Run
------------------------------------  -----  ---------  --------  ----------  --------------  -------------------
/opt/airflow/dags/hn_pipeline_dag.py                           1           0  0.05s           2026-05-15T08:15:20
================================================================================
[2026-05-15T08:15:59.986+0000] {manager.py:879} INFO - 
================================================================================
DAG File Processing Stats

File Path                             PID    Runtime      # DAGs    # Errors  Last Runtime    Last Run
------------------------------------  -----  ---------  --------  ----------  --------------  -------------------
/opt/airflow/dags/hn_pipeline_dag.py                           1           0  0.08s           2026-05-15T08:15:50
================================================================================
[2026-05-15T08:16:30.306+0000] {manager.py:879} INFO - 
================================================================================
DAG File Processing Stats

File Path                             PID    Runtime      # DAGs    # Errors  Last Runtime    Last Run
------------------------------------  -----  ---------  --------  ----------  --------------  -------------------
/opt/airflow/dags/hn_pipeline_dag.py                           1           0  0.07s           2026-05-15T08:16:21
================================================================================
[2026-05-15T08:17:00.623+0000] {manager.py:879} INFO - 
================================================================================
DAG File Processing Stats

File Path                             PID    Runtime      # DAGs    # Errors  Last Runtime    Last Run
------------------------------------  -----  ---------  --------  ----------  --------------  -------------------
/opt/airflow/dags/hn_pipeline_dag.py                           1           0  0.09s           2026-05-15T08:16:51
================================================================================
[2026-05-15T08:17:06.696+0000] {manager.py:738} INFO - Searching for files in /opt/airflow/dags
[2026-05-15T08:17:06.705+0000] {manager.py:741} INFO - There are 1 files in /opt/airflow/dags
[2026-05-15T08:17:31.059+0000] {manager.py:879} INFO - 
================================================================================
DAG File Processing Stats

File Path                             PID    Runtime      # DAGs    # Errors  Last Runtime    Last Run
------------------------------------  -----  ---------  --------  ----------  --------------  -------------------
/opt/airflow/dags/hn_pipeline_dag.py                           1           0  0.08s           2026-05-15T08:17:22
================================================================================
[2026-05-15T08:18:01.421+0000] {manager.py:879} INFO - 
================================================================================
DAG File Processing Stats

File Path                             PID    Runtime      # DAGs    # Errors  Last Runtime    Last Run
------------------------------------  -----  ---------  --------  ----------  --------------  -------------------
/opt/airflow/dags/hn_pipeline_dag.py                           1           0  0.08s           2026-05-15T08:17:52
================================================================================
[2026-05-15T08:18:31.756+0000] {manager.py:879} INFO - 
================================================================================
DAG File Processing Stats

File Path                             PID    Runtime      # DAGs    # Errors  Last Runtime    Last Run
------------------------------------  -----  ---------  --------  ----------  --------------  -------------------
/opt/airflow/dags/hn_pipeline_dag.py                           1           0  0.08s           2026-05-15T08:18:22
================================================================================
[2026-05-15T08:19:02.049+0000] {manager.py:879} INFO - 
================================================================================
DAG File Processing Stats

File Path                             PID    Runtime      # DAGs    # Errors  Last Runtime    Last Run
------------------------------------  -----  ---------  --------  ----------  --------------  -------------------
/opt/airflow/dags/hn_pipeline_dag.py                           1           0  0.07s           2026-05-15T08:18:53
================================================================================
[2026-05-15T08:19:32.351+0000] {manager.py:879} INFO - 
================================================================================
DAG File Processing Stats

File Path                             PID    Runtime      # DAGs    # Errors  Last Runtime    Last Run
------------------------------------  -----  ---------  --------  ----------  --------------  -------------------
/opt/airflow/dags/hn_pipeline_dag.py                           1           0  0.10s           2026-05-15T08:19:23
================================================================================
[2026-05-15T08:19:32.629+0000] {manager.py:451} INFO - Exiting gracefully upon receiving signal 15
[2026-05-15T08:37:01.478+0000] {manager.py:469} INFO - Processing files using up to 2 processes at a time 
[2026-05-15T08:37:01.478+0000] {manager.py:470} INFO - Process each file at most once every 30 seconds
[2026-05-15T08:37:01.479+0000] {manager.py:471} INFO - Checking for new files in /opt/airflow/dags every 300 seconds
[2026-05-15T08:37:01.479+0000] {manager.py:738} INFO - Searching for files in /opt/airflow/dags
[2026-05-15T08:37:01.480+0000] {manager.py:741} INFO - There are 1 files in /opt/airflow/dags
[2026-05-15T08:37:01.598+0000] {manager.py:879} INFO - 
================================================================================
DAG File Processing Stats

File Path                               PID  Runtime      # DAGs    # Errors  Last Runtime    Last Run
------------------------------------  -----  ---------  --------  ----------  --------------  ----------
/opt/airflow/dags/hn_pipeline_dag.py    183  0.06s             0           0
================================================================================
[2026-05-15T08:37:31.711+0000] {manager.py:879} INFO - 
================================================================================
DAG File Processing Stats

File Path                             PID    Runtime      # DAGs    # Errors  Last Runtime    Last Run
------------------------------------  -----  ---------  --------  ----------  --------------  -------------------
/opt/airflow/dags/hn_pipeline_dag.py                           1           0  0.23s           2026-05-15T08:37:01
================================================================================
[2026-05-15T08:38:02.213+0000] {manager.py:879} INFO - 
================================================================================
DAG File Processing Stats

File Path                               PID  Runtime      # DAGs    # Errors  Last Runtime    Last Run
------------------------------------  -----  ---------  --------  ----------  --------------  -------------------
/opt/airflow/dags/hn_pipeline_dag.py    194  0.01s             1           0  0.10s           2026-05-15T08:37:31
================================================================================
[2026-05-15T08:38:32.516+0000] {manager.py:879} INFO - 
================================================================================
DAG File Processing Stats

File Path                               PID  Runtime      # DAGs    # Errors  Last Runtime    Last Run
------------------------------------  -----  ---------  --------  ----------  --------------  -------------------
/opt/airflow/dags/hn_pipeline_dag.py    199  0.01s             1           0  0.07s           2026-05-15T08:38:02
================================================================================
[2026-05-15T08:39:02.810+0000] {manager.py:879} INFO - 
================================================================================
DAG File Processing Stats

File Path                               PID  Runtime      # DAGs    # Errors  Last Runtime    Last Run
------------------------------------  -----  ---------  --------  ----------  --------------  -------------------
/opt/airflow/dags/hn_pipeline_dag.py    204  0.01s             1           0  0.08s           2026-05-15T08:38:32
================================================================================
[2026-05-15T08:39:33.074+0000] {manager.py:879} INFO - 
================================================================================
DAG File Processing Stats

File Path                               PID  Runtime      # DAGs    # Errors  Last Runtime    Last Run
------------------------------------  -----  ---------  --------  ----------  --------------  -------------------
/opt/airflow/dags/hn_pipeline_dag.py    209  0.00s             1           0  0.07s           2026-05-15T08:39:02
================================================================================
[2026-05-15T08:40:03.433+0000] {manager.py:879} INFO - 
================================================================================
DAG File Processing Stats

File Path                               PID  Runtime      # DAGs    # Errors  Last Runtime    Last Run
------------------------------------  -----  ---------  --------  ----------  --------------  -------------------
/opt/airflow/dags/hn_pipeline_dag.py    214  0.01s             1           0  0.07s           2026-05-15T08:39:33
================================================================================
[2026-05-15T08:40:33.824+0000] {manager.py:879} INFO - 
================================================================================
DAG File Processing Stats

File Path                               PID  Runtime      # DAGs    # Errors  Last Runtime    Last Run
------------------------------------  -----  ---------  --------  ----------  --------------  -------------------
/opt/airflow/dags/hn_pipeline_dag.py    219  0.02s             1           0  0.13s           2026-05-15T08:40:03
================================================================================
[2026-05-15T08:41:04.110+0000] {manager.py:879} INFO - 
================================================================================
DAG File Processing Stats

File Path                               PID  Runtime      # DAGs    # Errors  Last Runtime    Last Run
------------------------------------  -----  ---------  --------  ----------  --------------  -------------------
/opt/airflow/dags/hn_pipeline_dag.py    224  0.01s             1           0  0.11s           2026-05-15T08:40:33
================================================================================
[2026-05-15T08:41:36.596+0000] {manager.py:879} INFO - 
================================================================================
DAG File Processing Stats

File Path                               PID  Runtime      # DAGs    # Errors  Last Runtime    Last Run
------------------------------------  -----  ---------  --------  ----------  --------------  -------------------
/opt/airflow/dags/hn_pipeline_dag.py    231  0.09s             1           0  0.10s           2026-05-15T08:41:04
================================================================================
[2026-05-15T08:42:04.804+0000] {manager.py:738} INFO - Searching for files in /opt/airflow/dags
[2026-05-15T08:42:06.123+0000] {manager.py:741} INFO - There are 1 files in /opt/airflow/dags
[2026-05-15T08:42:21.852+0000] {manager.py:879} INFO - 
================================================================================
DAG File Processing Stats

File Path                               PID  Runtime      # DAGs    # Errors  Last Runtime    Last Run
------------------------------------  -----  ---------  --------  ----------  --------------  -------------------
/opt/airflow/dags/hn_pipeline_dag.py    231  45.38s            1           0  0.10s           2026-05-15T08:41:04
================================================================================
[2026-05-15T08:42:51.821+0000] {manager.py:879} INFO - 
================================================================================
DAG File Processing Stats

File Path                             PID    Runtime      # DAGs    # Errors  Last Runtime    Last Run
------------------------------------  -----  ---------  --------  ----------  --------------  -------------------
/opt/airflow/dags/hn_pipeline_dag.py                           1           0  46.92s          2026-05-15T08:42:23
================================================================================
[2026-05-15T08:43:21.930+0000] {manager.py:879} INFO - 
================================================================================
DAG File Processing Stats

File Path                             PID    Runtime      # DAGs    # Errors  Last Runtime    Last Run
------------------------------------  -----  ---------  --------  ----------  --------------  -------------------
/opt/airflow/dags/hn_pipeline_dag.py                           1           0  0.08s           2026-05-15T08:42:53
================================================================================
[2026-05-15T08:43:52.224+0000] {manager.py:879} INFO - 
================================================================================
DAG File Processing Stats

File Path                             PID    Runtime      # DAGs    # Errors  Last Runtime    Last Run
------------------------------------  -----  ---------  --------  ----------  --------------  -------------------
/opt/airflow/dags/hn_pipeline_dag.py                           1           0  0.09s           2026-05-15T08:43:24
================================================================================
[2026-05-15T08:44:22.417+0000] {manager.py:879} INFO - 
================================================================================
DAG File Processing Stats

File Path                             PID    Runtime      # DAGs    # Errors  Last Runtime    Last Run
------------------------------------  -----  ---------  --------  ----------  --------------  -------------------
/opt/airflow/dags/hn_pipeline_dag.py                           1           0  0.07s           2026-05-15T08:43:54
================================================================================
[2026-05-15T08:44:52.779+0000] {manager.py:879} INFO - 
================================================================================
DAG File Processing Stats

File Path                             PID    Runtime      # DAGs    # Errors  Last Runtime    Last Run
------------------------------------  -----  ---------  --------  ----------  --------------  -------------------
/opt/airflow/dags/hn_pipeline_dag.py                           1           0  0.09s           2026-05-15T08:44:24
================================================================================
[2026-05-15T08:45:23.108+0000] {manager.py:879} INFO - 
================================================================================
DAG File Processing Stats

File Path                             PID    Runtime      # DAGs    # Errors  Last Runtime    Last Run
------------------------------------  -----  ---------  --------  ----------  --------------  -------------------
/opt/airflow/dags/hn_pipeline_dag.py                           1           0  0.08s           2026-05-15T08:44:54
================================================================================
[2026-05-15T08:45:53.328+0000] {manager.py:879} INFO - 
================================================================================
DAG File Processing Stats

File Path                             PID    Runtime      # DAGs    # Errors  Last Runtime    Last Run
------------------------------------  -----  ---------  --------  ----------  --------------  -------------------
/opt/airflow/dags/hn_pipeline_dag.py                           1           0  0.09s           2026-05-15T08:45:25
================================================================================
[2026-05-15T08:46:23.684+0000] {manager.py:879} INFO - 
================================================================================
DAG File Processing Stats

File Path                             PID    Runtime      # DAGs    # Errors  Last Runtime    Last Run
------------------------------------  -----  ---------  --------  ----------  --------------  -------------------
/opt/airflow/dags/hn_pipeline_dag.py                           1           0  0.09s           2026-05-15T08:45:55
================================================================================
[2026-05-15T08:46:53.985+0000] {manager.py:879} INFO - 
================================================================================
DAG File Processing Stats

File Path                             PID    Runtime      # DAGs    # Errors  Last Runtime    Last Run
------------------------------------  -----  ---------  --------  ----------  --------------  -------------------
/opt/airflow/dags/hn_pipeline_dag.py                           1           0  0.08s           2026-05-15T08:46:25
================================================================================
[2026-05-15T08:47:05.100+0000] {manager.py:738} INFO - Searching for files in /opt/airflow/dags
[2026-05-15T08:47:05.110+0000] {manager.py:741} INFO - There are 1 files in /opt/airflow/dags
[2026-05-15T08:47:24.276+0000] {manager.py:879} INFO - 
================================================================================
DAG File Processing Stats

File Path                             PID    Runtime      # DAGs    # Errors  Last Runtime    Last Run
------------------------------------  -----  ---------  --------  ----------  --------------  -------------------
/opt/airflow/dags/hn_pipeline_dag.py                           1           0  0.07s           2026-05-15T08:46:56
================================================================================
[2026-05-15T08:47:54.610+0000] {manager.py:879} INFO - 
================================================================================
DAG File Processing Stats

File Path                             PID    Runtime      # DAGs    # Errors  Last Runtime    Last Run
------------------------------------  -----  ---------  --------  ----------  --------------  -------------------
/opt/airflow/dags/hn_pipeline_dag.py                           1           0  0.07s           2026-05-15T08:47:26
================================================================================
[2026-05-15T08:48:24.948+0000] {manager.py:879} INFO - 
================================================================================
DAG File Processing Stats

File Path                             PID    Runtime      # DAGs    # Errors  Last Runtime    Last Run
------------------------------------  -----  ---------  --------  ----------  --------------  -------------------
/opt/airflow/dags/hn_pipeline_dag.py                           1           0  0.08s           2026-05-15T08:47:56
================================================================================
[2026-05-15T08:48:55.282+0000] {manager.py:879} INFO - 
================================================================================
DAG File Processing Stats

File Path                             PID    Runtime      # DAGs    # Errors  Last Runtime    Last Run
------------------------------------  -----  ---------  --------  ----------  --------------  -------------------
/opt/airflow/dags/hn_pipeline_dag.py                           1           0  0.08s           2026-05-15T08:48:27
================================================================================
[2026-05-15T08:49:25.619+0000] {manager.py:879} INFO - 
================================================================================
DAG File Processing Stats

File Path                             PID    Runtime      # DAGs    # Errors  Last Runtime    Last Run
------------------------------------  -----  ---------  --------  ----------  --------------  -------------------
/opt/airflow/dags/hn_pipeline_dag.py                           1           0  0.08s           2026-05-15T08:48:57
================================================================================
[2026-05-15T08:49:55.848+0000] {manager.py:879} INFO - 
================================================================================
DAG File Processing Stats

File Path                             PID    Runtime      # DAGs    # Errors  Last Runtime    Last Run
------------------------------------  -----  ---------  --------  ----------  --------------  -------------------
/opt/airflow/dags/hn_pipeline_dag.py                           1           0  0.09s           2026-05-15T08:49:27
================================================================================
[2026-05-15T08:50:26.164+0000] {manager.py:879} INFO - 
================================================================================
DAG File Processing Stats

File Path                             PID    Runtime      # DAGs    # Errors  Last Runtime    Last Run
------------------------------------  -----  ---------  --------  ----------  --------------  -------------------
/opt/airflow/dags/hn_pipeline_dag.py                           1           0  0.06s           2026-05-15T08:49:57
================================================================================
[2026-05-15T08:50:56.482+0000] {manager.py:879} INFO - 
================================================================================
DAG File Processing Stats

File Path                             PID    Runtime      # DAGs    # Errors  Last Runtime    Last Run
------------------------------------  -----  ---------  --------  ----------  --------------  -------------------
/opt/airflow/dags/hn_pipeline_dag.py                           1           0  0.07s           2026-05-15T08:50:28
================================================================================
[2026-05-15T08:51:26.835+0000] {manager.py:879} INFO - 
================================================================================
DAG File Processing Stats

File Path                             PID    Runtime      # DAGs    # Errors  Last Runtime    Last Run
------------------------------------  -----  ---------  --------  ----------  --------------  -------------------
/opt/airflow/dags/hn_pipeline_dag.py                           1           0  0.09s           2026-05-15T08:50:58
================================================================================
[2026-05-15T08:51:57.191+0000] {manager.py:879} INFO - 
================================================================================
DAG File Processing Stats

File Path                             PID    Runtime      # DAGs    # Errors  Last Runtime    Last Run
------------------------------------  -----  ---------  --------  ----------  --------------  -------------------
/opt/airflow/dags/hn_pipeline_dag.py                           1           0  0.08s           2026-05-15T08:51:28
================================================================================
[2026-05-15T08:52:05.301+0000] {manager.py:738} INFO - Searching for files in /opt/airflow/dags
[2026-05-15T08:52:05.311+0000] {manager.py:741} INFO - There are 1 files in /opt/airflow/dags
[2026-05-15T08:52:27.550+0000] {manager.py:879} INFO - 
================================================================================
DAG File Processing Stats

File Path                             PID    Runtime      # DAGs    # Errors  Last Runtime    Last Run
------------------------------------  -----  ---------  --------  ----------  --------------  -------------------
/opt/airflow/dags/hn_pipeline_dag.py                           1           0  0.09s           2026-05-15T08:51:59
================================================================================
[2026-05-15T08:52:57.762+0000] {manager.py:879} INFO - 
================================================================================
DAG File Processing Stats

File Path                             PID    Runtime      # DAGs    # Errors  Last Runtime    Last Run
------------------------------------  -----  ---------  --------  ----------  --------------  -------------------
/opt/airflow/dags/hn_pipeline_dag.py                           1           0  0.08s           2026-05-15T08:52:29
================================================================================
[2026-05-15T08:53:28.046+0000] {manager.py:879} INFO - 
================================================================================
DAG File Processing Stats

File Path                             PID    Runtime      # DAGs    # Errors  Last Runtime    Last Run
------------------------------------  -----  ---------  --------  ----------  --------------  -------------------
/opt/airflow/dags/hn_pipeline_dag.py                           1           0  0.07s           2026-05-15T08:52:59
================================================================================
[2026-05-15T08:53:58.314+0000] {manager.py:879} INFO - 
================================================================================
DAG File Processing Stats

File Path                             PID    Runtime      # DAGs    # Errors  Last Runtime    Last Run
------------------------------------  -----  ---------  --------  ----------  --------------  -------------------
/opt/airflow/dags/hn_pipeline_dag.py                           1           0  0.06s           2026-05-15T08:53:30
================================================================================
[2026-05-15T08:54:28.594+0000] {manager.py:879} INFO - 
================================================================================
DAG File Processing Stats

File Path                             PID    Runtime      # DAGs    # Errors  Last Runtime    Last Run
------------------------------------  -----  ---------  --------  ----------  --------------  -------------------
/opt/airflow/dags/hn_pipeline_dag.py                           1           0  0.08s           2026-05-15T08:54:00
================================================================================
[2026-05-15T08:54:58.939+0000] {manager.py:879} INFO - 
================================================================================
DAG File Processing Stats

File Path                             PID    Runtime      # DAGs    # Errors  Last Runtime    Last Run
------------------------------------  -----  ---------  --------  ----------  --------------  -------------------
/opt/airflow/dags/hn_pipeline_dag.py                           1           0  0.08s           2026-05-15T08:54:30
================================================================================
[2026-05-15T08:55:29.199+0000] {manager.py:879} INFO - 
================================================================================
DAG File Processing Stats

File Path                             PID    Runtime      # DAGs    # Errors  Last Runtime    Last Run
------------------------------------  -----  ---------  --------  ----------  --------------  -------------------
/opt/airflow/dags/hn_pipeline_dag.py                           1           0  0.08s           2026-05-15T08:55:01
================================================================================
[2026-05-15T08:55:59.512+0000] {manager.py:879} INFO - 
================================================================================
DAG File Processing Stats

File Path                             PID    Runtime      # DAGs    # Errors  Last Runtime    Last Run
------------------------------------  -----  ---------  --------  ----------  --------------  -------------------
/opt/airflow/dags/hn_pipeline_dag.py                           1           0  0.07s           2026-05-15T08:55:31
================================================================================
[2026-05-15T08:56:29.798+0000] {manager.py:879} INFO - 
================================================================================
DAG File Processing Stats

File Path                             PID    Runtime      # DAGs    # Errors  Last Runtime    Last Run
------------------------------------  -----  ---------  --------  ----------  --------------  -------------------
/opt/airflow/dags/hn_pipeline_dag.py                           1           0  0.07s           2026-05-15T08:56:01
================================================================================
[2026-05-15T08:57:00.074+0000] {manager.py:879} INFO - 
================================================================================
DAG File Processing Stats

File Path                             PID    Runtime      # DAGs    # Errors  Last Runtime    Last Run
------------------------------------  -----  ---------  --------  ----------  --------------  -------------------
/opt/airflow/dags/hn_pipeline_dag.py                           1           0  0.07s           2026-05-15T08:56:31
================================================================================
[2026-05-15T08:57:06.134+0000] {manager.py:738} INFO - Searching for files in /opt/airflow/dags
[2026-05-15T08:57:06.144+0000] {manager.py:741} INFO - There are 1 files in /opt/airflow/dags
[2026-05-15T08:57:30.382+0000] {manager.py:879} INFO - 
================================================================================
DAG File Processing Stats

File Path                             PID    Runtime      # DAGs    # Errors  Last Runtime    Last Run
------------------------------------  -----  ---------  --------  ----------  --------------  -------------------
/opt/airflow/dags/hn_pipeline_dag.py                           1           0  0.05s           2026-05-15T08:57:02
================================================================================
[2026-05-15T08:58:00.708+0000] {manager.py:879} INFO - 
================================================================================
DAG File Processing Stats

File Path                             PID    Runtime      # DAGs    # Errors  Last Runtime    Last Run
------------------------------------  -----  ---------  --------  ----------  --------------  -------------------
/opt/airflow/dags/hn_pipeline_dag.py                           1           0  0.09s           2026-05-15T08:57:45
================================================================================
[2026-05-15T08:58:30.978+0000] {manager.py:879} INFO - 
================================================================================
DAG File Processing Stats

File Path                             PID    Runtime      # DAGs    # Errors  Last Runtime    Last Run
------------------------------------  -----  ---------  --------  ----------  --------------  -------------------
/opt/airflow/dags/hn_pipeline_dag.py                           1           0  0.06s           2026-05-15T08:58:15
================================================================================
[2026-05-15T08:58:33.105+0000] {manager.py:451} INFO - Exiting gracefully upon receiving signal 15
[2026-05-15T09:19:50.813+0000] {manager.py:469} INFO - Processing files using up to 2 processes at a time 
[2026-05-15T09:19:50.814+0000] {manager.py:470} INFO - Process each file at most once every 30 seconds
[2026-05-15T09:19:50.814+0000] {manager.py:471} INFO - Checking for new files in /opt/airflow/dags every 300 seconds
[2026-05-15T09:19:50.815+0000] {manager.py:738} INFO - Searching for files in /opt/airflow/dags
[2026-05-15T09:19:50.817+0000] {manager.py:741} INFO - There are 1 files in /opt/airflow/dags
[2026-05-15T09:19:50.856+0000] {manager.py:879} INFO - 
================================================================================
DAG File Processing Stats

File Path                               PID  Runtime      # DAGs    # Errors  Last Runtime    Last Run
------------------------------------  -----  ---------  --------  ----------  --------------  ----------
/opt/airflow/dags/hn_pipeline_dag.py    161  0.01s             0           0
================================================================================
[2026-05-15T09:20:21.143+0000] {manager.py:879} INFO - 
================================================================================
DAG File Processing Stats

File Path                               PID  Runtime      # DAGs    # Errors  Last Runtime    Last Run
------------------------------------  -----  ---------  --------  ----------  --------------  -------------------
/opt/airflow/dags/hn_pipeline_dag.py    166  0.01s             1           0  0.18s           2026-05-15T09:19:51
================================================================================
[2026-05-15T09:20:51.467+0000] {manager.py:879} INFO - 
================================================================================
DAG File Processing Stats

File Path                             PID    Runtime      # DAGs    # Errors  Last Runtime    Last Run
------------------------------------  -----  ---------  --------  ----------  --------------  -------------------
/opt/airflow/dags/hn_pipeline_dag.py                           1           0  0.37s           2026-05-15T09:20:21
================================================================================
[2026-05-15T09:21:22.198+0000] {manager.py:879} INFO - 
================================================================================
DAG File Processing Stats

File Path                               PID  Runtime      # DAGs    # Errors  Last Runtime    Last Run
------------------------------------  -----  ---------  --------  ----------  --------------  -------------------
/opt/airflow/dags/hn_pipeline_dag.py    176  0.01s             1           0  0.13s           2026-05-15T09:20:51
================================================================================
[2026-05-15T09:21:52.666+0000] {manager.py:879} INFO - 
================================================================================
DAG File Processing Stats

File Path                             PID    Runtime      # DAGs    # Errors  Last Runtime    Last Run
------------------------------------  -----  ---------  --------  ----------  --------------  -------------------
/opt/airflow/dags/hn_pipeline_dag.py                           1           0  1.26s           2026-05-15T09:21:23
================================================================================
[2026-05-15T09:22:23.097+0000] {manager.py:879} INFO - 
================================================================================
DAG File Processing Stats

File Path                             PID    Runtime      # DAGs    # Errors  Last Runtime    Last Run
------------------------------------  -----  ---------  --------  ----------  --------------  -------------------
/opt/airflow/dags/hn_pipeline_dag.py                           1           0  0.13s           2026-05-15T09:21:53
================================================================================
[2026-05-15T09:22:53.441+0000] {manager.py:879} INFO - 
================================================================================
DAG File Processing Stats

File Path                             PID    Runtime      # DAGs    # Errors  Last Runtime    Last Run
------------------------------------  -----  ---------  --------  ----------  --------------  -------------------
/opt/airflow/dags/hn_pipeline_dag.py                           1           0  0.17s           2026-05-15T09:22:24
================================================================================
[2026-05-15T09:23:23.741+0000] {manager.py:879} INFO - 
================================================================================
DAG File Processing Stats

File Path                             PID    Runtime      # DAGs    # Errors  Last Runtime    Last Run
------------------------------------  -----  ---------  --------  ----------  --------------  -------------------
/opt/airflow/dags/hn_pipeline_dag.py                           1           0  0.82s           2026-05-15T09:22:55
================================================================================
[2026-05-15T09:23:53.974+0000] {manager.py:879} INFO - 
================================================================================
DAG File Processing Stats

File Path                             PID    Runtime      # DAGs    # Errors  Last Runtime    Last Run
------------------------------------  -----  ---------  --------  ----------  --------------  -------------------
/opt/airflow/dags/hn_pipeline_dag.py                           1           0  0.88s           2026-05-15T09:23:26
================================================================================
[2026-05-15T09:24:24.766+0000] {manager.py:879} INFO - 
================================================================================
DAG File Processing Stats

File Path                             PID    Runtime      # DAGs    # Errors  Last Runtime    Last Run
------------------------------------  -----  ---------  --------  ----------  --------------  -------------------
/opt/airflow/dags/hn_pipeline_dag.py                           1           0  0.13s           2026-05-15T09:23:57
================================================================================
[2026-05-15T09:24:51.035+0000] {manager.py:738} INFO - Searching for files in /opt/airflow/dags
[2026-05-15T09:24:51.041+0000] {manager.py:741} INFO - There are 1 files in /opt/airflow/dags
[2026-05-15T09:24:55.085+0000] {manager.py:879} INFO - 
================================================================================
DAG File Processing Stats

File Path                             PID    Runtime      # DAGs    # Errors  Last Runtime    Last Run
------------------------------------  -----  ---------  --------  ----------  --------------  -------------------
/opt/airflow/dags/hn_pipeline_dag.py                           1           0  0.09s           2026-05-15T09:24:27
================================================================================
[2026-05-15T09:25:25.376+0000] {manager.py:879} INFO - 
================================================================================
DAG File Processing Stats

File Path                             PID    Runtime      # DAGs    # Errors  Last Runtime    Last Run
------------------------------------  -----  ---------  --------  ----------  --------------  -------------------
/opt/airflow/dags/hn_pipeline_dag.py                           1           0  0.07s           2026-05-15T09:24:58
================================================================================
[2026-05-15T09:25:55.643+0000] {manager.py:879} INFO - 
================================================================================
DAG File Processing Stats

File Path                             PID    Runtime      # DAGs    # Errors  Last Runtime    Last Run
------------------------------------  -----  ---------  --------  ----------  --------------  -------------------
/opt/airflow/dags/hn_pipeline_dag.py                           1           0  0.07s           2026-05-15T09:25:28
================================================================================
[2026-05-15T09:26:25.940+0000] {manager.py:879} INFO - 
================================================================================
DAG File Processing Stats

File Path                             PID    Runtime      # DAGs    # Errors  Last Runtime    Last Run
------------------------------------  -----  ---------  --------  ----------  --------------  -------------------
/opt/airflow/dags/hn_pipeline_dag.py                           1           0  0.08s           2026-05-15T09:25:58
================================================================================
[2026-05-15T09:26:56.261+0000] {manager.py:879} INFO - 
================================================================================
DAG File Processing Stats

File Path                             PID    Runtime      # DAGs    # Errors  Last Runtime    Last Run
------------------------------------  -----  ---------  --------  ----------  --------------  -------------------
/opt/airflow/dags/hn_pipeline_dag.py                           1           0  0.08s           2026-05-15T09:26:29
================================================================================
[2026-05-15T09:27:29.783+0000] {manager.py:879} INFO - 
================================================================================
DAG File Processing Stats

File Path                             PID    Runtime      # DAGs    # Errors  Last Runtime    Last Run
------------------------------------  -----  ---------  --------  ----------  --------------  -------------------
/opt/airflow/dags/hn_pipeline_dag.py                           1           0  0.87s           2026-05-15T09:27:00
================================================================================
[2026-05-15T09:28:00.589+0000] {manager.py:879} INFO - 
================================================================================
DAG File Processing Stats

File Path                               PID  Runtime      # DAGs    # Errors  Last Runtime    Last Run
------------------------------------  -----  ---------  --------  ----------  --------------  -------------------
/opt/airflow/dags/hn_pipeline_dag.py    238  22.19s            1           0  0.87s           2026-05-15T09:27:00
================================================================================
[2026-05-15T09:28:31.060+0000] {manager.py:879} INFO - 
================================================================================
DAG File Processing Stats

File Path                             PID    Runtime      # DAGs    # Errors  Last Runtime    Last Run
------------------------------------  -----  ---------  --------  ----------  --------------  -------------------
/opt/airflow/dags/hn_pipeline_dag.py                           1           0  23.63s          2026-05-15T09:28:01
================================================================================
[2026-05-15T09:29:01.343+0000] {manager.py:879} INFO - 
================================================================================
DAG File Processing Stats

File Path                             PID    Runtime      # DAGs    # Errors  Last Runtime    Last Run
------------------------------------  -----  ---------  --------  ----------  --------------  -------------------
/opt/airflow/dags/hn_pipeline_dag.py                           1           0  0.09s           2026-05-15T09:28:32
================================================================================
[2026-05-15T09:29:31.641+0000] {manager.py:879} INFO - 
================================================================================
DAG File Processing Stats

File Path                             PID    Runtime      # DAGs    # Errors  Last Runtime    Last Run
------------------------------------  -----  ---------  --------  ----------  --------------  -------------------
/opt/airflow/dags/hn_pipeline_dag.py                           1           0  0.09s           2026-05-15T09:29:02
================================================================================
[2026-05-15T09:29:51.788+0000] {manager.py:738} INFO - Searching for files in /opt/airflow/dags
[2026-05-15T09:29:51.792+0000] {manager.py:741} INFO - There are 1 files in /opt/airflow/dags
[2026-05-15T09:30:01.912+0000] {manager.py:879} INFO - 
================================================================================
DAG File Processing Stats

File Path                             PID    Runtime      # DAGs    # Errors  Last Runtime    Last Run
------------------------------------  -----  ---------  --------  ----------  --------------  -------------------
/opt/airflow/dags/hn_pipeline_dag.py                           1           0  0.07s           2026-05-15T09:29:32
================================================================================
[2026-05-15T09:30:32.198+0000] {manager.py:879} INFO - 
================================================================================
DAG File Processing Stats

File Path                             PID    Runtime      # DAGs    # Errors  Last Runtime    Last Run
------------------------------------  -----  ---------  --------  ----------  --------------  -------------------
/opt/airflow/dags/hn_pipeline_dag.py                           1           0  0.09s           2026-05-15T09:30:03
================================================================================
[2026-05-15T09:31:02.514+0000] {manager.py:879} INFO - 
================================================================================
DAG File Processing Stats

File Path                             PID    Runtime      # DAGs    # Errors  Last Runtime    Last Run
------------------------------------  -----  ---------  --------  ----------  --------------  -------------------
/opt/airflow/dags/hn_pipeline_dag.py                           1           0  0.06s           2026-05-15T09:30:33
================================================================================
[2026-05-15T09:31:32.784+0000] {manager.py:879} INFO - 
================================================================================
DAG File Processing Stats

File Path                             PID    Runtime      # DAGs    # Errors  Last Runtime    Last Run
------------------------------------  -----  ---------  --------  ----------  --------------  -------------------
/opt/airflow/dags/hn_pipeline_dag.py                           1           0  0.06s           2026-05-15T09:31:03
================================================================================
[2026-05-15T09:32:03.051+0000] {manager.py:879} INFO - 
================================================================================
DAG File Processing Stats

File Path                             PID    Runtime      # DAGs    # Errors  Last Runtime    Last Run
------------------------------------  -----  ---------  --------  ----------  --------------  -------------------
/opt/airflow/dags/hn_pipeline_dag.py                           1           0  0.07s           2026-05-15T09:31:33
================================================================================
[2026-05-15T09:32:33.370+0000] {manager.py:879} INFO - 
================================================================================
DAG File Processing Stats

File Path                             PID    Runtime      # DAGs    # Errors  Last Runtime    Last Run
------------------------------------  -----  ---------  --------  ----------  --------------  -------------------
/opt/airflow/dags/hn_pipeline_dag.py                           1           0  0.07s           2026-05-15T09:32:04
================================================================================
[2026-05-15T09:33:03.705+0000] {manager.py:879} INFO - 
================================================================================
DAG File Processing Stats

File Path                             PID    Runtime      # DAGs    # Errors  Last Runtime    Last Run
------------------------------------  -----  ---------  --------  ----------  --------------  -------------------
/opt/airflow/dags/hn_pipeline_dag.py                           1           0  0.08s           2026-05-15T09:32:34
================================================================================
[2026-05-15T09:33:34.070+0000] {manager.py:879} INFO - 
================================================================================
DAG File Processing Stats

File Path                             PID    Runtime      # DAGs    # Errors  Last Runtime    Last Run
------------------------------------  -----  ---------  --------  ----------  --------------  -------------------
/opt/airflow/dags/hn_pipeline_dag.py                           1           0  0.09s           2026-05-15T09:33:04
================================================================================
[2026-05-15T09:34:04.407+0000] {manager.py:879} INFO - 
================================================================================
DAG File Processing Stats

File Path                             PID    Runtime      # DAGs    # Errors  Last Runtime    Last Run
------------------------------------  -----  ---------  --------  ----------  --------------  -------------------
/opt/airflow/dags/hn_pipeline_dag.py                           1           0  0.07s           2026-05-15T09:33:35
================================================================================
[2026-05-15T09:34:34.754+0000] {manager.py:879} INFO - 
================================================================================
DAG File Processing Stats

File Path                             PID    Runtime      # DAGs    # Errors  Last Runtime    Last Run
------------------------------------  -----  ---------  --------  ----------  --------------  -------------------
/opt/airflow/dags/hn_pipeline_dag.py                           1           0  0.09s           2026-05-15T09:34:05
================================================================================
[2026-05-15T09:34:51.962+0000] {manager.py:738} INFO - Searching for files in /opt/airflow/dags
[2026-05-15T09:34:51.978+0000] {manager.py:741} INFO - There are 1 files in /opt/airflow/dags
[2026-05-15T09:35:05.115+0000] {manager.py:879} INFO - 
================================================================================
DAG File Processing Stats

File Path                             PID    Runtime      # DAGs    # Errors  Last Runtime    Last Run
------------------------------------  -----  ---------  --------  ----------  --------------  -------------------
/opt/airflow/dags/hn_pipeline_dag.py                           1           0  0.09s           2026-05-15T09:34:35
================================================================================
[2026-05-15T09:35:35.420+0000] {manager.py:879} INFO - 
================================================================================
DAG File Processing Stats

File Path                             PID    Runtime      # DAGs    # Errors  Last Runtime    Last Run
------------------------------------  -----  ---------  --------  ----------  --------------  -------------------
/opt/airflow/dags/hn_pipeline_dag.py                           1           0  0.07s           2026-05-15T09:35:06
================================================================================
[2026-05-15T09:36:05.710+0000] {manager.py:879} INFO - 
================================================================================
DAG File Processing Stats

File Path                             PID    Runtime      # DAGs    # Errors  Last Runtime    Last Run
------------------------------------  -----  ---------  --------  ----------  --------------  -------------------
/opt/airflow/dags/hn_pipeline_dag.py                           1           0  0.07s           2026-05-15T09:35:36
================================================================================
[2026-05-15T09:36:36.009+0000] {manager.py:879} INFO - 
================================================================================
DAG File Processing Stats

File Path                             PID    Runtime      # DAGs    # Errors  Last Runtime    Last Run
------------------------------------  -----  ---------  --------  ----------  --------------  -------------------
/opt/airflow/dags/hn_pipeline_dag.py                           1           0  0.07s           2026-05-15T09:36:06
================================================================================
[2026-05-15T09:37:06.317+0000] {manager.py:879} INFO - 
================================================================================
DAG File Processing Stats

File Path                             PID    Runtime      # DAGs    # Errors  Last Runtime    Last Run
------------------------------------  -----  ---------  --------  ----------  --------------  -------------------
/opt/airflow/dags/hn_pipeline_dag.py                           1           0  0.08s           2026-05-15T09:36:37
================================================================================
[2026-05-15T09:37:36.689+0000] {manager.py:879} INFO - 
================================================================================
DAG File Processing Stats

File Path                             PID    Runtime      # DAGs    # Errors  Last Runtime    Last Run
------------------------------------  -----  ---------  --------  ----------  --------------  -------------------
/opt/airflow/dags/hn_pipeline_dag.py                           1           0  0.10s           2026-05-15T09:37:07
================================================================================
[2026-05-15T09:38:07.016+0000] {manager.py:879} INFO - 
================================================================================
DAG File Processing Stats

File Path                             PID    Runtime      # DAGs    # Errors  Last Runtime    Last Run
------------------------------------  -----  ---------  --------  ----------  --------------  -------------------
/opt/airflow/dags/hn_pipeline_dag.py                           1           0  0.07s           2026-05-15T09:37:37
================================================================================
[2026-05-15T09:38:37.323+0000] {manager.py:879} INFO - 
================================================================================
DAG File Processing Stats

File Path                             PID    Runtime      # DAGs    # Errors  Last Runtime    Last Run
------------------------------------  -----  ---------  --------  ----------  --------------  -------------------
/opt/airflow/dags/hn_pipeline_dag.py                           1           0  0.06s           2026-05-15T09:38:08
================================================================================
[2026-05-15T09:39:07.623+0000] {manager.py:879} INFO - 
================================================================================
DAG File Processing Stats

File Path                             PID    Runtime      # DAGs    # Errors  Last Runtime    Last Run
------------------------------------  -----  ---------  --------  ----------  --------------  -------------------
/opt/airflow/dags/hn_pipeline_dag.py                           1           0  0.07s           2026-05-15T09:38:38
================================================================================
[2026-05-15T09:39:37.873+0000] {manager.py:879} INFO - 
================================================================================
DAG File Processing Stats

File Path                             PID    Runtime      # DAGs    # Errors  Last Runtime    Last Run
------------------------------------  -----  ---------  --------  ----------  --------------  -------------------
/opt/airflow/dags/hn_pipeline_dag.py                           1           0  0.07s           2026-05-15T09:39:08
================================================================================
[2026-05-15T09:39:52.022+0000] {manager.py:738} INFO - Searching for files in /opt/airflow/dags
[2026-05-15T09:39:52.032+0000] {manager.py:741} INFO - There are 1 files in /opt/airflow/dags
[2026-05-15T09:40:08.223+0000] {manager.py:879} INFO - 
================================================================================
DAG File Processing Stats

File Path                             PID    Runtime      # DAGs    # Errors  Last Runtime    Last Run
------------------------------------  -----  ---------  --------  ----------  --------------  -------------------
/opt/airflow/dags/hn_pipeline_dag.py                           1           0  0.06s           2026-05-15T09:39:38
================================================================================
[2026-05-15T09:40:38.524+0000] {manager.py:879} INFO - 
================================================================================
DAG File Processing Stats

File Path                             PID    Runtime      # DAGs    # Errors  Last Runtime    Last Run
------------------------------------  -----  ---------  --------  ----------  --------------  -------------------
/opt/airflow/dags/hn_pipeline_dag.py                           1           0  0.07s           2026-05-15T09:40:09
================================================================================
[2026-05-15T09:41:08.832+0000] {manager.py:879} INFO - 
================================================================================
DAG File Processing Stats

File Path                             PID    Runtime      # DAGs    # Errors  Last Runtime    Last Run
------------------------------------  -----  ---------  --------  ----------  --------------  -------------------
/opt/airflow/dags/hn_pipeline_dag.py                           1           0  0.07s           2026-05-15T09:40:39
================================================================================
[2026-05-15T09:41:39.169+0000] {manager.py:879} INFO - 
================================================================================
DAG File Processing Stats

File Path                             PID    Runtime      # DAGs    # Errors  Last Runtime    Last Run
------------------------------------  -----  ---------  --------  ----------  --------------  -------------------
/opt/airflow/dags/hn_pipeline_dag.py                           1           0  0.08s           2026-05-15T09:41:09
================================================================================
[2026-05-15T09:42:09.490+0000] {manager.py:879} INFO - 
================================================================================
DAG File Processing Stats

File Path                             PID    Runtime      # DAGs    # Errors  Last Runtime    Last Run
------------------------------------  -----  ---------  --------  ----------  --------------  -------------------
/opt/airflow/dags/hn_pipeline_dag.py                           1           0  0.06s           2026-05-15T09:41:40
================================================================================
[2026-05-15T09:42:39.763+0000] {manager.py:879} INFO - 
================================================================================
DAG File Processing Stats

File Path                             PID    Runtime      # DAGs    # Errors  Last Runtime    Last Run
------------------------------------  -----  ---------  --------  ----------  --------------  -------------------
/opt/airflow/dags/hn_pipeline_dag.py                           1           0  0.08s           2026-05-15T09:42:10
================================================================================
[2026-05-15T09:43:10.064+0000] {manager.py:879} INFO - 
================================================================================
DAG File Processing Stats

File Path                             PID    Runtime      # DAGs    # Errors  Last Runtime    Last Run
------------------------------------  -----  ---------  --------  ----------  --------------  -------------------
/opt/airflow/dags/hn_pipeline_dag.py                           1           0  0.07s           2026-05-15T09:42:40
================================================================================
[2026-05-15T09:43:40.360+0000] {manager.py:879} INFO - 
================================================================================
DAG File Processing Stats

File Path                             PID    Runtime      # DAGs    # Errors  Last Runtime    Last Run
------------------------------------  -----  ---------  --------  ----------  --------------  -------------------
/opt/airflow/dags/hn_pipeline_dag.py                           1           0  0.08s           2026-05-15T09:43:11
================================================================================
[2026-05-15T09:44:10.646+0000] {manager.py:879} INFO - 
================================================================================
DAG File Processing Stats

File Path                             PID    Runtime      # DAGs    # Errors  Last Runtime    Last Run
------------------------------------  -----  ---------  --------  ----------  --------------  -------------------
/opt/airflow/dags/hn_pipeline_dag.py                           1           0  0.06s           2026-05-15T09:43:41
================================================================================
[2026-05-15T09:44:40.935+0000] {manager.py:879} INFO - 
================================================================================
DAG File Processing Stats

File Path                             PID    Runtime      # DAGs    # Errors  Last Runtime    Last Run
------------------------------------  -----  ---------  --------  ----------  --------------  -------------------
/opt/airflow/dags/hn_pipeline_dag.py                           1           0  0.09s           2026-05-15T09:44:11
================================================================================
[2026-05-15T09:44:52.048+0000] {manager.py:738} INFO - Searching for files in /opt/airflow/dags
[2026-05-15T09:44:52.071+0000] {manager.py:741} INFO - There are 1 files in /opt/airflow/dags
[2026-05-15T09:45:11.276+0000] {manager.py:879} INFO - 
================================================================================
DAG File Processing Stats

File Path                             PID    Runtime      # DAGs    # Errors  Last Runtime    Last Run
------------------------------------  -----  ---------  --------  ----------  --------------  -------------------
/opt/airflow/dags/hn_pipeline_dag.py                           1           0  0.08s           2026-05-15T09:44:42
================================================================================
[2026-05-15T09:45:41.539+0000] {manager.py:879} INFO - 
================================================================================
DAG File Processing Stats

File Path                             PID    Runtime      # DAGs    # Errors  Last Runtime    Last Run
------------------------------------  -----  ---------  --------  ----------  --------------  -------------------
/opt/airflow/dags/hn_pipeline_dag.py                           1           0  0.06s           2026-05-15T09:45:12
================================================================================
[2026-05-15T09:46:11.811+0000] {manager.py:879} INFO - 
================================================================================
DAG File Processing Stats

File Path                             PID    Runtime      # DAGs    # Errors  Last Runtime    Last Run
------------------------------------  -----  ---------  --------  ----------  --------------  -------------------
/opt/airflow/dags/hn_pipeline_dag.py                           1           0  0.09s           2026-05-15T09:45:42
================================================================================
[2026-05-15T09:46:42.028+0000] {manager.py:879} INFO - 
================================================================================
DAG File Processing Stats

File Path                             PID    Runtime      # DAGs    # Errors  Last Runtime    Last Run
------------------------------------  -----  ---------  --------  ----------  --------------  -------------------
/opt/airflow/dags/hn_pipeline_dag.py                           1           0  0.07s           2026-05-15T09:46:12
================================================================================
[2026-05-15T09:47:12.395+0000] {manager.py:879} INFO - 
================================================================================
DAG File Processing Stats

File Path                             PID    Runtime      # DAGs    # Errors  Last Runtime    Last Run
------------------------------------  -----  ---------  --------  ----------  --------------  -------------------
/opt/airflow/dags/hn_pipeline_dag.py                           1           0  0.09s           2026-05-15T09:46:43
================================================================================
[2026-05-15T09:47:42.726+0000] {manager.py:879} INFO - 
================================================================================
DAG File Processing Stats

File Path                             PID    Runtime      # DAGs    # Errors  Last Runtime    Last Run
------------------------------------  -----  ---------  --------  ----------  --------------  -------------------
/opt/airflow/dags/hn_pipeline_dag.py                           1           0  0.07s           2026-05-15T09:47:13
================================================================================
[2026-05-15T09:48:13.037+0000] {manager.py:879} INFO - 
================================================================================
DAG File Processing Stats

File Path                             PID    Runtime      # DAGs    # Errors  Last Runtime    Last Run
------------------------------------  -----  ---------  --------  ----------  --------------  -------------------
/opt/airflow/dags/hn_pipeline_dag.py                           1           0  0.08s           2026-05-15T09:47:43
================================================================================
[2026-05-15T09:48:43.345+0000] {manager.py:879} INFO - 
================================================================================
DAG File Processing Stats

File Path                             PID    Runtime      # DAGs    # Errors  Last Runtime    Last Run
------------------------------------  -----  ---------  --------  ----------  --------------  -------------------
/opt/airflow/dags/hn_pipeline_dag.py                           1           0  0.07s           2026-05-15T09:48:14
================================================================================
[2026-05-15T09:49:13.676+0000] {manager.py:879} INFO - 
================================================================================
DAG File Processing Stats

File Path                             PID    Runtime      # DAGs    # Errors  Last Runtime    Last Run
------------------------------------  -----  ---------  --------  ----------  --------------  -------------------
/opt/airflow/dags/hn_pipeline_dag.py                           1           0  0.08s           2026-05-15T09:48:44
================================================================================
[2026-05-15T09:49:43.970+0000] {manager.py:879} INFO - 
================================================================================
DAG File Processing Stats

File Path                             PID    Runtime      # DAGs    # Errors  Last Runtime    Last Run
------------------------------------  -----  ---------  --------  ----------  --------------  -------------------
/opt/airflow/dags/hn_pipeline_dag.py                           1           0  0.05s           2026-05-15T09:49:14
================================================================================
[2026-05-15T09:49:52.081+0000] {manager.py:738} INFO - Searching for files in /opt/airflow/dags
[2026-05-15T09:49:52.088+0000] {manager.py:741} INFO - There are 1 files in /opt/airflow/dags
[2026-05-15T09:50:14.314+0000] {manager.py:879} INFO - 
================================================================================
DAG File Processing Stats

File Path                             PID    Runtime      # DAGs    # Errors  Last Runtime    Last Run
------------------------------------  -----  ---------  --------  ----------  --------------  -------------------
/opt/airflow/dags/hn_pipeline_dag.py                           1           0  0.07s           2026-05-15T09:49:45
================================================================================
[2026-05-15T09:50:44.646+0000] {manager.py:879} INFO - 
================================================================================
DAG File Processing Stats

File Path                             PID    Runtime      # DAGs    # Errors  Last Runtime    Last Run
------------------------------------  -----  ---------  --------  ----------  --------------  -------------------
/opt/airflow/dags/hn_pipeline_dag.py                           1           0  0.09s           2026-05-15T09:50:15
================================================================================
[2026-05-15T09:51:15.000+0000] {manager.py:879} INFO - 
================================================================================
DAG File Processing Stats

File Path                             PID    Runtime      # DAGs    # Errors  Last Runtime    Last Run
------------------------------------  -----  ---------  --------  ----------  --------------  -------------------
/opt/airflow/dags/hn_pipeline_dag.py                           1           0  0.09s           2026-05-15T09:50:45
================================================================================
[2026-05-15T09:51:45.361+0000] {manager.py:879} INFO - 
================================================================================
DAG File Processing Stats

File Path                             PID    Runtime      # DAGs    # Errors  Last Runtime    Last Run
------------------------------------  -----  ---------  --------  ----------  --------------  -------------------
/opt/airflow/dags/hn_pipeline_dag.py                           1           0  0.09s           2026-05-15T09:51:16
================================================================================
[2026-05-15T09:52:15.688+0000] {manager.py:879} INFO - 
================================================================================
DAG File Processing Stats

File Path                             PID    Runtime      # DAGs    # Errors  Last Runtime    Last Run
------------------------------------  -----  ---------  --------  ----------  --------------  -------------------
/opt/airflow/dags/hn_pipeline_dag.py                           1           0  0.09s           2026-05-15T09:51:46
================================================================================
[2026-05-15T09:52:46.015+0000] {manager.py:879} INFO - 
================================================================================
DAG File Processing Stats

File Path                             PID    Runtime      # DAGs    # Errors  Last Runtime    Last Run
------------------------------------  -----  ---------  --------  ----------  --------------  -------------------
/opt/airflow/dags/hn_pipeline_dag.py                           1           0  0.09s           2026-05-15T09:52:16
================================================================================
[2026-05-15T09:53:16.308+0000] {manager.py:879} INFO - 
================================================================================
DAG File Processing Stats

File Path                             PID    Runtime      # DAGs    # Errors  Last Runtime    Last Run
------------------------------------  -----  ---------  --------  ----------  --------------  -------------------
/opt/airflow/dags/hn_pipeline_dag.py                           1           0  0.05s           2026-05-15T09:52:47
================================================================================
[2026-05-15T09:53:46.632+0000] {manager.py:879} INFO - 
================================================================================
DAG File Processing Stats

File Path                             PID    Runtime      # DAGs    # Errors  Last Runtime    Last Run
------------------------------------  -----  ---------  --------  ----------  --------------  -------------------
/opt/airflow/dags/hn_pipeline_dag.py                           1           0  0.07s           2026-05-15T09:53:17
================================================================================
[2026-05-15T09:54:16.917+0000] {manager.py:879} INFO - 
================================================================================
DAG File Processing Stats

File Path                             PID    Runtime      # DAGs    # Errors  Last Runtime    Last Run
------------------------------------  -----  ---------  --------  ----------  --------------  -------------------
/opt/airflow/dags/hn_pipeline_dag.py                           1           0  0.07s           2026-05-15T09:53:47
================================================================================
[2026-05-15T09:54:47.240+0000] {manager.py:879} INFO - 
================================================================================
DAG File Processing Stats

File Path                             PID    Runtime      # DAGs    # Errors  Last Runtime    Last Run
------------------------------------  -----  ---------  --------  ----------  --------------  -------------------
/opt/airflow/dags/hn_pipeline_dag.py                           1           0  0.08s           2026-05-15T09:54:18
================================================================================
[2026-05-15T09:54:52.312+0000] {manager.py:738} INFO - Searching for files in /opt/airflow/dags
[2026-05-15T09:54:52.317+0000] {manager.py:741} INFO - There are 1 files in /opt/airflow/dags
[2026-05-15T09:55:17.519+0000] {manager.py:879} INFO - 
================================================================================
DAG File Processing Stats

File Path                             PID    Runtime      # DAGs    # Errors  Last Runtime    Last Run
------------------------------------  -----  ---------  --------  ----------  --------------  -------------------
/opt/airflow/dags/hn_pipeline_dag.py                           1           0  0.07s           2026-05-15T09:54:48
================================================================================
[2026-05-15T09:55:47.780+0000] {manager.py:879} INFO - 
================================================================================
DAG File Processing Stats

File Path                             PID    Runtime      # DAGs    # Errors  Last Runtime    Last Run
------------------------------------  -----  ---------  --------  ----------  --------------  -------------------
/opt/airflow/dags/hn_pipeline_dag.py                           1           0  0.06s           2026-05-15T09:55:18
================================================================================
[2026-05-15T09:56:18.100+0000] {manager.py:879} INFO - 
================================================================================
DAG File Processing Stats

File Path                             PID    Runtime      # DAGs    # Errors  Last Runtime    Last Run
------------------------------------  -----  ---------  --------  ----------  --------------  -------------------
/opt/airflow/dags/hn_pipeline_dag.py                           1           0  0.09s           2026-05-15T09:55:48
================================================================================
[2026-05-15T09:56:48.384+0000] {manager.py:879} INFO - 
================================================================================
DAG File Processing Stats

File Path                             PID    Runtime      # DAGs    # Errors  Last Runtime    Last Run
------------------------------------  -----  ---------  --------  ----------  --------------  -------------------
/opt/airflow/dags/hn_pipeline_dag.py                           1           0  0.07s           2026-05-15T09:56:19
================================================================================
[2026-05-15T09:57:18.706+0000] {manager.py:879} INFO - 
================================================================================
DAG File Processing Stats

File Path                             PID    Runtime      # DAGs    # Errors  Last Runtime    Last Run
------------------------------------  -----  ---------  --------  ----------  --------------  -------------------
/opt/airflow/dags/hn_pipeline_dag.py                           1           0  0.07s           2026-05-15T09:56:49
================================================================================
[2026-05-15T09:57:49.021+0000] {manager.py:879} INFO - 
================================================================================
DAG File Processing Stats

File Path                             PID    Runtime      # DAGs    # Errors  Last Runtime    Last Run
------------------------------------  -----  ---------  --------  ----------  --------------  -------------------
/opt/airflow/dags/hn_pipeline_dag.py                           1           0  0.07s           2026-05-15T09:57:19
================================================================================
[2026-05-15T09:58:19.320+0000] {manager.py:879} INFO - 
================================================================================
DAG File Processing Stats

File Path                             PID    Runtime      # DAGs    # Errors  Last Runtime    Last Run
------------------------------------  -----  ---------  --------  ----------  --------------  -------------------
/opt/airflow/dags/hn_pipeline_dag.py                           1           0  0.08s           2026-05-15T09:57:50
================================================================================
[2026-05-15T09:58:49.655+0000] {manager.py:879} INFO - 
================================================================================
DAG File Processing Stats

File Path                             PID    Runtime      # DAGs    # Errors  Last Runtime    Last Run
------------------------------------  -----  ---------  --------  ----------  --------------  -------------------
/opt/airflow/dags/hn_pipeline_dag.py                           1           0  0.07s           2026-05-15T09:58:20
================================================================================
[2026-05-15T09:59:20.057+0000] {manager.py:879} INFO - 
================================================================================
DAG File Processing Stats

File Path                             PID    Runtime      # DAGs    # Errors  Last Runtime    Last Run
------------------------------------  -----  ---------  --------  ----------  --------------  -------------------
/opt/airflow/dags/hn_pipeline_dag.py                           1           0  0.09s           2026-05-15T09:58:50
================================================================================
[2026-05-15T09:59:50.424+0000] {manager.py:879} INFO - 
================================================================================
DAG File Processing Stats

File Path                             PID    Runtime      # DAGs    # Errors  Last Runtime    Last Run
------------------------------------  -----  ---------  --------  ----------  --------------  -------------------
/opt/airflow/dags/hn_pipeline_dag.py                           1           0  0.08s           2026-05-15T09:59:21
================================================================================
[2026-05-15T09:59:52.474+0000] {manager.py:738} INFO - Searching for files in /opt/airflow/dags
[2026-05-15T09:59:52.485+0000] {manager.py:741} INFO - There are 1 files in /opt/airflow/dags
[2026-05-15T10:00:20.820+0000] {manager.py:879} INFO - 
================================================================================
DAG File Processing Stats

File Path                             PID    Runtime      # DAGs    # Errors  Last Runtime    Last Run
------------------------------------  -----  ---------  --------  ----------  --------------  -------------------
/opt/airflow/dags/hn_pipeline_dag.py                           1           0  0.09s           2026-05-15T09:59:51
================================================================================
[2026-05-15T10:00:51.118+0000] {manager.py:879} INFO - 
================================================================================
DAG File Processing Stats

File Path                             PID    Runtime      # DAGs    # Errors  Last Runtime    Last Run
------------------------------------  -----  ---------  --------  ----------  --------------  -------------------
/opt/airflow/dags/hn_pipeline_dag.py                           1           0  0.06s           2026-05-15T10:00:21
================================================================================
[2026-05-15T10:01:21.438+0000] {manager.py:879} INFO - 
================================================================================
DAG File Processing Stats

File Path                             PID    Runtime      # DAGs    # Errors  Last Runtime    Last Run
------------------------------------  -----  ---------  --------  ----------  --------------  -------------------
/opt/airflow/dags/hn_pipeline_dag.py                           1           0  0.08s           2026-05-15T10:00:52
================================================================================
[2026-05-15T10:01:51.771+0000] {manager.py:879} INFO - 
================================================================================
DAG File Processing Stats

File Path                             PID    Runtime      # DAGs    # Errors  Last Runtime    Last Run
------------------------------------  -----  ---------  --------  ----------  --------------  -------------------
/opt/airflow/dags/hn_pipeline_dag.py                           1           0  0.07s           2026-05-15T10:01:22
================================================================================
[2026-05-15T10:02:21.985+0000] {manager.py:879} INFO - 
================================================================================
DAG File Processing Stats

File Path                             PID    Runtime      # DAGs    # Errors  Last Runtime    Last Run
------------------------------------  -----  ---------  --------  ----------  --------------  -------------------
/opt/airflow/dags/hn_pipeline_dag.py                           1           0  0.08s           2026-05-15T10:01:52
================================================================================
[2026-05-15T10:02:52.180+0000] {manager.py:879} INFO - 
================================================================================
DAG File Processing Stats

File Path                             PID    Runtime      # DAGs    # Errors  Last Runtime    Last Run
------------------------------------  -----  ---------  --------  ----------  --------------  -------------------
/opt/airflow/dags/hn_pipeline_dag.py                           1           0  0.06s           2026-05-15T10:02:23
================================================================================
[2026-05-15T10:03:22.451+0000] {manager.py:879} INFO - 
================================================================================
DAG File Processing Stats

File Path                             PID    Runtime      # DAGs    # Errors  Last Runtime    Last Run
------------------------------------  -----  ---------  --------  ----------  --------------  -------------------
/opt/airflow/dags/hn_pipeline_dag.py                           1           0  0.06s           2026-05-15T10:02:53
================================================================================
[2026-05-15T10:03:52.810+0000] {manager.py:879} INFO - 
================================================================================
DAG File Processing Stats

File Path                             PID    Runtime      # DAGs    # Errors  Last Runtime    Last Run
------------------------------------  -----  ---------  --------  ----------  --------------  -------------------
/opt/airflow/dags/hn_pipeline_dag.py                           1           0  0.07s           2026-05-15T10:03:23
================================================================================
[2026-05-15T10:04:23.167+0000] {manager.py:879} INFO - 
================================================================================
DAG File Processing Stats

File Path                             PID    Runtime      # DAGs    # Errors  Last Runtime    Last Run
------------------------------------  -----  ---------  --------  ----------  --------------  -------------------
/opt/airflow/dags/hn_pipeline_dag.py                           1           0  0.09s           2026-05-15T10:03:53
================================================================================
[2026-05-15T10:04:52.553+0000] {manager.py:738} INFO - Searching for files in /opt/airflow/dags
[2026-05-15T10:04:52.563+0000] {manager.py:741} INFO - There are 1 files in /opt/airflow/dags
[2026-05-15T10:04:53.589+0000] {manager.py:879} INFO - 
================================================================================
DAG File Processing Stats

File Path                             PID    Runtime      # DAGs    # Errors  Last Runtime    Last Run
------------------------------------  -----  ---------  --------  ----------  --------------  -------------------
/opt/airflow/dags/hn_pipeline_dag.py                           1           0  0.11s           2026-05-15T10:04:24
================================================================================
[2026-05-15T10:05:23.960+0000] {manager.py:879} INFO - 
================================================================================
DAG File Processing Stats

File Path                             PID    Runtime      # DAGs    # Errors  Last Runtime    Last Run
------------------------------------  -----  ---------  --------  ----------  --------------  -------------------
/opt/airflow/dags/hn_pipeline_dag.py                           1           0  0.09s           2026-05-15T10:04:54
================================================================================
[2026-05-15T10:05:54.312+0000] {manager.py:879} INFO - 
================================================================================
DAG File Processing Stats

File Path                             PID    Runtime      # DAGs    # Errors  Last Runtime    Last Run
------------------------------------  -----  ---------  --------  ----------  --------------  -------------------
/opt/airflow/dags/hn_pipeline_dag.py                           1           0  0.08s           2026-05-15T10:05:25
================================================================================
[2026-05-15T10:06:24.650+0000] {manager.py:879} INFO - 
================================================================================
DAG File Processing Stats

File Path                             PID    Runtime      # DAGs    # Errors  Last Runtime    Last Run
------------------------------------  -----  ---------  --------  ----------  --------------  -------------------
/opt/airflow/dags/hn_pipeline_dag.py                           1           0  0.09s           2026-05-15T10:05:55
================================================================================
[2026-05-15T10:06:54.994+0000] {manager.py:879} INFO - 
================================================================================
DAG File Processing Stats

File Path                             PID    Runtime      # DAGs    # Errors  Last Runtime    Last Run
------------------------------------  -----  ---------  --------  ----------  --------------  -------------------
/opt/airflow/dags/hn_pipeline_dag.py                           1           0  0.09s           2026-05-15T10:06:25
================================================================================
[2026-05-15T10:07:25.334+0000] {manager.py:879} INFO - 
================================================================================
DAG File Processing Stats

File Path                             PID    Runtime      # DAGs    # Errors  Last Runtime    Last Run
------------------------------------  -----  ---------  --------  ----------  --------------  -------------------
/opt/airflow/dags/hn_pipeline_dag.py                           1           0  0.08s           2026-05-15T10:06:56
================================================================================
[2026-05-15T10:07:55.675+0000] {manager.py:879} INFO - 
================================================================================
DAG File Processing Stats

File Path                             PID    Runtime      # DAGs    # Errors  Last Runtime    Last Run
------------------------------------  -----  ---------  --------  ----------  --------------  -------------------
/opt/airflow/dags/hn_pipeline_dag.py                           1           0  0.08s           2026-05-15T10:07:26
================================================================================
[2026-05-15T10:08:25.929+0000] {manager.py:879} INFO - 
================================================================================
DAG File Processing Stats

File Path                             PID    Runtime      # DAGs    # Errors  Last Runtime    Last Run
------------------------------------  -----  ---------  --------  ----------  --------------  -------------------
/opt/airflow/dags/hn_pipeline_dag.py                           1           0  0.06s           2026-05-15T10:07:56
================================================================================
[2026-05-15T10:08:56.172+0000] {manager.py:879} INFO - 
================================================================================
DAG File Processing Stats

File Path                             PID    Runtime      # DAGs    # Errors  Last Runtime    Last Run
------------------------------------  -----  ---------  --------  ----------  --------------  -------------------
/opt/airflow/dags/hn_pipeline_dag.py                           1           0  0.08s           2026-05-15T10:08:27
================================================================================
[2026-05-15T10:09:26.444+0000] {manager.py:879} INFO - 
================================================================================
DAG File Processing Stats

File Path                             PID    Runtime      # DAGs    # Errors  Last Runtime    Last Run
------------------------------------  -----  ---------  --------  ----------  --------------  -------------------
/opt/airflow/dags/hn_pipeline_dag.py                           1           0  0.07s           2026-05-15T10:08:57
================================================================================
[2026-05-15T10:09:52.705+0000] {manager.py:738} INFO - Searching for files in /opt/airflow/dags
[2026-05-15T10:09:52.712+0000] {manager.py:741} INFO - There are 1 files in /opt/airflow/dags
[2026-05-15T10:09:56.757+0000] {manager.py:879} INFO - 
================================================================================
DAG File Processing Stats

File Path                             PID    Runtime      # DAGs    # Errors  Last Runtime    Last Run
------------------------------------  -----  ---------  --------  ----------  --------------  -------------------
/opt/airflow/dags/hn_pipeline_dag.py                           1           0  0.07s           2026-05-15T10:09:27
================================================================================
[2026-05-15T10:10:27.052+0000] {manager.py:879} INFO - 
================================================================================
DAG File Processing Stats

File Path                             PID    Runtime      # DAGs    # Errors  Last Runtime    Last Run
------------------------------------  -----  ---------  --------  ----------  --------------  -------------------
/opt/airflow/dags/hn_pipeline_dag.py                           1           0  0.07s           2026-05-15T10:09:57
================================================================================
[2026-05-15T10:10:57.328+0000] {manager.py:879} INFO - 
================================================================================
DAG File Processing Stats

File Path                             PID    Runtime      # DAGs    # Errors  Last Runtime    Last Run
------------------------------------  -----  ---------  --------  ----------  --------------  -------------------
/opt/airflow/dags/hn_pipeline_dag.py                           1           0  0.07s           2026-05-15T10:10:28
================================================================================
[2026-05-15T10:11:27.659+0000] {manager.py:879} INFO - 
================================================================================
DAG File Processing Stats

File Path                             PID    Runtime      # DAGs    # Errors  Last Runtime    Last Run
------------------------------------  -----  ---------  --------  ----------  --------------  -------------------
/opt/airflow/dags/hn_pipeline_dag.py                           1           0  0.08s           2026-05-15T10:10:58
================================================================================
[2026-05-15T10:11:57.923+0000] {manager.py:879} INFO - 
================================================================================
DAG File Processing Stats

File Path                             PID    Runtime      # DAGs    # Errors  Last Runtime    Last Run
------------------------------------  -----  ---------  --------  ----------  --------------  -------------------
/opt/airflow/dags/hn_pipeline_dag.py                           1           0  0.05s           2026-05-15T10:11:28
================================================================================
[2026-05-15T10:12:28.449+0000] {manager.py:879} INFO - 
================================================================================
DAG File Processing Stats

File Path                             PID    Runtime      # DAGs    # Errors  Last Runtime    Last Run
------------------------------------  -----  ---------  --------  ----------  --------------  -------------------
/opt/airflow/dags/hn_pipeline_dag.py                           1           0  0.09s           2026-05-15T10:11:59
================================================================================
[2026-05-15T10:12:58.799+0000] {manager.py:879} INFO - 
================================================================================
DAG File Processing Stats

File Path                             PID    Runtime      # DAGs    # Errors  Last Runtime    Last Run
------------------------------------  -----  ---------  --------  ----------  --------------  -------------------
/opt/airflow/dags/hn_pipeline_dag.py                           1           0  0.10s           2026-05-15T10:12:29
================================================================================
[2026-05-15T10:13:29.120+0000] {manager.py:879} INFO - 
================================================================================
DAG File Processing Stats

File Path                             PID    Runtime      # DAGs    # Errors  Last Runtime    Last Run
------------------------------------  -----  ---------  --------  ----------  --------------  -------------------
/opt/airflow/dags/hn_pipeline_dag.py                           1           0  0.08s           2026-05-15T10:12:59
================================================================================
[2026-05-15T10:13:59.494+0000] {manager.py:879} INFO - 
================================================================================
DAG File Processing Stats

File Path                             PID    Runtime      # DAGs    # Errors  Last Runtime    Last Run
------------------------------------  -----  ---------  --------  ----------  --------------  -------------------
/opt/airflow/dags/hn_pipeline_dag.py                           1           0  0.08s           2026-05-15T10:13:30
================================================================================
[2026-05-15T10:14:29.829+0000] {manager.py:879} INFO - 
================================================================================
DAG File Processing Stats

File Path                             PID    Runtime      # DAGs    # Errors  Last Runtime    Last Run
------------------------------------  -----  ---------  --------  ----------  --------------  -------------------
/opt/airflow/dags/hn_pipeline_dag.py                           1           0  0.08s           2026-05-15T10:14:00
================================================================================
[2026-05-15T10:14:53.069+0000] {manager.py:738} INFO - Searching for files in /opt/airflow/dags
[2026-05-15T10:14:53.075+0000] {manager.py:741} INFO - There are 1 files in /opt/airflow/dags
[2026-05-15T10:15:00.144+0000] {manager.py:879} INFO - 
================================================================================
DAG File Processing Stats

File Path                             PID    Runtime      # DAGs    # Errors  Last Runtime    Last Run
------------------------------------  -----  ---------  --------  ----------  --------------  -------------------
/opt/airflow/dags/hn_pipeline_dag.py                           1           0  0.08s           2026-05-15T10:14:30
================================================================================
[2026-05-15T10:15:30.459+0000] {manager.py:879} INFO - 
================================================================================
DAG File Processing Stats

File Path                             PID    Runtime      # DAGs    # Errors  Last Runtime    Last Run
------------------------------------  -----  ---------  --------  ----------  --------------  -------------------
/opt/airflow/dags/hn_pipeline_dag.py                           1           0  0.08s           2026-05-15T10:15:01
================================================================================
[2026-05-15T10:16:00.768+0000] {manager.py:879} INFO - 
================================================================================
DAG File Processing Stats

File Path                             PID    Runtime      # DAGs    # Errors  Last Runtime    Last Run
------------------------------------  -----  ---------  --------  ----------  --------------  -------------------
/opt/airflow/dags/hn_pipeline_dag.py                           1           0  0.07s           2026-05-15T10:15:31
================================================================================
[2026-05-15T10:16:31.100+0000] {manager.py:879} INFO - 
================================================================================
DAG File Processing Stats

File Path                             PID    Runtime      # DAGs    # Errors  Last Runtime    Last Run
------------------------------------  -----  ---------  --------  ----------  --------------  -------------------
/opt/airflow/dags/hn_pipeline_dag.py                           1           0  0.09s           2026-05-15T10:16:01
================================================================================
[2026-05-15T10:17:01.440+0000] {manager.py:879} INFO - 
================================================================================
DAG File Processing Stats

File Path                             PID    Runtime      # DAGs    # Errors  Last Runtime    Last Run
------------------------------------  -----  ---------  --------  ----------  --------------  -------------------
/opt/airflow/dags/hn_pipeline_dag.py                           1           0  0.09s           2026-05-15T10:16:32
================================================================================
[2026-05-15T10:17:31.751+0000] {manager.py:879} INFO - 
================================================================================
DAG File Processing Stats

File Path                             PID    Runtime      # DAGs    # Errors  Last Runtime    Last Run
------------------------------------  -----  ---------  --------  ----------  --------------  -------------------
/opt/airflow/dags/hn_pipeline_dag.py                           1           0  0.07s           2026-05-15T10:17:02
================================================================================
[2026-05-15T10:18:02.053+0000] {manager.py:879} INFO - 
================================================================================
DAG File Processing Stats

File Path                             PID    Runtime      # DAGs    # Errors  Last Runtime    Last Run
------------------------------------  -----  ---------  --------  ----------  --------------  -------------------
/opt/airflow/dags/hn_pipeline_dag.py                           1           0  0.08s           2026-05-15T10:17:32
================================================================================
[2026-05-15T10:18:32.306+0000] {manager.py:879} INFO - 
================================================================================
DAG File Processing Stats

File Path                             PID    Runtime      # DAGs    # Errors  Last Runtime    Last Run
------------------------------------  -----  ---------  --------  ----------  --------------  -------------------
/opt/airflow/dags/hn_pipeline_dag.py                           1           0  0.07s           2026-05-15T10:18:03
================================================================================
[2026-05-15T10:19:02.570+0000] {manager.py:879} INFO - 
================================================================================
DAG File Processing Stats

File Path                             PID    Runtime      # DAGs    # Errors  Last Runtime    Last Run
------------------------------------  -----  ---------  --------  ----------  --------------  -------------------
/opt/airflow/dags/hn_pipeline_dag.py                           1           0  0.07s           2026-05-15T10:18:33
================================================================================
[2026-05-15T10:19:32.847+0000] {manager.py:879} INFO - 
================================================================================
DAG File Processing Stats

File Path                             PID    Runtime      # DAGs    # Errors  Last Runtime    Last Run
------------------------------------  -----  ---------  --------  ----------  --------------  -------------------
/opt/airflow/dags/hn_pipeline_dag.py                           1           0  0.07s           2026-05-15T10:19:03
================================================================================
[2026-05-15T10:19:54.044+0000] {manager.py:738} INFO - Searching for files in /opt/airflow/dags
[2026-05-15T10:19:54.051+0000] {manager.py:741} INFO - There are 1 files in /opt/airflow/dags
[2026-05-15T10:20:03.124+0000] {manager.py:879} INFO - 
================================================================================
DAG File Processing Stats

File Path                             PID    Runtime      # DAGs    # Errors  Last Runtime    Last Run
------------------------------------  -----  ---------  --------  ----------  --------------  -------------------
/opt/airflow/dags/hn_pipeline_dag.py                           1           0  0.07s           2026-05-15T10:19:33
================================================================================
[2026-05-15T10:20:33.383+0000] {manager.py:879} INFO - 
================================================================================
DAG File Processing Stats

File Path                             PID    Runtime      # DAGs    # Errors  Last Runtime    Last Run
------------------------------------  -----  ---------  --------  ----------  --------------  -------------------
/opt/airflow/dags/hn_pipeline_dag.py                           1           0  0.07s           2026-05-15T10:20:04
================================================================================
[2026-05-15T10:21:03.664+0000] {manager.py:879} INFO - 
================================================================================
DAG File Processing Stats

File Path                             PID    Runtime      # DAGs    # Errors  Last Runtime    Last Run
------------------------------------  -----  ---------  --------  ----------  --------------  -------------------
/opt/airflow/dags/hn_pipeline_dag.py                           1           0  0.07s           2026-05-15T10:20:34
================================================================================
[2026-05-15T10:21:34.052+0000] {manager.py:879} INFO - 
================================================================================
DAG File Processing Stats

File Path                             PID    Runtime      # DAGs    # Errors  Last Runtime    Last Run
------------------------------------  -----  ---------  --------  ----------  --------------  -------------------
/opt/airflow/dags/hn_pipeline_dag.py                           1           0  0.10s           2026-05-15T10:21:04
================================================================================
[2026-05-15T10:22:04.409+0000] {manager.py:879} INFO - 
================================================================================
DAG File Processing Stats

File Path                             PID    Runtime      # DAGs    # Errors  Last Runtime    Last Run
------------------------------------  -----  ---------  --------  ----------  --------------  -------------------
/opt/airflow/dags/hn_pipeline_dag.py                           1           0  0.09s           2026-05-15T10:21:35
================================================================================
[2026-05-15T10:22:34.717+0000] {manager.py:879} INFO - 
================================================================================
DAG File Processing Stats

File Path                             PID    Runtime      # DAGs    # Errors  Last Runtime    Last Run
------------------------------------  -----  ---------  --------  ----------  --------------  -------------------
/opt/airflow/dags/hn_pipeline_dag.py                           1           0  0.07s           2026-05-15T10:22:05
================================================================================
[2026-05-15T10:23:05.056+0000] {manager.py:879} INFO - 
================================================================================
DAG File Processing Stats

File Path                             PID    Runtime      # DAGs    # Errors  Last Runtime    Last Run
------------------------------------  -----  ---------  --------  ----------  --------------  -------------------
/opt/airflow/dags/hn_pipeline_dag.py                           1           0  0.06s           2026-05-15T10:22:35
================================================================================
[2026-05-15T10:23:35.402+0000] {manager.py:879} INFO - 
================================================================================
DAG File Processing Stats

File Path                             PID    Runtime      # DAGs    # Errors  Last Runtime    Last Run
------------------------------------  -----  ---------  --------  ----------  --------------  -------------------
/opt/airflow/dags/hn_pipeline_dag.py                           1           0  0.06s           2026-05-15T10:23:06
================================================================================
[2026-05-15T10:24:05.762+0000] {manager.py:879} INFO - 
================================================================================
DAG File Processing Stats

File Path                             PID    Runtime      # DAGs    # Errors  Last Runtime    Last Run
------------------------------------  -----  ---------  --------  ----------  --------------  -------------------
/opt/airflow/dags/hn_pipeline_dag.py                           1           0  0.08s           2026-05-15T10:23:36
================================================================================
[2026-05-15T10:32:58.771+0000] {manager.py:738} INFO - Searching for files in /opt/airflow/dags
[2026-05-15T10:32:58.777+0000] {manager.py:741} INFO - There are 1 files in /opt/airflow/dags
[2026-05-15T10:33:26.104+0000] {manager.py:879} INFO - 
================================================================================
DAG File Processing Stats

File Path                             PID    Runtime      # DAGs    # Errors  Last Runtime    Last Run
------------------------------------  -----  ---------  --------  ----------  --------------  -------------------
/opt/airflow/dags/hn_pipeline_dag.py                           1           0  0.27s           2026-05-15T10:32:59
================================================================================
[2026-05-15T10:33:56.455+0000] {manager.py:879} INFO - 
================================================================================
DAG File Processing Stats

File Path                             PID    Runtime      # DAGs    # Errors  Last Runtime    Last Run
------------------------------------  -----  ---------  --------  ----------  --------------  -------------------
/opt/airflow/dags/hn_pipeline_dag.py                           1           0  0.09s           2026-05-15T10:33:29
================================================================================
[2026-05-15T10:34:26.805+0000] {manager.py:879} INFO - 
================================================================================
DAG File Processing Stats

File Path                             PID    Runtime      # DAGs    # Errors  Last Runtime    Last Run
------------------------------------  -----  ---------  --------  ----------  --------------  -------------------
/opt/airflow/dags/hn_pipeline_dag.py                           1           0  0.09s           2026-05-15T10:33:59
================================================================================
[2026-05-15T10:34:57.119+0000] {manager.py:879} INFO - 
================================================================================
DAG File Processing Stats

File Path                             PID    Runtime      # DAGs    # Errors  Last Runtime    Last Run
------------------------------------  -----  ---------  --------  ----------  --------------  -------------------
/opt/airflow/dags/hn_pipeline_dag.py                           1           0  0.08s           2026-05-15T10:34:29
================================================================================
[2026-05-15T10:35:27.426+0000] {manager.py:879} INFO - 
================================================================================
DAG File Processing Stats

File Path                             PID    Runtime      # DAGs    # Errors  Last Runtime    Last Run
------------------------------------  -----  ---------  --------  ----------  --------------  -------------------
/opt/airflow/dags/hn_pipeline_dag.py                           1           0  0.07s           2026-05-15T10:35:00
================================================================================
[2026-05-15T10:35:57.772+0000] {manager.py:879} INFO - 
================================================================================
DAG File Processing Stats

File Path                             PID    Runtime      # DAGs    # Errors  Last Runtime    Last Run
------------------------------------  -----  ---------  --------  ----------  --------------  -------------------
/opt/airflow/dags/hn_pipeline_dag.py                           1           0  0.09s           2026-05-15T10:35:30
================================================================================
[2026-05-15T10:36:28.128+0000] {manager.py:879} INFO - 
================================================================================
DAG File Processing Stats

File Path                             PID    Runtime      # DAGs    # Errors  Last Runtime    Last Run
------------------------------------  -----  ---------  --------  ----------  --------------  -------------------
/opt/airflow/dags/hn_pipeline_dag.py                           1           0  0.08s           2026-05-15T10:36:00
================================================================================
[2026-05-15T10:36:58.482+0000] {manager.py:879} INFO - 
================================================================================
DAG File Processing Stats

File Path                             PID    Runtime      # DAGs    # Errors  Last Runtime    Last Run
------------------------------------  -----  ---------  --------  ----------  --------------  -------------------
/opt/airflow/dags/hn_pipeline_dag.py                           1           0  0.09s           2026-05-15T10:36:31
================================================================================
[2026-05-15T10:37:28.858+0000] {manager.py:879} INFO - 
================================================================================
DAG File Processing Stats

File Path                             PID    Runtime      # DAGs    # Errors  Last Runtime    Last Run
------------------------------------  -----  ---------  --------  ----------  --------------  -------------------
/opt/airflow/dags/hn_pipeline_dag.py                           1           0  0.06s           2026-05-15T10:37:01
================================================================================
[2026-05-15T10:37:59.207+0000] {manager.py:738} INFO - Searching for files in /opt/airflow/dags
[2026-05-15T10:37:59.217+0000] {manager.py:741} INFO - There are 1 files in /opt/airflow/dags
[2026-05-15T10:37:59.231+0000] {manager.py:879} INFO - 
================================================================================
DAG File Processing Stats

File Path                             PID    Runtime      # DAGs    # Errors  Last Runtime    Last Run
------------------------------------  -----  ---------  --------  ----------  --------------  -------------------
/opt/airflow/dags/hn_pipeline_dag.py                           1           0  0.13s           2026-05-15T10:37:32
================================================================================
[2026-05-15T10:38:29.610+0000] {manager.py:879} INFO - 
================================================================================
DAG File Processing Stats

File Path                             PID    Runtime      # DAGs    # Errors  Last Runtime    Last Run
------------------------------------  -----  ---------  --------  ----------  --------------  -------------------
/opt/airflow/dags/hn_pipeline_dag.py                           1           0  0.08s           2026-05-15T10:38:02
================================================================================
[2026-05-15T10:39:00.000+0000] {manager.py:879} INFO - 
================================================================================
DAG File Processing Stats

File Path                             PID    Runtime      # DAGs    # Errors  Last Runtime    Last Run
------------------------------------  -----  ---------  --------  ----------  --------------  -------------------
/opt/airflow/dags/hn_pipeline_dag.py                           1           0  0.09s           2026-05-15T10:38:32
================================================================================
[2026-05-15T10:39:30.387+0000] {manager.py:879} INFO - 
================================================================================
DAG File Processing Stats

File Path                             PID    Runtime      # DAGs    # Errors  Last Runtime    Last Run
------------------------------------  -----  ---------  --------  ----------  --------------  -------------------
/opt/airflow/dags/hn_pipeline_dag.py                           1           0  0.08s           2026-05-15T10:39:03
================================================================================
[2026-05-15T10:40:00.745+0000] {manager.py:879} INFO - 
================================================================================
DAG File Processing Stats

File Path                             PID    Runtime      # DAGs    # Errors  Last Runtime    Last Run
------------------------------------  -----  ---------  --------  ----------  --------------  -------------------
/opt/airflow/dags/hn_pipeline_dag.py                           1           0  0.09s           2026-05-15T10:39:33
================================================================================
[2026-05-15T10:40:31.022+0000] {manager.py:879} INFO - 
================================================================================
DAG File Processing Stats

File Path                             PID    Runtime      # DAGs    # Errors  Last Runtime    Last Run
------------------------------------  -----  ---------  --------  ----------  --------------  -------------------
/opt/airflow/dags/hn_pipeline_dag.py                           1           0  0.08s           2026-05-15T10:40:03
================================================================================
[2026-05-15T10:41:01.286+0000] {manager.py:879} INFO - 
================================================================================
DAG File Processing Stats

File Path                             PID    Runtime      # DAGs    # Errors  Last Runtime    Last Run
------------------------------------  -----  ---------  --------  ----------  --------------  -------------------
/opt/airflow/dags/hn_pipeline_dag.py                           1           0  0.07s           2026-05-15T10:40:34
================================================================================
[2026-05-15T10:41:31.568+0000] {manager.py:879} INFO - 
================================================================================
DAG File Processing Stats

File Path                             PID    Runtime      # DAGs    # Errors  Last Runtime    Last Run
------------------------------------  -----  ---------  --------  ----------  --------------  -------------------
/opt/airflow/dags/hn_pipeline_dag.py                           1           0  0.07s           2026-05-15T10:41:04
================================================================================
[2026-05-15T10:42:01.901+0000] {manager.py:879} INFO - 
================================================================================
DAG File Processing Stats

File Path                             PID    Runtime      # DAGs    # Errors  Last Runtime    Last Run
------------------------------------  -----  ---------  --------  ----------  --------------  -------------------
/opt/airflow/dags/hn_pipeline_dag.py                           1           0  0.09s           2026-05-15T10:41:34
================================================================================
[2026-05-15T10:42:32.199+0000] {manager.py:879} INFO - 
================================================================================
DAG File Processing Stats

File Path                             PID    Runtime      # DAGs    # Errors  Last Runtime    Last Run
------------------------------------  -----  ---------  --------  ----------  --------------  -------------------
/opt/airflow/dags/hn_pipeline_dag.py                           1           0  0.08s           2026-05-15T10:42:05
================================================================================
[2026-05-15T10:42:59.485+0000] {manager.py:738} INFO - Searching for files in /opt/airflow/dags
[2026-05-15T10:42:59.492+0000] {manager.py:741} INFO - There are 1 files in /opt/airflow/dags
[2026-05-15T10:43:02.539+0000] {manager.py:879} INFO - 
================================================================================
DAG File Processing Stats

File Path                             PID    Runtime      # DAGs    # Errors  Last Runtime    Last Run
------------------------------------  -----  ---------  --------  ----------  --------------  -------------------
/opt/airflow/dags/hn_pipeline_dag.py                           1           0  0.09s           2026-05-15T10:42:35
================================================================================
[2026-05-15T10:43:32.861+0000] {manager.py:879} INFO - 
================================================================================
DAG File Processing Stats

File Path                             PID    Runtime      # DAGs    # Errors  Last Runtime    Last Run
------------------------------------  -----  ---------  --------  ----------  --------------  -------------------
/opt/airflow/dags/hn_pipeline_dag.py                           1           0  0.08s           2026-05-15T10:43:05
================================================================================
[2026-05-15T10:44:03.218+0000] {manager.py:879} INFO - 
================================================================================
DAG File Processing Stats

File Path                             PID    Runtime      # DAGs    # Errors  Last Runtime    Last Run
------------------------------------  -----  ---------  --------  ----------  --------------  -------------------
/opt/airflow/dags/hn_pipeline_dag.py                           1           0  0.09s           2026-05-15T10:43:35
================================================================================
[2026-05-15T10:44:33.566+0000] {manager.py:879} INFO - 
================================================================================
DAG File Processing Stats

File Path                             PID    Runtime      # DAGs    # Errors  Last Runtime    Last Run
------------------------------------  -----  ---------  --------  ----------  --------------  -------------------
/opt/airflow/dags/hn_pipeline_dag.py                           1           0  0.08s           2026-05-15T10:44:06
================================================================================
[2026-05-15T10:45:03.918+0000] {manager.py:879} INFO - 
================================================================================
DAG File Processing Stats

File Path                             PID    Runtime      # DAGs    # Errors  Last Runtime    Last Run
------------------------------------  -----  ---------  --------  ----------  --------------  -------------------
/opt/airflow/dags/hn_pipeline_dag.py                           1           0  0.08s           2026-05-15T10:44:36
================================================================================
[2026-05-15T10:45:34.261+0000] {manager.py:879} INFO - 
================================================================================
DAG File Processing Stats

File Path                             PID    Runtime      # DAGs    # Errors  Last Runtime    Last Run
------------------------------------  -----  ---------  --------  ----------  --------------  -------------------
/opt/airflow/dags/hn_pipeline_dag.py                           1           0  0.08s           2026-05-15T10:45:07
================================================================================
[2026-05-15T10:46:04.620+0000] {manager.py:879} INFO - 
================================================================================
DAG File Processing Stats

File Path                             PID    Runtime      # DAGs    # Errors  Last Runtime    Last Run
------------------------------------  -----  ---------  --------  ----------  --------------  -------------------
/opt/airflow/dags/hn_pipeline_dag.py                           1           0  0.09s           2026-05-15T10:45:37
================================================================================
[2026-05-15T10:46:35.024+0000] {manager.py:879} INFO - 
================================================================================
DAG File Processing Stats

File Path                             PID    Runtime      # DAGs    # Errors  Last Runtime    Last Run
------------------------------------  -----  ---------  --------  ----------  --------------  -------------------
/opt/airflow/dags/hn_pipeline_dag.py                           1           0  0.08s           2026-05-15T10:46:07
================================================================================
[2026-05-15T10:47:05.370+0000] {manager.py:879} INFO - 
================================================================================
DAG File Processing Stats

File Path                             PID    Runtime      # DAGs    # Errors  Last Runtime    Last Run
------------------------------------  -----  ---------  --------  ----------  --------------  -------------------
/opt/airflow/dags/hn_pipeline_dag.py                           1           0  0.09s           2026-05-15T10:46:38
================================================================================
[2026-05-15T10:47:35.804+0000] {manager.py:879} INFO - 
================================================================================
DAG File Processing Stats

File Path                             PID    Runtime      # DAGs    # Errors  Last Runtime    Last Run
------------------------------------  -----  ---------  --------  ----------  --------------  -------------------
/opt/airflow/dags/hn_pipeline_dag.py                           1           0  0.08s           2026-05-15T10:47:08
================================================================================
[2026-05-15T10:48:00.145+0000] {manager.py:738} INFO - Searching for files in /opt/airflow/dags
[2026-05-15T10:48:00.157+0000] {manager.py:741} INFO - There are 1 files in /opt/airflow/dags
[2026-05-15T10:48:06.246+0000] {manager.py:879} INFO - 
================================================================================
DAG File Processing Stats

File Path                             PID    Runtime      # DAGs    # Errors  Last Runtime    Last Run
------------------------------------  -----  ---------  --------  ----------  --------------  -------------------
/opt/airflow/dags/hn_pipeline_dag.py                           1           0  0.09s           2026-05-15T10:47:38
================================================================================
[2026-05-15T10:48:36.688+0000] {manager.py:879} INFO - 
================================================================================
DAG File Processing Stats

File Path                             PID    Runtime      # DAGs    # Errors  Last Runtime    Last Run
------------------------------------  -----  ---------  --------  ----------  --------------  -------------------
/opt/airflow/dags/hn_pipeline_dag.py                           1           0  0.08s           2026-05-15T10:48:09
================================================================================
[2026-05-15T10:49:07.118+0000] {manager.py:879} INFO - 
================================================================================
DAG File Processing Stats

File Path                             PID    Runtime      # DAGs    # Errors  Last Runtime    Last Run
------------------------------------  -----  ---------  --------  ----------  --------------  -------------------
/opt/airflow/dags/hn_pipeline_dag.py                           1           0  0.09s           2026-05-15T10:48:39
================================================================================
[2026-05-15T10:49:37.458+0000] {manager.py:879} INFO - 
================================================================================
DAG File Processing Stats

File Path                             PID    Runtime      # DAGs    # Errors  Last Runtime    Last Run
------------------------------------  -----  ---------  --------  ----------  --------------  -------------------
/opt/airflow/dags/hn_pipeline_dag.py                           1           0  0.08s           2026-05-15T10:49:10
================================================================================
[2026-05-15T10:50:07.855+0000] {manager.py:879} INFO - 
================================================================================
DAG File Processing Stats

File Path                             PID    Runtime      # DAGs    # Errors  Last Runtime    Last Run
------------------------------------  -----  ---------  --------  ----------  --------------  -------------------
/opt/airflow/dags/hn_pipeline_dag.py                           1           0  0.09s           2026-05-15T10:49:40
================================================================================
[2026-05-15T10:50:38.236+0000] {manager.py:879} INFO - 
================================================================================
DAG File Processing Stats

File Path                             PID    Runtime      # DAGs    # Errors  Last Runtime    Last Run
------------------------------------  -----  ---------  --------  ----------  --------------  -------------------
/opt/airflow/dags/hn_pipeline_dag.py                           1           0  0.08s           2026-05-15T10:50:10
================================================================================
[2026-05-15T10:51:08.682+0000] {manager.py:879} INFO - 
================================================================================
DAG File Processing Stats

File Path                             PID    Runtime      # DAGs    # Errors  Last Runtime    Last Run
------------------------------------  -----  ---------  --------  ----------  --------------  -------------------
/opt/airflow/dags/hn_pipeline_dag.py                           1           0  0.08s           2026-05-15T10:50:41
================================================================================
[2026-05-15T10:51:39.073+0000] {manager.py:879} INFO - 
================================================================================
DAG File Processing Stats

File Path                             PID    Runtime      # DAGs    # Errors  Last Runtime    Last Run
------------------------------------  -----  ---------  --------  ----------  --------------  -------------------
/opt/airflow/dags/hn_pipeline_dag.py                           1           0  0.08s           2026-05-15T10:51:11
================================================================================
[2026-05-15T10:52:09.425+0000] {manager.py:879} INFO - 
================================================================================
DAG File Processing Stats

File Path                             PID    Runtime      # DAGs    # Errors  Last Runtime    Last Run
------------------------------------  -----  ---------  --------  ----------  --------------  -------------------
/opt/airflow/dags/hn_pipeline_dag.py                           1           0  0.09s           2026-05-15T10:51:42
================================================================================
[2026-05-15T10:52:39.814+0000] {manager.py:879} INFO - 
================================================================================
DAG File Processing Stats

File Path                             PID    Runtime      # DAGs    # Errors  Last Runtime    Last Run
------------------------------------  -----  ---------  --------  ----------  --------------  -------------------
/opt/airflow/dags/hn_pipeline_dag.py                           1           0  0.08s           2026-05-15T10:52:12
================================================================================
[2026-05-15T10:53:01.064+0000] {manager.py:738} INFO - Searching for files in /opt/airflow/dags
[2026-05-15T10:53:01.074+0000] {manager.py:741} INFO - There are 1 files in /opt/airflow/dags
[2026-05-15T10:53:10.205+0000] {manager.py:879} INFO - 
================================================================================
DAG File Processing Stats

File Path                             PID    Runtime      # DAGs    # Errors  Last Runtime    Last Run
------------------------------------  -----  ---------  --------  ----------  --------------  -------------------
/opt/airflow/dags/hn_pipeline_dag.py                           1           0  0.04s           2026-05-15T10:52:42
================================================================================
[2026-05-15T10:53:40.559+0000] {manager.py:879} INFO - 
================================================================================
DAG File Processing Stats

File Path                             PID    Runtime      # DAGs    # Errors  Last Runtime    Last Run
------------------------------------  -----  ---------  --------  ----------  --------------  -------------------
/opt/airflow/dags/hn_pipeline_dag.py                           1           0  0.09s           2026-05-15T10:53:13
================================================================================
[2026-05-15T10:54:10.889+0000] {manager.py:879} INFO - 
================================================================================
DAG File Processing Stats

File Path                             PID    Runtime      # DAGs    # Errors  Last Runtime    Last Run
------------------------------------  -----  ---------  --------  ----------  --------------  -------------------
/opt/airflow/dags/hn_pipeline_dag.py                           1           0  0.07s           2026-05-15T10:53:43
================================================================================
[2026-05-15T10:54:41.225+0000] {manager.py:879} INFO - 
================================================================================
DAG File Processing Stats

File Path                             PID    Runtime      # DAGs    # Errors  Last Runtime    Last Run
------------------------------------  -----  ---------  --------  ----------  --------------  -------------------
/opt/airflow/dags/hn_pipeline_dag.py                           1           0  0.06s           2026-05-15T10:54:13
================================================================================
[2026-05-15T10:55:11.563+0000] {manager.py:879} INFO - 
================================================================================
DAG File Processing Stats

File Path                             PID    Runtime      # DAGs    # Errors  Last Runtime    Last Run
------------------------------------  -----  ---------  --------  ----------  --------------  -------------------
/opt/airflow/dags/hn_pipeline_dag.py                           1           0  0.08s           2026-05-15T10:54:44
================================================================================
[2026-05-15T10:55:41.917+0000] {manager.py:879} INFO - 
================================================================================
DAG File Processing Stats

File Path                             PID    Runtime      # DAGs    # Errors  Last Runtime    Last Run
------------------------------------  -----  ---------  --------  ----------  --------------  -------------------
/opt/airflow/dags/hn_pipeline_dag.py                           1           0  0.09s           2026-05-15T10:55:14
================================================================================
[2026-05-15T10:56:12.285+0000] {manager.py:879} INFO - 
================================================================================
DAG File Processing Stats

File Path                             PID    Runtime      # DAGs    # Errors  Last Runtime    Last Run
------------------------------------  -----  ---------  --------  ----------  --------------  -------------------
/opt/airflow/dags/hn_pipeline_dag.py                           1           0  0.07s           2026-05-15T10:55:45
================================================================================
[2026-05-15T10:56:42.647+0000] {manager.py:879} INFO - 
================================================================================
DAG File Processing Stats

File Path                             PID    Runtime      # DAGs    # Errors  Last Runtime    Last Run
------------------------------------  -----  ---------  --------  ----------  --------------  -------------------
/opt/airflow/dags/hn_pipeline_dag.py                           1           0  0.08s           2026-05-15T10:56:15
================================================================================
[2026-05-15T10:57:13.018+0000] {manager.py:879} INFO - 
================================================================================
DAG File Processing Stats

File Path                             PID    Runtime      # DAGs    # Errors  Last Runtime    Last Run
------------------------------------  -----  ---------  --------  ----------  --------------  -------------------
/opt/airflow/dags/hn_pipeline_dag.py                           1           0  0.10s           2026-05-15T10:56:45
================================================================================
[2026-05-15T10:57:43.372+0000] {manager.py:879} INFO - 
================================================================================
DAG File Processing Stats

File Path                             PID    Runtime      # DAGs    # Errors  Last Runtime    Last Run
------------------------------------  -----  ---------  --------  ----------  --------------  -------------------
/opt/airflow/dags/hn_pipeline_dag.py                           1           0  0.08s           2026-05-15T10:57:16
================================================================================
[2026-05-15T10:58:01.570+0000] {manager.py:738} INFO - Searching for files in /opt/airflow/dags
[2026-05-15T10:58:01.580+0000] {manager.py:741} INFO - There are 1 files in /opt/airflow/dags
[2026-05-15T10:58:13.694+0000] {manager.py:879} INFO - 
================================================================================
DAG File Processing Stats

File Path                             PID    Runtime      # DAGs    # Errors  Last Runtime    Last Run
------------------------------------  -----  ---------  --------  ----------  --------------  -------------------
/opt/airflow/dags/hn_pipeline_dag.py                           1           0  0.09s           2026-05-15T10:57:46
================================================================================
[2026-05-15T10:58:44.025+0000] {manager.py:879} INFO - 
================================================================================
DAG File Processing Stats

File Path                             PID    Runtime      # DAGs    # Errors  Last Runtime    Last Run
------------------------------------  -----  ---------  --------  ----------  --------------  -------------------
/opt/airflow/dags/hn_pipeline_dag.py                           1           0  0.07s           2026-05-15T10:58:16
================================================================================
[2026-05-15T10:59:14.344+0000] {manager.py:879} INFO - 
================================================================================
DAG File Processing Stats

File Path                             PID    Runtime      # DAGs    # Errors  Last Runtime    Last Run
------------------------------------  -----  ---------  --------  ----------  --------------  -------------------
/opt/airflow/dags/hn_pipeline_dag.py                           1           0  0.10s           2026-05-15T10:58:47
================================================================================
[2026-05-15T10:59:44.705+0000] {manager.py:879} INFO - 
================================================================================
DAG File Processing Stats

File Path                             PID    Runtime      # DAGs    # Errors  Last Runtime    Last Run
------------------------------------  -----  ---------  --------  ----------  --------------  -------------------
/opt/airflow/dags/hn_pipeline_dag.py                           1           0  0.08s           2026-05-15T10:59:17
================================================================================
[2026-05-15T11:00:15.015+0000] {manager.py:879} INFO - 
================================================================================
DAG File Processing Stats

File Path                             PID    Runtime      # DAGs    # Errors  Last Runtime    Last Run
------------------------------------  -----  ---------  --------  ----------  --------------  -------------------
/opt/airflow/dags/hn_pipeline_dag.py                           1           0  0.08s           2026-05-15T10:59:47
================================================================================
[2026-05-15T11:00:45.297+0000] {manager.py:879} INFO - 
================================================================================
DAG File Processing Stats

File Path                             PID    Runtime      # DAGs    # Errors  Last Runtime    Last Run
------------------------------------  -----  ---------  --------  ----------  --------------  -------------------
/opt/airflow/dags/hn_pipeline_dag.py                           1           0  0.09s           2026-05-15T11:00:18
================================================================================
[2026-05-15T11:01:15.647+0000] {manager.py:879} INFO - 
================================================================================
DAG File Processing Stats

File Path                             PID    Runtime      # DAGs    # Errors  Last Runtime    Last Run
------------------------------------  -----  ---------  --------  ----------  --------------  -------------------
/opt/airflow/dags/hn_pipeline_dag.py                           1           0  0.09s           2026-05-15T11:00:48
================================================================================
[2026-05-15T11:01:45.972+0000] {manager.py:879} INFO - 
================================================================================
DAG File Processing Stats

File Path                             PID    Runtime      # DAGs    # Errors  Last Runtime    Last Run
------------------------------------  -----  ---------  --------  ----------  --------------  -------------------
/opt/airflow/dags/hn_pipeline_dag.py                           1           0  0.08s           2026-05-15T11:01:18
================================================================================
[2026-05-15T11:02:16.284+0000] {manager.py:879} INFO - 
================================================================================
DAG File Processing Stats

File Path                             PID    Runtime      # DAGs    # Errors  Last Runtime    Last Run
------------------------------------  -----  ---------  --------  ----------  --------------  -------------------
/opt/airflow/dags/hn_pipeline_dag.py                           1           0  0.09s           2026-05-15T11:01:49
================================================================================
[2026-05-15T11:02:46.637+0000] {manager.py:879} INFO - 
================================================================================
DAG File Processing Stats

File Path                             PID    Runtime      # DAGs    # Errors  Last Runtime    Last Run
------------------------------------  -----  ---------  --------  ----------  --------------  -------------------
/opt/airflow/dags/hn_pipeline_dag.py                           1           0  0.08s           2026-05-15T11:02:19
================================================================================
[2026-05-15T11:03:01.802+0000] {manager.py:738} INFO - Searching for files in /opt/airflow/dags
[2026-05-15T11:03:01.820+0000] {manager.py:741} INFO - There are 1 files in /opt/airflow/dags
[2026-05-15T11:03:16.994+0000] {manager.py:879} INFO - 
================================================================================
DAG File Processing Stats

File Path                             PID    Runtime      # DAGs    # Errors  Last Runtime    Last Run
------------------------------------  -----  ---------  --------  ----------  --------------  -------------------
/opt/airflow/dags/hn_pipeline_dag.py                           1           0  0.09s           2026-05-15T11:02:49
================================================================================
[2026-05-15T11:03:47.330+0000] {manager.py:879} INFO - 
================================================================================
DAG File Processing Stats

File Path                             PID    Runtime      # DAGs    # Errors  Last Runtime    Last Run
------------------------------------  -----  ---------  --------  ----------  --------------  -------------------
/opt/airflow/dags/hn_pipeline_dag.py                           1           0  0.08s           2026-05-15T11:03:20
================================================================================
[2026-05-15T11:04:17.660+0000] {manager.py:879} INFO - 
================================================================================
DAG File Processing Stats

File Path                             PID    Runtime      # DAGs    # Errors  Last Runtime    Last Run
------------------------------------  -----  ---------  --------  ----------  --------------  -------------------
/opt/airflow/dags/hn_pipeline_dag.py                           1           0  0.08s           2026-05-15T11:03:50
================================================================================
[2026-05-15T11:04:48.012+0000] {manager.py:879} INFO - 
================================================================================
DAG File Processing Stats

File Path                             PID    Runtime      # DAGs    # Errors  Last Runtime    Last Run
------------------------------------  -----  ---------  --------  ----------  --------------  -------------------
/opt/airflow/dags/hn_pipeline_dag.py                           1           0  0.08s           2026-05-15T11:04:20
================================================================================
[2026-05-15T11:05:18.350+0000] {manager.py:879} INFO - 
================================================================================
DAG File Processing Stats

File Path                             PID    Runtime      # DAGs    # Errors  Last Runtime    Last Run
------------------------------------  -----  ---------  --------  ----------  --------------  -------------------
/opt/airflow/dags/hn_pipeline_dag.py                           1           0  0.08s           2026-05-15T11:04:51
================================================================================
[2026-05-15T11:05:48.680+0000] {manager.py:879} INFO - 
================================================================================
DAG File Processing Stats

File Path                             PID    Runtime      # DAGs    # Errors  Last Runtime    Last Run
------------------------------------  -----  ---------  --------  ----------  --------------  -------------------
/opt/airflow/dags/hn_pipeline_dag.py                           1           0  0.08s           2026-05-15T11:05:21
================================================================================
[2026-05-15T11:06:18.982+0000] {manager.py:879} INFO - 
================================================================================
DAG File Processing Stats

File Path                             PID    Runtime      # DAGs    # Errors  Last Runtime    Last Run
------------------------------------  -----  ---------  --------  ----------  --------------  -------------------
/opt/airflow/dags/hn_pipeline_dag.py                           1           0  0.09s           2026-05-15T11:05:51
================================================================================
[2026-05-15T11:06:49.331+0000] {manager.py:879} INFO - 
================================================================================
DAG File Processing Stats

File Path                             PID    Runtime      # DAGs    # Errors  Last Runtime    Last Run
------------------------------------  -----  ---------  --------  ----------  --------------  -------------------
/opt/airflow/dags/hn_pipeline_dag.py                           1           0  0.08s           2026-05-15T11:06:22
================================================================================
[2026-05-15T11:07:19.674+0000] {manager.py:879} INFO - 
================================================================================
DAG File Processing Stats

File Path                             PID    Runtime      # DAGs    # Errors  Last Runtime    Last Run
------------------------------------  -----  ---------  --------  ----------  --------------  -------------------
/opt/airflow/dags/hn_pipeline_dag.py                           1           0  0.09s           2026-05-15T11:06:52
================================================================================
[2026-05-15T11:07:49.983+0000] {manager.py:879} INFO - 
================================================================================
DAG File Processing Stats

File Path                             PID    Runtime      # DAGs    # Errors  Last Runtime    Last Run
------------------------------------  -----  ---------  --------  ----------  --------------  -------------------
/opt/airflow/dags/hn_pipeline_dag.py                           1           0  0.06s           2026-05-15T11:07:22
================================================================================
[2026-05-15T11:08:02.123+0000] {manager.py:738} INFO - Searching for files in /opt/airflow/dags
[2026-05-15T11:08:02.134+0000] {manager.py:741} INFO - There are 1 files in /opt/airflow/dags
[2026-05-15T11:08:20.313+0000] {manager.py:879} INFO - 
================================================================================
DAG File Processing Stats

File Path                             PID    Runtime      # DAGs    # Errors  Last Runtime    Last Run
------------------------------------  -----  ---------  --------  ----------  --------------  -------------------
/opt/airflow/dags/hn_pipeline_dag.py                           1           0  0.09s           2026-05-15T11:07:53
================================================================================
[2026-05-15T11:08:50.633+0000] {manager.py:879} INFO - 
================================================================================
DAG File Processing Stats

File Path                             PID    Runtime      # DAGs    # Errors  Last Runtime    Last Run
------------------------------------  -----  ---------  --------  ----------  --------------  -------------------
/opt/airflow/dags/hn_pipeline_dag.py                           1           0  0.09s           2026-05-15T11:08:23
================================================================================
[2026-05-15T11:09:21.012+0000] {manager.py:879} INFO - 
================================================================================
DAG File Processing Stats

File Path                             PID    Runtime      # DAGs    # Errors  Last Runtime    Last Run
------------------------------------  -----  ---------  --------  ----------  --------------  -------------------
/opt/airflow/dags/hn_pipeline_dag.py                           1           0  0.08s           2026-05-15T11:08:53
================================================================================
[2026-05-15T11:09:51.356+0000] {manager.py:879} INFO - 
================================================================================
DAG File Processing Stats

File Path                             PID    Runtime      # DAGs    # Errors  Last Runtime    Last Run
------------------------------------  -----  ---------  --------  ----------  --------------  -------------------
/opt/airflow/dags/hn_pipeline_dag.py                           1           0  0.14s           2026-05-15T11:09:24
================================================================================
[2026-05-15T11:10:21.700+0000] {manager.py:879} INFO - 
================================================================================
DAG File Processing Stats

File Path                             PID    Runtime      # DAGs    # Errors  Last Runtime    Last Run
------------------------------------  -----  ---------  --------  ----------  --------------  -------------------
/opt/airflow/dags/hn_pipeline_dag.py                           1           0  0.07s           2026-05-15T11:09:54
================================================================================
[2026-05-15T11:10:52.012+0000] {manager.py:879} INFO - 
================================================================================
DAG File Processing Stats

File Path                             PID    Runtime      # DAGs    # Errors  Last Runtime    Last Run
------------------------------------  -----  ---------  --------  ----------  --------------  -------------------
/opt/airflow/dags/hn_pipeline_dag.py                           1           0  0.07s           2026-05-15T11:10:24
================================================================================
[2026-05-15T11:11:22.295+0000] {manager.py:879} INFO - 
================================================================================
DAG File Processing Stats

File Path                             PID    Runtime      # DAGs    # Errors  Last Runtime    Last Run
------------------------------------  -----  ---------  --------  ----------  --------------  -------------------
/opt/airflow/dags/hn_pipeline_dag.py                           1           0  0.06s           2026-05-15T11:10:55
================================================================================
[2026-05-15T11:11:52.634+0000] {manager.py:879} INFO - 
================================================================================
DAG File Processing Stats

File Path                             PID    Runtime      # DAGs    # Errors  Last Runtime    Last Run
------------------------------------  -----  ---------  --------  ----------  --------------  -------------------
/opt/airflow/dags/hn_pipeline_dag.py                           1           0  0.09s           2026-05-15T11:11:25
================================================================================
[2026-05-15T11:12:22.973+0000] {manager.py:879} INFO - 
================================================================================
DAG File Processing Stats

File Path                             PID    Runtime      # DAGs    # Errors  Last Runtime    Last Run
------------------------------------  -----  ---------  --------  ----------  --------------  -------------------
/opt/airflow/dags/hn_pipeline_dag.py                           1           0  0.08s           2026-05-15T11:11:55
================================================================================
[2026-05-15T11:12:53.299+0000] {manager.py:879} INFO - 
================================================================================
DAG File Processing Stats

File Path                             PID    Runtime      # DAGs    # Errors  Last Runtime    Last Run
------------------------------------  -----  ---------  --------  ----------  --------------  -------------------
/opt/airflow/dags/hn_pipeline_dag.py                           1           0  0.07s           2026-05-15T11:12:26
================================================================================
[2026-05-15T11:13:02.412+0000] {manager.py:738} INFO - Searching for files in /opt/airflow/dags
[2026-05-15T11:13:02.422+0000] {manager.py:741} INFO - There are 1 files in /opt/airflow/dags
[2026-05-15T11:13:23.663+0000] {manager.py:879} INFO - 
================================================================================
DAG File Processing Stats

File Path                             PID    Runtime      # DAGs    # Errors  Last Runtime    Last Run
------------------------------------  -----  ---------  --------  ----------  --------------  -------------------
/opt/airflow/dags/hn_pipeline_dag.py                           1           0  0.08s           2026-05-15T11:12:56
================================================================================
[2026-05-15T11:13:53.990+0000] {manager.py:879} INFO - 
================================================================================
DAG File Processing Stats

File Path                             PID    Runtime      # DAGs    # Errors  Last Runtime    Last Run
------------------------------------  -----  ---------  --------  ----------  --------------  -------------------
/opt/airflow/dags/hn_pipeline_dag.py                           1           0  0.07s           2026-05-15T11:13:26
================================================================================
[2026-05-15T11:14:24.350+0000] {manager.py:879} INFO - 
================================================================================
DAG File Processing Stats

File Path                             PID    Runtime      # DAGs    # Errors  Last Runtime    Last Run
------------------------------------  -----  ---------  --------  ----------  --------------  -------------------
/opt/airflow/dags/hn_pipeline_dag.py                           1           0  0.09s           2026-05-15T11:13:57
================================================================================
[2026-05-15T11:14:54.666+0000] {manager.py:879} INFO - 
================================================================================
DAG File Processing Stats

File Path                             PID    Runtime      # DAGs    # Errors  Last Runtime    Last Run
------------------------------------  -----  ---------  --------  ----------  --------------  -------------------
/opt/airflow/dags/hn_pipeline_dag.py                           1           0  0.05s           2026-05-15T11:14:27
================================================================================
[2026-05-15T11:15:24.889+0000] {manager.py:879} INFO - 
================================================================================
DAG File Processing Stats

File Path                             PID    Runtime      # DAGs    # Errors  Last Runtime    Last Run
------------------------------------  -----  ---------  --------  ----------  --------------  -------------------
/opt/airflow/dags/hn_pipeline_dag.py                           1           0  0.06s           2026-05-15T11:14:57
================================================================================
[2026-05-15T11:15:55.193+0000] {manager.py:879} INFO - 
================================================================================
DAG File Processing Stats

File Path                             PID    Runtime      # DAGs    # Errors  Last Runtime    Last Run
------------------------------------  -----  ---------  --------  ----------  --------------  -------------------
/opt/airflow/dags/hn_pipeline_dag.py                           1           0  0.08s           2026-05-15T11:15:28
================================================================================
[2026-05-15T11:16:25.513+0000] {manager.py:879} INFO - 
================================================================================
DAG File Processing Stats

File Path                             PID    Runtime      # DAGs    # Errors  Last Runtime    Last Run
------------------------------------  -----  ---------  --------  ----------  --------------  -------------------
/opt/airflow/dags/hn_pipeline_dag.py                           1           0  0.05s           2026-05-15T11:15:58
================================================================================
[2026-05-15T11:16:55.842+0000] {manager.py:879} INFO - 
================================================================================
DAG File Processing Stats

File Path                             PID    Runtime      # DAGs    # Errors  Last Runtime    Last Run
------------------------------------  -----  ---------  --------  ----------  --------------  -------------------
/opt/airflow/dags/hn_pipeline_dag.py                           1           0  0.10s           2026-05-15T11:16:28
================================================================================
[2026-05-15T11:17:26.173+0000] {manager.py:879} INFO - 
================================================================================
DAG File Processing Stats

File Path                             PID    Runtime      # DAGs    # Errors  Last Runtime    Last Run
------------------------------------  -----  ---------  --------  ----------  --------------  -------------------
/opt/airflow/dags/hn_pipeline_dag.py                           1           0  0.08s           2026-05-15T11:16:58
================================================================================
[2026-05-15T11:17:56.493+0000] {manager.py:879} INFO - 
================================================================================
DAG File Processing Stats

File Path                             PID    Runtime      # DAGs    # Errors  Last Runtime    Last Run
------------------------------------  -----  ---------  --------  ----------  --------------  -------------------
/opt/airflow/dags/hn_pipeline_dag.py                           1           0  0.08s           2026-05-15T11:17:29
================================================================================
[2026-05-15T11:18:02.557+0000] {manager.py:738} INFO - Searching for files in /opt/airflow/dags
[2026-05-15T11:18:02.563+0000] {manager.py:741} INFO - There are 1 files in /opt/airflow/dags
