[2026-05-14T12:00:44.539+0000] {processor.py:161} INFO - Started process (PID=167) to work on /opt/airflow/dags/hn_pipeline_dag.py
[2026-05-14T12:00:44.542+0000] {processor.py:830} INFO - Processing file /opt/airflow/dags/hn_pipeline_dag.py for tasks to queue
[2026-05-14T12:00:44.555+0000] {logging_mixin.py:188} INFO - [2026-05-14T12:00:44.543+0000] {dagbag.py:538} INFO - Filling up the DagBag from /opt/airflow/dags/hn_pipeline_dag.py
[2026-05-14T12:00:44.628+0000] {processor.py:840} INFO - DAG(s) 'hn_pipeline' retrieved from /opt/airflow/dags/hn_pipeline_dag.py
[2026-05-14T12:00:44.866+0000] {logging_mixin.py:188} INFO - [2026-05-14T12:00:44.865+0000] {override.py:1769} INFO - Created Permission View: can delete on DAG:hn_pipeline
[2026-05-14T12:00:44.870+0000] {logging_mixin.py:188} INFO - [2026-05-14T12:00:44.870+0000] {override.py:1769} INFO - Created Permission View: can edit on DAG:hn_pipeline
[2026-05-14T12:00:44.873+0000] {logging_mixin.py:188} INFO - [2026-05-14T12:00:44.873+0000] {override.py:1769} INFO - Created Permission View: can read on DAG:hn_pipeline
[2026-05-14T12:00:44.873+0000] {logging_mixin.py:188} INFO - [2026-05-14T12:00:44.873+0000] {dag.py:3036} INFO - Sync 1 DAGs
[2026-05-14T12:00:44.880+0000] {logging_mixin.py:188} INFO - [2026-05-14T12:00:44.880+0000] {dag.py:3058} INFO - Creating ORM DAG for hn_pipeline
[2026-05-14T12:00:44.894+0000] {logging_mixin.py:188} INFO - [2026-05-14T12:00:44.893+0000] {dag.py:3823} INFO - Setting next_dagrun for hn_pipeline to 2026-05-14 11:00:00+00:00, run_after=2026-05-14 12:00:00+00:00
[2026-05-14T12:00:44.910+0000] {processor.py:183} INFO - Processing /opt/airflow/dags/hn_pipeline_dag.py took 0.399 seconds
[2026-05-14T12:01:15.222+0000] {processor.py:161} INFO - Started process (PID=174) to work on /opt/airflow/dags/hn_pipeline_dag.py
[2026-05-14T12:01:15.223+0000] {processor.py:830} INFO - Processing file /opt/airflow/dags/hn_pipeline_dag.py for tasks to queue
[2026-05-14T12:01:15.223+0000] {logging_mixin.py:188} INFO - [2026-05-14T12:01:15.223+0000] {dagbag.py:538} INFO - Filling up the DagBag from /opt/airflow/dags/hn_pipeline_dag.py
[2026-05-14T12:01:15.231+0000] {processor.py:840} INFO - DAG(s) 'hn_pipeline' retrieved from /opt/airflow/dags/hn_pipeline_dag.py
[2026-05-14T12:01:15.246+0000] {logging_mixin.py:188} INFO - [2026-05-14T12:01:15.246+0000] {dag.py:3036} INFO - Sync 1 DAGs
[2026-05-14T12:01:15.256+0000] {logging_mixin.py:188} INFO - [2026-05-14T12:01:15.256+0000] {dag.py:3823} INFO - Setting next_dagrun for hn_pipeline to 2026-05-14 12:00:00+00:00, run_after=2026-05-14 13:00:00+00:00
[2026-05-14T12:01:15.264+0000] {processor.py:183} INFO - Processing /opt/airflow/dags/hn_pipeline_dag.py took 0.044 seconds
[2026-05-14T12:01:45.575+0000] {processor.py:161} INFO - Started process (PID=179) to work on /opt/airflow/dags/hn_pipeline_dag.py
[2026-05-14T12:01:45.575+0000] {processor.py:830} INFO - Processing file /opt/airflow/dags/hn_pipeline_dag.py for tasks to queue
[2026-05-14T12:01:45.576+0000] {logging_mixin.py:188} INFO - [2026-05-14T12:01:45.576+0000] {dagbag.py:538} INFO - Filling up the DagBag from /opt/airflow/dags/hn_pipeline_dag.py
[2026-05-14T12:01:45.597+0000] {processor.py:840} INFO - DAG(s) 'hn_pipeline' retrieved from /opt/airflow/dags/hn_pipeline_dag.py
[2026-05-14T12:01:45.618+0000] {logging_mixin.py:188} INFO - [2026-05-14T12:01:45.618+0000] {dag.py:3036} INFO - Sync 1 DAGs
[2026-05-14T12:01:45.636+0000] {logging_mixin.py:188} INFO - [2026-05-14T12:01:45.636+0000] {dag.py:3823} INFO - Setting next_dagrun for hn_pipeline to 2026-05-14 12:00:00+00:00, run_after=2026-05-14 13:00:00+00:00
[2026-05-14T12:01:45.644+0000] {processor.py:183} INFO - Processing /opt/airflow/dags/hn_pipeline_dag.py took 0.072 seconds
[2026-05-14T12:02:15.874+0000] {processor.py:161} INFO - Started process (PID=184) to work on /opt/airflow/dags/hn_pipeline_dag.py
[2026-05-14T12:02:15.875+0000] {processor.py:830} INFO - Processing file /opt/airflow/dags/hn_pipeline_dag.py for tasks to queue
[2026-05-14T12:02:15.877+0000] {logging_mixin.py:188} INFO - [2026-05-14T12:02:15.876+0000] {dagbag.py:538} INFO - Filling up the DagBag from /opt/airflow/dags/hn_pipeline_dag.py
[2026-05-14T12:02:15.889+0000] {processor.py:840} INFO - DAG(s) 'hn_pipeline' retrieved from /opt/airflow/dags/hn_pipeline_dag.py
[2026-05-14T12:02:15.909+0000] {logging_mixin.py:188} INFO - [2026-05-14T12:02:15.908+0000] {dag.py:3036} INFO - Sync 1 DAGs
[2026-05-14T12:02:15.932+0000] {logging_mixin.py:188} INFO - [2026-05-14T12:02:15.932+0000] {dag.py:3823} INFO - Setting next_dagrun for hn_pipeline to 2026-05-14 12:00:00+00:00, run_after=2026-05-14 13:00:00+00:00
[2026-05-14T12:02:15.940+0000] {processor.py:183} INFO - Processing /opt/airflow/dags/hn_pipeline_dag.py took 0.070 seconds
[2026-05-14T12:02:46.224+0000] {processor.py:161} INFO - Started process (PID=189) to work on /opt/airflow/dags/hn_pipeline_dag.py
[2026-05-14T12:02:46.225+0000] {processor.py:830} INFO - Processing file /opt/airflow/dags/hn_pipeline_dag.py for tasks to queue
[2026-05-14T12:02:46.226+0000] {logging_mixin.py:188} INFO - [2026-05-14T12:02:46.226+0000] {dagbag.py:538} INFO - Filling up the DagBag from /opt/airflow/dags/hn_pipeline_dag.py
[2026-05-14T12:02:46.255+0000] {processor.py:840} INFO - DAG(s) 'hn_pipeline' retrieved from /opt/airflow/dags/hn_pipeline_dag.py
[2026-05-14T12:02:46.286+0000] {logging_mixin.py:188} INFO - [2026-05-14T12:02:46.286+0000] {dag.py:3036} INFO - Sync 1 DAGs
[2026-05-14T12:02:46.309+0000] {logging_mixin.py:188} INFO - [2026-05-14T12:02:46.308+0000] {dag.py:3823} INFO - Setting next_dagrun for hn_pipeline to 2026-05-14 12:00:00+00:00, run_after=2026-05-14 13:00:00+00:00
[2026-05-14T12:02:46.318+0000] {processor.py:183} INFO - Processing /opt/airflow/dags/hn_pipeline_dag.py took 0.099 seconds
[2026-05-14T12:03:16.576+0000] {processor.py:161} INFO - Started process (PID=194) to work on /opt/airflow/dags/hn_pipeline_dag.py
[2026-05-14T12:03:16.577+0000] {processor.py:830} INFO - Processing file /opt/airflow/dags/hn_pipeline_dag.py for tasks to queue
[2026-05-14T12:03:16.578+0000] {logging_mixin.py:188} INFO - [2026-05-14T12:03:16.577+0000] {dagbag.py:538} INFO - Filling up the DagBag from /opt/airflow/dags/hn_pipeline_dag.py
[2026-05-14T12:03:16.602+0000] {processor.py:840} INFO - DAG(s) 'hn_pipeline' retrieved from /opt/airflow/dags/hn_pipeline_dag.py
[2026-05-14T12:03:16.642+0000] {logging_mixin.py:188} INFO - [2026-05-14T12:03:16.642+0000] {dag.py:3036} INFO - Sync 1 DAGs
[2026-05-14T12:03:16.659+0000] {logging_mixin.py:188} INFO - [2026-05-14T12:03:16.659+0000] {dag.py:3823} INFO - Setting next_dagrun for hn_pipeline to 2026-05-14 12:00:00+00:00, run_after=2026-05-14 13:00:00+00:00
[2026-05-14T12:03:16.670+0000] {processor.py:183} INFO - Processing /opt/airflow/dags/hn_pipeline_dag.py took 0.100 seconds
[2026-05-14T12:03:47.004+0000] {processor.py:161} INFO - Started process (PID=199) to work on /opt/airflow/dags/hn_pipeline_dag.py
[2026-05-14T12:03:47.005+0000] {processor.py:830} INFO - Processing file /opt/airflow/dags/hn_pipeline_dag.py for tasks to queue
[2026-05-14T12:03:47.006+0000] {logging_mixin.py:188} INFO - [2026-05-14T12:03:47.005+0000] {dagbag.py:538} INFO - Filling up the DagBag from /opt/airflow/dags/hn_pipeline_dag.py
[2026-05-14T12:03:47.019+0000] {processor.py:840} INFO - DAG(s) 'hn_pipeline' retrieved from /opt/airflow/dags/hn_pipeline_dag.py
[2026-05-14T12:03:47.069+0000] {logging_mixin.py:188} INFO - [2026-05-14T12:03:47.068+0000] {dag.py:3036} INFO - Sync 1 DAGs
[2026-05-14T12:03:47.085+0000] {logging_mixin.py:188} INFO - [2026-05-14T12:03:47.084+0000] {dag.py:3823} INFO - Setting next_dagrun for hn_pipeline to 2026-05-14 12:00:00+00:00, run_after=2026-05-14 13:00:00+00:00
[2026-05-14T12:03:47.101+0000] {processor.py:183} INFO - Processing /opt/airflow/dags/hn_pipeline_dag.py took 0.100 seconds
[2026-05-14T12:04:17.458+0000] {processor.py:161} INFO - Started process (PID=204) to work on /opt/airflow/dags/hn_pipeline_dag.py
[2026-05-14T12:04:17.459+0000] {processor.py:830} INFO - Processing file /opt/airflow/dags/hn_pipeline_dag.py for tasks to queue
[2026-05-14T12:04:17.461+0000] {logging_mixin.py:188} INFO - [2026-05-14T12:04:17.460+0000] {dagbag.py:538} INFO - Filling up the DagBag from /opt/airflow/dags/hn_pipeline_dag.py
[2026-05-14T12:04:17.484+0000] {processor.py:840} INFO - DAG(s) 'hn_pipeline' retrieved from /opt/airflow/dags/hn_pipeline_dag.py
[2026-05-14T12:04:17.539+0000] {logging_mixin.py:188} INFO - [2026-05-14T12:04:17.537+0000] {dag.py:3036} INFO - Sync 1 DAGs
[2026-05-14T12:04:17.563+0000] {logging_mixin.py:188} INFO - [2026-05-14T12:04:17.562+0000] {dag.py:3823} INFO - Setting next_dagrun for hn_pipeline to 2026-05-14 12:00:00+00:00, run_after=2026-05-14 13:00:00+00:00
[2026-05-14T12:04:17.591+0000] {processor.py:183} INFO - Processing /opt/airflow/dags/hn_pipeline_dag.py took 0.138 seconds
[2026-05-14T12:04:47.850+0000] {processor.py:161} INFO - Started process (PID=209) to work on /opt/airflow/dags/hn_pipeline_dag.py
[2026-05-14T12:04:47.851+0000] {processor.py:830} INFO - Processing file /opt/airflow/dags/hn_pipeline_dag.py for tasks to queue
[2026-05-14T12:04:47.853+0000] {logging_mixin.py:188} INFO - [2026-05-14T12:04:47.852+0000] {dagbag.py:538} INFO - Filling up the DagBag from /opt/airflow/dags/hn_pipeline_dag.py
[2026-05-14T12:04:47.873+0000] {processor.py:840} INFO - DAG(s) 'hn_pipeline' retrieved from /opt/airflow/dags/hn_pipeline_dag.py
[2026-05-14T12:04:47.926+0000] {logging_mixin.py:188} INFO - [2026-05-14T12:04:47.925+0000] {dag.py:3036} INFO - Sync 1 DAGs
[2026-05-14T12:04:48.086+0000] {logging_mixin.py:188} INFO - [2026-05-14T12:04:48.085+0000] {dag.py:3823} INFO - Setting next_dagrun for hn_pipeline to 2026-05-14 12:00:00+00:00, run_after=2026-05-14 13:00:00+00:00
[2026-05-14T12:04:48.126+0000] {processor.py:183} INFO - Processing /opt/airflow/dags/hn_pipeline_dag.py took 0.282 seconds
[2026-05-14T12:05:18.379+0000] {processor.py:161} INFO - Started process (PID=219) to work on /opt/airflow/dags/hn_pipeline_dag.py
[2026-05-14T12:05:18.381+0000] {processor.py:830} INFO - Processing file /opt/airflow/dags/hn_pipeline_dag.py for tasks to queue
[2026-05-14T12:05:18.382+0000] {logging_mixin.py:188} INFO - [2026-05-14T12:05:18.381+0000] {dagbag.py:538} INFO - Filling up the DagBag from /opt/airflow/dags/hn_pipeline_dag.py
[2026-05-14T12:05:18.411+0000] {processor.py:840} INFO - DAG(s) 'hn_pipeline' retrieved from /opt/airflow/dags/hn_pipeline_dag.py
[2026-05-14T12:05:18.469+0000] {logging_mixin.py:188} INFO - [2026-05-14T12:05:18.468+0000] {dag.py:3036} INFO - Sync 1 DAGs
[2026-05-14T12:05:18.508+0000] {logging_mixin.py:188} INFO - [2026-05-14T12:05:18.505+0000] {dag.py:3823} INFO - Setting next_dagrun for hn_pipeline to 2026-05-14 12:00:00+00:00, run_after=2026-05-14 13:00:00+00:00
[2026-05-14T12:05:18.569+0000] {processor.py:183} INFO - Processing /opt/airflow/dags/hn_pipeline_dag.py took 0.197 seconds
[2026-05-14T12:06:06.214+0000] {processor.py:161} INFO - Started process (PID=233) to work on /opt/airflow/dags/hn_pipeline_dag.py
[2026-05-14T12:06:06.710+0000] {processor.py:830} INFO - Processing file /opt/airflow/dags/hn_pipeline_dag.py for tasks to queue
[2026-05-14T12:06:06.771+0000] {logging_mixin.py:188} INFO - [2026-05-14T12:06:06.765+0000] {dagbag.py:538} INFO - Filling up the DagBag from /opt/airflow/dags/hn_pipeline_dag.py
[2026-05-14T12:06:07.020+0000] {processor.py:840} INFO - DAG(s) 'hn_pipeline' retrieved from /opt/airflow/dags/hn_pipeline_dag.py
[2026-05-14T12:06:07.769+0000] {logging_mixin.py:188} INFO - [2026-05-14T12:06:07.764+0000] {dag.py:3036} INFO - Sync 1 DAGs
[2026-05-14T12:06:08.104+0000] {logging_mixin.py:188} INFO - [2026-05-14T12:06:08.099+0000] {dag.py:3823} INFO - Setting next_dagrun for hn_pipeline to 2026-05-14 12:00:00+00:00, run_after=2026-05-14 13:00:00+00:00
[2026-05-14T12:06:08.443+0000] {processor.py:183} INFO - Processing /opt/airflow/dags/hn_pipeline_dag.py took 9.891 seconds
[2026-05-14T12:06:38.796+0000] {processor.py:161} INFO - Started process (PID=238) to work on /opt/airflow/dags/hn_pipeline_dag.py
[2026-05-14T12:06:38.800+0000] {processor.py:830} INFO - Processing file /opt/airflow/dags/hn_pipeline_dag.py for tasks to queue
[2026-05-14T12:06:38.806+0000] {logging_mixin.py:188} INFO - [2026-05-14T12:06:38.803+0000] {dagbag.py:538} INFO - Filling up the DagBag from /opt/airflow/dags/hn_pipeline_dag.py
[2026-05-14T12:06:38.844+0000] {processor.py:840} INFO - DAG(s) 'hn_pipeline' retrieved from /opt/airflow/dags/hn_pipeline_dag.py
[2026-05-14T12:06:38.882+0000] {logging_mixin.py:188} INFO - [2026-05-14T12:06:38.882+0000] {dag.py:3036} INFO - Sync 1 DAGs
[2026-05-14T12:06:38.911+0000] {logging_mixin.py:188} INFO - [2026-05-14T12:06:38.911+0000] {dag.py:3823} INFO - Setting next_dagrun for hn_pipeline to 2026-05-14 12:00:00+00:00, run_after=2026-05-14 13:00:00+00:00
[2026-05-14T12:06:38.922+0000] {processor.py:183} INFO - Processing /opt/airflow/dags/hn_pipeline_dag.py took 0.137 seconds
[2026-05-14T12:07:09.180+0000] {processor.py:161} INFO - Started process (PID=250) to work on /opt/airflow/dags/hn_pipeline_dag.py
[2026-05-14T12:07:09.182+0000] {processor.py:830} INFO - Processing file /opt/airflow/dags/hn_pipeline_dag.py for tasks to queue
[2026-05-14T12:07:09.184+0000] {logging_mixin.py:188} INFO - [2026-05-14T12:07:09.183+0000] {dagbag.py:538} INFO - Filling up the DagBag from /opt/airflow/dags/hn_pipeline_dag.py
[2026-05-14T12:07:09.205+0000] {processor.py:840} INFO - DAG(s) 'hn_pipeline' retrieved from /opt/airflow/dags/hn_pipeline_dag.py
[2026-05-14T12:07:09.235+0000] {logging_mixin.py:188} INFO - [2026-05-14T12:07:09.234+0000] {dag.py:3036} INFO - Sync 1 DAGs
[2026-05-14T12:07:09.254+0000] {logging_mixin.py:188} INFO - [2026-05-14T12:07:09.254+0000] {dag.py:3823} INFO - Setting next_dagrun for hn_pipeline to 2026-05-14 12:00:00+00:00, run_after=2026-05-14 13:00:00+00:00
[2026-05-14T12:07:09.268+0000] {processor.py:183} INFO - Processing /opt/airflow/dags/hn_pipeline_dag.py took 0.093 seconds
[2026-05-14T12:07:39.562+0000] {processor.py:161} INFO - Started process (PID=255) to work on /opt/airflow/dags/hn_pipeline_dag.py
[2026-05-14T12:07:39.571+0000] {processor.py:830} INFO - Processing file /opt/airflow/dags/hn_pipeline_dag.py for tasks to queue
[2026-05-14T12:07:39.578+0000] {logging_mixin.py:188} INFO - [2026-05-14T12:07:39.574+0000] {dagbag.py:538} INFO - Filling up the DagBag from /opt/airflow/dags/hn_pipeline_dag.py
[2026-05-14T12:07:39.601+0000] {processor.py:840} INFO - DAG(s) 'hn_pipeline' retrieved from /opt/airflow/dags/hn_pipeline_dag.py
[2026-05-14T12:07:39.629+0000] {logging_mixin.py:188} INFO - [2026-05-14T12:07:39.629+0000] {dag.py:3036} INFO - Sync 1 DAGs
[2026-05-14T12:07:39.644+0000] {logging_mixin.py:188} INFO - [2026-05-14T12:07:39.644+0000] {dag.py:3823} INFO - Setting next_dagrun for hn_pipeline to 2026-05-14 12:00:00+00:00, run_after=2026-05-14 13:00:00+00:00
[2026-05-14T12:07:39.652+0000] {processor.py:183} INFO - Processing /opt/airflow/dags/hn_pipeline_dag.py took 0.097 seconds
[2026-05-14T12:08:09.910+0000] {processor.py:161} INFO - Started process (PID=267) to work on /opt/airflow/dags/hn_pipeline_dag.py
[2026-05-14T12:08:09.911+0000] {processor.py:830} INFO - Processing file /opt/airflow/dags/hn_pipeline_dag.py for tasks to queue
[2026-05-14T12:08:09.912+0000] {logging_mixin.py:188} INFO - [2026-05-14T12:08:09.911+0000] {dagbag.py:538} INFO - Filling up the DagBag from /opt/airflow/dags/hn_pipeline_dag.py
[2026-05-14T12:08:09.923+0000] {processor.py:840} INFO - DAG(s) 'hn_pipeline' retrieved from /opt/airflow/dags/hn_pipeline_dag.py
[2026-05-14T12:08:09.942+0000] {logging_mixin.py:188} INFO - [2026-05-14T12:08:09.942+0000] {dag.py:3036} INFO - Sync 1 DAGs
[2026-05-14T12:08:09.955+0000] {logging_mixin.py:188} INFO - [2026-05-14T12:08:09.955+0000] {dag.py:3823} INFO - Setting next_dagrun for hn_pipeline to 2026-05-14 12:00:00+00:00, run_after=2026-05-14 13:00:00+00:00
[2026-05-14T12:08:09.963+0000] {processor.py:183} INFO - Processing /opt/airflow/dags/hn_pipeline_dag.py took 0.056 seconds
[2026-05-14T12:08:52.767+0000] {processor.py:161} INFO - Started process (PID=272) to work on /opt/airflow/dags/hn_pipeline_dag.py
[2026-05-14T12:08:52.791+0000] {processor.py:830} INFO - Processing file /opt/airflow/dags/hn_pipeline_dag.py for tasks to queue
[2026-05-14T12:08:52.817+0000] {logging_mixin.py:188} INFO - [2026-05-14T12:08:52.805+0000] {dagbag.py:538} INFO - Filling up the DagBag from /opt/airflow/dags/hn_pipeline_dag.py
[2026-05-14T12:08:53.013+0000] {processor.py:840} INFO - DAG(s) 'hn_pipeline' retrieved from /opt/airflow/dags/hn_pipeline_dag.py
[2026-05-14T12:08:55.186+0000] {logging_mixin.py:188} INFO - [2026-05-14T12:08:55.172+0000] {dag.py:3036} INFO - Sync 1 DAGs
[2026-05-14T12:08:58.912+0000] {logging_mixin.py:188} INFO - [2026-05-14T12:08:58.743+0000] {dag.py:3823} INFO - Setting next_dagrun for hn_pipeline to 2026-05-14 12:00:00+00:00, run_after=2026-05-14 13:00:00+00:00
[2026-05-14T12:09:13.237+0000] {processor.py:183} INFO - Processing /opt/airflow/dags/hn_pipeline_dag.py took 20.748 seconds
[2026-05-14T12:09:43.433+0000] {processor.py:161} INFO - Started process (PID=277) to work on /opt/airflow/dags/hn_pipeline_dag.py
[2026-05-14T12:09:43.434+0000] {processor.py:830} INFO - Processing file /opt/airflow/dags/hn_pipeline_dag.py for tasks to queue
[2026-05-14T12:09:43.436+0000] {logging_mixin.py:188} INFO - [2026-05-14T12:09:43.435+0000] {dagbag.py:538} INFO - Filling up the DagBag from /opt/airflow/dags/hn_pipeline_dag.py
[2026-05-14T12:09:43.469+0000] {processor.py:840} INFO - DAG(s) 'hn_pipeline' retrieved from /opt/airflow/dags/hn_pipeline_dag.py
[2026-05-14T12:09:43.518+0000] {logging_mixin.py:188} INFO - [2026-05-14T12:09:43.517+0000] {dag.py:3036} INFO - Sync 1 DAGs
[2026-05-14T12:09:43.537+0000] {logging_mixin.py:188} INFO - [2026-05-14T12:09:43.537+0000] {dag.py:3823} INFO - Setting next_dagrun for hn_pipeline to 2026-05-14 12:00:00+00:00, run_after=2026-05-14 13:00:00+00:00
[2026-05-14T12:09:43.553+0000] {processor.py:183} INFO - Processing /opt/airflow/dags/hn_pipeline_dag.py took 0.128 seconds
[2026-05-14T12:10:13.839+0000] {processor.py:161} INFO - Started process (PID=282) to work on /opt/airflow/dags/hn_pipeline_dag.py
[2026-05-14T12:10:13.841+0000] {processor.py:830} INFO - Processing file /opt/airflow/dags/hn_pipeline_dag.py for tasks to queue
[2026-05-14T12:10:13.842+0000] {logging_mixin.py:188} INFO - [2026-05-14T12:10:13.842+0000] {dagbag.py:538} INFO - Filling up the DagBag from /opt/airflow/dags/hn_pipeline_dag.py
[2026-05-14T12:10:13.860+0000] {processor.py:840} INFO - DAG(s) 'hn_pipeline' retrieved from /opt/airflow/dags/hn_pipeline_dag.py
[2026-05-14T12:10:13.891+0000] {logging_mixin.py:188} INFO - [2026-05-14T12:10:13.891+0000] {dag.py:3036} INFO - Sync 1 DAGs
[2026-05-14T12:10:13.906+0000] {logging_mixin.py:188} INFO - [2026-05-14T12:10:13.906+0000] {dag.py:3823} INFO - Setting next_dagrun for hn_pipeline to 2026-05-14 12:00:00+00:00, run_after=2026-05-14 13:00:00+00:00
[2026-05-14T12:10:13.916+0000] {processor.py:183} INFO - Processing /opt/airflow/dags/hn_pipeline_dag.py took 0.086 seconds
[2026-05-14T12:10:44.177+0000] {processor.py:161} INFO - Started process (PID=287) to work on /opt/airflow/dags/hn_pipeline_dag.py
[2026-05-14T12:10:44.177+0000] {processor.py:830} INFO - Processing file /opt/airflow/dags/hn_pipeline_dag.py for tasks to queue
[2026-05-14T12:10:44.178+0000] {logging_mixin.py:188} INFO - [2026-05-14T12:10:44.178+0000] {dagbag.py:538} INFO - Filling up the DagBag from /opt/airflow/dags/hn_pipeline_dag.py
[2026-05-14T12:10:44.195+0000] {processor.py:840} INFO - DAG(s) 'hn_pipeline' retrieved from /opt/airflow/dags/hn_pipeline_dag.py
[2026-05-14T12:10:44.223+0000] {logging_mixin.py:188} INFO - [2026-05-14T12:10:44.223+0000] {dag.py:3036} INFO - Sync 1 DAGs
[2026-05-14T12:10:44.241+0000] {logging_mixin.py:188} INFO - [2026-05-14T12:10:44.241+0000] {dag.py:3823} INFO - Setting next_dagrun for hn_pipeline to 2026-05-14 12:00:00+00:00, run_after=2026-05-14 13:00:00+00:00
[2026-05-14T12:10:44.250+0000] {processor.py:183} INFO - Processing /opt/airflow/dags/hn_pipeline_dag.py took 0.077 seconds
[2026-05-14T12:11:37.887+0000] {processor.py:161} INFO - Started process (PID=292) to work on /opt/airflow/dags/hn_pipeline_dag.py
[2026-05-14T12:11:39.327+0000] {processor.py:830} INFO - Processing file /opt/airflow/dags/hn_pipeline_dag.py for tasks to queue
[2026-05-14T12:11:44.900+0000] {logging_mixin.py:188} INFO - [2026-05-14T12:11:44.761+0000] {dagbag.py:538} INFO - Filling up the DagBag from /opt/airflow/dags/hn_pipeline_dag.py
[2026-05-14T12:11:46.318+0000] {processor.py:840} INFO - DAG(s) 'hn_pipeline' retrieved from /opt/airflow/dags/hn_pipeline_dag.py
[2026-05-14T12:11:47.918+0000] {logging_mixin.py:188} INFO - [2026-05-14T12:11:47.916+0000] {dag.py:3036} INFO - Sync 1 DAGs
[2026-05-14T12:11:49.621+0000] {logging_mixin.py:188} INFO - [2026-05-14T12:11:49.553+0000] {dag.py:3823} INFO - Setting next_dagrun for hn_pipeline to 2026-05-14 12:00:00+00:00, run_after=2026-05-14 13:00:00+00:00
[2026-05-14T12:12:05.927+0000] {processor.py:183} INFO - Processing /opt/airflow/dags/hn_pipeline_dag.py took 39.638 seconds
[2026-05-14T12:15:45.360+0000] {processor.py:161} INFO - Started process (PID=186) to work on /opt/airflow/dags/hn_pipeline_dag.py
[2026-05-14T12:15:45.362+0000] {processor.py:830} INFO - Processing file /opt/airflow/dags/hn_pipeline_dag.py for tasks to queue
[2026-05-14T12:15:45.364+0000] {logging_mixin.py:188} INFO - [2026-05-14T12:15:45.363+0000] {dagbag.py:538} INFO - Filling up the DagBag from /opt/airflow/dags/hn_pipeline_dag.py
[2026-05-14T12:15:45.413+0000] {processor.py:840} INFO - DAG(s) 'hn_pipeline' retrieved from /opt/airflow/dags/hn_pipeline_dag.py
[2026-05-14T12:16:37.649+0000] {logging_mixin.py:188} INFO - [2026-05-14T12:16:37.516+0000] {override.py:1769} INFO - Created Permission View: can edit on DAG:hn_pipeline
[2026-05-14T12:17:12.410+0000] {processor.py:161} INFO - Started process (PID=189) to work on /opt/airflow/dags/hn_pipeline_dag.py
[2026-05-14T12:17:12.413+0000] {processor.py:830} INFO - Processing file /opt/airflow/dags/hn_pipeline_dag.py for tasks to queue
[2026-05-14T12:17:12.416+0000] {logging_mixin.py:188} INFO - [2026-05-14T12:17:12.414+0000] {dagbag.py:538} INFO - Filling up the DagBag from /opt/airflow/dags/hn_pipeline_dag.py
[2026-05-14T12:17:12.441+0000] {processor.py:840} INFO - DAG(s) 'hn_pipeline' retrieved from /opt/airflow/dags/hn_pipeline_dag.py
[2026-05-14T12:17:12.625+0000] {logging_mixin.py:188} INFO - [2026-05-14T12:17:12.619+0000] {dag.py:3036} INFO - Sync 1 DAGs
[2026-05-14T12:17:12.940+0000] {logging_mixin.py:188} INFO - [2026-05-14T12:17:12.932+0000] {dag.py:3058} INFO - Creating ORM DAG for hn_pipeline
[2026-05-14T12:17:13.287+0000] {logging_mixin.py:188} INFO - [2026-05-14T12:17:13.286+0000] {dag.py:3823} INFO - Setting next_dagrun for hn_pipeline to 2026-05-14 11:00:00+00:00, run_after=2026-05-14 12:00:00+00:00
[2026-05-14T12:17:13.983+0000] {processor.py:183} INFO - Processing /opt/airflow/dags/hn_pipeline_dag.py took 1.578 seconds
[2026-05-14T12:17:45.244+0000] {processor.py:161} INFO - Started process (PID=195) to work on /opt/airflow/dags/hn_pipeline_dag.py
[2026-05-14T12:17:45.249+0000] {processor.py:830} INFO - Processing file /opt/airflow/dags/hn_pipeline_dag.py for tasks to queue
[2026-05-14T12:17:45.257+0000] {logging_mixin.py:188} INFO - [2026-05-14T12:17:45.251+0000] {dagbag.py:538} INFO - Filling up the DagBag from /opt/airflow/dags/hn_pipeline_dag.py
[2026-05-14T12:17:45.400+0000] {processor.py:840} INFO - DAG(s) 'hn_pipeline' retrieved from /opt/airflow/dags/hn_pipeline_dag.py
[2026-05-14T12:17:45.547+0000] {logging_mixin.py:188} INFO - [2026-05-14T12:17:45.544+0000] {dag.py:3036} INFO - Sync 1 DAGs
[2026-05-14T12:17:45.598+0000] {logging_mixin.py:188} INFO - [2026-05-14T12:17:45.593+0000] {dag.py:3823} INFO - Setting next_dagrun for hn_pipeline to 2026-05-14 12:00:00+00:00, run_after=2026-05-14 13:00:00+00:00
[2026-05-14T12:17:45.930+0000] {processor.py:183} INFO - Processing /opt/airflow/dags/hn_pipeline_dag.py took 0.713 seconds
[2026-05-14T12:18:16.369+0000] {processor.py:161} INFO - Started process (PID=201) to work on /opt/airflow/dags/hn_pipeline_dag.py
[2026-05-14T12:18:16.370+0000] {processor.py:830} INFO - Processing file /opt/airflow/dags/hn_pipeline_dag.py for tasks to queue
[2026-05-14T12:18:16.371+0000] {logging_mixin.py:188} INFO - [2026-05-14T12:18:16.371+0000] {dagbag.py:538} INFO - Filling up the DagBag from /opt/airflow/dags/hn_pipeline_dag.py
[2026-05-14T12:18:16.396+0000] {processor.py:840} INFO - DAG(s) 'hn_pipeline' retrieved from /opt/airflow/dags/hn_pipeline_dag.py
[2026-05-14T12:18:16.436+0000] {logging_mixin.py:188} INFO - [2026-05-14T12:18:16.436+0000] {dag.py:3036} INFO - Sync 1 DAGs
[2026-05-14T12:18:16.455+0000] {logging_mixin.py:188} INFO - [2026-05-14T12:18:16.455+0000] {dag.py:3823} INFO - Setting next_dagrun for hn_pipeline to 2026-05-14 12:00:00+00:00, run_after=2026-05-14 13:00:00+00:00
[2026-05-14T12:18:16.468+0000] {processor.py:183} INFO - Processing /opt/airflow/dags/hn_pipeline_dag.py took 0.104 seconds
[2026-05-14T12:18:46.822+0000] {processor.py:161} INFO - Started process (PID=206) to work on /opt/airflow/dags/hn_pipeline_dag.py
[2026-05-14T12:18:46.825+0000] {processor.py:830} INFO - Processing file /opt/airflow/dags/hn_pipeline_dag.py for tasks to queue
[2026-05-14T12:18:46.827+0000] {logging_mixin.py:188} INFO - [2026-05-14T12:18:46.826+0000] {dagbag.py:538} INFO - Filling up the DagBag from /opt/airflow/dags/hn_pipeline_dag.py
[2026-05-14T12:18:46.853+0000] {processor.py:840} INFO - DAG(s) 'hn_pipeline' retrieved from /opt/airflow/dags/hn_pipeline_dag.py
[2026-05-14T12:18:46.882+0000] {logging_mixin.py:188} INFO - [2026-05-14T12:18:46.882+0000] {dag.py:3036} INFO - Sync 1 DAGs
[2026-05-14T12:18:46.896+0000] {logging_mixin.py:188} INFO - [2026-05-14T12:18:46.896+0000] {dag.py:3823} INFO - Setting next_dagrun for hn_pipeline to 2026-05-14 12:00:00+00:00, run_after=2026-05-14 13:00:00+00:00
[2026-05-14T12:18:46.906+0000] {processor.py:183} INFO - Processing /opt/airflow/dags/hn_pipeline_dag.py took 0.094 seconds
[2026-05-14T12:19:17.174+0000] {processor.py:161} INFO - Started process (PID=211) to work on /opt/airflow/dags/hn_pipeline_dag.py
[2026-05-14T12:19:17.177+0000] {processor.py:830} INFO - Processing file /opt/airflow/dags/hn_pipeline_dag.py for tasks to queue
[2026-05-14T12:19:17.178+0000] {logging_mixin.py:188} INFO - [2026-05-14T12:19:17.177+0000] {dagbag.py:538} INFO - Filling up the DagBag from /opt/airflow/dags/hn_pipeline_dag.py
[2026-05-14T12:19:17.197+0000] {processor.py:840} INFO - DAG(s) 'hn_pipeline' retrieved from /opt/airflow/dags/hn_pipeline_dag.py
[2026-05-14T12:19:17.218+0000] {logging_mixin.py:188} INFO - [2026-05-14T12:19:17.218+0000] {dag.py:3036} INFO - Sync 1 DAGs
[2026-05-14T12:19:17.231+0000] {logging_mixin.py:188} INFO - [2026-05-14T12:19:17.231+0000] {dag.py:3823} INFO - Setting next_dagrun for hn_pipeline to 2026-05-14 12:00:00+00:00, run_after=2026-05-14 13:00:00+00:00
[2026-05-14T12:19:17.240+0000] {processor.py:183} INFO - Processing /opt/airflow/dags/hn_pipeline_dag.py took 0.071 seconds
[2026-05-14T12:19:47.495+0000] {processor.py:161} INFO - Started process (PID=216) to work on /opt/airflow/dags/hn_pipeline_dag.py
[2026-05-14T12:19:47.497+0000] {processor.py:830} INFO - Processing file /opt/airflow/dags/hn_pipeline_dag.py for tasks to queue
[2026-05-14T12:19:47.498+0000] {logging_mixin.py:188} INFO - [2026-05-14T12:19:47.497+0000] {dagbag.py:538} INFO - Filling up the DagBag from /opt/airflow/dags/hn_pipeline_dag.py
[2026-05-14T12:19:47.514+0000] {processor.py:840} INFO - DAG(s) 'hn_pipeline' retrieved from /opt/airflow/dags/hn_pipeline_dag.py
[2026-05-14T12:19:47.652+0000] {logging_mixin.py:188} INFO - [2026-05-14T12:19:47.652+0000] {dag.py:3036} INFO - Sync 1 DAGs
[2026-05-14T12:19:47.668+0000] {logging_mixin.py:188} INFO - [2026-05-14T12:19:47.668+0000] {dag.py:3823} INFO - Setting next_dagrun for hn_pipeline to 2026-05-14 12:00:00+00:00, run_after=2026-05-14 13:00:00+00:00
[2026-05-14T12:19:47.693+0000] {processor.py:183} INFO - Processing /opt/airflow/dags/hn_pipeline_dag.py took 0.203 seconds
[2026-05-14T12:20:17.923+0000] {processor.py:161} INFO - Started process (PID=221) to work on /opt/airflow/dags/hn_pipeline_dag.py
[2026-05-14T12:20:17.924+0000] {processor.py:830} INFO - Processing file /opt/airflow/dags/hn_pipeline_dag.py for tasks to queue
[2026-05-14T12:20:17.927+0000] {logging_mixin.py:188} INFO - [2026-05-14T12:20:17.925+0000] {dagbag.py:538} INFO - Filling up the DagBag from /opt/airflow/dags/hn_pipeline_dag.py
[2026-05-14T12:20:17.947+0000] {processor.py:840} INFO - DAG(s) 'hn_pipeline' retrieved from /opt/airflow/dags/hn_pipeline_dag.py
[2026-05-14T12:20:18.038+0000] {logging_mixin.py:188} INFO - [2026-05-14T12:20:18.036+0000] {dag.py:3036} INFO - Sync 1 DAGs
[2026-05-14T12:20:18.087+0000] {logging_mixin.py:188} INFO - [2026-05-14T12:20:18.087+0000] {dag.py:3823} INFO - Setting next_dagrun for hn_pipeline to 2026-05-14 12:00:00+00:00, run_after=2026-05-14 13:00:00+00:00
[2026-05-14T12:20:18.115+0000] {processor.py:183} INFO - Processing /opt/airflow/dags/hn_pipeline_dag.py took 0.197 seconds
[2026-05-14T12:20:48.305+0000] {processor.py:161} INFO - Started process (PID=226) to work on /opt/airflow/dags/hn_pipeline_dag.py
[2026-05-14T12:20:48.306+0000] {processor.py:830} INFO - Processing file /opt/airflow/dags/hn_pipeline_dag.py for tasks to queue
[2026-05-14T12:20:48.307+0000] {logging_mixin.py:188} INFO - [2026-05-14T12:20:48.306+0000] {dagbag.py:538} INFO - Filling up the DagBag from /opt/airflow/dags/hn_pipeline_dag.py
[2026-05-14T12:20:48.332+0000] {processor.py:840} INFO - DAG(s) 'hn_pipeline' retrieved from /opt/airflow/dags/hn_pipeline_dag.py
[2026-05-14T12:20:48.388+0000] {logging_mixin.py:188} INFO - [2026-05-14T12:20:48.386+0000] {dag.py:3036} INFO - Sync 1 DAGs
[2026-05-14T12:20:48.413+0000] {logging_mixin.py:188} INFO - [2026-05-14T12:20:48.413+0000] {dag.py:3823} INFO - Setting next_dagrun for hn_pipeline to 2026-05-14 12:00:00+00:00, run_after=2026-05-14 13:00:00+00:00
[2026-05-14T12:20:48.458+0000] {processor.py:183} INFO - Processing /opt/airflow/dags/hn_pipeline_dag.py took 0.157 seconds
[2026-05-14T12:21:18.723+0000] {processor.py:161} INFO - Started process (PID=231) to work on /opt/airflow/dags/hn_pipeline_dag.py
[2026-05-14T12:21:18.724+0000] {processor.py:830} INFO - Processing file /opt/airflow/dags/hn_pipeline_dag.py for tasks to queue
[2026-05-14T12:21:18.725+0000] {logging_mixin.py:188} INFO - [2026-05-14T12:21:18.725+0000] {dagbag.py:538} INFO - Filling up the DagBag from /opt/airflow/dags/hn_pipeline_dag.py
[2026-05-14T12:21:18.740+0000] {processor.py:840} INFO - DAG(s) 'hn_pipeline' retrieved from /opt/airflow/dags/hn_pipeline_dag.py
[2026-05-14T12:21:18.884+0000] {logging_mixin.py:188} INFO - [2026-05-14T12:21:18.868+0000] {dag.py:3036} INFO - Sync 1 DAGs
[2026-05-14T12:21:19.455+0000] {logging_mixin.py:188} INFO - [2026-05-14T12:21:19.451+0000] {dag.py:3823} INFO - Setting next_dagrun for hn_pipeline to 2026-05-14 12:00:00+00:00, run_after=2026-05-14 13:00:00+00:00
[2026-05-14T12:21:19.807+0000] {processor.py:183} INFO - Processing /opt/airflow/dags/hn_pipeline_dag.py took 1.087 seconds
[2026-05-14T12:21:50.207+0000] {processor.py:161} INFO - Started process (PID=236) to work on /opt/airflow/dags/hn_pipeline_dag.py
[2026-05-14T12:21:50.209+0000] {processor.py:830} INFO - Processing file /opt/airflow/dags/hn_pipeline_dag.py for tasks to queue
[2026-05-14T12:21:50.210+0000] {logging_mixin.py:188} INFO - [2026-05-14T12:21:50.209+0000] {dagbag.py:538} INFO - Filling up the DagBag from /opt/airflow/dags/hn_pipeline_dag.py
[2026-05-14T12:21:50.227+0000] {processor.py:840} INFO - DAG(s) 'hn_pipeline' retrieved from /opt/airflow/dags/hn_pipeline_dag.py
[2026-05-14T12:21:50.273+0000] {logging_mixin.py:188} INFO - [2026-05-14T12:21:50.272+0000] {dag.py:3036} INFO - Sync 1 DAGs
[2026-05-14T12:21:50.307+0000] {logging_mixin.py:188} INFO - [2026-05-14T12:21:50.307+0000] {dag.py:3823} INFO - Setting next_dagrun for hn_pipeline to 2026-05-14 12:00:00+00:00, run_after=2026-05-14 13:00:00+00:00
[2026-05-14T12:21:50.329+0000] {processor.py:183} INFO - Processing /opt/airflow/dags/hn_pipeline_dag.py took 0.125 seconds
[2026-05-14T12:22:20.552+0000] {processor.py:161} INFO - Started process (PID=241) to work on /opt/airflow/dags/hn_pipeline_dag.py
[2026-05-14T12:22:20.553+0000] {processor.py:830} INFO - Processing file /opt/airflow/dags/hn_pipeline_dag.py for tasks to queue
[2026-05-14T12:22:20.554+0000] {logging_mixin.py:188} INFO - [2026-05-14T12:22:20.554+0000] {dagbag.py:538} INFO - Filling up the DagBag from /opt/airflow/dags/hn_pipeline_dag.py
[2026-05-14T12:22:20.569+0000] {processor.py:840} INFO - DAG(s) 'hn_pipeline' retrieved from /opt/airflow/dags/hn_pipeline_dag.py
[2026-05-14T12:22:20.670+0000] {logging_mixin.py:188} INFO - [2026-05-14T12:22:20.668+0000] {dag.py:3036} INFO - Sync 1 DAGs
[2026-05-14T12:22:20.964+0000] {logging_mixin.py:188} INFO - [2026-05-14T12:22:20.964+0000] {dag.py:3823} INFO - Setting next_dagrun for hn_pipeline to 2026-05-14 12:00:00+00:00, run_after=2026-05-14 13:00:00+00:00
[2026-05-14T12:22:21.341+0000] {processor.py:183} INFO - Processing /opt/airflow/dags/hn_pipeline_dag.py took 0.793 seconds
[2026-05-14T12:22:56.073+0000] {processor.py:161} INFO - Started process (PID=247) to work on /opt/airflow/dags/hn_pipeline_dag.py
[2026-05-14T12:22:57.870+0000] {processor.py:830} INFO - Processing file /opt/airflow/dags/hn_pipeline_dag.py for tasks to queue
[2026-05-14T12:22:59.526+0000] {logging_mixin.py:188} INFO - [2026-05-14T12:22:59.460+0000] {dagbag.py:538} INFO - Filling up the DagBag from /opt/airflow/dags/hn_pipeline_dag.py
[2026-05-14T12:23:47.987+0000] {processor.py:840} INFO - DAG(s) 'hn_pipeline' retrieved from /opt/airflow/dags/hn_pipeline_dag.py
[2026-05-14T12:24:18.590+0000] {processor.py:161} INFO - Started process (PID=251) to work on /opt/airflow/dags/hn_pipeline_dag.py
[2026-05-14T12:24:18.591+0000] {processor.py:830} INFO - Processing file /opt/airflow/dags/hn_pipeline_dag.py for tasks to queue
[2026-05-14T12:24:18.592+0000] {logging_mixin.py:188} INFO - [2026-05-14T12:24:18.591+0000] {dagbag.py:538} INFO - Filling up the DagBag from /opt/airflow/dags/hn_pipeline_dag.py
[2026-05-14T12:24:18.610+0000] {processor.py:840} INFO - DAG(s) 'hn_pipeline' retrieved from /opt/airflow/dags/hn_pipeline_dag.py
[2026-05-14T12:24:18.724+0000] {logging_mixin.py:188} INFO - [2026-05-14T12:24:18.723+0000] {override.py:1769} INFO - Created Permission View: can read on DAG:hn_pipeline
[2026-05-14T12:24:18.726+0000] {logging_mixin.py:188} INFO - [2026-05-14T12:24:18.726+0000] {override.py:1769} INFO - Created Permission View: can delete on DAG:hn_pipeline
[2026-05-14T12:24:18.727+0000] {logging_mixin.py:188} INFO - [2026-05-14T12:24:18.727+0000] {dag.py:3036} INFO - Sync 1 DAGs
[2026-05-14T12:24:18.742+0000] {logging_mixin.py:188} INFO - [2026-05-14T12:24:18.742+0000] {dag.py:3823} INFO - Setting next_dagrun for hn_pipeline to 2026-05-14 12:00:00+00:00, run_after=2026-05-14 13:00:00+00:00
[2026-05-14T12:24:18.751+0000] {processor.py:183} INFO - Processing /opt/airflow/dags/hn_pipeline_dag.py took 0.165 seconds
[2026-05-14T12:24:48.970+0000] {processor.py:161} INFO - Started process (PID=256) to work on /opt/airflow/dags/hn_pipeline_dag.py
[2026-05-14T12:24:48.973+0000] {processor.py:830} INFO - Processing file /opt/airflow/dags/hn_pipeline_dag.py for tasks to queue
[2026-05-14T12:24:48.974+0000] {logging_mixin.py:188} INFO - [2026-05-14T12:24:48.974+0000] {dagbag.py:538} INFO - Filling up the DagBag from /opt/airflow/dags/hn_pipeline_dag.py
[2026-05-14T12:24:48.995+0000] {processor.py:840} INFO - DAG(s) 'hn_pipeline' retrieved from /opt/airflow/dags/hn_pipeline_dag.py
[2026-05-14T12:24:49.029+0000] {logging_mixin.py:188} INFO - [2026-05-14T12:24:49.029+0000] {dag.py:3036} INFO - Sync 1 DAGs
[2026-05-14T12:24:49.053+0000] {logging_mixin.py:188} INFO - [2026-05-14T12:24:49.053+0000] {dag.py:3823} INFO - Setting next_dagrun for hn_pipeline to 2026-05-14 12:00:00+00:00, run_after=2026-05-14 13:00:00+00:00
[2026-05-14T12:24:49.065+0000] {processor.py:183} INFO - Processing /opt/airflow/dags/hn_pipeline_dag.py took 0.101 seconds
[2026-05-14T12:25:19.220+0000] {processor.py:161} INFO - Started process (PID=261) to work on /opt/airflow/dags/hn_pipeline_dag.py
[2026-05-14T12:25:19.221+0000] {processor.py:830} INFO - Processing file /opt/airflow/dags/hn_pipeline_dag.py for tasks to queue
[2026-05-14T12:25:19.222+0000] {logging_mixin.py:188} INFO - [2026-05-14T12:25:19.222+0000] {dagbag.py:538} INFO - Filling up the DagBag from /opt/airflow/dags/hn_pipeline_dag.py
[2026-05-14T12:25:19.237+0000] {processor.py:840} INFO - DAG(s) 'hn_pipeline' retrieved from /opt/airflow/dags/hn_pipeline_dag.py
[2026-05-14T12:25:19.257+0000] {logging_mixin.py:188} INFO - [2026-05-14T12:25:19.257+0000] {dag.py:3036} INFO - Sync 1 DAGs
[2026-05-14T12:25:19.268+0000] {logging_mixin.py:188} INFO - [2026-05-14T12:25:19.268+0000] {dag.py:3823} INFO - Setting next_dagrun for hn_pipeline to 2026-05-14 12:00:00+00:00, run_after=2026-05-14 13:00:00+00:00
[2026-05-14T12:25:19.276+0000] {processor.py:183} INFO - Processing /opt/airflow/dags/hn_pipeline_dag.py took 0.059 seconds
[2026-05-14T12:26:12.474+0000] {processor.py:161} INFO - Started process (PID=266) to work on /opt/airflow/dags/hn_pipeline_dag.py
[2026-05-14T12:26:12.987+0000] {processor.py:830} INFO - Processing file /opt/airflow/dags/hn_pipeline_dag.py for tasks to queue
[2026-05-14T12:26:13.524+0000] {logging_mixin.py:188} INFO - [2026-05-14T12:26:13.854+0000] {dagbag.py:538} INFO - Filling up the DagBag from /opt/airflow/dags/hn_pipeline_dag.py
[2026-05-14T12:26:33.946+0000] {processor.py:840} INFO - DAG(s) 'hn_pipeline' retrieved from /opt/airflow/dags/hn_pipeline_dag.py
[2026-05-14T12:26:34.468+0000] {logging_mixin.py:188} INFO - [2026-05-14T12:26:34.465+0000] {dag.py:3036} INFO - Sync 1 DAGs
[2026-05-14T12:26:34.604+0000] {logging_mixin.py:188} INFO - [2026-05-14T12:26:34.603+0000] {dag.py:3823} INFO - Setting next_dagrun for hn_pipeline to 2026-05-14 12:00:00+00:00, run_after=2026-05-14 13:00:00+00:00
[2026-05-14T12:26:34.933+0000] {processor.py:183} INFO - Processing /opt/airflow/dags/hn_pipeline_dag.py took 22.728 seconds
[2026-05-14T12:27:05.251+0000] {processor.py:161} INFO - Started process (PID=271) to work on /opt/airflow/dags/hn_pipeline_dag.py
[2026-05-14T12:27:05.253+0000] {processor.py:830} INFO - Processing file /opt/airflow/dags/hn_pipeline_dag.py for tasks to queue
[2026-05-14T12:27:05.255+0000] {logging_mixin.py:188} INFO - [2026-05-14T12:27:05.254+0000] {dagbag.py:538} INFO - Filling up the DagBag from /opt/airflow/dags/hn_pipeline_dag.py
[2026-05-14T12:27:05.276+0000] {processor.py:840} INFO - DAG(s) 'hn_pipeline' retrieved from /opt/airflow/dags/hn_pipeline_dag.py
[2026-05-14T12:27:05.312+0000] {logging_mixin.py:188} INFO - [2026-05-14T12:27:05.312+0000] {dag.py:3036} INFO - Sync 1 DAGs
[2026-05-14T12:27:05.329+0000] {logging_mixin.py:188} INFO - [2026-05-14T12:27:05.329+0000] {dag.py:3823} INFO - Setting next_dagrun for hn_pipeline to 2026-05-14 12:00:00+00:00, run_after=2026-05-14 13:00:00+00:00
[2026-05-14T12:27:05.338+0000] {processor.py:183} INFO - Processing /opt/airflow/dags/hn_pipeline_dag.py took 0.093 seconds
[2026-05-14T12:27:35.554+0000] {processor.py:161} INFO - Started process (PID=276) to work on /opt/airflow/dags/hn_pipeline_dag.py
[2026-05-14T12:27:35.556+0000] {processor.py:830} INFO - Processing file /opt/airflow/dags/hn_pipeline_dag.py for tasks to queue
[2026-05-14T12:27:35.557+0000] {logging_mixin.py:188} INFO - [2026-05-14T12:27:35.556+0000] {dagbag.py:538} INFO - Filling up the DagBag from /opt/airflow/dags/hn_pipeline_dag.py
[2026-05-14T12:27:35.571+0000] {processor.py:840} INFO - DAG(s) 'hn_pipeline' retrieved from /opt/airflow/dags/hn_pipeline_dag.py
[2026-05-14T12:27:35.593+0000] {logging_mixin.py:188} INFO - [2026-05-14T12:27:35.592+0000] {dag.py:3036} INFO - Sync 1 DAGs
[2026-05-14T12:27:35.606+0000] {logging_mixin.py:188} INFO - [2026-05-14T12:27:35.606+0000] {dag.py:3823} INFO - Setting next_dagrun for hn_pipeline to 2026-05-14 12:00:00+00:00, run_after=2026-05-14 13:00:00+00:00
[2026-05-14T12:27:35.614+0000] {processor.py:183} INFO - Processing /opt/airflow/dags/hn_pipeline_dag.py took 0.063 seconds
[2026-05-14T12:28:05.994+0000] {processor.py:161} INFO - Started process (PID=281) to work on /opt/airflow/dags/hn_pipeline_dag.py
[2026-05-14T12:28:05.996+0000] {processor.py:830} INFO - Processing file /opt/airflow/dags/hn_pipeline_dag.py for tasks to queue
[2026-05-14T12:28:05.997+0000] {logging_mixin.py:188} INFO - [2026-05-14T12:28:05.997+0000] {dagbag.py:538} INFO - Filling up the DagBag from /opt/airflow/dags/hn_pipeline_dag.py
[2026-05-14T12:28:06.014+0000] {processor.py:840} INFO - DAG(s) 'hn_pipeline' retrieved from /opt/airflow/dags/hn_pipeline_dag.py
[2026-05-14T12:28:06.037+0000] {logging_mixin.py:188} INFO - [2026-05-14T12:28:06.037+0000] {dag.py:3036} INFO - Sync 1 DAGs
[2026-05-14T12:28:06.055+0000] {logging_mixin.py:188} INFO - [2026-05-14T12:28:06.055+0000] {dag.py:3823} INFO - Setting next_dagrun for hn_pipeline to 2026-05-14 12:00:00+00:00, run_after=2026-05-14 13:00:00+00:00
[2026-05-14T12:28:06.066+0000] {processor.py:183} INFO - Processing /opt/airflow/dags/hn_pipeline_dag.py took 0.078 seconds
[2026-05-14T12:28:36.321+0000] {processor.py:161} INFO - Started process (PID=286) to work on /opt/airflow/dags/hn_pipeline_dag.py
[2026-05-14T12:28:36.322+0000] {processor.py:830} INFO - Processing file /opt/airflow/dags/hn_pipeline_dag.py for tasks to queue
[2026-05-14T12:28:36.323+0000] {logging_mixin.py:188} INFO - [2026-05-14T12:28:36.323+0000] {dagbag.py:538} INFO - Filling up the DagBag from /opt/airflow/dags/hn_pipeline_dag.py
[2026-05-14T12:28:36.336+0000] {processor.py:840} INFO - DAG(s) 'hn_pipeline' retrieved from /opt/airflow/dags/hn_pipeline_dag.py
[2026-05-14T12:28:36.367+0000] {logging_mixin.py:188} INFO - [2026-05-14T12:28:36.366+0000] {dag.py:3036} INFO - Sync 1 DAGs
[2026-05-14T12:28:36.378+0000] {logging_mixin.py:188} INFO - [2026-05-14T12:28:36.378+0000] {dag.py:3823} INFO - Setting next_dagrun for hn_pipeline to 2026-05-14 12:00:00+00:00, run_after=2026-05-14 13:00:00+00:00
[2026-05-14T12:28:36.386+0000] {processor.py:183} INFO - Processing /opt/airflow/dags/hn_pipeline_dag.py took 0.069 seconds
[2026-05-14T12:29:06.421+0000] {processor.py:161} INFO - Started process (PID=291) to work on /opt/airflow/dags/hn_pipeline_dag.py
[2026-05-14T12:29:06.422+0000] {processor.py:830} INFO - Processing file /opt/airflow/dags/hn_pipeline_dag.py for tasks to queue
[2026-05-14T12:29:06.423+0000] {logging_mixin.py:188} INFO - [2026-05-14T12:29:06.423+0000] {dagbag.py:538} INFO - Filling up the DagBag from /opt/airflow/dags/hn_pipeline_dag.py
[2026-05-14T12:29:06.445+0000] {processor.py:840} INFO - DAG(s) 'hn_pipeline' retrieved from /opt/airflow/dags/hn_pipeline_dag.py
[2026-05-14T12:29:06.506+0000] {logging_mixin.py:188} INFO - [2026-05-14T12:29:06.505+0000] {dag.py:3036} INFO - Sync 1 DAGs
[2026-05-14T12:29:06.570+0000] {logging_mixin.py:188} INFO - [2026-05-14T12:29:06.565+0000] {dag.py:3823} INFO - Setting next_dagrun for hn_pipeline to 2026-05-14 12:00:00+00:00, run_after=2026-05-14 13:00:00+00:00
[2026-05-14T12:29:06.806+0000] {processor.py:183} INFO - Processing /opt/airflow/dags/hn_pipeline_dag.py took 0.388 seconds
[2026-05-14T12:29:36.995+0000] {processor.py:161} INFO - Started process (PID=296) to work on /opt/airflow/dags/hn_pipeline_dag.py
[2026-05-14T12:29:36.996+0000] {processor.py:830} INFO - Processing file /opt/airflow/dags/hn_pipeline_dag.py for tasks to queue
[2026-05-14T12:29:36.997+0000] {logging_mixin.py:188} INFO - [2026-05-14T12:29:36.996+0000] {dagbag.py:538} INFO - Filling up the DagBag from /opt/airflow/dags/hn_pipeline_dag.py
[2026-05-14T12:29:37.017+0000] {processor.py:840} INFO - DAG(s) 'hn_pipeline' retrieved from /opt/airflow/dags/hn_pipeline_dag.py
[2026-05-14T12:29:37.076+0000] {logging_mixin.py:188} INFO - [2026-05-14T12:29:37.075+0000] {dag.py:3036} INFO - Sync 1 DAGs
[2026-05-14T12:29:37.100+0000] {logging_mixin.py:188} INFO - [2026-05-14T12:29:37.097+0000] {dag.py:3823} INFO - Setting next_dagrun for hn_pipeline to 2026-05-14 12:00:00+00:00, run_after=2026-05-14 13:00:00+00:00
[2026-05-14T12:29:37.125+0000] {processor.py:183} INFO - Processing /opt/airflow/dags/hn_pipeline_dag.py took 0.135 seconds
[2026-05-14T12:30:07.404+0000] {processor.py:161} INFO - Started process (PID=301) to work on /opt/airflow/dags/hn_pipeline_dag.py
[2026-05-14T12:30:07.405+0000] {processor.py:830} INFO - Processing file /opt/airflow/dags/hn_pipeline_dag.py for tasks to queue
[2026-05-14T12:30:07.406+0000] {logging_mixin.py:188} INFO - [2026-05-14T12:30:07.406+0000] {dagbag.py:538} INFO - Filling up the DagBag from /opt/airflow/dags/hn_pipeline_dag.py
[2026-05-14T12:30:07.424+0000] {processor.py:840} INFO - DAG(s) 'hn_pipeline' retrieved from /opt/airflow/dags/hn_pipeline_dag.py
[2026-05-14T12:30:07.451+0000] {logging_mixin.py:188} INFO - [2026-05-14T12:30:07.451+0000] {dag.py:3036} INFO - Sync 1 DAGs
[2026-05-14T12:30:07.463+0000] {logging_mixin.py:188} INFO - [2026-05-14T12:30:07.463+0000] {dag.py:3823} INFO - Setting next_dagrun for hn_pipeline to 2026-05-14 12:00:00+00:00, run_after=2026-05-14 13:00:00+00:00
[2026-05-14T12:30:07.472+0000] {processor.py:183} INFO - Processing /opt/airflow/dags/hn_pipeline_dag.py took 0.072 seconds
[2026-05-14T12:30:37.722+0000] {processor.py:161} INFO - Started process (PID=306) to work on /opt/airflow/dags/hn_pipeline_dag.py
[2026-05-14T12:30:37.723+0000] {processor.py:830} INFO - Processing file /opt/airflow/dags/hn_pipeline_dag.py for tasks to queue
[2026-05-14T12:30:37.724+0000] {logging_mixin.py:188} INFO - [2026-05-14T12:30:37.724+0000] {dagbag.py:538} INFO - Filling up the DagBag from /opt/airflow/dags/hn_pipeline_dag.py
[2026-05-14T12:30:37.739+0000] {processor.py:840} INFO - DAG(s) 'hn_pipeline' retrieved from /opt/airflow/dags/hn_pipeline_dag.py
[2026-05-14T12:30:37.759+0000] {logging_mixin.py:188} INFO - [2026-05-14T12:30:37.759+0000] {dag.py:3036} INFO - Sync 1 DAGs
[2026-05-14T12:30:37.772+0000] {logging_mixin.py:188} INFO - [2026-05-14T12:30:37.772+0000] {dag.py:3823} INFO - Setting next_dagrun for hn_pipeline to 2026-05-14 12:00:00+00:00, run_after=2026-05-14 13:00:00+00:00
[2026-05-14T12:30:37.780+0000] {processor.py:183} INFO - Processing /opt/airflow/dags/hn_pipeline_dag.py took 0.062 seconds
[2026-05-14T12:31:07.924+0000] {processor.py:161} INFO - Started process (PID=311) to work on /opt/airflow/dags/hn_pipeline_dag.py
[2026-05-14T12:31:07.925+0000] {processor.py:830} INFO - Processing file /opt/airflow/dags/hn_pipeline_dag.py for tasks to queue
[2026-05-14T12:31:07.926+0000] {logging_mixin.py:188} INFO - [2026-05-14T12:31:07.926+0000] {dagbag.py:538} INFO - Filling up the DagBag from /opt/airflow/dags/hn_pipeline_dag.py
[2026-05-14T12:31:07.949+0000] {processor.py:840} INFO - DAG(s) 'hn_pipeline' retrieved from /opt/airflow/dags/hn_pipeline_dag.py
[2026-05-14T12:31:07.987+0000] {logging_mixin.py:188} INFO - [2026-05-14T12:31:07.986+0000] {dag.py:3036} INFO - Sync 1 DAGs
[2026-05-14T12:31:08.009+0000] {logging_mixin.py:188} INFO - [2026-05-14T12:31:08.009+0000] {dag.py:3823} INFO - Setting next_dagrun for hn_pipeline to 2026-05-14 12:00:00+00:00, run_after=2026-05-14 13:00:00+00:00
[2026-05-14T12:31:08.024+0000] {processor.py:183} INFO - Processing /opt/airflow/dags/hn_pipeline_dag.py took 0.106 seconds
[2026-05-14T12:31:39.081+0000] {processor.py:161} INFO - Started process (PID=316) to work on /opt/airflow/dags/hn_pipeline_dag.py
[2026-05-14T12:31:39.082+0000] {processor.py:830} INFO - Processing file /opt/airflow/dags/hn_pipeline_dag.py for tasks to queue
[2026-05-14T12:31:39.084+0000] {logging_mixin.py:188} INFO - [2026-05-14T12:31:39.083+0000] {dagbag.py:538} INFO - Filling up the DagBag from /opt/airflow/dags/hn_pipeline_dag.py
[2026-05-14T12:31:39.108+0000] {processor.py:840} INFO - DAG(s) 'hn_pipeline' retrieved from /opt/airflow/dags/hn_pipeline_dag.py
[2026-05-14T12:31:39.452+0000] {logging_mixin.py:188} INFO - [2026-05-14T12:31:39.451+0000] {dag.py:3036} INFO - Sync 1 DAGs
[2026-05-14T12:31:40.504+0000] {logging_mixin.py:188} INFO - [2026-05-14T12:31:40.474+0000] {dag.py:3823} INFO - Setting next_dagrun for hn_pipeline to 2026-05-14 12:00:00+00:00, run_after=2026-05-14 13:00:00+00:00
[2026-05-14T12:31:51.190+0000] {processor.py:183} INFO - Processing /opt/airflow/dags/hn_pipeline_dag.py took 12.258 seconds
[2026-05-14T12:32:21.531+0000] {processor.py:161} INFO - Started process (PID=321) to work on /opt/airflow/dags/hn_pipeline_dag.py
[2026-05-14T12:32:21.532+0000] {processor.py:830} INFO - Processing file /opt/airflow/dags/hn_pipeline_dag.py for tasks to queue
[2026-05-14T12:32:21.534+0000] {logging_mixin.py:188} INFO - [2026-05-14T12:32:21.533+0000] {dagbag.py:538} INFO - Filling up the DagBag from /opt/airflow/dags/hn_pipeline_dag.py
[2026-05-14T12:32:21.554+0000] {processor.py:840} INFO - DAG(s) 'hn_pipeline' retrieved from /opt/airflow/dags/hn_pipeline_dag.py
[2026-05-14T12:32:21.602+0000] {logging_mixin.py:188} INFO - [2026-05-14T12:32:21.601+0000] {dag.py:3036} INFO - Sync 1 DAGs
[2026-05-14T12:32:21.617+0000] {logging_mixin.py:188} INFO - [2026-05-14T12:32:21.617+0000] {dag.py:3823} INFO - Setting next_dagrun for hn_pipeline to 2026-05-14 12:00:00+00:00, run_after=2026-05-14 13:00:00+00:00
[2026-05-14T12:32:21.626+0000] {processor.py:183} INFO - Processing /opt/airflow/dags/hn_pipeline_dag.py took 0.100 seconds
[2026-05-14T12:32:51.822+0000] {processor.py:161} INFO - Started process (PID=326) to work on /opt/airflow/dags/hn_pipeline_dag.py
[2026-05-14T12:32:51.824+0000] {processor.py:830} INFO - Processing file /opt/airflow/dags/hn_pipeline_dag.py for tasks to queue
[2026-05-14T12:32:51.825+0000] {logging_mixin.py:188} INFO - [2026-05-14T12:32:51.824+0000] {dagbag.py:538} INFO - Filling up the DagBag from /opt/airflow/dags/hn_pipeline_dag.py
[2026-05-14T12:32:51.846+0000] {processor.py:840} INFO - DAG(s) 'hn_pipeline' retrieved from /opt/airflow/dags/hn_pipeline_dag.py
[2026-05-14T12:32:51.875+0000] {logging_mixin.py:188} INFO - [2026-05-14T12:32:51.874+0000] {dag.py:3036} INFO - Sync 1 DAGs
[2026-05-14T12:32:51.890+0000] {logging_mixin.py:188} INFO - [2026-05-14T12:32:51.890+0000] {dag.py:3823} INFO - Setting next_dagrun for hn_pipeline to 2026-05-14 12:00:00+00:00, run_after=2026-05-14 13:00:00+00:00
[2026-05-14T12:32:51.899+0000] {processor.py:183} INFO - Processing /opt/airflow/dags/hn_pipeline_dag.py took 0.083 seconds
[2026-05-14T12:33:22.084+0000] {processor.py:161} INFO - Started process (PID=331) to work on /opt/airflow/dags/hn_pipeline_dag.py
[2026-05-14T12:33:22.085+0000] {processor.py:830} INFO - Processing file /opt/airflow/dags/hn_pipeline_dag.py for tasks to queue
[2026-05-14T12:33:22.087+0000] {logging_mixin.py:188} INFO - [2026-05-14T12:33:22.086+0000] {dagbag.py:538} INFO - Filling up the DagBag from /opt/airflow/dags/hn_pipeline_dag.py
[2026-05-14T12:33:22.107+0000] {processor.py:840} INFO - DAG(s) 'hn_pipeline' retrieved from /opt/airflow/dags/hn_pipeline_dag.py
[2026-05-14T12:33:22.130+0000] {logging_mixin.py:188} INFO - [2026-05-14T12:33:22.130+0000] {dag.py:3036} INFO - Sync 1 DAGs
[2026-05-14T12:33:22.143+0000] {logging_mixin.py:188} INFO - [2026-05-14T12:33:22.142+0000] {dag.py:3823} INFO - Setting next_dagrun for hn_pipeline to 2026-05-14 12:00:00+00:00, run_after=2026-05-14 13:00:00+00:00
[2026-05-14T12:33:22.152+0000] {processor.py:183} INFO - Processing /opt/airflow/dags/hn_pipeline_dag.py took 0.074 seconds
[2026-05-14T12:33:52.608+0000] {processor.py:161} INFO - Started process (PID=336) to work on /opt/airflow/dags/hn_pipeline_dag.py
[2026-05-14T12:33:52.610+0000] {processor.py:830} INFO - Processing file /opt/airflow/dags/hn_pipeline_dag.py for tasks to queue
[2026-05-14T12:33:52.611+0000] {logging_mixin.py:188} INFO - [2026-05-14T12:33:52.610+0000] {dagbag.py:538} INFO - Filling up the DagBag from /opt/airflow/dags/hn_pipeline_dag.py
[2026-05-14T12:33:52.642+0000] {processor.py:840} INFO - DAG(s) 'hn_pipeline' retrieved from /opt/airflow/dags/hn_pipeline_dag.py
[2026-05-14T12:33:53.131+0000] {logging_mixin.py:188} INFO - [2026-05-14T12:33:53.129+0000] {dag.py:3036} INFO - Sync 1 DAGs
[2026-05-14T12:33:55.789+0000] {logging_mixin.py:188} INFO - [2026-05-14T12:33:55.664+0000] {dag.py:3823} INFO - Setting next_dagrun for hn_pipeline to 2026-05-14 12:00:00+00:00, run_after=2026-05-14 13:00:00+00:00
[2026-05-14T12:34:08.924+0000] {processor.py:183} INFO - Processing /opt/airflow/dags/hn_pipeline_dag.py took 16.520 seconds
[2026-05-14T12:34:39.298+0000] {processor.py:161} INFO - Started process (PID=341) to work on /opt/airflow/dags/hn_pipeline_dag.py
[2026-05-14T12:34:39.299+0000] {processor.py:830} INFO - Processing file /opt/airflow/dags/hn_pipeline_dag.py for tasks to queue
[2026-05-14T12:34:39.301+0000] {logging_mixin.py:188} INFO - [2026-05-14T12:34:39.300+0000] {dagbag.py:538} INFO - Filling up the DagBag from /opt/airflow/dags/hn_pipeline_dag.py
[2026-05-14T12:34:39.339+0000] {processor.py:840} INFO - DAG(s) 'hn_pipeline' retrieved from /opt/airflow/dags/hn_pipeline_dag.py
[2026-05-14T12:34:39.392+0000] {logging_mixin.py:188} INFO - [2026-05-14T12:34:39.392+0000] {dag.py:3036} INFO - Sync 1 DAGs
[2026-05-14T12:34:39.414+0000] {logging_mixin.py:188} INFO - [2026-05-14T12:34:39.414+0000] {dag.py:3823} INFO - Setting next_dagrun for hn_pipeline to 2026-05-14 12:00:00+00:00, run_after=2026-05-14 13:00:00+00:00
[2026-05-14T12:34:39.425+0000] {processor.py:183} INFO - Processing /opt/airflow/dags/hn_pipeline_dag.py took 0.135 seconds
[2026-05-14T12:35:09.688+0000] {processor.py:161} INFO - Started process (PID=346) to work on /opt/airflow/dags/hn_pipeline_dag.py
[2026-05-14T12:35:09.696+0000] {processor.py:830} INFO - Processing file /opt/airflow/dags/hn_pipeline_dag.py for tasks to queue
[2026-05-14T12:35:09.702+0000] {logging_mixin.py:188} INFO - [2026-05-14T12:35:09.702+0000] {dagbag.py:538} INFO - Filling up the DagBag from /opt/airflow/dags/hn_pipeline_dag.py
[2026-05-14T12:35:09.727+0000] {processor.py:840} INFO - DAG(s) 'hn_pipeline' retrieved from /opt/airflow/dags/hn_pipeline_dag.py
[2026-05-14T12:35:09.771+0000] {logging_mixin.py:188} INFO - [2026-05-14T12:35:09.770+0000] {dag.py:3036} INFO - Sync 1 DAGs
[2026-05-14T12:35:09.797+0000] {logging_mixin.py:188} INFO - [2026-05-14T12:35:09.797+0000] {dag.py:3823} INFO - Setting next_dagrun for hn_pipeline to 2026-05-14 12:00:00+00:00, run_after=2026-05-14 13:00:00+00:00
[2026-05-14T12:35:09.815+0000] {processor.py:183} INFO - Processing /opt/airflow/dags/hn_pipeline_dag.py took 0.147 seconds
[2026-05-14T12:35:39.953+0000] {processor.py:161} INFO - Started process (PID=351) to work on /opt/airflow/dags/hn_pipeline_dag.py
[2026-05-14T12:35:39.956+0000] {processor.py:830} INFO - Processing file /opt/airflow/dags/hn_pipeline_dag.py for tasks to queue
[2026-05-14T12:35:39.957+0000] {logging_mixin.py:188} INFO - [2026-05-14T12:35:39.957+0000] {dagbag.py:538} INFO - Filling up the DagBag from /opt/airflow/dags/hn_pipeline_dag.py
[2026-05-14T12:35:39.980+0000] {processor.py:840} INFO - DAG(s) 'hn_pipeline' retrieved from /opt/airflow/dags/hn_pipeline_dag.py
[2026-05-14T12:35:40.006+0000] {logging_mixin.py:188} INFO - [2026-05-14T12:35:40.006+0000] {dag.py:3036} INFO - Sync 1 DAGs
[2026-05-14T12:35:40.022+0000] {logging_mixin.py:188} INFO - [2026-05-14T12:35:40.022+0000] {dag.py:3823} INFO - Setting next_dagrun for hn_pipeline to 2026-05-14 12:00:00+00:00, run_after=2026-05-14 13:00:00+00:00
[2026-05-14T12:35:40.031+0000] {processor.py:183} INFO - Processing /opt/airflow/dags/hn_pipeline_dag.py took 0.087 seconds
[2026-05-14T12:36:21.449+0000] {processor.py:161} INFO - Started process (PID=356) to work on /opt/airflow/dags/hn_pipeline_dag.py
[2026-05-14T12:36:21.503+0000] {processor.py:830} INFO - Processing file /opt/airflow/dags/hn_pipeline_dag.py for tasks to queue
[2026-05-14T12:36:21.640+0000] {logging_mixin.py:188} INFO - [2026-05-14T12:36:21.607+0000] {dagbag.py:538} INFO - Filling up the DagBag from /opt/airflow/dags/hn_pipeline_dag.py
[2026-05-14T12:36:23.110+0000] {processor.py:840} INFO - DAG(s) 'hn_pipeline' retrieved from /opt/airflow/dags/hn_pipeline_dag.py
[2026-05-14T12:36:37.171+0000] {logging_mixin.py:188} INFO - [2026-05-14T12:36:37.139+0000] {dag.py:3036} INFO - Sync 1 DAGs
[2026-05-14T12:37:37.100+0000] {processor.py:161} INFO - Started process (PID=359) to work on /opt/airflow/dags/hn_pipeline_dag.py
[2026-05-14T12:37:37.100+0000] {processor.py:830} INFO - Processing file /opt/airflow/dags/hn_pipeline_dag.py for tasks to queue
[2026-05-14T12:37:37.101+0000] {logging_mixin.py:188} INFO - [2026-05-14T12:37:37.101+0000] {dagbag.py:538} INFO - Filling up the DagBag from /opt/airflow/dags/hn_pipeline_dag.py
[2026-05-14T12:37:37.130+0000] {processor.py:840} INFO - DAG(s) 'hn_pipeline' retrieved from /opt/airflow/dags/hn_pipeline_dag.py
[2026-05-14T12:37:37.345+0000] {logging_mixin.py:188} INFO - [2026-05-14T12:37:37.344+0000] {dag.py:3036} INFO - Sync 1 DAGs
[2026-05-14T12:37:37.365+0000] {logging_mixin.py:188} INFO - [2026-05-14T12:37:37.365+0000] {dag.py:3823} INFO - Setting next_dagrun for hn_pipeline to 2026-05-14 12:00:00+00:00, run_after=2026-05-14 13:00:00+00:00
[2026-05-14T12:37:37.382+0000] {processor.py:183} INFO - Processing /opt/airflow/dags/hn_pipeline_dag.py took 0.285 seconds
[2026-05-14T12:38:18.865+0000] {processor.py:161} INFO - Started process (PID=364) to work on /opt/airflow/dags/hn_pipeline_dag.py
[2026-05-14T12:38:19.617+0000] {processor.py:830} INFO - Processing file /opt/airflow/dags/hn_pipeline_dag.py for tasks to queue
[2026-05-14T12:38:23.023+0000] {logging_mixin.py:188} INFO - [2026-05-14T12:38:19.051+0000] {dagbag.py:538} INFO - Filling up the DagBag from /opt/airflow/dags/hn_pipeline_dag.py
[2026-05-14T12:38:32.091+0000] {processor.py:840} INFO - DAG(s) 'hn_pipeline' retrieved from /opt/airflow/dags/hn_pipeline_dag.py
[2026-05-14T12:38:42.826+0000] {logging_mixin.py:188} INFO - [2026-05-14T12:38:42.806+0000] {dag.py:3036} INFO - Sync 1 DAGs
[2026-05-14T12:38:51.468+0000] {logging_mixin.py:188} INFO - [2026-05-14T12:38:51.193+0000] {dag.py:3823} INFO - Setting next_dagrun for hn_pipeline to 2026-05-14 12:00:00+00:00, run_after=2026-05-14 13:00:00+00:00
[2026-05-14T12:38:53.538+0000] {processor.py:183} INFO - Processing /opt/airflow/dags/hn_pipeline_dag.py took 36.044 seconds
[2026-05-14T12:39:23.734+0000] {processor.py:161} INFO - Started process (PID=369) to work on /opt/airflow/dags/hn_pipeline_dag.py
[2026-05-14T12:39:23.735+0000] {processor.py:830} INFO - Processing file /opt/airflow/dags/hn_pipeline_dag.py for tasks to queue
[2026-05-14T12:39:23.736+0000] {logging_mixin.py:188} INFO - [2026-05-14T12:39:23.736+0000] {dagbag.py:538} INFO - Filling up the DagBag from /opt/airflow/dags/hn_pipeline_dag.py
[2026-05-14T12:39:23.767+0000] {processor.py:840} INFO - DAG(s) 'hn_pipeline' retrieved from /opt/airflow/dags/hn_pipeline_dag.py
[2026-05-14T12:39:23.811+0000] {logging_mixin.py:188} INFO - [2026-05-14T12:39:23.811+0000] {dag.py:3036} INFO - Sync 1 DAGs
[2026-05-14T12:39:23.826+0000] {logging_mixin.py:188} INFO - [2026-05-14T12:39:23.826+0000] {dag.py:3823} INFO - Setting next_dagrun for hn_pipeline to 2026-05-14 12:00:00+00:00, run_after=2026-05-14 13:00:00+00:00
[2026-05-14T12:39:23.833+0000] {processor.py:183} INFO - Processing /opt/airflow/dags/hn_pipeline_dag.py took 0.104 seconds
[2026-05-14T12:39:53.910+0000] {processor.py:161} INFO - Started process (PID=374) to work on /opt/airflow/dags/hn_pipeline_dag.py
[2026-05-14T12:39:53.911+0000] {processor.py:830} INFO - Processing file /opt/airflow/dags/hn_pipeline_dag.py for tasks to queue
[2026-05-14T12:39:53.912+0000] {logging_mixin.py:188} INFO - [2026-05-14T12:39:53.912+0000] {dagbag.py:538} INFO - Filling up the DagBag from /opt/airflow/dags/hn_pipeline_dag.py
[2026-05-14T12:39:53.927+0000] {processor.py:840} INFO - DAG(s) 'hn_pipeline' retrieved from /opt/airflow/dags/hn_pipeline_dag.py
[2026-05-14T12:39:53.953+0000] {logging_mixin.py:188} INFO - [2026-05-14T12:39:53.953+0000] {dag.py:3036} INFO - Sync 1 DAGs
[2026-05-14T12:39:53.965+0000] {logging_mixin.py:188} INFO - [2026-05-14T12:39:53.965+0000] {dag.py:3823} INFO - Setting next_dagrun for hn_pipeline to 2026-05-14 12:00:00+00:00, run_after=2026-05-14 13:00:00+00:00
[2026-05-14T12:39:53.973+0000] {processor.py:183} INFO - Processing /opt/airflow/dags/hn_pipeline_dag.py took 0.068 seconds
[2026-05-14T12:40:24.258+0000] {processor.py:161} INFO - Started process (PID=379) to work on /opt/airflow/dags/hn_pipeline_dag.py
[2026-05-14T12:40:24.259+0000] {processor.py:830} INFO - Processing file /opt/airflow/dags/hn_pipeline_dag.py for tasks to queue
[2026-05-14T12:40:24.260+0000] {logging_mixin.py:188} INFO - [2026-05-14T12:40:24.260+0000] {dagbag.py:538} INFO - Filling up the DagBag from /opt/airflow/dags/hn_pipeline_dag.py
[2026-05-14T12:40:24.278+0000] {processor.py:840} INFO - DAG(s) 'hn_pipeline' retrieved from /opt/airflow/dags/hn_pipeline_dag.py
[2026-05-14T12:40:24.297+0000] {logging_mixin.py:188} INFO - [2026-05-14T12:40:24.297+0000] {dag.py:3036} INFO - Sync 1 DAGs
[2026-05-14T12:40:24.309+0000] {logging_mixin.py:188} INFO - [2026-05-14T12:40:24.309+0000] {dag.py:3823} INFO - Setting next_dagrun for hn_pipeline to 2026-05-14 12:00:00+00:00, run_after=2026-05-14 13:00:00+00:00
[2026-05-14T12:40:24.316+0000] {processor.py:183} INFO - Processing /opt/airflow/dags/hn_pipeline_dag.py took 0.063 seconds
[2026-05-14T12:40:54.836+0000] {processor.py:161} INFO - Started process (PID=384) to work on /opt/airflow/dags/hn_pipeline_dag.py
[2026-05-14T12:40:54.837+0000] {processor.py:830} INFO - Processing file /opt/airflow/dags/hn_pipeline_dag.py for tasks to queue
[2026-05-14T12:40:54.838+0000] {logging_mixin.py:188} INFO - [2026-05-14T12:40:54.838+0000] {dagbag.py:538} INFO - Filling up the DagBag from /opt/airflow/dags/hn_pipeline_dag.py
[2026-05-14T12:40:55.393+0000] {processor.py:840} INFO - DAG(s) 'hn_pipeline' retrieved from /opt/airflow/dags/hn_pipeline_dag.py
[2026-05-14T12:40:55.485+0000] {logging_mixin.py:188} INFO - [2026-05-14T12:40:55.483+0000] {dag.py:3036} INFO - Sync 1 DAGs
[2026-05-14T12:40:55.535+0000] {logging_mixin.py:188} INFO - [2026-05-14T12:40:55.534+0000] {dag.py:3823} INFO - Setting next_dagrun for hn_pipeline to 2026-05-14 12:00:00+00:00, run_after=2026-05-14 13:00:00+00:00
[2026-05-14T12:40:55.581+0000] {processor.py:183} INFO - Processing /opt/airflow/dags/hn_pipeline_dag.py took 0.751 seconds
[2026-05-14T12:41:25.886+0000] {processor.py:161} INFO - Started process (PID=389) to work on /opt/airflow/dags/hn_pipeline_dag.py
[2026-05-14T12:41:25.888+0000] {processor.py:830} INFO - Processing file /opt/airflow/dags/hn_pipeline_dag.py for tasks to queue
[2026-05-14T12:41:25.890+0000] {logging_mixin.py:188} INFO - [2026-05-14T12:41:25.889+0000] {dagbag.py:538} INFO - Filling up the DagBag from /opt/airflow/dags/hn_pipeline_dag.py
[2026-05-14T12:41:25.917+0000] {processor.py:840} INFO - DAG(s) 'hn_pipeline' retrieved from /opt/airflow/dags/hn_pipeline_dag.py
[2026-05-14T12:41:26.083+0000] {logging_mixin.py:188} INFO - [2026-05-14T12:41:26.063+0000] {dag.py:3036} INFO - Sync 1 DAGs
[2026-05-14T12:41:27.151+0000] {logging_mixin.py:188} INFO - [2026-05-14T12:41:27.149+0000] {dag.py:3823} INFO - Setting next_dagrun for hn_pipeline to 2026-05-14 12:00:00+00:00, run_after=2026-05-14 13:00:00+00:00
[2026-05-14T12:44:17.800+0000] {processor.py:183} INFO - Processing /opt/airflow/dags/hn_pipeline_dag.py took 12.945 seconds
[2026-05-14T12:54:38.057+0000] {processor.py:161} INFO - Started process (PID=394) to work on /opt/airflow/dags/hn_pipeline_dag.py
[2026-05-14T12:54:38.058+0000] {processor.py:830} INFO - Processing file /opt/airflow/dags/hn_pipeline_dag.py for tasks to queue
[2026-05-14T12:54:38.059+0000] {logging_mixin.py:188} INFO - [2026-05-14T12:54:38.058+0000] {dagbag.py:538} INFO - Filling up the DagBag from /opt/airflow/dags/hn_pipeline_dag.py
[2026-05-14T12:54:38.076+0000] {processor.py:840} INFO - DAG(s) 'hn_pipeline' retrieved from /opt/airflow/dags/hn_pipeline_dag.py
[2026-05-14T12:54:38.156+0000] {logging_mixin.py:188} INFO - [2026-05-14T12:54:38.155+0000] {dag.py:3036} INFO - Sync 1 DAGs
[2026-05-14T12:54:38.167+0000] {logging_mixin.py:188} INFO - [2026-05-14T12:54:38.167+0000] {dag.py:3823} INFO - Setting next_dagrun for hn_pipeline to 2026-05-14 12:00:00+00:00, run_after=2026-05-14 13:00:00+00:00
[2026-05-14T12:54:38.175+0000] {processor.py:183} INFO - Processing /opt/airflow/dags/hn_pipeline_dag.py took 0.121 seconds
[2026-05-14T13:02:41.062+0000] {processor.py:161} INFO - Started process (PID=402) to work on /opt/airflow/dags/hn_pipeline_dag.py
[2026-05-14T13:02:41.063+0000] {processor.py:830} INFO - Processing file /opt/airflow/dags/hn_pipeline_dag.py for tasks to queue
[2026-05-14T13:02:41.064+0000] {logging_mixin.py:188} INFO - [2026-05-14T13:02:41.063+0000] {dagbag.py:538} INFO - Filling up the DagBag from /opt/airflow/dags/hn_pipeline_dag.py
[2026-05-14T13:02:41.072+0000] {processor.py:840} INFO - DAG(s) 'hn_pipeline' retrieved from /opt/airflow/dags/hn_pipeline_dag.py
[2026-05-14T13:02:41.092+0000] {logging_mixin.py:188} INFO - [2026-05-14T13:02:41.091+0000] {dag.py:3036} INFO - Sync 1 DAGs
[2026-05-14T13:02:41.104+0000] {logging_mixin.py:188} INFO - [2026-05-14T13:02:41.104+0000] {dag.py:3823} INFO - Setting next_dagrun for hn_pipeline to 2026-05-14 13:00:00+00:00, run_after=2026-05-14 14:00:00+00:00
[2026-05-14T13:02:41.114+0000] {processor.py:183} INFO - Processing /opt/airflow/dags/hn_pipeline_dag.py took 0.054 seconds
[2026-05-14T13:03:48.889+0000] {processor.py:161} INFO - Started process (PID=412) to work on /opt/airflow/dags/hn_pipeline_dag.py
[2026-05-14T13:03:48.890+0000] {processor.py:830} INFO - Processing file /opt/airflow/dags/hn_pipeline_dag.py for tasks to queue
[2026-05-14T13:03:48.890+0000] {logging_mixin.py:188} INFO - [2026-05-14T13:03:48.890+0000] {dagbag.py:538} INFO - Filling up the DagBag from /opt/airflow/dags/hn_pipeline_dag.py
[2026-05-14T13:03:48.900+0000] {processor.py:840} INFO - DAG(s) 'hn_pipeline' retrieved from /opt/airflow/dags/hn_pipeline_dag.py
[2026-05-14T13:03:48.916+0000] {logging_mixin.py:188} INFO - [2026-05-14T13:03:48.916+0000] {dag.py:3036} INFO - Sync 1 DAGs
[2026-05-14T13:03:48.927+0000] {logging_mixin.py:188} INFO - [2026-05-14T13:03:48.927+0000] {dag.py:3823} INFO - Setting next_dagrun for hn_pipeline to 2026-05-14 13:00:00+00:00, run_after=2026-05-14 14:00:00+00:00
[2026-05-14T13:03:48.934+0000] {processor.py:183} INFO - Processing /opt/airflow/dags/hn_pipeline_dag.py took 0.048 seconds
[2026-05-14T13:20:58.120+0000] {processor.py:161} INFO - Started process (PID=419) to work on /opt/airflow/dags/hn_pipeline_dag.py
[2026-05-14T13:20:58.121+0000] {processor.py:830} INFO - Processing file /opt/airflow/dags/hn_pipeline_dag.py for tasks to queue
[2026-05-14T13:20:58.123+0000] {logging_mixin.py:188} INFO - [2026-05-14T13:20:58.122+0000] {dagbag.py:538} INFO - Filling up the DagBag from /opt/airflow/dags/hn_pipeline_dag.py
[2026-05-14T13:20:58.177+0000] {processor.py:840} INFO - DAG(s) 'hn_pipeline' retrieved from /opt/airflow/dags/hn_pipeline_dag.py
[2026-05-14T13:20:58.230+0000] {logging_mixin.py:188} INFO - [2026-05-14T13:20:58.229+0000] {dag.py:3036} INFO - Sync 1 DAGs
[2026-05-14T13:20:58.269+0000] {logging_mixin.py:188} INFO - [2026-05-14T13:20:58.268+0000] {dag.py:3823} INFO - Setting next_dagrun for hn_pipeline to 2026-05-14 13:00:00+00:00, run_after=2026-05-14 14:00:00+00:00
[2026-05-14T13:20:58.289+0000] {processor.py:183} INFO - Processing /opt/airflow/dags/hn_pipeline_dag.py took 0.180 seconds
[2026-05-14T13:40:12.299+0000] {processor.py:161} INFO - Started process (PID=426) to work on /opt/airflow/dags/hn_pipeline_dag.py
[2026-05-14T13:40:12.301+0000] {processor.py:830} INFO - Processing file /opt/airflow/dags/hn_pipeline_dag.py for tasks to queue
[2026-05-14T13:40:12.302+0000] {logging_mixin.py:188} INFO - [2026-05-14T13:40:12.302+0000] {dagbag.py:538} INFO - Filling up the DagBag from /opt/airflow/dags/hn_pipeline_dag.py
[2026-05-14T13:40:12.320+0000] {processor.py:840} INFO - DAG(s) 'hn_pipeline' retrieved from /opt/airflow/dags/hn_pipeline_dag.py
[2026-05-14T13:40:12.344+0000] {logging_mixin.py:188} INFO - [2026-05-14T13:40:12.344+0000] {dag.py:3036} INFO - Sync 1 DAGs
[2026-05-14T13:40:12.365+0000] {logging_mixin.py:188} INFO - [2026-05-14T13:40:12.365+0000] {dag.py:3823} INFO - Setting next_dagrun for hn_pipeline to 2026-05-14 13:00:00+00:00, run_after=2026-05-14 14:00:00+00:00
[2026-05-14T13:40:12.382+0000] {processor.py:183} INFO - Processing /opt/airflow/dags/hn_pipeline_dag.py took 0.087 seconds
[2026-05-14T13:56:13.933+0000] {processor.py:161} INFO - Started process (PID=435) to work on /opt/airflow/dags/hn_pipeline_dag.py
[2026-05-14T13:56:13.979+0000] {processor.py:830} INFO - Processing file /opt/airflow/dags/hn_pipeline_dag.py for tasks to queue
[2026-05-14T13:56:14.081+0000] {logging_mixin.py:188} INFO - [2026-05-14T13:56:14.031+0000] {dagbag.py:538} INFO - Filling up the DagBag from /opt/airflow/dags/hn_pipeline_dag.py
[2026-05-14T13:56:18.582+0000] {processor.py:840} INFO - DAG(s) 'hn_pipeline' retrieved from /opt/airflow/dags/hn_pipeline_dag.py
[2026-05-14T14:42:18.713+0000] {processor.py:161} INFO - Started process (PID=441) to work on /opt/airflow/dags/hn_pipeline_dag.py
[2026-05-14T14:42:18.714+0000] {processor.py:830} INFO - Processing file /opt/airflow/dags/hn_pipeline_dag.py for tasks to queue
[2026-05-14T14:42:18.715+0000] {logging_mixin.py:188} INFO - [2026-05-14T14:42:18.714+0000] {dagbag.py:538} INFO - Filling up the DagBag from /opt/airflow/dags/hn_pipeline_dag.py
[2026-05-14T14:42:18.730+0000] {processor.py:840} INFO - DAG(s) 'hn_pipeline' retrieved from /opt/airflow/dags/hn_pipeline_dag.py
[2026-05-14T14:42:18.804+0000] {logging_mixin.py:188} INFO - [2026-05-14T14:42:18.804+0000] {dag.py:3036} INFO - Sync 1 DAGs
[2026-05-14T14:42:18.815+0000] {logging_mixin.py:188} INFO - [2026-05-14T14:42:18.815+0000] {dag.py:3823} INFO - Setting next_dagrun for hn_pipeline to 2026-05-14 13:00:00+00:00, run_after=2026-05-14 14:00:00+00:00
[2026-05-14T14:42:18.822+0000] {processor.py:183} INFO - Processing /opt/airflow/dags/hn_pipeline_dag.py took 0.113 seconds
[2026-05-14T14:59:54.411+0000] {processor.py:161} INFO - Started process (PID=452) to work on /opt/airflow/dags/hn_pipeline_dag.py
[2026-05-14T14:59:54.412+0000] {processor.py:830} INFO - Processing file /opt/airflow/dags/hn_pipeline_dag.py for tasks to queue
[2026-05-14T14:59:54.412+0000] {logging_mixin.py:188} INFO - [2026-05-14T14:59:54.412+0000] {dagbag.py:538} INFO - Filling up the DagBag from /opt/airflow/dags/hn_pipeline_dag.py
[2026-05-14T14:59:54.420+0000] {processor.py:840} INFO - DAG(s) 'hn_pipeline' retrieved from /opt/airflow/dags/hn_pipeline_dag.py
[2026-05-14T14:59:54.441+0000] {logging_mixin.py:188} INFO - [2026-05-14T14:59:54.441+0000] {dag.py:3036} INFO - Sync 1 DAGs
[2026-05-14T14:59:54.451+0000] {logging_mixin.py:188} INFO - [2026-05-14T14:59:54.451+0000] {dag.py:3823} INFO - Setting next_dagrun for hn_pipeline to 2026-05-14 14:00:00+00:00, run_after=2026-05-14 15:00:00+00:00
[2026-05-14T14:59:54.460+0000] {processor.py:183} INFO - Processing /opt/airflow/dags/hn_pipeline_dag.py took 0.051 seconds
[2026-05-14T15:17:52.343+0000] {processor.py:161} INFO - Started process (PID=459) to work on /opt/airflow/dags/hn_pipeline_dag.py
[2026-05-14T15:17:52.344+0000] {processor.py:830} INFO - Processing file /opt/airflow/dags/hn_pipeline_dag.py for tasks to queue
[2026-05-14T15:17:52.345+0000] {logging_mixin.py:188} INFO - [2026-05-14T15:17:52.345+0000] {dagbag.py:538} INFO - Filling up the DagBag from /opt/airflow/dags/hn_pipeline_dag.py
[2026-05-14T15:17:52.356+0000] {processor.py:840} INFO - DAG(s) 'hn_pipeline' retrieved from /opt/airflow/dags/hn_pipeline_dag.py
[2026-05-14T15:17:52.371+0000] {logging_mixin.py:188} INFO - [2026-05-14T15:17:52.371+0000] {dag.py:3036} INFO - Sync 1 DAGs
[2026-05-14T15:17:52.382+0000] {logging_mixin.py:188} INFO - [2026-05-14T15:17:52.382+0000] {dag.py:3823} INFO - Setting next_dagrun for hn_pipeline to 2026-05-14 15:00:00+00:00, run_after=2026-05-14 16:00:00+00:00
[2026-05-14T15:17:52.388+0000] {processor.py:183} INFO - Processing /opt/airflow/dags/hn_pipeline_dag.py took 0.049 seconds
[2026-05-14T15:43:19.436+0000] {processor.py:161} INFO - Started process (PID=470) to work on /opt/airflow/dags/hn_pipeline_dag.py
[2026-05-14T15:43:19.437+0000] {processor.py:830} INFO - Processing file /opt/airflow/dags/hn_pipeline_dag.py for tasks to queue
[2026-05-14T15:43:19.437+0000] {logging_mixin.py:188} INFO - [2026-05-14T15:43:19.437+0000] {dagbag.py:538} INFO - Filling up the DagBag from /opt/airflow/dags/hn_pipeline_dag.py
[2026-05-14T15:43:19.446+0000] {processor.py:840} INFO - DAG(s) 'hn_pipeline' retrieved from /opt/airflow/dags/hn_pipeline_dag.py
[2026-05-14T15:43:19.461+0000] {logging_mixin.py:188} INFO - [2026-05-14T15:43:19.461+0000] {dag.py:3036} INFO - Sync 1 DAGs
[2026-05-14T15:43:19.471+0000] {logging_mixin.py:188} INFO - [2026-05-14T15:43:19.471+0000] {dag.py:3823} INFO - Setting next_dagrun for hn_pipeline to 2026-05-14 15:00:00+00:00, run_after=2026-05-14 16:00:00+00:00
[2026-05-14T15:43:19.478+0000] {processor.py:183} INFO - Processing /opt/airflow/dags/hn_pipeline_dag.py took 0.044 seconds
[2026-05-14T15:57:03.992+0000] {processor.py:161} INFO - Started process (PID=477) to work on /opt/airflow/dags/hn_pipeline_dag.py
[2026-05-14T15:57:03.993+0000] {processor.py:830} INFO - Processing file /opt/airflow/dags/hn_pipeline_dag.py for tasks to queue
[2026-05-14T15:57:03.994+0000] {logging_mixin.py:188} INFO - [2026-05-14T15:57:03.993+0000] {dagbag.py:538} INFO - Filling up the DagBag from /opt/airflow/dags/hn_pipeline_dag.py
[2026-05-14T15:57:04.015+0000] {processor.py:840} INFO - DAG(s) 'hn_pipeline' retrieved from /opt/airflow/dags/hn_pipeline_dag.py
[2026-05-14T15:57:04.045+0000] {logging_mixin.py:188} INFO - [2026-05-14T15:57:04.045+0000] {dag.py:3036} INFO - Sync 1 DAGs
[2026-05-14T15:57:04.068+0000] {logging_mixin.py:188} INFO - [2026-05-14T15:57:04.068+0000] {dag.py:3823} INFO - Setting next_dagrun for hn_pipeline to 2026-05-14 15:00:00+00:00, run_after=2026-05-14 16:00:00+00:00
[2026-05-14T15:57:04.298+0000] {processor.py:183} INFO - Processing /opt/airflow/dags/hn_pipeline_dag.py took 0.311 seconds
[2026-05-14T15:57:34.342+0000] {processor.py:161} INFO - Started process (PID=482) to work on /opt/airflow/dags/hn_pipeline_dag.py
[2026-05-14T15:57:34.343+0000] {processor.py:830} INFO - Processing file /opt/airflow/dags/hn_pipeline_dag.py for tasks to queue
[2026-05-14T15:57:34.344+0000] {logging_mixin.py:188} INFO - [2026-05-14T15:57:34.344+0000] {dagbag.py:538} INFO - Filling up the DagBag from /opt/airflow/dags/hn_pipeline_dag.py
[2026-05-14T15:57:34.362+0000] {processor.py:840} INFO - DAG(s) 'hn_pipeline' retrieved from /opt/airflow/dags/hn_pipeline_dag.py
[2026-05-14T15:57:34.383+0000] {logging_mixin.py:188} INFO - [2026-05-14T15:57:34.383+0000] {dag.py:3036} INFO - Sync 1 DAGs
[2026-05-14T15:57:34.400+0000] {logging_mixin.py:188} INFO - [2026-05-14T15:57:34.400+0000] {dag.py:3823} INFO - Setting next_dagrun for hn_pipeline to 2026-05-14 15:00:00+00:00, run_after=2026-05-14 16:00:00+00:00
[2026-05-14T15:57:34.408+0000] {processor.py:183} INFO - Processing /opt/airflow/dags/hn_pipeline_dag.py took 0.069 seconds
[2026-05-14T15:58:04.933+0000] {processor.py:161} INFO - Started process (PID=487) to work on /opt/airflow/dags/hn_pipeline_dag.py
[2026-05-14T15:58:05.119+0000] {processor.py:830} INFO - Processing file /opt/airflow/dags/hn_pipeline_dag.py for tasks to queue
[2026-05-14T15:58:05.259+0000] {logging_mixin.py:188} INFO - [2026-05-14T15:58:05.227+0000] {dagbag.py:538} INFO - Filling up the DagBag from /opt/airflow/dags/hn_pipeline_dag.py
[2026-05-14T15:58:08.322+0000] {processor.py:840} INFO - DAG(s) 'hn_pipeline' retrieved from /opt/airflow/dags/hn_pipeline_dag.py
[2026-05-14T15:58:11.636+0000] {logging_mixin.py:188} INFO - [2026-05-14T15:58:11.629+0000] {dag.py:3036} INFO - Sync 1 DAGs
[2026-05-14T15:58:11.682+0000] {logging_mixin.py:188} INFO - [2026-05-14T15:58:11.682+0000] {dag.py:3823} INFO - Setting next_dagrun for hn_pipeline to 2026-05-14 15:00:00+00:00, run_after=2026-05-14 16:00:00+00:00
[2026-05-14T15:58:11.721+0000] {processor.py:183} INFO - Processing /opt/airflow/dags/hn_pipeline_dag.py took 6.854 seconds
[2026-05-14T15:58:41.885+0000] {processor.py:161} INFO - Started process (PID=492) to work on /opt/airflow/dags/hn_pipeline_dag.py
[2026-05-14T15:58:41.888+0000] {processor.py:830} INFO - Processing file /opt/airflow/dags/hn_pipeline_dag.py for tasks to queue
[2026-05-14T15:58:41.890+0000] {logging_mixin.py:188} INFO - [2026-05-14T15:58:41.889+0000] {dagbag.py:538} INFO - Filling up the DagBag from /opt/airflow/dags/hn_pipeline_dag.py
[2026-05-14T15:58:41.926+0000] {processor.py:840} INFO - DAG(s) 'hn_pipeline' retrieved from /opt/airflow/dags/hn_pipeline_dag.py
[2026-05-14T15:58:42.001+0000] {logging_mixin.py:188} INFO - [2026-05-14T15:58:42.001+0000] {dag.py:3036} INFO - Sync 1 DAGs
[2026-05-14T15:58:42.034+0000] {logging_mixin.py:188} INFO - [2026-05-14T15:58:42.033+0000] {dag.py:3823} INFO - Setting next_dagrun for hn_pipeline to 2026-05-14 15:00:00+00:00, run_after=2026-05-14 16:00:00+00:00
[2026-05-14T15:58:42.046+0000] {processor.py:183} INFO - Processing /opt/airflow/dags/hn_pipeline_dag.py took 0.168 seconds
[2026-05-14T15:59:12.322+0000] {processor.py:161} INFO - Started process (PID=497) to work on /opt/airflow/dags/hn_pipeline_dag.py
[2026-05-14T15:59:12.324+0000] {processor.py:830} INFO - Processing file /opt/airflow/dags/hn_pipeline_dag.py for tasks to queue
[2026-05-14T15:59:12.325+0000] {logging_mixin.py:188} INFO - [2026-05-14T15:59:12.324+0000] {dagbag.py:538} INFO - Filling up the DagBag from /opt/airflow/dags/hn_pipeline_dag.py
[2026-05-14T15:59:12.344+0000] {processor.py:840} INFO - DAG(s) 'hn_pipeline' retrieved from /opt/airflow/dags/hn_pipeline_dag.py
[2026-05-14T15:59:12.375+0000] {logging_mixin.py:188} INFO - [2026-05-14T15:59:12.375+0000] {dag.py:3036} INFO - Sync 1 DAGs
[2026-05-14T15:59:12.390+0000] {logging_mixin.py:188} INFO - [2026-05-14T15:59:12.390+0000] {dag.py:3823} INFO - Setting next_dagrun for hn_pipeline to 2026-05-14 15:00:00+00:00, run_after=2026-05-14 16:00:00+00:00
[2026-05-14T15:59:12.403+0000] {processor.py:183} INFO - Processing /opt/airflow/dags/hn_pipeline_dag.py took 0.086 seconds
[2026-05-14T15:59:42.596+0000] {processor.py:161} INFO - Started process (PID=502) to work on /opt/airflow/dags/hn_pipeline_dag.py
[2026-05-14T15:59:42.597+0000] {processor.py:830} INFO - Processing file /opt/airflow/dags/hn_pipeline_dag.py for tasks to queue
[2026-05-14T15:59:42.598+0000] {logging_mixin.py:188} INFO - [2026-05-14T15:59:42.598+0000] {dagbag.py:538} INFO - Filling up the DagBag from /opt/airflow/dags/hn_pipeline_dag.py
[2026-05-14T15:59:42.622+0000] {processor.py:840} INFO - DAG(s) 'hn_pipeline' retrieved from /opt/airflow/dags/hn_pipeline_dag.py
[2026-05-14T15:59:42.721+0000] {logging_mixin.py:188} INFO - [2026-05-14T15:59:42.719+0000] {dag.py:3036} INFO - Sync 1 DAGs
[2026-05-14T15:59:42.755+0000] {logging_mixin.py:188} INFO - [2026-05-14T15:59:42.754+0000] {dag.py:3823} INFO - Setting next_dagrun for hn_pipeline to 2026-05-14 15:00:00+00:00, run_after=2026-05-14 16:00:00+00:00
[2026-05-14T15:59:42.847+0000] {processor.py:183} INFO - Processing /opt/airflow/dags/hn_pipeline_dag.py took 0.257 seconds
[2026-05-14T16:00:13.044+0000] {processor.py:161} INFO - Started process (PID=507) to work on /opt/airflow/dags/hn_pipeline_dag.py
[2026-05-14T16:00:13.058+0000] {processor.py:830} INFO - Processing file /opt/airflow/dags/hn_pipeline_dag.py for tasks to queue
[2026-05-14T16:00:13.061+0000] {logging_mixin.py:188} INFO - [2026-05-14T16:00:13.059+0000] {dagbag.py:538} INFO - Filling up the DagBag from /opt/airflow/dags/hn_pipeline_dag.py
[2026-05-14T16:00:13.544+0000] {processor.py:840} INFO - DAG(s) 'hn_pipeline' retrieved from /opt/airflow/dags/hn_pipeline_dag.py
[2026-05-14T16:00:17.895+0000] {logging_mixin.py:188} INFO - [2026-05-14T16:00:17.815+0000] {dag.py:3036} INFO - Sync 1 DAGs
[2026-05-14T16:00:20.813+0000] {logging_mixin.py:188} INFO - [2026-05-14T16:00:20.812+0000] {dag.py:3823} INFO - Setting next_dagrun for hn_pipeline to 2026-05-14 15:00:00+00:00, run_after=2026-05-14 16:00:00+00:00
[2026-05-14T16:00:20.835+0000] {processor.py:183} INFO - Processing /opt/airflow/dags/hn_pipeline_dag.py took 7.714 seconds
[2026-05-14T16:00:51.109+0000] {processor.py:161} INFO - Started process (PID=514) to work on /opt/airflow/dags/hn_pipeline_dag.py
[2026-05-14T16:00:51.111+0000] {processor.py:830} INFO - Processing file /opt/airflow/dags/hn_pipeline_dag.py for tasks to queue
[2026-05-14T16:00:51.112+0000] {logging_mixin.py:188} INFO - [2026-05-14T16:00:51.111+0000] {dagbag.py:538} INFO - Filling up the DagBag from /opt/airflow/dags/hn_pipeline_dag.py
[2026-05-14T16:00:51.129+0000] {processor.py:840} INFO - DAG(s) 'hn_pipeline' retrieved from /opt/airflow/dags/hn_pipeline_dag.py
[2026-05-14T16:00:51.153+0000] {logging_mixin.py:188} INFO - [2026-05-14T16:00:51.153+0000] {dag.py:3036} INFO - Sync 1 DAGs
[2026-05-14T16:00:51.164+0000] {logging_mixin.py:188} INFO - [2026-05-14T16:00:51.164+0000] {dag.py:3823} INFO - Setting next_dagrun for hn_pipeline to 2026-05-14 16:00:00+00:00, run_after=2026-05-14 17:00:00+00:00
[2026-05-14T16:00:51.172+0000] {processor.py:183} INFO - Processing /opt/airflow/dags/hn_pipeline_dag.py took 0.067 seconds
[2026-05-14T16:01:21.467+0000] {processor.py:161} INFO - Started process (PID=519) to work on /opt/airflow/dags/hn_pipeline_dag.py
[2026-05-14T16:01:21.470+0000] {processor.py:830} INFO - Processing file /opt/airflow/dags/hn_pipeline_dag.py for tasks to queue
[2026-05-14T16:01:21.476+0000] {logging_mixin.py:188} INFO - [2026-05-14T16:01:21.473+0000] {dagbag.py:538} INFO - Filling up the DagBag from /opt/airflow/dags/hn_pipeline_dag.py
[2026-05-14T16:01:21.499+0000] {processor.py:840} INFO - DAG(s) 'hn_pipeline' retrieved from /opt/airflow/dags/hn_pipeline_dag.py
[2026-05-14T16:01:21.523+0000] {logging_mixin.py:188} INFO - [2026-05-14T16:01:21.523+0000] {dag.py:3036} INFO - Sync 1 DAGs
[2026-05-14T16:01:21.544+0000] {logging_mixin.py:188} INFO - [2026-05-14T16:01:21.544+0000] {dag.py:3823} INFO - Setting next_dagrun for hn_pipeline to 2026-05-14 16:00:00+00:00, run_after=2026-05-14 17:00:00+00:00
[2026-05-14T16:01:21.553+0000] {processor.py:183} INFO - Processing /opt/airflow/dags/hn_pipeline_dag.py took 0.101 seconds
[2026-05-14T16:01:52.061+0000] {processor.py:161} INFO - Started process (PID=524) to work on /opt/airflow/dags/hn_pipeline_dag.py
[2026-05-14T16:01:52.062+0000] {processor.py:830} INFO - Processing file /opt/airflow/dags/hn_pipeline_dag.py for tasks to queue
[2026-05-14T16:01:52.063+0000] {logging_mixin.py:188} INFO - [2026-05-14T16:01:52.063+0000] {dagbag.py:538} INFO - Filling up the DagBag from /opt/airflow/dags/hn_pipeline_dag.py
[2026-05-14T16:01:52.085+0000] {processor.py:840} INFO - DAG(s) 'hn_pipeline' retrieved from /opt/airflow/dags/hn_pipeline_dag.py
[2026-05-14T16:01:52.490+0000] {logging_mixin.py:188} INFO - [2026-05-14T16:01:52.487+0000] {dag.py:3036} INFO - Sync 1 DAGs
[2026-05-14T16:01:52.735+0000] {logging_mixin.py:188} INFO - [2026-05-14T16:01:52.732+0000] {dag.py:3823} INFO - Setting next_dagrun for hn_pipeline to 2026-05-14 16:00:00+00:00, run_after=2026-05-14 17:00:00+00:00
[2026-05-14T16:01:53.061+0000] {processor.py:183} INFO - Processing /opt/airflow/dags/hn_pipeline_dag.py took 1.005 seconds
[2026-05-14T16:02:23.573+0000] {processor.py:161} INFO - Started process (PID=529) to work on /opt/airflow/dags/hn_pipeline_dag.py
[2026-05-14T16:02:23.574+0000] {processor.py:830} INFO - Processing file /opt/airflow/dags/hn_pipeline_dag.py for tasks to queue
[2026-05-14T16:02:23.575+0000] {logging_mixin.py:188} INFO - [2026-05-14T16:02:23.575+0000] {dagbag.py:538} INFO - Filling up the DagBag from /opt/airflow/dags/hn_pipeline_dag.py
[2026-05-14T16:02:23.604+0000] {processor.py:840} INFO - DAG(s) 'hn_pipeline' retrieved from /opt/airflow/dags/hn_pipeline_dag.py
[2026-05-14T16:02:23.973+0000] {logging_mixin.py:188} INFO - [2026-05-14T16:02:23.963+0000] {dag.py:3036} INFO - Sync 1 DAGs
[2026-05-14T16:02:29.874+0000] {logging_mixin.py:188} INFO - [2026-05-14T16:02:29.870+0000] {dag.py:3823} INFO - Setting next_dagrun for hn_pipeline to 2026-05-14 16:00:00+00:00, run_after=2026-05-14 17:00:00+00:00
[2026-05-14T16:02:29.929+0000] {processor.py:183} INFO - Processing /opt/airflow/dags/hn_pipeline_dag.py took 6.361 seconds
[2026-05-14T16:03:00.217+0000] {processor.py:161} INFO - Started process (PID=534) to work on /opt/airflow/dags/hn_pipeline_dag.py
[2026-05-14T16:03:00.218+0000] {processor.py:830} INFO - Processing file /opt/airflow/dags/hn_pipeline_dag.py for tasks to queue
[2026-05-14T16:03:00.219+0000] {logging_mixin.py:188} INFO - [2026-05-14T16:03:00.219+0000] {dagbag.py:538} INFO - Filling up the DagBag from /opt/airflow/dags/hn_pipeline_dag.py
[2026-05-14T16:03:00.241+0000] {processor.py:840} INFO - DAG(s) 'hn_pipeline' retrieved from /opt/airflow/dags/hn_pipeline_dag.py
[2026-05-14T16:03:00.281+0000] {logging_mixin.py:188} INFO - [2026-05-14T16:03:00.281+0000] {dag.py:3036} INFO - Sync 1 DAGs
[2026-05-14T16:03:00.295+0000] {logging_mixin.py:188} INFO - [2026-05-14T16:03:00.295+0000] {dag.py:3823} INFO - Setting next_dagrun for hn_pipeline to 2026-05-14 16:00:00+00:00, run_after=2026-05-14 17:00:00+00:00
[2026-05-14T16:03:00.302+0000] {processor.py:183} INFO - Processing /opt/airflow/dags/hn_pipeline_dag.py took 0.090 seconds
[2026-05-14T16:03:30.605+0000] {processor.py:161} INFO - Started process (PID=539) to work on /opt/airflow/dags/hn_pipeline_dag.py
[2026-05-14T16:03:30.607+0000] {processor.py:830} INFO - Processing file /opt/airflow/dags/hn_pipeline_dag.py for tasks to queue
[2026-05-14T16:03:30.607+0000] {logging_mixin.py:188} INFO - [2026-05-14T16:03:30.607+0000] {dagbag.py:538} INFO - Filling up the DagBag from /opt/airflow/dags/hn_pipeline_dag.py
[2026-05-14T16:03:30.622+0000] {processor.py:840} INFO - DAG(s) 'hn_pipeline' retrieved from /opt/airflow/dags/hn_pipeline_dag.py
[2026-05-14T16:03:30.647+0000] {logging_mixin.py:188} INFO - [2026-05-14T16:03:30.647+0000] {dag.py:3036} INFO - Sync 1 DAGs
[2026-05-14T16:03:30.669+0000] {logging_mixin.py:188} INFO - [2026-05-14T16:03:30.668+0000] {dag.py:3823} INFO - Setting next_dagrun for hn_pipeline to 2026-05-14 16:00:00+00:00, run_after=2026-05-14 17:00:00+00:00
[2026-05-14T16:03:30.677+0000] {processor.py:183} INFO - Processing /opt/airflow/dags/hn_pipeline_dag.py took 0.079 seconds
[2026-05-14T16:04:01.089+0000] {processor.py:161} INFO - Started process (PID=544) to work on /opt/airflow/dags/hn_pipeline_dag.py
[2026-05-14T16:04:01.091+0000] {processor.py:830} INFO - Processing file /opt/airflow/dags/hn_pipeline_dag.py for tasks to queue
[2026-05-14T16:04:01.093+0000] {logging_mixin.py:188} INFO - [2026-05-14T16:04:01.092+0000] {dagbag.py:538} INFO - Filling up the DagBag from /opt/airflow/dags/hn_pipeline_dag.py
[2026-05-14T16:04:01.136+0000] {processor.py:840} INFO - DAG(s) 'hn_pipeline' retrieved from /opt/airflow/dags/hn_pipeline_dag.py
[2026-05-14T16:04:01.344+0000] {logging_mixin.py:188} INFO - [2026-05-14T16:04:01.331+0000] {dag.py:3036} INFO - Sync 1 DAGs
[2026-05-14T16:04:01.731+0000] {logging_mixin.py:188} INFO - [2026-05-14T16:04:01.727+0000] {dag.py:3823} INFO - Setting next_dagrun for hn_pipeline to 2026-05-14 16:00:00+00:00, run_after=2026-05-14 17:00:00+00:00
[2026-05-14T16:04:02.119+0000] {processor.py:183} INFO - Processing /opt/airflow/dags/hn_pipeline_dag.py took 1.038 seconds
[2026-05-14T16:04:32.682+0000] {processor.py:161} INFO - Started process (PID=549) to work on /opt/airflow/dags/hn_pipeline_dag.py
[2026-05-14T16:04:32.684+0000] {processor.py:830} INFO - Processing file /opt/airflow/dags/hn_pipeline_dag.py for tasks to queue
[2026-05-14T16:04:32.685+0000] {logging_mixin.py:188} INFO - [2026-05-14T16:04:32.685+0000] {dagbag.py:538} INFO - Filling up the DagBag from /opt/airflow/dags/hn_pipeline_dag.py
[2026-05-14T16:04:32.708+0000] {processor.py:840} INFO - DAG(s) 'hn_pipeline' retrieved from /opt/airflow/dags/hn_pipeline_dag.py
[2026-05-14T16:04:32.890+0000] {logging_mixin.py:188} INFO - [2026-05-14T16:04:32.888+0000] {dag.py:3036} INFO - Sync 1 DAGs
[2026-05-14T16:04:33.358+0000] {logging_mixin.py:188} INFO - [2026-05-14T16:04:33.338+0000] {dag.py:3823} INFO - Setting next_dagrun for hn_pipeline to 2026-05-14 16:00:00+00:00, run_after=2026-05-14 17:00:00+00:00
[2026-05-14T16:04:33.971+0000] {processor.py:183} INFO - Processing /opt/airflow/dags/hn_pipeline_dag.py took 1.294 seconds
[2026-05-14T16:05:04.224+0000] {processor.py:161} INFO - Started process (PID=554) to work on /opt/airflow/dags/hn_pipeline_dag.py
[2026-05-14T16:05:04.225+0000] {processor.py:830} INFO - Processing file /opt/airflow/dags/hn_pipeline_dag.py for tasks to queue
[2026-05-14T16:05:04.227+0000] {logging_mixin.py:188} INFO - [2026-05-14T16:05:04.226+0000] {dagbag.py:538} INFO - Filling up the DagBag from /opt/airflow/dags/hn_pipeline_dag.py
[2026-05-14T16:05:04.246+0000] {processor.py:840} INFO - DAG(s) 'hn_pipeline' retrieved from /opt/airflow/dags/hn_pipeline_dag.py
[2026-05-14T16:05:04.273+0000] {logging_mixin.py:188} INFO - [2026-05-14T16:05:04.273+0000] {dag.py:3036} INFO - Sync 1 DAGs
[2026-05-14T16:05:04.284+0000] {logging_mixin.py:188} INFO - [2026-05-14T16:05:04.284+0000] {dag.py:3823} INFO - Setting next_dagrun for hn_pipeline to 2026-05-14 16:00:00+00:00, run_after=2026-05-14 17:00:00+00:00
[2026-05-14T16:05:04.291+0000] {processor.py:183} INFO - Processing /opt/airflow/dags/hn_pipeline_dag.py took 0.071 seconds
[2026-05-14T16:05:34.626+0000] {processor.py:161} INFO - Started process (PID=561) to work on /opt/airflow/dags/hn_pipeline_dag.py
[2026-05-14T16:05:34.628+0000] {processor.py:830} INFO - Processing file /opt/airflow/dags/hn_pipeline_dag.py for tasks to queue
[2026-05-14T16:05:34.629+0000] {logging_mixin.py:188} INFO - [2026-05-14T16:05:34.629+0000] {dagbag.py:538} INFO - Filling up the DagBag from /opt/airflow/dags/hn_pipeline_dag.py
[2026-05-14T16:05:34.645+0000] {processor.py:840} INFO - DAG(s) 'hn_pipeline' retrieved from /opt/airflow/dags/hn_pipeline_dag.py
[2026-05-14T16:05:34.667+0000] {logging_mixin.py:188} INFO - [2026-05-14T16:05:34.667+0000] {dag.py:3036} INFO - Sync 1 DAGs
[2026-05-14T16:05:34.678+0000] {logging_mixin.py:188} INFO - [2026-05-14T16:05:34.678+0000] {dag.py:3823} INFO - Setting next_dagrun for hn_pipeline to 2026-05-14 16:00:00+00:00, run_after=2026-05-14 17:00:00+00:00
[2026-05-14T16:05:34.686+0000] {processor.py:183} INFO - Processing /opt/airflow/dags/hn_pipeline_dag.py took 0.066 seconds
[2026-05-14T16:06:06.869+0000] {processor.py:161} INFO - Started process (PID=566) to work on /opt/airflow/dags/hn_pipeline_dag.py
[2026-05-14T16:06:07.143+0000] {processor.py:830} INFO - Processing file /opt/airflow/dags/hn_pipeline_dag.py for tasks to queue
[2026-05-14T16:06:07.386+0000] {logging_mixin.py:188} INFO - [2026-05-14T16:06:07.341+0000] {dagbag.py:538} INFO - Filling up the DagBag from /opt/airflow/dags/hn_pipeline_dag.py
[2026-05-14T16:06:11.096+0000] {processor.py:840} INFO - DAG(s) 'hn_pipeline' retrieved from /opt/airflow/dags/hn_pipeline_dag.py
[2026-05-14T16:06:32.773+0000] {logging_mixin.py:188} INFO - [2026-05-14T16:06:32.760+0000] {dag.py:3036} INFO - Sync 1 DAGs
[2026-05-14T16:06:32.865+0000] {logging_mixin.py:188} INFO - [2026-05-14T16:06:32.865+0000] {dag.py:3823} INFO - Setting next_dagrun for hn_pipeline to 2026-05-14 16:00:00+00:00, run_after=2026-05-14 17:00:00+00:00
[2026-05-14T16:06:32.876+0000] {processor.py:183} INFO - Processing /opt/airflow/dags/hn_pipeline_dag.py took 26.271 seconds
[2026-05-14T16:07:03.012+0000] {processor.py:161} INFO - Started process (PID=571) to work on /opt/airflow/dags/hn_pipeline_dag.py
[2026-05-14T16:07:03.013+0000] {processor.py:830} INFO - Processing file /opt/airflow/dags/hn_pipeline_dag.py for tasks to queue
[2026-05-14T16:07:03.014+0000] {logging_mixin.py:188} INFO - [2026-05-14T16:07:03.014+0000] {dagbag.py:538} INFO - Filling up the DagBag from /opt/airflow/dags/hn_pipeline_dag.py
[2026-05-14T16:07:03.032+0000] {processor.py:840} INFO - DAG(s) 'hn_pipeline' retrieved from /opt/airflow/dags/hn_pipeline_dag.py
[2026-05-14T16:07:03.069+0000] {logging_mixin.py:188} INFO - [2026-05-14T16:07:03.069+0000] {dag.py:3036} INFO - Sync 1 DAGs
[2026-05-14T16:07:03.080+0000] {logging_mixin.py:188} INFO - [2026-05-14T16:07:03.080+0000] {dag.py:3823} INFO - Setting next_dagrun for hn_pipeline to 2026-05-14 16:00:00+00:00, run_after=2026-05-14 17:00:00+00:00
[2026-05-14T16:07:03.087+0000] {processor.py:183} INFO - Processing /opt/airflow/dags/hn_pipeline_dag.py took 0.081 seconds
[2026-05-14T16:07:33.283+0000] {processor.py:161} INFO - Started process (PID=576) to work on /opt/airflow/dags/hn_pipeline_dag.py
[2026-05-14T16:07:33.285+0000] {processor.py:830} INFO - Processing file /opt/airflow/dags/hn_pipeline_dag.py for tasks to queue
[2026-05-14T16:07:33.288+0000] {logging_mixin.py:188} INFO - [2026-05-14T16:07:33.287+0000] {dagbag.py:538} INFO - Filling up the DagBag from /opt/airflow/dags/hn_pipeline_dag.py
[2026-05-14T16:07:33.298+0000] {processor.py:840} INFO - DAG(s) 'hn_pipeline' retrieved from /opt/airflow/dags/hn_pipeline_dag.py
[2026-05-14T16:07:33.314+0000] {logging_mixin.py:188} INFO - [2026-05-14T16:07:33.314+0000] {dag.py:3036} INFO - Sync 1 DAGs
[2026-05-14T16:07:33.332+0000] {logging_mixin.py:188} INFO - [2026-05-14T16:07:33.332+0000] {dag.py:3823} INFO - Setting next_dagrun for hn_pipeline to 2026-05-14 16:00:00+00:00, run_after=2026-05-14 17:00:00+00:00
[2026-05-14T16:07:33.342+0000] {processor.py:183} INFO - Processing /opt/airflow/dags/hn_pipeline_dag.py took 0.061 seconds
[2026-05-14T16:08:03.532+0000] {processor.py:161} INFO - Started process (PID=581) to work on /opt/airflow/dags/hn_pipeline_dag.py
[2026-05-14T16:08:03.533+0000] {processor.py:830} INFO - Processing file /opt/airflow/dags/hn_pipeline_dag.py for tasks to queue
[2026-05-14T16:08:03.534+0000] {logging_mixin.py:188} INFO - [2026-05-14T16:08:03.534+0000] {dagbag.py:538} INFO - Filling up the DagBag from /opt/airflow/dags/hn_pipeline_dag.py
[2026-05-14T16:08:03.547+0000] {processor.py:840} INFO - DAG(s) 'hn_pipeline' retrieved from /opt/airflow/dags/hn_pipeline_dag.py
[2026-05-14T16:08:03.566+0000] {logging_mixin.py:188} INFO - [2026-05-14T16:08:03.566+0000] {dag.py:3036} INFO - Sync 1 DAGs
[2026-05-14T16:08:03.578+0000] {logging_mixin.py:188} INFO - [2026-05-14T16:08:03.578+0000] {dag.py:3823} INFO - Setting next_dagrun for hn_pipeline to 2026-05-14 16:00:00+00:00, run_after=2026-05-14 17:00:00+00:00
[2026-05-14T16:08:03.586+0000] {processor.py:183} INFO - Processing /opt/airflow/dags/hn_pipeline_dag.py took 0.057 seconds
[2026-05-14T16:08:33.749+0000] {processor.py:161} INFO - Started process (PID=586) to work on /opt/airflow/dags/hn_pipeline_dag.py
[2026-05-14T16:08:33.751+0000] {processor.py:830} INFO - Processing file /opt/airflow/dags/hn_pipeline_dag.py for tasks to queue
[2026-05-14T16:08:33.752+0000] {logging_mixin.py:188} INFO - [2026-05-14T16:08:33.752+0000] {dagbag.py:538} INFO - Filling up the DagBag from /opt/airflow/dags/hn_pipeline_dag.py
[2026-05-14T16:08:33.863+0000] {processor.py:840} INFO - DAG(s) 'hn_pipeline' retrieved from /opt/airflow/dags/hn_pipeline_dag.py
[2026-05-14T16:08:42.977+0000] {logging_mixin.py:188} INFO - [2026-05-14T16:08:42.971+0000] {dag.py:3036} INFO - Sync 1 DAGs
[2026-05-14T16:08:43.014+0000] {logging_mixin.py:188} INFO - [2026-05-14T16:08:43.014+0000] {dag.py:3823} INFO - Setting next_dagrun for hn_pipeline to 2026-05-14 16:00:00+00:00, run_after=2026-05-14 17:00:00+00:00
[2026-05-14T16:08:43.027+0000] {processor.py:183} INFO - Processing /opt/airflow/dags/hn_pipeline_dag.py took 9.284 seconds
[2026-05-14T16:09:13.270+0000] {processor.py:161} INFO - Started process (PID=591) to work on /opt/airflow/dags/hn_pipeline_dag.py
[2026-05-14T16:09:13.271+0000] {processor.py:830} INFO - Processing file /opt/airflow/dags/hn_pipeline_dag.py for tasks to queue
[2026-05-14T16:09:13.271+0000] {logging_mixin.py:188} INFO - [2026-05-14T16:09:13.271+0000] {dagbag.py:538} INFO - Filling up the DagBag from /opt/airflow/dags/hn_pipeline_dag.py
[2026-05-14T16:09:13.289+0000] {processor.py:840} INFO - DAG(s) 'hn_pipeline' retrieved from /opt/airflow/dags/hn_pipeline_dag.py
[2026-05-14T16:09:13.325+0000] {logging_mixin.py:188} INFO - [2026-05-14T16:09:13.325+0000] {dag.py:3036} INFO - Sync 1 DAGs
[2026-05-14T16:09:13.342+0000] {logging_mixin.py:188} INFO - [2026-05-14T16:09:13.342+0000] {dag.py:3823} INFO - Setting next_dagrun for hn_pipeline to 2026-05-14 16:00:00+00:00, run_after=2026-05-14 17:00:00+00:00
[2026-05-14T16:09:13.354+0000] {processor.py:183} INFO - Processing /opt/airflow/dags/hn_pipeline_dag.py took 0.087 seconds
[2026-05-14T16:09:43.563+0000] {processor.py:161} INFO - Started process (PID=596) to work on /opt/airflow/dags/hn_pipeline_dag.py
[2026-05-14T16:09:43.564+0000] {processor.py:830} INFO - Processing file /opt/airflow/dags/hn_pipeline_dag.py for tasks to queue
[2026-05-14T16:09:43.565+0000] {logging_mixin.py:188} INFO - [2026-05-14T16:09:43.564+0000] {dagbag.py:538} INFO - Filling up the DagBag from /opt/airflow/dags/hn_pipeline_dag.py
[2026-05-14T16:09:43.577+0000] {processor.py:840} INFO - DAG(s) 'hn_pipeline' retrieved from /opt/airflow/dags/hn_pipeline_dag.py
[2026-05-14T16:09:43.597+0000] {logging_mixin.py:188} INFO - [2026-05-14T16:09:43.597+0000] {dag.py:3036} INFO - Sync 1 DAGs
[2026-05-14T16:09:43.613+0000] {logging_mixin.py:188} INFO - [2026-05-14T16:09:43.612+0000] {dag.py:3823} INFO - Setting next_dagrun for hn_pipeline to 2026-05-14 16:00:00+00:00, run_after=2026-05-14 17:00:00+00:00
[2026-05-14T16:09:43.621+0000] {processor.py:183} INFO - Processing /opt/airflow/dags/hn_pipeline_dag.py took 0.065 seconds
[2026-05-14T16:10:13.862+0000] {processor.py:161} INFO - Started process (PID=601) to work on /opt/airflow/dags/hn_pipeline_dag.py
[2026-05-14T16:10:13.863+0000] {processor.py:830} INFO - Processing file /opt/airflow/dags/hn_pipeline_dag.py for tasks to queue
[2026-05-14T16:10:13.864+0000] {logging_mixin.py:188} INFO - [2026-05-14T16:10:13.863+0000] {dagbag.py:538} INFO - Filling up the DagBag from /opt/airflow/dags/hn_pipeline_dag.py
[2026-05-14T16:10:13.876+0000] {processor.py:840} INFO - DAG(s) 'hn_pipeline' retrieved from /opt/airflow/dags/hn_pipeline_dag.py
[2026-05-14T16:10:13.897+0000] {logging_mixin.py:188} INFO - [2026-05-14T16:10:13.896+0000] {dag.py:3036} INFO - Sync 1 DAGs
[2026-05-14T16:10:13.910+0000] {logging_mixin.py:188} INFO - [2026-05-14T16:10:13.910+0000] {dag.py:3823} INFO - Setting next_dagrun for hn_pipeline to 2026-05-14 16:00:00+00:00, run_after=2026-05-14 17:00:00+00:00
[2026-05-14T16:10:13.918+0000] {processor.py:183} INFO - Processing /opt/airflow/dags/hn_pipeline_dag.py took 0.060 seconds
[2026-05-14T16:10:47.513+0000] {processor.py:161} INFO - Started process (PID=606) to work on /opt/airflow/dags/hn_pipeline_dag.py
[2026-05-14T16:10:47.543+0000] {processor.py:830} INFO - Processing file /opt/airflow/dags/hn_pipeline_dag.py for tasks to queue
[2026-05-14T16:10:47.593+0000] {logging_mixin.py:188} INFO - [2026-05-14T16:10:47.572+0000] {dagbag.py:538} INFO - Filling up the DagBag from /opt/airflow/dags/hn_pipeline_dag.py
[2026-05-14T16:10:48.330+0000] {processor.py:840} INFO - DAG(s) 'hn_pipeline' retrieved from /opt/airflow/dags/hn_pipeline_dag.py
[2026-05-14T16:10:51.304+0000] {logging_mixin.py:188} INFO - [2026-05-14T16:10:51.302+0000] {dag.py:3036} INFO - Sync 1 DAGs
[2026-05-14T16:10:51.350+0000] {logging_mixin.py:188} INFO - [2026-05-14T16:10:51.349+0000] {dag.py:3823} INFO - Setting next_dagrun for hn_pipeline to 2026-05-14 16:00:00+00:00, run_after=2026-05-14 17:00:00+00:00
[2026-05-14T16:10:51.371+0000] {processor.py:183} INFO - Processing /opt/airflow/dags/hn_pipeline_dag.py took 3.918 seconds
[2026-05-14T16:11:21.532+0000] {processor.py:161} INFO - Started process (PID=611) to work on /opt/airflow/dags/hn_pipeline_dag.py
[2026-05-14T16:11:21.533+0000] {processor.py:830} INFO - Processing file /opt/airflow/dags/hn_pipeline_dag.py for tasks to queue
[2026-05-14T16:11:21.534+0000] {logging_mixin.py:188} INFO - [2026-05-14T16:11:21.533+0000] {dagbag.py:538} INFO - Filling up the DagBag from /opt/airflow/dags/hn_pipeline_dag.py
[2026-05-14T16:11:21.551+0000] {processor.py:840} INFO - DAG(s) 'hn_pipeline' retrieved from /opt/airflow/dags/hn_pipeline_dag.py
[2026-05-14T16:11:21.580+0000] {logging_mixin.py:188} INFO - [2026-05-14T16:11:21.580+0000] {dag.py:3036} INFO - Sync 1 DAGs
[2026-05-14T16:11:21.594+0000] {logging_mixin.py:188} INFO - [2026-05-14T16:11:21.594+0000] {dag.py:3823} INFO - Setting next_dagrun for hn_pipeline to 2026-05-14 16:00:00+00:00, run_after=2026-05-14 17:00:00+00:00
[2026-05-14T16:11:21.601+0000] {processor.py:183} INFO - Processing /opt/airflow/dags/hn_pipeline_dag.py took 0.074 seconds
[2026-05-14T16:11:51.784+0000] {processor.py:161} INFO - Started process (PID=616) to work on /opt/airflow/dags/hn_pipeline_dag.py
[2026-05-14T16:11:51.785+0000] {processor.py:830} INFO - Processing file /opt/airflow/dags/hn_pipeline_dag.py for tasks to queue
[2026-05-14T16:11:51.786+0000] {logging_mixin.py:188} INFO - [2026-05-14T16:11:51.785+0000] {dagbag.py:538} INFO - Filling up the DagBag from /opt/airflow/dags/hn_pipeline_dag.py
[2026-05-14T16:11:51.802+0000] {processor.py:840} INFO - DAG(s) 'hn_pipeline' retrieved from /opt/airflow/dags/hn_pipeline_dag.py
[2026-05-14T16:11:51.823+0000] {logging_mixin.py:188} INFO - [2026-05-14T16:11:51.823+0000] {dag.py:3036} INFO - Sync 1 DAGs
[2026-05-14T16:11:51.836+0000] {logging_mixin.py:188} INFO - [2026-05-14T16:11:51.836+0000] {dag.py:3823} INFO - Setting next_dagrun for hn_pipeline to 2026-05-14 16:00:00+00:00, run_after=2026-05-14 17:00:00+00:00
[2026-05-14T16:11:51.844+0000] {processor.py:183} INFO - Processing /opt/airflow/dags/hn_pipeline_dag.py took 0.065 seconds
[2026-05-14T16:12:22.113+0000] {processor.py:161} INFO - Started process (PID=621) to work on /opt/airflow/dags/hn_pipeline_dag.py
[2026-05-14T16:12:22.114+0000] {processor.py:830} INFO - Processing file /opt/airflow/dags/hn_pipeline_dag.py for tasks to queue
[2026-05-14T16:12:22.115+0000] {logging_mixin.py:188} INFO - [2026-05-14T16:12:22.114+0000] {dagbag.py:538} INFO - Filling up the DagBag from /opt/airflow/dags/hn_pipeline_dag.py
[2026-05-14T16:12:22.128+0000] {processor.py:840} INFO - DAG(s) 'hn_pipeline' retrieved from /opt/airflow/dags/hn_pipeline_dag.py
[2026-05-14T16:12:22.147+0000] {logging_mixin.py:188} INFO - [2026-05-14T16:12:22.147+0000] {dag.py:3036} INFO - Sync 1 DAGs
[2026-05-14T16:12:22.158+0000] {logging_mixin.py:188} INFO - [2026-05-14T16:12:22.158+0000] {dag.py:3823} INFO - Setting next_dagrun for hn_pipeline to 2026-05-14 16:00:00+00:00, run_after=2026-05-14 17:00:00+00:00
[2026-05-14T16:12:22.166+0000] {processor.py:183} INFO - Processing /opt/airflow/dags/hn_pipeline_dag.py took 0.057 seconds
[2026-05-14T16:12:52.468+0000] {processor.py:161} INFO - Started process (PID=626) to work on /opt/airflow/dags/hn_pipeline_dag.py
[2026-05-14T16:12:52.469+0000] {processor.py:830} INFO - Processing file /opt/airflow/dags/hn_pipeline_dag.py for tasks to queue
[2026-05-14T16:12:52.470+0000] {logging_mixin.py:188} INFO - [2026-05-14T16:12:52.469+0000] {dagbag.py:538} INFO - Filling up the DagBag from /opt/airflow/dags/hn_pipeline_dag.py
[2026-05-14T16:12:52.483+0000] {processor.py:840} INFO - DAG(s) 'hn_pipeline' retrieved from /opt/airflow/dags/hn_pipeline_dag.py
[2026-05-14T16:12:52.502+0000] {logging_mixin.py:188} INFO - [2026-05-14T16:12:52.502+0000] {dag.py:3036} INFO - Sync 1 DAGs
[2026-05-14T16:12:52.513+0000] {logging_mixin.py:188} INFO - [2026-05-14T16:12:52.513+0000] {dag.py:3823} INFO - Setting next_dagrun for hn_pipeline to 2026-05-14 16:00:00+00:00, run_after=2026-05-14 17:00:00+00:00
[2026-05-14T16:12:52.520+0000] {processor.py:183} INFO - Processing /opt/airflow/dags/hn_pipeline_dag.py took 0.056 seconds
[2026-05-14T16:13:22.811+0000] {processor.py:161} INFO - Started process (PID=631) to work on /opt/airflow/dags/hn_pipeline_dag.py
[2026-05-14T16:13:22.812+0000] {processor.py:830} INFO - Processing file /opt/airflow/dags/hn_pipeline_dag.py for tasks to queue
[2026-05-14T16:13:22.813+0000] {logging_mixin.py:188} INFO - [2026-05-14T16:13:22.813+0000] {dagbag.py:538} INFO - Filling up the DagBag from /opt/airflow/dags/hn_pipeline_dag.py
[2026-05-14T16:13:23.189+0000] {processor.py:840} INFO - DAG(s) 'hn_pipeline' retrieved from /opt/airflow/dags/hn_pipeline_dag.py
[2026-05-14T16:13:24.837+0000] {logging_mixin.py:188} INFO - [2026-05-14T16:13:24.577+0000] {dag.py:3036} INFO - Sync 1 DAGs
[2026-05-14T16:13:44.113+0000] {logging_mixin.py:188} INFO - [2026-05-14T16:13:44.110+0000] {dag.py:3823} INFO - Setting next_dagrun for hn_pipeline to 2026-05-14 16:00:00+00:00, run_after=2026-05-14 17:00:00+00:00
[2026-05-14T16:13:44.178+0000] {processor.py:183} INFO - Processing /opt/airflow/dags/hn_pipeline_dag.py took 21.373 seconds
[2026-05-14T16:14:14.480+0000] {processor.py:161} INFO - Started process (PID=636) to work on /opt/airflow/dags/hn_pipeline_dag.py
[2026-05-14T16:14:14.481+0000] {processor.py:830} INFO - Processing file /opt/airflow/dags/hn_pipeline_dag.py for tasks to queue
[2026-05-14T16:14:14.483+0000] {logging_mixin.py:188} INFO - [2026-05-14T16:14:14.482+0000] {dagbag.py:538} INFO - Filling up the DagBag from /opt/airflow/dags/hn_pipeline_dag.py
[2026-05-14T16:14:14.505+0000] {processor.py:840} INFO - DAG(s) 'hn_pipeline' retrieved from /opt/airflow/dags/hn_pipeline_dag.py
[2026-05-14T16:14:14.544+0000] {logging_mixin.py:188} INFO - [2026-05-14T16:14:14.544+0000] {dag.py:3036} INFO - Sync 1 DAGs
[2026-05-14T16:14:14.556+0000] {logging_mixin.py:188} INFO - [2026-05-14T16:14:14.556+0000] {dag.py:3823} INFO - Setting next_dagrun for hn_pipeline to 2026-05-14 16:00:00+00:00, run_after=2026-05-14 17:00:00+00:00
[2026-05-14T16:14:14.563+0000] {processor.py:183} INFO - Processing /opt/airflow/dags/hn_pipeline_dag.py took 0.092 seconds
[2026-05-14T16:14:44.778+0000] {processor.py:161} INFO - Started process (PID=641) to work on /opt/airflow/dags/hn_pipeline_dag.py
[2026-05-14T16:14:44.779+0000] {processor.py:830} INFO - Processing file /opt/airflow/dags/hn_pipeline_dag.py for tasks to queue
[2026-05-14T16:14:44.780+0000] {logging_mixin.py:188} INFO - [2026-05-14T16:14:44.780+0000] {dagbag.py:538} INFO - Filling up the DagBag from /opt/airflow/dags/hn_pipeline_dag.py
[2026-05-14T16:14:44.795+0000] {processor.py:840} INFO - DAG(s) 'hn_pipeline' retrieved from /opt/airflow/dags/hn_pipeline_dag.py
[2026-05-14T16:14:44.813+0000] {logging_mixin.py:188} INFO - [2026-05-14T16:14:44.813+0000] {dag.py:3036} INFO - Sync 1 DAGs
[2026-05-14T16:14:44.827+0000] {logging_mixin.py:188} INFO - [2026-05-14T16:14:44.826+0000] {dag.py:3823} INFO - Setting next_dagrun for hn_pipeline to 2026-05-14 16:00:00+00:00, run_after=2026-05-14 17:00:00+00:00
[2026-05-14T16:14:44.835+0000] {processor.py:183} INFO - Processing /opt/airflow/dags/hn_pipeline_dag.py took 0.061 seconds
[2026-05-14T16:15:15.088+0000] {processor.py:161} INFO - Started process (PID=646) to work on /opt/airflow/dags/hn_pipeline_dag.py
[2026-05-14T16:15:15.089+0000] {processor.py:830} INFO - Processing file /opt/airflow/dags/hn_pipeline_dag.py for tasks to queue
[2026-05-14T16:15:15.090+0000] {logging_mixin.py:188} INFO - [2026-05-14T16:15:15.090+0000] {dagbag.py:538} INFO - Filling up the DagBag from /opt/airflow/dags/hn_pipeline_dag.py
[2026-05-14T16:15:15.105+0000] {processor.py:840} INFO - DAG(s) 'hn_pipeline' retrieved from /opt/airflow/dags/hn_pipeline_dag.py
[2026-05-14T16:15:15.124+0000] {logging_mixin.py:188} INFO - [2026-05-14T16:15:15.123+0000] {dag.py:3036} INFO - Sync 1 DAGs
[2026-05-14T16:15:15.140+0000] {logging_mixin.py:188} INFO - [2026-05-14T16:15:15.139+0000] {dag.py:3823} INFO - Setting next_dagrun for hn_pipeline to 2026-05-14 16:00:00+00:00, run_after=2026-05-14 17:00:00+00:00
[2026-05-14T16:15:15.150+0000] {processor.py:183} INFO - Processing /opt/airflow/dags/hn_pipeline_dag.py took 0.066 seconds
[2026-05-14T16:15:45.213+0000] {processor.py:161} INFO - Started process (PID=651) to work on /opt/airflow/dags/hn_pipeline_dag.py
[2026-05-14T16:15:45.214+0000] {processor.py:830} INFO - Processing file /opt/airflow/dags/hn_pipeline_dag.py for tasks to queue
[2026-05-14T16:15:45.215+0000] {logging_mixin.py:188} INFO - [2026-05-14T16:15:45.215+0000] {dagbag.py:538} INFO - Filling up the DagBag from /opt/airflow/dags/hn_pipeline_dag.py
[2026-05-14T16:15:45.231+0000] {processor.py:840} INFO - DAG(s) 'hn_pipeline' retrieved from /opt/airflow/dags/hn_pipeline_dag.py
[2026-05-14T16:15:45.637+0000] {logging_mixin.py:188} INFO - [2026-05-14T16:15:45.636+0000] {dag.py:3036} INFO - Sync 1 DAGs
[2026-05-14T16:15:47.856+0000] {logging_mixin.py:188} INFO - [2026-05-14T16:15:47.749+0000] {dag.py:3823} INFO - Setting next_dagrun for hn_pipeline to 2026-05-14 16:00:00+00:00, run_after=2026-05-14 17:00:00+00:00
[2026-05-14T16:15:48.678+0000] {processor.py:183} INFO - Processing /opt/airflow/dags/hn_pipeline_dag.py took 3.468 seconds
[2026-05-14T16:16:19.008+0000] {processor.py:161} INFO - Started process (PID=656) to work on /opt/airflow/dags/hn_pipeline_dag.py
[2026-05-14T16:16:19.010+0000] {processor.py:830} INFO - Processing file /opt/airflow/dags/hn_pipeline_dag.py for tasks to queue
[2026-05-14T16:16:19.011+0000] {logging_mixin.py:188} INFO - [2026-05-14T16:16:19.010+0000] {dagbag.py:538} INFO - Filling up the DagBag from /opt/airflow/dags/hn_pipeline_dag.py
[2026-05-14T16:16:19.036+0000] {processor.py:840} INFO - DAG(s) 'hn_pipeline' retrieved from /opt/airflow/dags/hn_pipeline_dag.py
[2026-05-14T16:16:19.074+0000] {logging_mixin.py:188} INFO - [2026-05-14T16:16:19.074+0000] {dag.py:3036} INFO - Sync 1 DAGs
[2026-05-14T16:16:19.087+0000] {logging_mixin.py:188} INFO - [2026-05-14T16:16:19.087+0000] {dag.py:3823} INFO - Setting next_dagrun for hn_pipeline to 2026-05-14 16:00:00+00:00, run_after=2026-05-14 17:00:00+00:00
[2026-05-14T16:16:19.096+0000] {processor.py:183} INFO - Processing /opt/airflow/dags/hn_pipeline_dag.py took 0.096 seconds
[2026-05-14T16:16:49.389+0000] {processor.py:161} INFO - Started process (PID=661) to work on /opt/airflow/dags/hn_pipeline_dag.py
[2026-05-14T16:16:49.391+0000] {processor.py:830} INFO - Processing file /opt/airflow/dags/hn_pipeline_dag.py for tasks to queue
[2026-05-14T16:16:49.392+0000] {logging_mixin.py:188} INFO - [2026-05-14T16:16:49.391+0000] {dagbag.py:538} INFO - Filling up the DagBag from /opt/airflow/dags/hn_pipeline_dag.py
[2026-05-14T16:16:49.406+0000] {processor.py:840} INFO - DAG(s) 'hn_pipeline' retrieved from /opt/airflow/dags/hn_pipeline_dag.py
[2026-05-14T16:16:49.427+0000] {logging_mixin.py:188} INFO - [2026-05-14T16:16:49.427+0000] {dag.py:3036} INFO - Sync 1 DAGs
[2026-05-14T16:16:49.440+0000] {logging_mixin.py:188} INFO - [2026-05-14T16:16:49.439+0000] {dag.py:3823} INFO - Setting next_dagrun for hn_pipeline to 2026-05-14 16:00:00+00:00, run_after=2026-05-14 17:00:00+00:00
[2026-05-14T16:16:49.447+0000] {processor.py:183} INFO - Processing /opt/airflow/dags/hn_pipeline_dag.py took 0.063 seconds
[2026-05-14T16:17:19.732+0000] {processor.py:161} INFO - Started process (PID=666) to work on /opt/airflow/dags/hn_pipeline_dag.py
[2026-05-14T16:17:19.734+0000] {processor.py:830} INFO - Processing file /opt/airflow/dags/hn_pipeline_dag.py for tasks to queue
[2026-05-14T16:17:19.734+0000] {logging_mixin.py:188} INFO - [2026-05-14T16:17:19.734+0000] {dagbag.py:538} INFO - Filling up the DagBag from /opt/airflow/dags/hn_pipeline_dag.py
[2026-05-14T16:17:19.748+0000] {processor.py:840} INFO - DAG(s) 'hn_pipeline' retrieved from /opt/airflow/dags/hn_pipeline_dag.py
[2026-05-14T16:17:19.766+0000] {logging_mixin.py:188} INFO - [2026-05-14T16:17:19.766+0000] {dag.py:3036} INFO - Sync 1 DAGs
[2026-05-14T16:17:19.777+0000] {logging_mixin.py:188} INFO - [2026-05-14T16:17:19.777+0000] {dag.py:3823} INFO - Setting next_dagrun for hn_pipeline to 2026-05-14 16:00:00+00:00, run_after=2026-05-14 17:00:00+00:00
[2026-05-14T16:17:19.784+0000] {processor.py:183} INFO - Processing /opt/airflow/dags/hn_pipeline_dag.py took 0.056 seconds
[2026-05-14T16:17:50.041+0000] {processor.py:161} INFO - Started process (PID=671) to work on /opt/airflow/dags/hn_pipeline_dag.py
[2026-05-14T16:17:50.042+0000] {processor.py:830} INFO - Processing file /opt/airflow/dags/hn_pipeline_dag.py for tasks to queue
[2026-05-14T16:17:50.042+0000] {logging_mixin.py:188} INFO - [2026-05-14T16:17:50.042+0000] {dagbag.py:538} INFO - Filling up the DagBag from /opt/airflow/dags/hn_pipeline_dag.py
[2026-05-14T16:17:50.050+0000] {processor.py:840} INFO - DAG(s) 'hn_pipeline' retrieved from /opt/airflow/dags/hn_pipeline_dag.py
[2026-05-14T16:17:50.065+0000] {logging_mixin.py:188} INFO - [2026-05-14T16:17:50.065+0000] {dag.py:3036} INFO - Sync 1 DAGs
[2026-05-14T16:17:50.077+0000] {logging_mixin.py:188} INFO - [2026-05-14T16:17:50.077+0000] {dag.py:3823} INFO - Setting next_dagrun for hn_pipeline to 2026-05-14 16:00:00+00:00, run_after=2026-05-14 17:00:00+00:00
[2026-05-14T16:17:50.084+0000] {processor.py:183} INFO - Processing /opt/airflow/dags/hn_pipeline_dag.py took 0.045 seconds
[2026-05-14T16:18:20.457+0000] {processor.py:161} INFO - Started process (PID=676) to work on /opt/airflow/dags/hn_pipeline_dag.py
[2026-05-14T16:18:20.459+0000] {processor.py:830} INFO - Processing file /opt/airflow/dags/hn_pipeline_dag.py for tasks to queue
[2026-05-14T16:18:20.460+0000] {logging_mixin.py:188} INFO - [2026-05-14T16:18:20.459+0000] {dagbag.py:538} INFO - Filling up the DagBag from /opt/airflow/dags/hn_pipeline_dag.py
[2026-05-14T16:18:20.490+0000] {processor.py:840} INFO - DAG(s) 'hn_pipeline' retrieved from /opt/airflow/dags/hn_pipeline_dag.py
[2026-05-14T16:18:28.241+0000] {logging_mixin.py:188} INFO - [2026-05-14T16:18:28.140+0000] {dag.py:3036} INFO - Sync 1 DAGs
[2026-05-14T16:18:43.285+0000] {logging_mixin.py:188} INFO - [2026-05-14T16:18:43.284+0000] {dag.py:3823} INFO - Setting next_dagrun for hn_pipeline to 2026-05-14 16:00:00+00:00, run_after=2026-05-14 17:00:00+00:00
[2026-05-14T16:18:43.309+0000] {processor.py:183} INFO - Processing /opt/airflow/dags/hn_pipeline_dag.py took 23.121 seconds
[2026-05-14T16:19:13.555+0000] {processor.py:161} INFO - Started process (PID=681) to work on /opt/airflow/dags/hn_pipeline_dag.py
[2026-05-14T16:19:13.556+0000] {processor.py:830} INFO - Processing file /opt/airflow/dags/hn_pipeline_dag.py for tasks to queue
[2026-05-14T16:19:13.556+0000] {logging_mixin.py:188} INFO - [2026-05-14T16:19:13.556+0000] {dagbag.py:538} INFO - Filling up the DagBag from /opt/airflow/dags/hn_pipeline_dag.py
[2026-05-14T16:19:13.579+0000] {processor.py:840} INFO - DAG(s) 'hn_pipeline' retrieved from /opt/airflow/dags/hn_pipeline_dag.py
[2026-05-14T16:19:13.610+0000] {logging_mixin.py:188} INFO - [2026-05-14T16:19:13.610+0000] {dag.py:3036} INFO - Sync 1 DAGs
[2026-05-14T16:19:13.622+0000] {logging_mixin.py:188} INFO - [2026-05-14T16:19:13.621+0000] {dag.py:3823} INFO - Setting next_dagrun for hn_pipeline to 2026-05-14 16:00:00+00:00, run_after=2026-05-14 17:00:00+00:00
[2026-05-14T16:19:13.629+0000] {processor.py:183} INFO - Processing /opt/airflow/dags/hn_pipeline_dag.py took 0.078 seconds
[2026-05-14T16:19:43.837+0000] {processor.py:161} INFO - Started process (PID=686) to work on /opt/airflow/dags/hn_pipeline_dag.py
[2026-05-14T16:19:43.838+0000] {processor.py:830} INFO - Processing file /opt/airflow/dags/hn_pipeline_dag.py for tasks to queue
[2026-05-14T16:19:43.839+0000] {logging_mixin.py:188} INFO - [2026-05-14T16:19:43.839+0000] {dagbag.py:538} INFO - Filling up the DagBag from /opt/airflow/dags/hn_pipeline_dag.py
[2026-05-14T16:19:43.851+0000] {processor.py:840} INFO - DAG(s) 'hn_pipeline' retrieved from /opt/airflow/dags/hn_pipeline_dag.py
[2026-05-14T16:19:43.870+0000] {logging_mixin.py:188} INFO - [2026-05-14T16:19:43.869+0000] {dag.py:3036} INFO - Sync 1 DAGs
[2026-05-14T16:19:43.882+0000] {logging_mixin.py:188} INFO - [2026-05-14T16:19:43.882+0000] {dag.py:3823} INFO - Setting next_dagrun for hn_pipeline to 2026-05-14 16:00:00+00:00, run_after=2026-05-14 17:00:00+00:00
[2026-05-14T16:19:43.891+0000] {processor.py:183} INFO - Processing /opt/airflow/dags/hn_pipeline_dag.py took 0.057 seconds
[2026-05-14T16:20:14.193+0000] {processor.py:161} INFO - Started process (PID=691) to work on /opt/airflow/dags/hn_pipeline_dag.py
[2026-05-14T16:20:14.196+0000] {processor.py:830} INFO - Processing file /opt/airflow/dags/hn_pipeline_dag.py for tasks to queue
[2026-05-14T16:20:14.196+0000] {logging_mixin.py:188} INFO - [2026-05-14T16:20:14.196+0000] {dagbag.py:538} INFO - Filling up the DagBag from /opt/airflow/dags/hn_pipeline_dag.py
[2026-05-14T16:20:14.209+0000] {processor.py:840} INFO - DAG(s) 'hn_pipeline' retrieved from /opt/airflow/dags/hn_pipeline_dag.py
[2026-05-14T16:20:14.230+0000] {logging_mixin.py:188} INFO - [2026-05-14T16:20:14.230+0000] {dag.py:3036} INFO - Sync 1 DAGs
[2026-05-14T16:20:14.244+0000] {logging_mixin.py:188} INFO - [2026-05-14T16:20:14.243+0000] {dag.py:3823} INFO - Setting next_dagrun for hn_pipeline to 2026-05-14 16:00:00+00:00, run_after=2026-05-14 17:00:00+00:00
[2026-05-14T16:20:14.251+0000] {processor.py:183} INFO - Processing /opt/airflow/dags/hn_pipeline_dag.py took 0.061 seconds
[2026-05-14T16:20:44.889+0000] {processor.py:161} INFO - Started process (PID=696) to work on /opt/airflow/dags/hn_pipeline_dag.py
[2026-05-14T16:20:44.891+0000] {processor.py:830} INFO - Processing file /opt/airflow/dags/hn_pipeline_dag.py for tasks to queue
[2026-05-14T16:20:44.892+0000] {logging_mixin.py:188} INFO - [2026-05-14T16:20:44.891+0000] {dagbag.py:538} INFO - Filling up the DagBag from /opt/airflow/dags/hn_pipeline_dag.py
[2026-05-14T16:20:44.959+0000] {processor.py:840} INFO - DAG(s) 'hn_pipeline' retrieved from /opt/airflow/dags/hn_pipeline_dag.py
[2026-05-14T16:20:45.129+0000] {logging_mixin.py:188} INFO - [2026-05-14T16:20:45.128+0000] {dag.py:3036} INFO - Sync 1 DAGs
[2026-05-14T16:20:45.417+0000] {logging_mixin.py:188} INFO - [2026-05-14T16:20:45.416+0000] {dag.py:3823} INFO - Setting next_dagrun for hn_pipeline to 2026-05-14 16:00:00+00:00, run_after=2026-05-14 17:00:00+00:00
[2026-05-14T16:20:45.831+0000] {processor.py:183} INFO - Processing /opt/airflow/dags/hn_pipeline_dag.py took 0.947 seconds
[2026-05-14T16:21:16.306+0000] {processor.py:161} INFO - Started process (PID=701) to work on /opt/airflow/dags/hn_pipeline_dag.py
[2026-05-14T16:21:16.307+0000] {processor.py:830} INFO - Processing file /opt/airflow/dags/hn_pipeline_dag.py for tasks to queue
[2026-05-14T16:21:16.308+0000] {logging_mixin.py:188} INFO - [2026-05-14T16:21:16.307+0000] {dagbag.py:538} INFO - Filling up the DagBag from /opt/airflow/dags/hn_pipeline_dag.py
[2026-05-14T16:21:16.326+0000] {processor.py:840} INFO - DAG(s) 'hn_pipeline' retrieved from /opt/airflow/dags/hn_pipeline_dag.py
[2026-05-14T16:21:17.769+0000] {logging_mixin.py:188} INFO - [2026-05-14T16:21:17.744+0000] {dag.py:3036} INFO - Sync 1 DAGs
[2026-05-14T16:21:18.604+0000] {logging_mixin.py:188} INFO - [2026-05-14T16:21:18.573+0000] {dag.py:3823} INFO - Setting next_dagrun for hn_pipeline to 2026-05-14 16:00:00+00:00, run_after=2026-05-14 17:00:00+00:00
[2026-05-14T16:21:20.668+0000] {processor.py:183} INFO - Processing /opt/airflow/dags/hn_pipeline_dag.py took 4.364 seconds
[2026-05-14T16:21:51.172+0000] {processor.py:161} INFO - Started process (PID=706) to work on /opt/airflow/dags/hn_pipeline_dag.py
[2026-05-14T16:21:51.173+0000] {processor.py:830} INFO - Processing file /opt/airflow/dags/hn_pipeline_dag.py for tasks to queue
[2026-05-14T16:21:51.174+0000] {logging_mixin.py:188} INFO - [2026-05-14T16:21:51.173+0000] {dagbag.py:538} INFO - Filling up the DagBag from /opt/airflow/dags/hn_pipeline_dag.py
[2026-05-14T16:21:51.197+0000] {processor.py:840} INFO - DAG(s) 'hn_pipeline' retrieved from /opt/airflow/dags/hn_pipeline_dag.py
[2026-05-14T16:21:51.224+0000] {logging_mixin.py:188} INFO - [2026-05-14T16:21:51.224+0000] {dag.py:3036} INFO - Sync 1 DAGs
[2026-05-14T16:21:51.236+0000] {logging_mixin.py:188} INFO - [2026-05-14T16:21:51.236+0000] {dag.py:3823} INFO - Setting next_dagrun for hn_pipeline to 2026-05-14 16:00:00+00:00, run_after=2026-05-14 17:00:00+00:00
[2026-05-14T16:21:51.244+0000] {processor.py:183} INFO - Processing /opt/airflow/dags/hn_pipeline_dag.py took 0.078 seconds
[2026-05-14T16:22:21.445+0000] {processor.py:161} INFO - Started process (PID=711) to work on /opt/airflow/dags/hn_pipeline_dag.py
[2026-05-14T16:22:21.447+0000] {processor.py:830} INFO - Processing file /opt/airflow/dags/hn_pipeline_dag.py for tasks to queue
[2026-05-14T16:22:21.448+0000] {logging_mixin.py:188} INFO - [2026-05-14T16:22:21.447+0000] {dagbag.py:538} INFO - Filling up the DagBag from /opt/airflow/dags/hn_pipeline_dag.py
[2026-05-14T16:22:21.468+0000] {processor.py:840} INFO - DAG(s) 'hn_pipeline' retrieved from /opt/airflow/dags/hn_pipeline_dag.py
[2026-05-14T16:22:21.513+0000] {logging_mixin.py:188} INFO - [2026-05-14T16:22:21.513+0000] {dag.py:3036} INFO - Sync 1 DAGs
[2026-05-14T16:22:21.529+0000] {logging_mixin.py:188} INFO - [2026-05-14T16:22:21.529+0000] {dag.py:3823} INFO - Setting next_dagrun for hn_pipeline to 2026-05-14 16:00:00+00:00, run_after=2026-05-14 17:00:00+00:00
[2026-05-14T16:22:21.537+0000] {processor.py:183} INFO - Processing /opt/airflow/dags/hn_pipeline_dag.py took 0.095 seconds
[2026-05-14T16:22:52.017+0000] {processor.py:161} INFO - Started process (PID=716) to work on /opt/airflow/dags/hn_pipeline_dag.py
[2026-05-14T16:22:52.018+0000] {processor.py:830} INFO - Processing file /opt/airflow/dags/hn_pipeline_dag.py for tasks to queue
[2026-05-14T16:22:52.020+0000] {logging_mixin.py:188} INFO - [2026-05-14T16:22:52.019+0000] {dagbag.py:538} INFO - Filling up the DagBag from /opt/airflow/dags/hn_pipeline_dag.py
[2026-05-14T16:22:52.035+0000] {processor.py:840} INFO - DAG(s) 'hn_pipeline' retrieved from /opt/airflow/dags/hn_pipeline_dag.py
[2026-05-14T16:22:52.654+0000] {logging_mixin.py:188} INFO - [2026-05-14T16:22:52.647+0000] {dag.py:3036} INFO - Sync 1 DAGs
[2026-05-14T16:22:53.340+0000] {logging_mixin.py:188} INFO - [2026-05-14T16:22:53.339+0000] {dag.py:3823} INFO - Setting next_dagrun for hn_pipeline to 2026-05-14 16:00:00+00:00, run_after=2026-05-14 17:00:00+00:00
[2026-05-14T16:22:53.874+0000] {processor.py:183} INFO - Processing /opt/airflow/dags/hn_pipeline_dag.py took 1.862 seconds
[2026-05-14T16:23:24.490+0000] {processor.py:161} INFO - Started process (PID=721) to work on /opt/airflow/dags/hn_pipeline_dag.py
[2026-05-14T16:23:24.491+0000] {processor.py:830} INFO - Processing file /opt/airflow/dags/hn_pipeline_dag.py for tasks to queue
[2026-05-14T16:23:24.493+0000] {logging_mixin.py:188} INFO - [2026-05-14T16:23:24.492+0000] {dagbag.py:538} INFO - Filling up the DagBag from /opt/airflow/dags/hn_pipeline_dag.py
[2026-05-14T16:23:24.525+0000] {processor.py:840} INFO - DAG(s) 'hn_pipeline' retrieved from /opt/airflow/dags/hn_pipeline_dag.py
[2026-05-14T16:23:24.559+0000] {logging_mixin.py:188} INFO - [2026-05-14T16:23:24.559+0000] {dag.py:3036} INFO - Sync 1 DAGs
[2026-05-14T16:23:24.572+0000] {logging_mixin.py:188} INFO - [2026-05-14T16:23:24.572+0000] {dag.py:3823} INFO - Setting next_dagrun for hn_pipeline to 2026-05-14 16:00:00+00:00, run_after=2026-05-14 17:00:00+00:00
[2026-05-14T16:23:24.582+0000] {processor.py:183} INFO - Processing /opt/airflow/dags/hn_pipeline_dag.py took 0.097 seconds
[2026-05-14T16:23:54.792+0000] {processor.py:161} INFO - Started process (PID=726) to work on /opt/airflow/dags/hn_pipeline_dag.py
[2026-05-14T16:23:54.792+0000] {processor.py:830} INFO - Processing file /opt/airflow/dags/hn_pipeline_dag.py for tasks to queue
[2026-05-14T16:23:54.793+0000] {logging_mixin.py:188} INFO - [2026-05-14T16:23:54.793+0000] {dagbag.py:538} INFO - Filling up the DagBag from /opt/airflow/dags/hn_pipeline_dag.py
[2026-05-14T16:23:54.801+0000] {processor.py:840} INFO - DAG(s) 'hn_pipeline' retrieved from /opt/airflow/dags/hn_pipeline_dag.py
[2026-05-14T16:23:54.815+0000] {logging_mixin.py:188} INFO - [2026-05-14T16:23:54.815+0000] {dag.py:3036} INFO - Sync 1 DAGs
[2026-05-14T16:23:54.827+0000] {logging_mixin.py:188} INFO - [2026-05-14T16:23:54.827+0000] {dag.py:3823} INFO - Setting next_dagrun for hn_pipeline to 2026-05-14 16:00:00+00:00, run_after=2026-05-14 17:00:00+00:00
[2026-05-14T16:23:54.835+0000] {processor.py:183} INFO - Processing /opt/airflow/dags/hn_pipeline_dag.py took 0.045 seconds
[2026-05-14T16:24:25.067+0000] {processor.py:161} INFO - Started process (PID=731) to work on /opt/airflow/dags/hn_pipeline_dag.py
[2026-05-14T16:24:25.069+0000] {processor.py:830} INFO - Processing file /opt/airflow/dags/hn_pipeline_dag.py for tasks to queue
[2026-05-14T16:24:25.070+0000] {logging_mixin.py:188} INFO - [2026-05-14T16:24:25.069+0000] {dagbag.py:538} INFO - Filling up the DagBag from /opt/airflow/dags/hn_pipeline_dag.py
[2026-05-14T16:24:25.089+0000] {processor.py:840} INFO - DAG(s) 'hn_pipeline' retrieved from /opt/airflow/dags/hn_pipeline_dag.py
[2026-05-14T16:24:25.112+0000] {logging_mixin.py:188} INFO - [2026-05-14T16:24:25.111+0000] {dag.py:3036} INFO - Sync 1 DAGs
[2026-05-14T16:24:25.128+0000] {logging_mixin.py:188} INFO - [2026-05-14T16:24:25.127+0000] {dag.py:3823} INFO - Setting next_dagrun for hn_pipeline to 2026-05-14 16:00:00+00:00, run_after=2026-05-14 17:00:00+00:00
[2026-05-14T16:24:25.138+0000] {processor.py:183} INFO - Processing /opt/airflow/dags/hn_pipeline_dag.py took 0.074 seconds
[2026-05-14T16:24:55.790+0000] {processor.py:161} INFO - Started process (PID=736) to work on /opt/airflow/dags/hn_pipeline_dag.py
[2026-05-14T16:24:55.904+0000] {processor.py:830} INFO - Processing file /opt/airflow/dags/hn_pipeline_dag.py for tasks to queue
[2026-05-14T16:24:56.101+0000] {logging_mixin.py:188} INFO - [2026-05-14T16:24:56.012+0000] {dagbag.py:538} INFO - Filling up the DagBag from /opt/airflow/dags/hn_pipeline_dag.py
[2026-05-14T16:25:11.280+0000] {processor.py:840} INFO - DAG(s) 'hn_pipeline' retrieved from /opt/airflow/dags/hn_pipeline_dag.py
[2026-05-14T16:25:24.788+0000] {logging_mixin.py:188} INFO - [2026-05-14T16:25:24.784+0000] {dag.py:3036} INFO - Sync 1 DAGs
[2026-05-14T16:25:24.840+0000] {logging_mixin.py:188} INFO - [2026-05-14T16:25:24.839+0000] {dag.py:3823} INFO - Setting next_dagrun for hn_pipeline to 2026-05-14 16:00:00+00:00, run_after=2026-05-14 17:00:00+00:00
[2026-05-14T16:25:24.871+0000] {processor.py:183} INFO - Processing /opt/airflow/dags/hn_pipeline_dag.py took 29.691 seconds
[2026-05-14T16:25:55.015+0000] {processor.py:161} INFO - Started process (PID=741) to work on /opt/airflow/dags/hn_pipeline_dag.py
[2026-05-14T16:25:55.016+0000] {processor.py:830} INFO - Processing file /opt/airflow/dags/hn_pipeline_dag.py for tasks to queue
[2026-05-14T16:25:55.017+0000] {logging_mixin.py:188} INFO - [2026-05-14T16:25:55.017+0000] {dagbag.py:538} INFO - Filling up the DagBag from /opt/airflow/dags/hn_pipeline_dag.py
[2026-05-14T16:25:55.035+0000] {processor.py:840} INFO - DAG(s) 'hn_pipeline' retrieved from /opt/airflow/dags/hn_pipeline_dag.py
[2026-05-14T16:25:55.064+0000] {logging_mixin.py:188} INFO - [2026-05-14T16:25:55.064+0000] {dag.py:3036} INFO - Sync 1 DAGs
[2026-05-14T16:25:55.075+0000] {logging_mixin.py:188} INFO - [2026-05-14T16:25:55.075+0000] {dag.py:3823} INFO - Setting next_dagrun for hn_pipeline to 2026-05-14 16:00:00+00:00, run_after=2026-05-14 17:00:00+00:00
[2026-05-14T16:25:55.083+0000] {processor.py:183} INFO - Processing /opt/airflow/dags/hn_pipeline_dag.py took 0.075 seconds
[2026-05-14T16:26:25.333+0000] {processor.py:161} INFO - Started process (PID=746) to work on /opt/airflow/dags/hn_pipeline_dag.py
[2026-05-14T16:26:25.333+0000] {processor.py:830} INFO - Processing file /opt/airflow/dags/hn_pipeline_dag.py for tasks to queue
[2026-05-14T16:26:25.334+0000] {logging_mixin.py:188} INFO - [2026-05-14T16:26:25.334+0000] {dagbag.py:538} INFO - Filling up the DagBag from /opt/airflow/dags/hn_pipeline_dag.py
[2026-05-14T16:26:25.350+0000] {processor.py:840} INFO - DAG(s) 'hn_pipeline' retrieved from /opt/airflow/dags/hn_pipeline_dag.py
[2026-05-14T16:26:25.374+0000] {logging_mixin.py:188} INFO - [2026-05-14T16:26:25.374+0000] {dag.py:3036} INFO - Sync 1 DAGs
[2026-05-14T16:26:25.390+0000] {logging_mixin.py:188} INFO - [2026-05-14T16:26:25.390+0000] {dag.py:3823} INFO - Setting next_dagrun for hn_pipeline to 2026-05-14 16:00:00+00:00, run_after=2026-05-14 17:00:00+00:00
[2026-05-14T16:26:25.398+0000] {processor.py:183} INFO - Processing /opt/airflow/dags/hn_pipeline_dag.py took 0.068 seconds
[2026-05-14T16:26:56.085+0000] {processor.py:161} INFO - Started process (PID=751) to work on /opt/airflow/dags/hn_pipeline_dag.py
[2026-05-14T16:26:56.086+0000] {processor.py:830} INFO - Processing file /opt/airflow/dags/hn_pipeline_dag.py for tasks to queue
[2026-05-14T16:26:56.087+0000] {logging_mixin.py:188} INFO - [2026-05-14T16:26:56.087+0000] {dagbag.py:538} INFO - Filling up the DagBag from /opt/airflow/dags/hn_pipeline_dag.py
[2026-05-14T16:26:56.116+0000] {processor.py:840} INFO - DAG(s) 'hn_pipeline' retrieved from /opt/airflow/dags/hn_pipeline_dag.py
[2026-05-14T16:26:56.907+0000] {logging_mixin.py:188} INFO - [2026-05-14T16:26:56.892+0000] {dag.py:3036} INFO - Sync 1 DAGs
[2026-05-14T16:26:57.488+0000] {logging_mixin.py:188} INFO - [2026-05-14T16:26:57.487+0000] {dag.py:3823} INFO - Setting next_dagrun for hn_pipeline to 2026-05-14 16:00:00+00:00, run_after=2026-05-14 17:00:00+00:00
[2026-05-14T16:26:57.500+0000] {processor.py:183} INFO - Processing /opt/airflow/dags/hn_pipeline_dag.py took 1.418 seconds
[2026-05-14T16:27:27.713+0000] {processor.py:161} INFO - Started process (PID=756) to work on /opt/airflow/dags/hn_pipeline_dag.py
[2026-05-14T16:27:27.715+0000] {processor.py:830} INFO - Processing file /opt/airflow/dags/hn_pipeline_dag.py for tasks to queue
[2026-05-14T16:27:27.716+0000] {logging_mixin.py:188} INFO - [2026-05-14T16:27:27.716+0000] {dagbag.py:538} INFO - Filling up the DagBag from /opt/airflow/dags/hn_pipeline_dag.py
[2026-05-14T16:27:27.742+0000] {processor.py:840} INFO - DAG(s) 'hn_pipeline' retrieved from /opt/airflow/dags/hn_pipeline_dag.py
[2026-05-14T16:27:27.767+0000] {logging_mixin.py:188} INFO - [2026-05-14T16:27:27.767+0000] {dag.py:3036} INFO - Sync 1 DAGs
[2026-05-14T16:27:27.785+0000] {logging_mixin.py:188} INFO - [2026-05-14T16:27:27.785+0000] {dag.py:3823} INFO - Setting next_dagrun for hn_pipeline to 2026-05-14 16:00:00+00:00, run_after=2026-05-14 17:00:00+00:00
[2026-05-14T16:27:27.795+0000] {processor.py:183} INFO - Processing /opt/airflow/dags/hn_pipeline_dag.py took 0.088 seconds
[2026-05-14T16:27:58.146+0000] {processor.py:161} INFO - Started process (PID=761) to work on /opt/airflow/dags/hn_pipeline_dag.py
[2026-05-14T16:27:58.147+0000] {processor.py:830} INFO - Processing file /opt/airflow/dags/hn_pipeline_dag.py for tasks to queue
[2026-05-14T16:27:58.147+0000] {logging_mixin.py:188} INFO - [2026-05-14T16:27:58.147+0000] {dagbag.py:538} INFO - Filling up the DagBag from /opt/airflow/dags/hn_pipeline_dag.py
[2026-05-14T16:27:58.160+0000] {processor.py:840} INFO - DAG(s) 'hn_pipeline' retrieved from /opt/airflow/dags/hn_pipeline_dag.py
[2026-05-14T16:27:58.177+0000] {logging_mixin.py:188} INFO - [2026-05-14T16:27:58.177+0000] {dag.py:3036} INFO - Sync 1 DAGs
[2026-05-14T16:27:58.187+0000] {logging_mixin.py:188} INFO - [2026-05-14T16:27:58.187+0000] {dag.py:3823} INFO - Setting next_dagrun for hn_pipeline to 2026-05-14 16:00:00+00:00, run_after=2026-05-14 17:00:00+00:00
[2026-05-14T16:27:58.194+0000] {processor.py:183} INFO - Processing /opt/airflow/dags/hn_pipeline_dag.py took 0.050 seconds
[2026-05-14T16:28:28.455+0000] {processor.py:161} INFO - Started process (PID=766) to work on /opt/airflow/dags/hn_pipeline_dag.py
[2026-05-14T16:28:28.455+0000] {processor.py:830} INFO - Processing file /opt/airflow/dags/hn_pipeline_dag.py for tasks to queue
[2026-05-14T16:28:28.456+0000] {logging_mixin.py:188} INFO - [2026-05-14T16:28:28.456+0000] {dagbag.py:538} INFO - Filling up the DagBag from /opt/airflow/dags/hn_pipeline_dag.py
[2026-05-14T16:28:28.480+0000] {processor.py:840} INFO - DAG(s) 'hn_pipeline' retrieved from /opt/airflow/dags/hn_pipeline_dag.py
[2026-05-14T16:28:28.506+0000] {logging_mixin.py:188} INFO - [2026-05-14T16:28:28.506+0000] {dag.py:3036} INFO - Sync 1 DAGs
[2026-05-14T16:28:28.523+0000] {logging_mixin.py:188} INFO - [2026-05-14T16:28:28.522+0000] {dag.py:3823} INFO - Setting next_dagrun for hn_pipeline to 2026-05-14 16:00:00+00:00, run_after=2026-05-14 17:00:00+00:00
[2026-05-14T16:28:28.531+0000] {processor.py:183} INFO - Processing /opt/airflow/dags/hn_pipeline_dag.py took 0.078 seconds
[2026-05-14T16:28:58.694+0000] {processor.py:161} INFO - Started process (PID=771) to work on /opt/airflow/dags/hn_pipeline_dag.py
[2026-05-14T16:28:58.695+0000] {processor.py:830} INFO - Processing file /opt/airflow/dags/hn_pipeline_dag.py for tasks to queue
[2026-05-14T16:28:58.696+0000] {logging_mixin.py:188} INFO - [2026-05-14T16:28:58.695+0000] {dagbag.py:538} INFO - Filling up the DagBag from /opt/airflow/dags/hn_pipeline_dag.py
[2026-05-14T16:29:00.715+0000] {processor.py:840} INFO - DAG(s) 'hn_pipeline' retrieved from /opt/airflow/dags/hn_pipeline_dag.py
[2026-05-14T16:29:05.040+0000] {logging_mixin.py:188} INFO - [2026-05-14T16:29:05.034+0000] {dag.py:3036} INFO - Sync 1 DAGs
[2026-05-14T16:29:05.088+0000] {logging_mixin.py:188} INFO - [2026-05-14T16:29:05.088+0000] {dag.py:3823} INFO - Setting next_dagrun for hn_pipeline to 2026-05-14 16:00:00+00:00, run_after=2026-05-14 17:00:00+00:00
[2026-05-14T16:29:05.099+0000] {processor.py:183} INFO - Processing /opt/airflow/dags/hn_pipeline_dag.py took 6.409 seconds
[2026-05-14T16:29:35.373+0000] {processor.py:161} INFO - Started process (PID=776) to work on /opt/airflow/dags/hn_pipeline_dag.py
[2026-05-14T16:29:35.374+0000] {processor.py:830} INFO - Processing file /opt/airflow/dags/hn_pipeline_dag.py for tasks to queue
[2026-05-14T16:29:35.375+0000] {logging_mixin.py:188} INFO - [2026-05-14T16:29:35.374+0000] {dagbag.py:538} INFO - Filling up the DagBag from /opt/airflow/dags/hn_pipeline_dag.py
[2026-05-14T16:29:35.398+0000] {processor.py:840} INFO - DAG(s) 'hn_pipeline' retrieved from /opt/airflow/dags/hn_pipeline_dag.py
[2026-05-14T16:29:35.432+0000] {logging_mixin.py:188} INFO - [2026-05-14T16:29:35.431+0000] {dag.py:3036} INFO - Sync 1 DAGs
[2026-05-14T16:29:35.450+0000] {logging_mixin.py:188} INFO - [2026-05-14T16:29:35.450+0000] {dag.py:3823} INFO - Setting next_dagrun for hn_pipeline to 2026-05-14 16:00:00+00:00, run_after=2026-05-14 17:00:00+00:00
[2026-05-14T16:29:35.459+0000] {processor.py:183} INFO - Processing /opt/airflow/dags/hn_pipeline_dag.py took 0.091 seconds
[2026-05-14T16:30:05.692+0000] {processor.py:161} INFO - Started process (PID=781) to work on /opt/airflow/dags/hn_pipeline_dag.py
[2026-05-14T16:30:05.693+0000] {processor.py:830} INFO - Processing file /opt/airflow/dags/hn_pipeline_dag.py for tasks to queue
[2026-05-14T16:30:05.694+0000] {logging_mixin.py:188} INFO - [2026-05-14T16:30:05.694+0000] {dagbag.py:538} INFO - Filling up the DagBag from /opt/airflow/dags/hn_pipeline_dag.py
[2026-05-14T16:30:05.708+0000] {processor.py:840} INFO - DAG(s) 'hn_pipeline' retrieved from /opt/airflow/dags/hn_pipeline_dag.py
[2026-05-14T16:30:05.727+0000] {logging_mixin.py:188} INFO - [2026-05-14T16:30:05.727+0000] {dag.py:3036} INFO - Sync 1 DAGs
[2026-05-14T16:30:05.738+0000] {logging_mixin.py:188} INFO - [2026-05-14T16:30:05.738+0000] {dag.py:3823} INFO - Setting next_dagrun for hn_pipeline to 2026-05-14 16:00:00+00:00, run_after=2026-05-14 17:00:00+00:00
[2026-05-14T16:30:05.746+0000] {processor.py:183} INFO - Processing /opt/airflow/dags/hn_pipeline_dag.py took 0.058 seconds
[2026-05-14T16:30:36.016+0000] {processor.py:161} INFO - Started process (PID=786) to work on /opt/airflow/dags/hn_pipeline_dag.py
[2026-05-14T16:30:36.016+0000] {processor.py:830} INFO - Processing file /opt/airflow/dags/hn_pipeline_dag.py for tasks to queue
[2026-05-14T16:30:36.017+0000] {logging_mixin.py:188} INFO - [2026-05-14T16:30:36.017+0000] {dagbag.py:538} INFO - Filling up the DagBag from /opt/airflow/dags/hn_pipeline_dag.py
[2026-05-14T16:30:36.029+0000] {processor.py:840} INFO - DAG(s) 'hn_pipeline' retrieved from /opt/airflow/dags/hn_pipeline_dag.py
[2026-05-14T16:30:36.057+0000] {logging_mixin.py:188} INFO - [2026-05-14T16:30:36.057+0000] {dag.py:3036} INFO - Sync 1 DAGs
[2026-05-14T16:30:36.070+0000] {logging_mixin.py:188} INFO - [2026-05-14T16:30:36.070+0000] {dag.py:3823} INFO - Setting next_dagrun for hn_pipeline to 2026-05-14 16:00:00+00:00, run_after=2026-05-14 17:00:00+00:00
[2026-05-14T16:30:36.078+0000] {processor.py:183} INFO - Processing /opt/airflow/dags/hn_pipeline_dag.py took 0.065 seconds
[2026-05-14T16:31:09.279+0000] {processor.py:161} INFO - Started process (PID=791) to work on /opt/airflow/dags/hn_pipeline_dag.py
[2026-05-14T16:31:09.901+0000] {processor.py:830} INFO - Processing file /opt/airflow/dags/hn_pipeline_dag.py for tasks to queue
[2026-05-14T16:31:13.567+0000] {logging_mixin.py:188} INFO - [2026-05-14T16:31:11.464+0000] {dagbag.py:538} INFO - Filling up the DagBag from /opt/airflow/dags/hn_pipeline_dag.py
[2026-05-14T16:31:16.126+0000] {processor.py:840} INFO - DAG(s) 'hn_pipeline' retrieved from /opt/airflow/dags/hn_pipeline_dag.py
[2026-05-14T16:31:23.248+0000] {logging_mixin.py:188} INFO - [2026-05-14T16:31:23.247+0000] {dag.py:3036} INFO - Sync 1 DAGs
[2026-05-14T16:31:23.271+0000] {logging_mixin.py:188} INFO - [2026-05-14T16:31:23.271+0000] {dag.py:3823} INFO - Setting next_dagrun for hn_pipeline to 2026-05-14 16:00:00+00:00, run_after=2026-05-14 17:00:00+00:00
[2026-05-14T16:31:23.282+0000] {processor.py:183} INFO - Processing /opt/airflow/dags/hn_pipeline_dag.py took 14.826 seconds
[2026-05-14T16:31:53.459+0000] {processor.py:161} INFO - Started process (PID=796) to work on /opt/airflow/dags/hn_pipeline_dag.py
[2026-05-14T16:31:53.460+0000] {processor.py:830} INFO - Processing file /opt/airflow/dags/hn_pipeline_dag.py for tasks to queue
[2026-05-14T16:31:53.461+0000] {logging_mixin.py:188} INFO - [2026-05-14T16:31:53.461+0000] {dagbag.py:538} INFO - Filling up the DagBag from /opt/airflow/dags/hn_pipeline_dag.py
[2026-05-14T16:31:53.478+0000] {processor.py:840} INFO - DAG(s) 'hn_pipeline' retrieved from /opt/airflow/dags/hn_pipeline_dag.py
[2026-05-14T16:31:53.500+0000] {logging_mixin.py:188} INFO - [2026-05-14T16:31:53.500+0000] {dag.py:3036} INFO - Sync 1 DAGs
[2026-05-14T16:31:53.510+0000] {logging_mixin.py:188} INFO - [2026-05-14T16:31:53.510+0000] {dag.py:3823} INFO - Setting next_dagrun for hn_pipeline to 2026-05-14 16:00:00+00:00, run_after=2026-05-14 17:00:00+00:00
[2026-05-14T16:31:53.517+0000] {processor.py:183} INFO - Processing /opt/airflow/dags/hn_pipeline_dag.py took 0.063 seconds
[2026-05-14T16:32:23.808+0000] {processor.py:161} INFO - Started process (PID=801) to work on /opt/airflow/dags/hn_pipeline_dag.py
[2026-05-14T16:32:23.809+0000] {processor.py:830} INFO - Processing file /opt/airflow/dags/hn_pipeline_dag.py for tasks to queue
[2026-05-14T16:32:23.810+0000] {logging_mixin.py:188} INFO - [2026-05-14T16:32:23.809+0000] {dagbag.py:538} INFO - Filling up the DagBag from /opt/airflow/dags/hn_pipeline_dag.py
[2026-05-14T16:32:23.826+0000] {processor.py:840} INFO - DAG(s) 'hn_pipeline' retrieved from /opt/airflow/dags/hn_pipeline_dag.py
[2026-05-14T16:32:23.854+0000] {logging_mixin.py:188} INFO - [2026-05-14T16:32:23.854+0000] {dag.py:3036} INFO - Sync 1 DAGs
[2026-05-14T16:32:23.872+0000] {logging_mixin.py:188} INFO - [2026-05-14T16:32:23.872+0000] {dag.py:3823} INFO - Setting next_dagrun for hn_pipeline to 2026-05-14 16:00:00+00:00, run_after=2026-05-14 17:00:00+00:00
[2026-05-14T16:32:23.881+0000] {processor.py:183} INFO - Processing /opt/airflow/dags/hn_pipeline_dag.py took 0.078 seconds
[2026-05-14T16:32:54.178+0000] {processor.py:161} INFO - Started process (PID=806) to work on /opt/airflow/dags/hn_pipeline_dag.py
[2026-05-14T16:32:54.179+0000] {processor.py:830} INFO - Processing file /opt/airflow/dags/hn_pipeline_dag.py for tasks to queue
[2026-05-14T16:32:54.180+0000] {logging_mixin.py:188} INFO - [2026-05-14T16:32:54.180+0000] {dagbag.py:538} INFO - Filling up the DagBag from /opt/airflow/dags/hn_pipeline_dag.py
[2026-05-14T16:32:54.200+0000] {processor.py:840} INFO - DAG(s) 'hn_pipeline' retrieved from /opt/airflow/dags/hn_pipeline_dag.py
[2026-05-14T16:32:54.230+0000] {logging_mixin.py:188} INFO - [2026-05-14T16:32:54.230+0000] {dag.py:3036} INFO - Sync 1 DAGs
[2026-05-14T16:32:54.241+0000] {logging_mixin.py:188} INFO - [2026-05-14T16:32:54.240+0000] {dag.py:3823} INFO - Setting next_dagrun for hn_pipeline to 2026-05-14 16:00:00+00:00, run_after=2026-05-14 17:00:00+00:00
[2026-05-14T16:32:54.247+0000] {processor.py:183} INFO - Processing /opt/airflow/dags/hn_pipeline_dag.py took 0.074 seconds
[2026-05-14T16:33:24.518+0000] {processor.py:161} INFO - Started process (PID=811) to work on /opt/airflow/dags/hn_pipeline_dag.py
[2026-05-14T16:33:24.520+0000] {processor.py:830} INFO - Processing file /opt/airflow/dags/hn_pipeline_dag.py for tasks to queue
[2026-05-14T16:33:24.524+0000] {logging_mixin.py:188} INFO - [2026-05-14T16:33:24.522+0000] {dagbag.py:538} INFO - Filling up the DagBag from /opt/airflow/dags/hn_pipeline_dag.py
[2026-05-14T16:33:24.545+0000] {processor.py:840} INFO - DAG(s) 'hn_pipeline' retrieved from /opt/airflow/dags/hn_pipeline_dag.py
[2026-05-14T16:33:24.579+0000] {logging_mixin.py:188} INFO - [2026-05-14T16:33:24.579+0000] {dag.py:3036} INFO - Sync 1 DAGs
[2026-05-14T16:33:24.607+0000] {logging_mixin.py:188} INFO - [2026-05-14T16:33:24.607+0000] {dag.py:3823} INFO - Setting next_dagrun for hn_pipeline to 2026-05-14 16:00:00+00:00, run_after=2026-05-14 17:00:00+00:00
[2026-05-14T16:33:24.616+0000] {processor.py:183} INFO - Processing /opt/airflow/dags/hn_pipeline_dag.py took 0.110 seconds
[2026-05-14T16:33:54.895+0000] {processor.py:161} INFO - Started process (PID=816) to work on /opt/airflow/dags/hn_pipeline_dag.py
[2026-05-14T16:33:54.896+0000] {processor.py:830} INFO - Processing file /opt/airflow/dags/hn_pipeline_dag.py for tasks to queue
[2026-05-14T16:33:54.897+0000] {logging_mixin.py:188} INFO - [2026-05-14T16:33:54.897+0000] {dagbag.py:538} INFO - Filling up the DagBag from /opt/airflow/dags/hn_pipeline_dag.py
[2026-05-14T16:33:54.910+0000] {processor.py:840} INFO - DAG(s) 'hn_pipeline' retrieved from /opt/airflow/dags/hn_pipeline_dag.py
[2026-05-14T16:33:54.929+0000] {logging_mixin.py:188} INFO - [2026-05-14T16:33:54.929+0000] {dag.py:3036} INFO - Sync 1 DAGs
[2026-05-14T16:33:54.940+0000] {logging_mixin.py:188} INFO - [2026-05-14T16:33:54.940+0000] {dag.py:3823} INFO - Setting next_dagrun for hn_pipeline to 2026-05-14 16:00:00+00:00, run_after=2026-05-14 17:00:00+00:00
[2026-05-14T16:33:54.949+0000] {processor.py:183} INFO - Processing /opt/airflow/dags/hn_pipeline_dag.py took 0.058 seconds
[2026-05-14T16:34:25.239+0000] {processor.py:161} INFO - Started process (PID=821) to work on /opt/airflow/dags/hn_pipeline_dag.py
[2026-05-14T16:34:25.240+0000] {processor.py:830} INFO - Processing file /opt/airflow/dags/hn_pipeline_dag.py for tasks to queue
[2026-05-14T16:34:25.241+0000] {logging_mixin.py:188} INFO - [2026-05-14T16:34:25.240+0000] {dagbag.py:538} INFO - Filling up the DagBag from /opt/airflow/dags/hn_pipeline_dag.py
[2026-05-14T16:34:25.263+0000] {processor.py:840} INFO - DAG(s) 'hn_pipeline' retrieved from /opt/airflow/dags/hn_pipeline_dag.py
[2026-05-14T16:34:25.290+0000] {logging_mixin.py:188} INFO - [2026-05-14T16:34:25.289+0000] {dag.py:3036} INFO - Sync 1 DAGs
[2026-05-14T16:34:25.303+0000] {logging_mixin.py:188} INFO - [2026-05-14T16:34:25.303+0000] {dag.py:3823} INFO - Setting next_dagrun for hn_pipeline to 2026-05-14 16:00:00+00:00, run_after=2026-05-14 17:00:00+00:00
[2026-05-14T16:34:25.316+0000] {processor.py:183} INFO - Processing /opt/airflow/dags/hn_pipeline_dag.py took 0.083 seconds
[2026-05-14T16:34:55.371+0000] {processor.py:161} INFO - Started process (PID=826) to work on /opt/airflow/dags/hn_pipeline_dag.py
[2026-05-14T16:34:55.372+0000] {processor.py:830} INFO - Processing file /opt/airflow/dags/hn_pipeline_dag.py for tasks to queue
[2026-05-14T16:34:55.373+0000] {logging_mixin.py:188} INFO - [2026-05-14T16:34:55.372+0000] {dagbag.py:538} INFO - Filling up the DagBag from /opt/airflow/dags/hn_pipeline_dag.py
[2026-05-14T16:34:55.625+0000] {processor.py:840} INFO - DAG(s) 'hn_pipeline' retrieved from /opt/airflow/dags/hn_pipeline_dag.py
[2026-05-14T16:34:56.063+0000] {logging_mixin.py:188} INFO - [2026-05-14T16:34:56.046+0000] {dag.py:3036} INFO - Sync 1 DAGs
[2026-05-14T16:34:57.127+0000] {logging_mixin.py:188} INFO - [2026-05-14T16:34:57.020+0000] {dag.py:3823} INFO - Setting next_dagrun for hn_pipeline to 2026-05-14 16:00:00+00:00, run_after=2026-05-14 17:00:00+00:00
[2026-05-14T16:34:57.883+0000] {processor.py:183} INFO - Processing /opt/airflow/dags/hn_pipeline_dag.py took 2.516 seconds
[2026-05-14T16:35:28.246+0000] {processor.py:161} INFO - Started process (PID=831) to work on /opt/airflow/dags/hn_pipeline_dag.py
[2026-05-14T16:35:28.248+0000] {processor.py:830} INFO - Processing file /opt/airflow/dags/hn_pipeline_dag.py for tasks to queue
[2026-05-14T16:35:28.250+0000] {logging_mixin.py:188} INFO - [2026-05-14T16:35:28.249+0000] {dagbag.py:538} INFO - Filling up the DagBag from /opt/airflow/dags/hn_pipeline_dag.py
[2026-05-14T16:35:28.272+0000] {processor.py:840} INFO - DAG(s) 'hn_pipeline' retrieved from /opt/airflow/dags/hn_pipeline_dag.py
[2026-05-14T16:35:28.306+0000] {logging_mixin.py:188} INFO - [2026-05-14T16:35:28.305+0000] {dag.py:3036} INFO - Sync 1 DAGs
[2026-05-14T16:35:28.323+0000] {logging_mixin.py:188} INFO - [2026-05-14T16:35:28.323+0000] {dag.py:3823} INFO - Setting next_dagrun for hn_pipeline to 2026-05-14 16:00:00+00:00, run_after=2026-05-14 17:00:00+00:00
[2026-05-14T16:35:28.331+0000] {processor.py:183} INFO - Processing /opt/airflow/dags/hn_pipeline_dag.py took 0.089 seconds
[2026-05-14T16:35:58.520+0000] {processor.py:161} INFO - Started process (PID=836) to work on /opt/airflow/dags/hn_pipeline_dag.py
[2026-05-14T16:35:58.521+0000] {processor.py:830} INFO - Processing file /opt/airflow/dags/hn_pipeline_dag.py for tasks to queue
[2026-05-14T16:35:58.522+0000] {logging_mixin.py:188} INFO - [2026-05-14T16:35:58.522+0000] {dagbag.py:538} INFO - Filling up the DagBag from /opt/airflow/dags/hn_pipeline_dag.py
[2026-05-14T16:35:58.535+0000] {processor.py:840} INFO - DAG(s) 'hn_pipeline' retrieved from /opt/airflow/dags/hn_pipeline_dag.py
[2026-05-14T16:35:58.553+0000] {logging_mixin.py:188} INFO - [2026-05-14T16:35:58.553+0000] {dag.py:3036} INFO - Sync 1 DAGs
[2026-05-14T16:35:58.564+0000] {logging_mixin.py:188} INFO - [2026-05-14T16:35:58.564+0000] {dag.py:3823} INFO - Setting next_dagrun for hn_pipeline to 2026-05-14 16:00:00+00:00, run_after=2026-05-14 17:00:00+00:00
[2026-05-14T16:35:58.572+0000] {processor.py:183} INFO - Processing /opt/airflow/dags/hn_pipeline_dag.py took 0.056 seconds
[2026-05-14T16:36:28.898+0000] {processor.py:161} INFO - Started process (PID=841) to work on /opt/airflow/dags/hn_pipeline_dag.py
[2026-05-14T16:36:28.899+0000] {processor.py:830} INFO - Processing file /opt/airflow/dags/hn_pipeline_dag.py for tasks to queue
[2026-05-14T16:36:28.900+0000] {logging_mixin.py:188} INFO - [2026-05-14T16:36:28.900+0000] {dagbag.py:538} INFO - Filling up the DagBag from /opt/airflow/dags/hn_pipeline_dag.py
[2026-05-14T16:36:28.919+0000] {processor.py:840} INFO - DAG(s) 'hn_pipeline' retrieved from /opt/airflow/dags/hn_pipeline_dag.py
[2026-05-14T16:36:28.946+0000] {logging_mixin.py:188} INFO - [2026-05-14T16:36:28.946+0000] {dag.py:3036} INFO - Sync 1 DAGs
[2026-05-14T16:36:28.966+0000] {logging_mixin.py:188} INFO - [2026-05-14T16:36:28.966+0000] {dag.py:3823} INFO - Setting next_dagrun for hn_pipeline to 2026-05-14 16:00:00+00:00, run_after=2026-05-14 17:00:00+00:00
[2026-05-14T16:36:28.975+0000] {processor.py:183} INFO - Processing /opt/airflow/dags/hn_pipeline_dag.py took 0.082 seconds
[2026-05-14T16:37:08.655+0000] {processor.py:161} INFO - Started process (PID=846) to work on /opt/airflow/dags/hn_pipeline_dag.py
[2026-05-14T16:37:08.668+0000] {processor.py:830} INFO - Processing file /opt/airflow/dags/hn_pipeline_dag.py for tasks to queue
[2026-05-14T16:37:08.770+0000] {logging_mixin.py:188} INFO - [2026-05-14T16:37:08.715+0000] {dagbag.py:538} INFO - Filling up the DagBag from /opt/airflow/dags/hn_pipeline_dag.py
[2026-05-14T16:37:09.801+0000] {processor.py:840} INFO - DAG(s) 'hn_pipeline' retrieved from /opt/airflow/dags/hn_pipeline_dag.py
[2026-05-14T16:37:10.703+0000] {logging_mixin.py:188} INFO - [2026-05-14T16:37:10.701+0000] {dag.py:3036} INFO - Sync 1 DAGs
[2026-05-14T16:37:10.728+0000] {logging_mixin.py:188} INFO - [2026-05-14T16:37:10.727+0000] {dag.py:3823} INFO - Setting next_dagrun for hn_pipeline to 2026-05-14 16:00:00+00:00, run_after=2026-05-14 17:00:00+00:00
[2026-05-14T16:37:10.741+0000] {processor.py:183} INFO - Processing /opt/airflow/dags/hn_pipeline_dag.py took 3.301 seconds
[2026-05-14T16:37:41.117+0000] {processor.py:161} INFO - Started process (PID=851) to work on /opt/airflow/dags/hn_pipeline_dag.py
[2026-05-14T16:37:41.118+0000] {processor.py:830} INFO - Processing file /opt/airflow/dags/hn_pipeline_dag.py for tasks to queue
[2026-05-14T16:37:41.119+0000] {logging_mixin.py:188} INFO - [2026-05-14T16:37:41.119+0000] {dagbag.py:538} INFO - Filling up the DagBag from /opt/airflow/dags/hn_pipeline_dag.py
[2026-05-14T16:37:41.142+0000] {processor.py:840} INFO - DAG(s) 'hn_pipeline' retrieved from /opt/airflow/dags/hn_pipeline_dag.py
[2026-05-14T16:37:41.165+0000] {logging_mixin.py:188} INFO - [2026-05-14T16:37:41.165+0000] {dag.py:3036} INFO - Sync 1 DAGs
[2026-05-14T16:37:41.179+0000] {logging_mixin.py:188} INFO - [2026-05-14T16:37:41.179+0000] {dag.py:3823} INFO - Setting next_dagrun for hn_pipeline to 2026-05-14 16:00:00+00:00, run_after=2026-05-14 17:00:00+00:00
[2026-05-14T16:37:41.187+0000] {processor.py:183} INFO - Processing /opt/airflow/dags/hn_pipeline_dag.py took 0.076 seconds
[2026-05-14T16:38:11.382+0000] {processor.py:161} INFO - Started process (PID=856) to work on /opt/airflow/dags/hn_pipeline_dag.py
[2026-05-14T16:38:11.383+0000] {processor.py:830} INFO - Processing file /opt/airflow/dags/hn_pipeline_dag.py for tasks to queue
[2026-05-14T16:38:11.384+0000] {logging_mixin.py:188} INFO - [2026-05-14T16:38:11.383+0000] {dagbag.py:538} INFO - Filling up the DagBag from /opt/airflow/dags/hn_pipeline_dag.py
[2026-05-14T16:38:11.399+0000] {processor.py:840} INFO - DAG(s) 'hn_pipeline' retrieved from /opt/airflow/dags/hn_pipeline_dag.py
[2026-05-14T16:38:11.419+0000] {logging_mixin.py:188} INFO - [2026-05-14T16:38:11.419+0000] {dag.py:3036} INFO - Sync 1 DAGs
[2026-05-14T16:38:11.430+0000] {logging_mixin.py:188} INFO - [2026-05-14T16:38:11.430+0000] {dag.py:3823} INFO - Setting next_dagrun for hn_pipeline to 2026-05-14 16:00:00+00:00, run_after=2026-05-14 17:00:00+00:00
[2026-05-14T16:38:11.438+0000] {processor.py:183} INFO - Processing /opt/airflow/dags/hn_pipeline_dag.py took 0.061 seconds
[2026-05-14T16:38:41.740+0000] {processor.py:161} INFO - Started process (PID=861) to work on /opt/airflow/dags/hn_pipeline_dag.py
[2026-05-14T16:38:41.741+0000] {processor.py:830} INFO - Processing file /opt/airflow/dags/hn_pipeline_dag.py for tasks to queue
[2026-05-14T16:38:41.742+0000] {logging_mixin.py:188} INFO - [2026-05-14T16:38:41.741+0000] {dagbag.py:538} INFO - Filling up the DagBag from /opt/airflow/dags/hn_pipeline_dag.py
[2026-05-14T16:38:41.761+0000] {processor.py:840} INFO - DAG(s) 'hn_pipeline' retrieved from /opt/airflow/dags/hn_pipeline_dag.py
[2026-05-14T16:38:41.786+0000] {logging_mixin.py:188} INFO - [2026-05-14T16:38:41.786+0000] {dag.py:3036} INFO - Sync 1 DAGs
[2026-05-14T16:38:41.806+0000] {logging_mixin.py:188} INFO - [2026-05-14T16:38:41.806+0000] {dag.py:3823} INFO - Setting next_dagrun for hn_pipeline to 2026-05-14 16:00:00+00:00, run_after=2026-05-14 17:00:00+00:00
[2026-05-14T16:38:41.815+0000] {processor.py:183} INFO - Processing /opt/airflow/dags/hn_pipeline_dag.py took 0.082 seconds
[2026-05-14T16:39:11.962+0000] {processor.py:161} INFO - Started process (PID=866) to work on /opt/airflow/dags/hn_pipeline_dag.py
[2026-05-14T16:39:11.963+0000] {processor.py:830} INFO - Processing file /opt/airflow/dags/hn_pipeline_dag.py for tasks to queue
[2026-05-14T16:39:11.964+0000] {logging_mixin.py:188} INFO - [2026-05-14T16:39:11.964+0000] {dagbag.py:538} INFO - Filling up the DagBag from /opt/airflow/dags/hn_pipeline_dag.py
[2026-05-14T16:39:11.982+0000] {processor.py:840} INFO - DAG(s) 'hn_pipeline' retrieved from /opt/airflow/dags/hn_pipeline_dag.py
[2026-05-14T16:39:13.700+0000] {logging_mixin.py:188} INFO - [2026-05-14T16:39:13.605+0000] {dag.py:3036} INFO - Sync 1 DAGs
[2026-05-14T16:39:14.082+0000] {logging_mixin.py:188} INFO - [2026-05-14T16:39:14.080+0000] {dag.py:3823} INFO - Setting next_dagrun for hn_pipeline to 2026-05-14 16:00:00+00:00, run_after=2026-05-14 17:00:00+00:00
[2026-05-14T16:39:14.104+0000] {processor.py:183} INFO - Processing /opt/airflow/dags/hn_pipeline_dag.py took 2.145 seconds
[2026-05-14T16:39:44.417+0000] {processor.py:161} INFO - Started process (PID=871) to work on /opt/airflow/dags/hn_pipeline_dag.py
[2026-05-14T16:39:44.418+0000] {processor.py:830} INFO - Processing file /opt/airflow/dags/hn_pipeline_dag.py for tasks to queue
[2026-05-14T16:39:44.419+0000] {logging_mixin.py:188} INFO - [2026-05-14T16:39:44.419+0000] {dagbag.py:538} INFO - Filling up the DagBag from /opt/airflow/dags/hn_pipeline_dag.py
[2026-05-14T16:39:44.442+0000] {processor.py:840} INFO - DAG(s) 'hn_pipeline' retrieved from /opt/airflow/dags/hn_pipeline_dag.py
[2026-05-14T16:39:44.469+0000] {logging_mixin.py:188} INFO - [2026-05-14T16:39:44.469+0000] {dag.py:3036} INFO - Sync 1 DAGs
[2026-05-14T16:39:44.480+0000] {logging_mixin.py:188} INFO - [2026-05-14T16:39:44.480+0000] {dag.py:3823} INFO - Setting next_dagrun for hn_pipeline to 2026-05-14 16:00:00+00:00, run_after=2026-05-14 17:00:00+00:00
[2026-05-14T16:39:44.487+0000] {processor.py:183} INFO - Processing /opt/airflow/dags/hn_pipeline_dag.py took 0.082 seconds
[2026-05-14T16:40:14.856+0000] {processor.py:161} INFO - Started process (PID=876) to work on /opt/airflow/dags/hn_pipeline_dag.py
[2026-05-14T16:40:14.857+0000] {processor.py:830} INFO - Processing file /opt/airflow/dags/hn_pipeline_dag.py for tasks to queue
[2026-05-14T16:40:14.858+0000] {logging_mixin.py:188} INFO - [2026-05-14T16:40:14.858+0000] {dagbag.py:538} INFO - Filling up the DagBag from /opt/airflow/dags/hn_pipeline_dag.py
[2026-05-14T16:40:14.883+0000] {processor.py:840} INFO - DAG(s) 'hn_pipeline' retrieved from /opt/airflow/dags/hn_pipeline_dag.py
[2026-05-14T16:40:14.918+0000] {logging_mixin.py:188} INFO - [2026-05-14T16:40:14.918+0000] {dag.py:3036} INFO - Sync 1 DAGs
[2026-05-14T16:40:14.937+0000] {logging_mixin.py:188} INFO - [2026-05-14T16:40:14.936+0000] {dag.py:3823} INFO - Setting next_dagrun for hn_pipeline to 2026-05-14 16:00:00+00:00, run_after=2026-05-14 17:00:00+00:00
[2026-05-14T16:40:14.947+0000] {processor.py:183} INFO - Processing /opt/airflow/dags/hn_pipeline_dag.py took 0.102 seconds
[2026-05-14T16:40:45.170+0000] {processor.py:161} INFO - Started process (PID=881) to work on /opt/airflow/dags/hn_pipeline_dag.py
[2026-05-14T16:40:45.171+0000] {processor.py:830} INFO - Processing file /opt/airflow/dags/hn_pipeline_dag.py for tasks to queue
[2026-05-14T16:40:45.172+0000] {logging_mixin.py:188} INFO - [2026-05-14T16:40:45.172+0000] {dagbag.py:538} INFO - Filling up the DagBag from /opt/airflow/dags/hn_pipeline_dag.py
[2026-05-14T16:40:45.186+0000] {processor.py:840} INFO - DAG(s) 'hn_pipeline' retrieved from /opt/airflow/dags/hn_pipeline_dag.py
[2026-05-14T16:40:45.204+0000] {logging_mixin.py:188} INFO - [2026-05-14T16:40:45.204+0000] {dag.py:3036} INFO - Sync 1 DAGs
[2026-05-14T16:40:45.216+0000] {logging_mixin.py:188} INFO - [2026-05-14T16:40:45.216+0000] {dag.py:3823} INFO - Setting next_dagrun for hn_pipeline to 2026-05-14 16:00:00+00:00, run_after=2026-05-14 17:00:00+00:00
[2026-05-14T16:40:45.223+0000] {processor.py:183} INFO - Processing /opt/airflow/dags/hn_pipeline_dag.py took 0.058 seconds
[2026-05-14T16:41:15.954+0000] {processor.py:161} INFO - Started process (PID=886) to work on /opt/airflow/dags/hn_pipeline_dag.py
[2026-05-14T16:41:15.972+0000] {processor.py:830} INFO - Processing file /opt/airflow/dags/hn_pipeline_dag.py for tasks to queue
[2026-05-14T16:41:15.978+0000] {logging_mixin.py:188} INFO - [2026-05-14T16:41:15.973+0000] {dagbag.py:538} INFO - Filling up the DagBag from /opt/airflow/dags/hn_pipeline_dag.py
[2026-05-14T16:41:21.086+0000] {processor.py:840} INFO - DAG(s) 'hn_pipeline' retrieved from /opt/airflow/dags/hn_pipeline_dag.py
[2026-05-14T16:41:21.171+0000] {logging_mixin.py:188} INFO - [2026-05-14T16:41:21.169+0000] {dag.py:3036} INFO - Sync 1 DAGs
[2026-05-14T16:41:21.206+0000] {logging_mixin.py:188} INFO - [2026-05-14T16:41:21.205+0000] {dag.py:3823} INFO - Setting next_dagrun for hn_pipeline to 2026-05-14 16:00:00+00:00, run_after=2026-05-14 17:00:00+00:00
[2026-05-14T16:41:21.219+0000] {processor.py:183} INFO - Processing /opt/airflow/dags/hn_pipeline_dag.py took 5.328 seconds
[2026-05-14T16:41:51.393+0000] {processor.py:161} INFO - Started process (PID=891) to work on /opt/airflow/dags/hn_pipeline_dag.py
[2026-05-14T16:41:51.395+0000] {processor.py:830} INFO - Processing file /opt/airflow/dags/hn_pipeline_dag.py for tasks to queue
[2026-05-14T16:41:51.396+0000] {logging_mixin.py:188} INFO - [2026-05-14T16:41:51.396+0000] {dagbag.py:538} INFO - Filling up the DagBag from /opt/airflow/dags/hn_pipeline_dag.py
[2026-05-14T16:41:51.409+0000] {processor.py:840} INFO - DAG(s) 'hn_pipeline' retrieved from /opt/airflow/dags/hn_pipeline_dag.py
[2026-05-14T16:41:51.425+0000] {logging_mixin.py:188} INFO - [2026-05-14T16:41:51.425+0000] {dag.py:3036} INFO - Sync 1 DAGs
[2026-05-14T16:41:51.437+0000] {logging_mixin.py:188} INFO - [2026-05-14T16:41:51.436+0000] {dag.py:3823} INFO - Setting next_dagrun for hn_pipeline to 2026-05-14 16:00:00+00:00, run_after=2026-05-14 17:00:00+00:00
[2026-05-14T16:41:51.444+0000] {processor.py:183} INFO - Processing /opt/airflow/dags/hn_pipeline_dag.py took 0.055 seconds
[2026-05-14T16:42:21.675+0000] {processor.py:161} INFO - Started process (PID=896) to work on /opt/airflow/dags/hn_pipeline_dag.py
[2026-05-14T16:42:21.676+0000] {processor.py:830} INFO - Processing file /opt/airflow/dags/hn_pipeline_dag.py for tasks to queue
[2026-05-14T16:42:21.677+0000] {logging_mixin.py:188} INFO - [2026-05-14T16:42:21.677+0000] {dagbag.py:538} INFO - Filling up the DagBag from /opt/airflow/dags/hn_pipeline_dag.py
[2026-05-14T16:42:21.689+0000] {processor.py:840} INFO - DAG(s) 'hn_pipeline' retrieved from /opt/airflow/dags/hn_pipeline_dag.py
[2026-05-14T16:42:21.704+0000] {logging_mixin.py:188} INFO - [2026-05-14T16:42:21.704+0000] {dag.py:3036} INFO - Sync 1 DAGs
[2026-05-14T16:42:21.715+0000] {logging_mixin.py:188} INFO - [2026-05-14T16:42:21.715+0000] {dag.py:3823} INFO - Setting next_dagrun for hn_pipeline to 2026-05-14 16:00:00+00:00, run_after=2026-05-14 17:00:00+00:00
[2026-05-14T16:42:21.723+0000] {processor.py:183} INFO - Processing /opt/airflow/dags/hn_pipeline_dag.py took 0.052 seconds
[2026-05-14T16:42:51.897+0000] {processor.py:161} INFO - Started process (PID=901) to work on /opt/airflow/dags/hn_pipeline_dag.py
[2026-05-14T16:42:51.898+0000] {processor.py:830} INFO - Processing file /opt/airflow/dags/hn_pipeline_dag.py for tasks to queue
[2026-05-14T16:42:51.899+0000] {logging_mixin.py:188} INFO - [2026-05-14T16:42:51.899+0000] {dagbag.py:538} INFO - Filling up the DagBag from /opt/airflow/dags/hn_pipeline_dag.py
[2026-05-14T16:42:51.908+0000] {processor.py:840} INFO - DAG(s) 'hn_pipeline' retrieved from /opt/airflow/dags/hn_pipeline_dag.py
[2026-05-14T16:42:51.926+0000] {logging_mixin.py:188} INFO - [2026-05-14T16:42:51.926+0000] {dag.py:3036} INFO - Sync 1 DAGs
[2026-05-14T16:42:51.940+0000] {logging_mixin.py:188} INFO - [2026-05-14T16:42:51.940+0000] {dag.py:3823} INFO - Setting next_dagrun for hn_pipeline to 2026-05-14 16:00:00+00:00, run_after=2026-05-14 17:00:00+00:00
[2026-05-14T16:42:51.949+0000] {processor.py:183} INFO - Processing /opt/airflow/dags/hn_pipeline_dag.py took 0.054 seconds
[2026-05-14T16:43:23.383+0000] {processor.py:161} INFO - Started process (PID=906) to work on /opt/airflow/dags/hn_pipeline_dag.py
[2026-05-14T16:43:23.459+0000] {processor.py:830} INFO - Processing file /opt/airflow/dags/hn_pipeline_dag.py for tasks to queue
[2026-05-14T16:43:23.654+0000] {logging_mixin.py:188} INFO - [2026-05-14T16:43:23.541+0000] {dagbag.py:538} INFO - Filling up the DagBag from /opt/airflow/dags/hn_pipeline_dag.py
[2026-05-14T16:43:23.984+0000] {processor.py:840} INFO - DAG(s) 'hn_pipeline' retrieved from /opt/airflow/dags/hn_pipeline_dag.py
[2026-05-14T16:43:24.062+0000] {logging_mixin.py:188} INFO - [2026-05-14T16:43:24.061+0000] {dag.py:3036} INFO - Sync 1 DAGs
[2026-05-14T16:43:24.098+0000] {logging_mixin.py:188} INFO - [2026-05-14T16:43:24.098+0000] {dag.py:3823} INFO - Setting next_dagrun for hn_pipeline to 2026-05-14 16:00:00+00:00, run_after=2026-05-14 17:00:00+00:00
[2026-05-14T16:43:24.108+0000] {processor.py:183} INFO - Processing /opt/airflow/dags/hn_pipeline_dag.py took 0.889 seconds
[2026-05-14T16:43:54.273+0000] {processor.py:161} INFO - Started process (PID=911) to work on /opt/airflow/dags/hn_pipeline_dag.py
[2026-05-14T16:43:54.275+0000] {processor.py:830} INFO - Processing file /opt/airflow/dags/hn_pipeline_dag.py for tasks to queue
[2026-05-14T16:43:54.276+0000] {logging_mixin.py:188} INFO - [2026-05-14T16:43:54.275+0000] {dagbag.py:538} INFO - Filling up the DagBag from /opt/airflow/dags/hn_pipeline_dag.py
[2026-05-14T16:43:54.289+0000] {processor.py:840} INFO - DAG(s) 'hn_pipeline' retrieved from /opt/airflow/dags/hn_pipeline_dag.py
[2026-05-14T16:43:54.310+0000] {logging_mixin.py:188} INFO - [2026-05-14T16:43:54.310+0000] {dag.py:3036} INFO - Sync 1 DAGs
[2026-05-14T16:43:54.321+0000] {logging_mixin.py:188} INFO - [2026-05-14T16:43:54.321+0000] {dag.py:3823} INFO - Setting next_dagrun for hn_pipeline to 2026-05-14 16:00:00+00:00, run_after=2026-05-14 17:00:00+00:00
[2026-05-14T16:43:54.329+0000] {processor.py:183} INFO - Processing /opt/airflow/dags/hn_pipeline_dag.py took 0.060 seconds
[2026-05-14T16:44:24.608+0000] {processor.py:161} INFO - Started process (PID=916) to work on /opt/airflow/dags/hn_pipeline_dag.py
[2026-05-14T16:44:24.610+0000] {processor.py:830} INFO - Processing file /opt/airflow/dags/hn_pipeline_dag.py for tasks to queue
[2026-05-14T16:44:24.610+0000] {logging_mixin.py:188} INFO - [2026-05-14T16:44:24.610+0000] {dagbag.py:538} INFO - Filling up the DagBag from /opt/airflow/dags/hn_pipeline_dag.py
[2026-05-14T16:44:24.621+0000] {processor.py:840} INFO - DAG(s) 'hn_pipeline' retrieved from /opt/airflow/dags/hn_pipeline_dag.py
[2026-05-14T16:44:24.640+0000] {logging_mixin.py:188} INFO - [2026-05-14T16:44:24.640+0000] {dag.py:3036} INFO - Sync 1 DAGs
[2026-05-14T16:44:24.652+0000] {logging_mixin.py:188} INFO - [2026-05-14T16:44:24.651+0000] {dag.py:3823} INFO - Setting next_dagrun for hn_pipeline to 2026-05-14 16:00:00+00:00, run_after=2026-05-14 17:00:00+00:00
[2026-05-14T16:44:24.659+0000] {processor.py:183} INFO - Processing /opt/airflow/dags/hn_pipeline_dag.py took 0.055 seconds
[2026-05-14T16:44:54.840+0000] {processor.py:161} INFO - Started process (PID=921) to work on /opt/airflow/dags/hn_pipeline_dag.py
[2026-05-14T16:44:54.841+0000] {processor.py:830} INFO - Processing file /opt/airflow/dags/hn_pipeline_dag.py for tasks to queue
[2026-05-14T16:44:54.842+0000] {logging_mixin.py:188} INFO - [2026-05-14T16:44:54.842+0000] {dagbag.py:538} INFO - Filling up the DagBag from /opt/airflow/dags/hn_pipeline_dag.py
[2026-05-14T16:44:54.855+0000] {processor.py:840} INFO - DAG(s) 'hn_pipeline' retrieved from /opt/airflow/dags/hn_pipeline_dag.py
[2026-05-14T16:44:54.870+0000] {logging_mixin.py:188} INFO - [2026-05-14T16:44:54.870+0000] {dag.py:3036} INFO - Sync 1 DAGs
[2026-05-14T16:44:54.881+0000] {logging_mixin.py:188} INFO - [2026-05-14T16:44:54.881+0000] {dag.py:3823} INFO - Setting next_dagrun for hn_pipeline to 2026-05-14 16:00:00+00:00, run_after=2026-05-14 17:00:00+00:00
[2026-05-14T16:44:54.889+0000] {processor.py:183} INFO - Processing /opt/airflow/dags/hn_pipeline_dag.py took 0.052 seconds
[2026-05-14T16:45:25.369+0000] {processor.py:161} INFO - Started process (PID=926) to work on /opt/airflow/dags/hn_pipeline_dag.py
[2026-05-14T16:45:25.411+0000] {processor.py:830} INFO - Processing file /opt/airflow/dags/hn_pipeline_dag.py for tasks to queue
[2026-05-14T16:45:25.524+0000] {logging_mixin.py:188} INFO - [2026-05-14T16:45:25.444+0000] {dagbag.py:538} INFO - Filling up the DagBag from /opt/airflow/dags/hn_pipeline_dag.py
[2026-05-14T16:45:25.916+0000] {processor.py:840} INFO - DAG(s) 'hn_pipeline' retrieved from /opt/airflow/dags/hn_pipeline_dag.py
[2026-05-14T16:45:25.987+0000] {logging_mixin.py:188} INFO - [2026-05-14T16:45:25.986+0000] {dag.py:3036} INFO - Sync 1 DAGs
[2026-05-14T16:45:26.010+0000] {logging_mixin.py:188} INFO - [2026-05-14T16:45:26.010+0000] {dag.py:3823} INFO - Setting next_dagrun for hn_pipeline to 2026-05-14 16:00:00+00:00, run_after=2026-05-14 17:00:00+00:00
[2026-05-14T16:45:26.022+0000] {processor.py:183} INFO - Processing /opt/airflow/dags/hn_pipeline_dag.py took 0.723 seconds
[2026-05-14T16:45:56.237+0000] {processor.py:161} INFO - Started process (PID=931) to work on /opt/airflow/dags/hn_pipeline_dag.py
[2026-05-14T16:45:56.238+0000] {processor.py:830} INFO - Processing file /opt/airflow/dags/hn_pipeline_dag.py for tasks to queue
[2026-05-14T16:45:56.239+0000] {logging_mixin.py:188} INFO - [2026-05-14T16:45:56.239+0000] {dagbag.py:538} INFO - Filling up the DagBag from /opt/airflow/dags/hn_pipeline_dag.py
[2026-05-14T16:45:56.254+0000] {processor.py:840} INFO - DAG(s) 'hn_pipeline' retrieved from /opt/airflow/dags/hn_pipeline_dag.py
[2026-05-14T16:45:56.280+0000] {logging_mixin.py:188} INFO - [2026-05-14T16:45:56.280+0000] {dag.py:3036} INFO - Sync 1 DAGs
[2026-05-14T16:45:56.291+0000] {logging_mixin.py:188} INFO - [2026-05-14T16:45:56.291+0000] {dag.py:3823} INFO - Setting next_dagrun for hn_pipeline to 2026-05-14 16:00:00+00:00, run_after=2026-05-14 17:00:00+00:00
[2026-05-14T16:45:56.298+0000] {processor.py:183} INFO - Processing /opt/airflow/dags/hn_pipeline_dag.py took 0.064 seconds
[2026-05-14T16:46:26.573+0000] {processor.py:161} INFO - Started process (PID=936) to work on /opt/airflow/dags/hn_pipeline_dag.py
[2026-05-14T16:46:26.574+0000] {processor.py:830} INFO - Processing file /opt/airflow/dags/hn_pipeline_dag.py for tasks to queue
[2026-05-14T16:46:26.576+0000] {logging_mixin.py:188} INFO - [2026-05-14T16:46:26.575+0000] {dagbag.py:538} INFO - Filling up the DagBag from /opt/airflow/dags/hn_pipeline_dag.py
[2026-05-14T16:46:26.591+0000] {processor.py:840} INFO - DAG(s) 'hn_pipeline' retrieved from /opt/airflow/dags/hn_pipeline_dag.py
[2026-05-14T16:46:26.610+0000] {logging_mixin.py:188} INFO - [2026-05-14T16:46:26.610+0000] {dag.py:3036} INFO - Sync 1 DAGs
[2026-05-14T16:46:26.624+0000] {logging_mixin.py:188} INFO - [2026-05-14T16:46:26.624+0000] {dag.py:3823} INFO - Setting next_dagrun for hn_pipeline to 2026-05-14 16:00:00+00:00, run_after=2026-05-14 17:00:00+00:00
[2026-05-14T16:46:26.636+0000] {processor.py:183} INFO - Processing /opt/airflow/dags/hn_pipeline_dag.py took 0.069 seconds
[2026-05-14T16:46:56.923+0000] {processor.py:161} INFO - Started process (PID=941) to work on /opt/airflow/dags/hn_pipeline_dag.py
[2026-05-14T16:46:56.924+0000] {processor.py:830} INFO - Processing file /opt/airflow/dags/hn_pipeline_dag.py for tasks to queue
[2026-05-14T16:46:56.925+0000] {logging_mixin.py:188} INFO - [2026-05-14T16:46:56.925+0000] {dagbag.py:538} INFO - Filling up the DagBag from /opt/airflow/dags/hn_pipeline_dag.py
[2026-05-14T16:46:56.939+0000] {processor.py:840} INFO - DAG(s) 'hn_pipeline' retrieved from /opt/airflow/dags/hn_pipeline_dag.py
[2026-05-14T16:46:56.967+0000] {logging_mixin.py:188} INFO - [2026-05-14T16:46:56.967+0000] {dag.py:3036} INFO - Sync 1 DAGs
[2026-05-14T16:46:56.983+0000] {logging_mixin.py:188} INFO - [2026-05-14T16:46:56.983+0000] {dag.py:3823} INFO - Setting next_dagrun for hn_pipeline to 2026-05-14 16:00:00+00:00, run_after=2026-05-14 17:00:00+00:00
[2026-05-14T16:46:56.992+0000] {processor.py:183} INFO - Processing /opt/airflow/dags/hn_pipeline_dag.py took 0.073 seconds
[2026-05-14T16:47:27.123+0000] {processor.py:161} INFO - Started process (PID=946) to work on /opt/airflow/dags/hn_pipeline_dag.py
[2026-05-14T16:47:27.124+0000] {processor.py:830} INFO - Processing file /opt/airflow/dags/hn_pipeline_dag.py for tasks to queue
[2026-05-14T16:47:27.125+0000] {logging_mixin.py:188} INFO - [2026-05-14T16:47:27.125+0000] {dagbag.py:538} INFO - Filling up the DagBag from /opt/airflow/dags/hn_pipeline_dag.py
[2026-05-14T16:47:27.146+0000] {processor.py:840} INFO - DAG(s) 'hn_pipeline' retrieved from /opt/airflow/dags/hn_pipeline_dag.py
[2026-05-14T16:47:27.176+0000] {logging_mixin.py:188} INFO - [2026-05-14T16:47:27.176+0000] {dag.py:3036} INFO - Sync 1 DAGs
[2026-05-14T16:47:27.188+0000] {logging_mixin.py:188} INFO - [2026-05-14T16:47:27.188+0000] {dag.py:3823} INFO - Setting next_dagrun for hn_pipeline to 2026-05-14 16:00:00+00:00, run_after=2026-05-14 17:00:00+00:00
[2026-05-14T16:47:27.195+0000] {processor.py:183} INFO - Processing /opt/airflow/dags/hn_pipeline_dag.py took 0.076 seconds
[2026-05-14T16:47:57.417+0000] {processor.py:161} INFO - Started process (PID=951) to work on /opt/airflow/dags/hn_pipeline_dag.py
[2026-05-14T16:47:57.418+0000] {processor.py:830} INFO - Processing file /opt/airflow/dags/hn_pipeline_dag.py for tasks to queue
[2026-05-14T16:47:57.420+0000] {logging_mixin.py:188} INFO - [2026-05-14T16:47:57.419+0000] {dagbag.py:538} INFO - Filling up the DagBag from /opt/airflow/dags/hn_pipeline_dag.py
[2026-05-14T16:47:57.433+0000] {processor.py:840} INFO - DAG(s) 'hn_pipeline' retrieved from /opt/airflow/dags/hn_pipeline_dag.py
[2026-05-14T16:47:57.450+0000] {logging_mixin.py:188} INFO - [2026-05-14T16:47:57.450+0000] {dag.py:3036} INFO - Sync 1 DAGs
[2026-05-14T16:47:57.461+0000] {logging_mixin.py:188} INFO - [2026-05-14T16:47:57.461+0000] {dag.py:3823} INFO - Setting next_dagrun for hn_pipeline to 2026-05-14 16:00:00+00:00, run_after=2026-05-14 17:00:00+00:00
[2026-05-14T16:47:57.468+0000] {processor.py:183} INFO - Processing /opt/airflow/dags/hn_pipeline_dag.py took 0.057 seconds
[2026-05-14T16:48:27.677+0000] {processor.py:161} INFO - Started process (PID=956) to work on /opt/airflow/dags/hn_pipeline_dag.py
[2026-05-14T16:48:27.677+0000] {processor.py:830} INFO - Processing file /opt/airflow/dags/hn_pipeline_dag.py for tasks to queue
[2026-05-14T16:48:27.678+0000] {logging_mixin.py:188} INFO - [2026-05-14T16:48:27.678+0000] {dagbag.py:538} INFO - Filling up the DagBag from /opt/airflow/dags/hn_pipeline_dag.py
[2026-05-14T16:48:27.689+0000] {processor.py:840} INFO - DAG(s) 'hn_pipeline' retrieved from /opt/airflow/dags/hn_pipeline_dag.py
[2026-05-14T16:48:27.709+0000] {logging_mixin.py:188} INFO - [2026-05-14T16:48:27.709+0000] {dag.py:3036} INFO - Sync 1 DAGs
[2026-05-14T16:48:27.721+0000] {logging_mixin.py:188} INFO - [2026-05-14T16:48:27.721+0000] {dag.py:3823} INFO - Setting next_dagrun for hn_pipeline to 2026-05-14 16:00:00+00:00, run_after=2026-05-14 17:00:00+00:00
[2026-05-14T16:48:27.729+0000] {processor.py:183} INFO - Processing /opt/airflow/dags/hn_pipeline_dag.py took 0.055 seconds
[2026-05-14T16:48:58.009+0000] {processor.py:161} INFO - Started process (PID=961) to work on /opt/airflow/dags/hn_pipeline_dag.py
[2026-05-14T16:48:58.010+0000] {processor.py:830} INFO - Processing file /opt/airflow/dags/hn_pipeline_dag.py for tasks to queue
[2026-05-14T16:48:58.011+0000] {logging_mixin.py:188} INFO - [2026-05-14T16:48:58.011+0000] {dagbag.py:538} INFO - Filling up the DagBag from /opt/airflow/dags/hn_pipeline_dag.py
[2026-05-14T16:48:58.036+0000] {processor.py:840} INFO - DAG(s) 'hn_pipeline' retrieved from /opt/airflow/dags/hn_pipeline_dag.py
[2026-05-14T16:48:58.067+0000] {logging_mixin.py:188} INFO - [2026-05-14T16:48:58.067+0000] {dag.py:3036} INFO - Sync 1 DAGs
[2026-05-14T16:48:58.084+0000] {logging_mixin.py:188} INFO - [2026-05-14T16:48:58.084+0000] {dag.py:3823} INFO - Setting next_dagrun for hn_pipeline to 2026-05-14 16:00:00+00:00, run_after=2026-05-14 17:00:00+00:00
[2026-05-14T16:48:58.093+0000] {processor.py:183} INFO - Processing /opt/airflow/dags/hn_pipeline_dag.py took 0.088 seconds
[2026-05-14T16:49:37.372+0000] {processor.py:161} INFO - Started process (PID=966) to work on /opt/airflow/dags/hn_pipeline_dag.py
[2026-05-14T16:49:37.373+0000] {processor.py:830} INFO - Processing file /opt/airflow/dags/hn_pipeline_dag.py for tasks to queue
[2026-05-14T16:49:37.375+0000] {logging_mixin.py:188} INFO - [2026-05-14T16:49:37.374+0000] {dagbag.py:538} INFO - Filling up the DagBag from /opt/airflow/dags/hn_pipeline_dag.py
[2026-05-14T16:49:37.413+0000] {processor.py:840} INFO - DAG(s) 'hn_pipeline' retrieved from /opt/airflow/dags/hn_pipeline_dag.py
[2026-05-14T16:49:37.460+0000] {logging_mixin.py:188} INFO - [2026-05-14T16:49:37.460+0000] {dag.py:3036} INFO - Sync 1 DAGs
[2026-05-14T16:49:37.479+0000] {logging_mixin.py:188} INFO - [2026-05-14T16:49:37.479+0000] {dag.py:3823} INFO - Setting next_dagrun for hn_pipeline to 2026-05-14 16:00:00+00:00, run_after=2026-05-14 17:00:00+00:00
[2026-05-14T16:49:37.496+0000] {processor.py:183} INFO - Processing /opt/airflow/dags/hn_pipeline_dag.py took 0.132 seconds
[2026-05-14T16:50:07.692+0000] {processor.py:161} INFO - Started process (PID=971) to work on /opt/airflow/dags/hn_pipeline_dag.py
[2026-05-14T16:50:07.693+0000] {processor.py:830} INFO - Processing file /opt/airflow/dags/hn_pipeline_dag.py for tasks to queue
[2026-05-14T16:50:07.694+0000] {logging_mixin.py:188} INFO - [2026-05-14T16:50:07.694+0000] {dagbag.py:538} INFO - Filling up the DagBag from /opt/airflow/dags/hn_pipeline_dag.py
[2026-05-14T16:50:07.710+0000] {processor.py:840} INFO - DAG(s) 'hn_pipeline' retrieved from /opt/airflow/dags/hn_pipeline_dag.py
[2026-05-14T16:50:07.736+0000] {logging_mixin.py:188} INFO - [2026-05-14T16:50:07.736+0000] {dag.py:3036} INFO - Sync 1 DAGs
[2026-05-14T16:50:07.752+0000] {logging_mixin.py:188} INFO - [2026-05-14T16:50:07.752+0000] {dag.py:3823} INFO - Setting next_dagrun for hn_pipeline to 2026-05-14 16:00:00+00:00, run_after=2026-05-14 17:00:00+00:00
[2026-05-14T16:50:07.762+0000] {processor.py:183} INFO - Processing /opt/airflow/dags/hn_pipeline_dag.py took 0.073 seconds
[2026-05-14T16:50:38.016+0000] {processor.py:161} INFO - Started process (PID=976) to work on /opt/airflow/dags/hn_pipeline_dag.py
[2026-05-14T16:50:38.017+0000] {processor.py:830} INFO - Processing file /opt/airflow/dags/hn_pipeline_dag.py for tasks to queue
[2026-05-14T16:50:38.017+0000] {logging_mixin.py:188} INFO - [2026-05-14T16:50:38.017+0000] {dagbag.py:538} INFO - Filling up the DagBag from /opt/airflow/dags/hn_pipeline_dag.py
[2026-05-14T16:50:38.029+0000] {processor.py:840} INFO - DAG(s) 'hn_pipeline' retrieved from /opt/airflow/dags/hn_pipeline_dag.py
[2026-05-14T16:50:38.053+0000] {logging_mixin.py:188} INFO - [2026-05-14T16:50:38.053+0000] {dag.py:3036} INFO - Sync 1 DAGs
[2026-05-14T16:50:38.070+0000] {logging_mixin.py:188} INFO - [2026-05-14T16:50:38.070+0000] {dag.py:3823} INFO - Setting next_dagrun for hn_pipeline to 2026-05-14 16:00:00+00:00, run_after=2026-05-14 17:00:00+00:00
[2026-05-14T16:50:38.079+0000] {processor.py:183} INFO - Processing /opt/airflow/dags/hn_pipeline_dag.py took 0.072 seconds
[2026-05-14T16:51:08.291+0000] {processor.py:161} INFO - Started process (PID=981) to work on /opt/airflow/dags/hn_pipeline_dag.py
[2026-05-14T16:51:08.292+0000] {processor.py:830} INFO - Processing file /opt/airflow/dags/hn_pipeline_dag.py for tasks to queue
[2026-05-14T16:51:08.292+0000] {logging_mixin.py:188} INFO - [2026-05-14T16:51:08.292+0000] {dagbag.py:538} INFO - Filling up the DagBag from /opt/airflow/dags/hn_pipeline_dag.py
[2026-05-14T16:51:08.305+0000] {processor.py:840} INFO - DAG(s) 'hn_pipeline' retrieved from /opt/airflow/dags/hn_pipeline_dag.py
[2026-05-14T16:51:08.323+0000] {logging_mixin.py:188} INFO - [2026-05-14T16:51:08.323+0000] {dag.py:3036} INFO - Sync 1 DAGs
[2026-05-14T16:51:08.334+0000] {logging_mixin.py:188} INFO - [2026-05-14T16:51:08.334+0000] {dag.py:3823} INFO - Setting next_dagrun for hn_pipeline to 2026-05-14 16:00:00+00:00, run_after=2026-05-14 17:00:00+00:00
[2026-05-14T16:51:08.342+0000] {processor.py:183} INFO - Processing /opt/airflow/dags/hn_pipeline_dag.py took 0.055 seconds
[2026-05-14T16:51:38.415+0000] {processor.py:161} INFO - Started process (PID=986) to work on /opt/airflow/dags/hn_pipeline_dag.py
[2026-05-14T16:51:38.417+0000] {processor.py:830} INFO - Processing file /opt/airflow/dags/hn_pipeline_dag.py for tasks to queue
[2026-05-14T16:51:38.418+0000] {logging_mixin.py:188} INFO - [2026-05-14T16:51:38.417+0000] {dagbag.py:538} INFO - Filling up the DagBag from /opt/airflow/dags/hn_pipeline_dag.py
[2026-05-14T16:51:38.432+0000] {processor.py:840} INFO - DAG(s) 'hn_pipeline' retrieved from /opt/airflow/dags/hn_pipeline_dag.py
[2026-05-14T16:51:38.461+0000] {logging_mixin.py:188} INFO - [2026-05-14T16:51:38.461+0000] {dag.py:3036} INFO - Sync 1 DAGs
[2026-05-14T16:51:38.473+0000] {logging_mixin.py:188} INFO - [2026-05-14T16:51:38.473+0000] {dag.py:3823} INFO - Setting next_dagrun for hn_pipeline to 2026-05-14 16:00:00+00:00, run_after=2026-05-14 17:00:00+00:00
[2026-05-14T16:51:38.480+0000] {processor.py:183} INFO - Processing /opt/airflow/dags/hn_pipeline_dag.py took 0.069 seconds
[2026-05-14T16:52:08.709+0000] {processor.py:161} INFO - Started process (PID=991) to work on /opt/airflow/dags/hn_pipeline_dag.py
[2026-05-14T16:52:08.711+0000] {processor.py:830} INFO - Processing file /opt/airflow/dags/hn_pipeline_dag.py for tasks to queue
[2026-05-14T16:52:08.712+0000] {logging_mixin.py:188} INFO - [2026-05-14T16:52:08.712+0000] {dagbag.py:538} INFO - Filling up the DagBag from /opt/airflow/dags/hn_pipeline_dag.py
[2026-05-14T16:52:08.727+0000] {processor.py:840} INFO - DAG(s) 'hn_pipeline' retrieved from /opt/airflow/dags/hn_pipeline_dag.py
[2026-05-14T16:52:08.748+0000] {logging_mixin.py:188} INFO - [2026-05-14T16:52:08.748+0000] {dag.py:3036} INFO - Sync 1 DAGs
[2026-05-14T16:52:08.763+0000] {logging_mixin.py:188} INFO - [2026-05-14T16:52:08.763+0000] {dag.py:3823} INFO - Setting next_dagrun for hn_pipeline to 2026-05-14 16:00:00+00:00, run_after=2026-05-14 17:00:00+00:00
[2026-05-14T16:52:08.772+0000] {processor.py:183} INFO - Processing /opt/airflow/dags/hn_pipeline_dag.py took 0.067 seconds
[2026-05-14T16:59:57.926+0000] {processor.py:161} INFO - Started process (PID=206) to work on /opt/airflow/dags/hn_pipeline_dag.py
[2026-05-14T16:59:57.933+0000] {processor.py:830} INFO - Processing file /opt/airflow/dags/hn_pipeline_dag.py for tasks to queue
[2026-05-14T16:59:57.934+0000] {logging_mixin.py:188} INFO - [2026-05-14T16:59:57.933+0000] {dagbag.py:538} INFO - Filling up the DagBag from /opt/airflow/dags/hn_pipeline_dag.py
[2026-05-14T16:59:57.962+0000] {processor.py:840} INFO - DAG(s) 'hn_pipeline' retrieved from /opt/airflow/dags/hn_pipeline_dag.py
[2026-05-14T16:59:57.998+0000] {logging_mixin.py:188} INFO - [2026-05-14T16:59:57.998+0000] {dag.py:3036} INFO - Sync 1 DAGs
[2026-05-14T16:59:58.036+0000] {logging_mixin.py:188} INFO - [2026-05-14T16:59:58.036+0000] {dag.py:3823} INFO - Setting next_dagrun for hn_pipeline to 2026-05-14 16:00:00+00:00, run_after=2026-05-14 17:00:00+00:00
[2026-05-14T16:59:58.047+0000] {processor.py:183} INFO - Processing /opt/airflow/dags/hn_pipeline_dag.py took 0.124 seconds
[2026-05-14T17:00:28.261+0000] {processor.py:161} INFO - Started process (PID=214) to work on /opt/airflow/dags/hn_pipeline_dag.py
[2026-05-14T17:00:28.262+0000] {processor.py:830} INFO - Processing file /opt/airflow/dags/hn_pipeline_dag.py for tasks to queue
[2026-05-14T17:00:28.264+0000] {logging_mixin.py:188} INFO - [2026-05-14T17:00:28.263+0000] {dagbag.py:538} INFO - Filling up the DagBag from /opt/airflow/dags/hn_pipeline_dag.py
[2026-05-14T17:00:28.279+0000] {processor.py:840} INFO - DAG(s) 'hn_pipeline' retrieved from /opt/airflow/dags/hn_pipeline_dag.py
[2026-05-14T17:00:28.342+0000] {logging_mixin.py:188} INFO - [2026-05-14T17:00:28.342+0000] {dag.py:3036} INFO - Sync 1 DAGs
[2026-05-14T17:00:28.351+0000] {logging_mixin.py:188} INFO - [2026-05-14T17:00:28.351+0000] {dag.py:3823} INFO - Setting next_dagrun for hn_pipeline to 2026-05-14 17:00:00+00:00, run_after=2026-05-14 18:00:00+00:00
[2026-05-14T17:00:28.358+0000] {processor.py:183} INFO - Processing /opt/airflow/dags/hn_pipeline_dag.py took 0.101 seconds
[2026-05-14T17:00:58.548+0000] {processor.py:161} INFO - Started process (PID=219) to work on /opt/airflow/dags/hn_pipeline_dag.py
[2026-05-14T17:00:58.549+0000] {processor.py:830} INFO - Processing file /opt/airflow/dags/hn_pipeline_dag.py for tasks to queue
[2026-05-14T17:00:58.549+0000] {logging_mixin.py:188} INFO - [2026-05-14T17:00:58.549+0000] {dagbag.py:538} INFO - Filling up the DagBag from /opt/airflow/dags/hn_pipeline_dag.py
[2026-05-14T17:00:58.562+0000] {processor.py:840} INFO - DAG(s) 'hn_pipeline' retrieved from /opt/airflow/dags/hn_pipeline_dag.py
[2026-05-14T17:00:58.581+0000] {logging_mixin.py:188} INFO - [2026-05-14T17:00:58.581+0000] {dag.py:3036} INFO - Sync 1 DAGs
[2026-05-14T17:00:58.593+0000] {logging_mixin.py:188} INFO - [2026-05-14T17:00:58.593+0000] {dag.py:3823} INFO - Setting next_dagrun for hn_pipeline to 2026-05-14 17:00:00+00:00, run_after=2026-05-14 18:00:00+00:00
[2026-05-14T17:00:58.601+0000] {processor.py:183} INFO - Processing /opt/airflow/dags/hn_pipeline_dag.py took 0.056 seconds
[2026-05-14T17:01:28.872+0000] {processor.py:161} INFO - Started process (PID=224) to work on /opt/airflow/dags/hn_pipeline_dag.py
[2026-05-14T17:01:28.872+0000] {processor.py:830} INFO - Processing file /opt/airflow/dags/hn_pipeline_dag.py for tasks to queue
[2026-05-14T17:01:28.873+0000] {logging_mixin.py:188} INFO - [2026-05-14T17:01:28.873+0000] {dagbag.py:538} INFO - Filling up the DagBag from /opt/airflow/dags/hn_pipeline_dag.py
[2026-05-14T17:01:28.880+0000] {processor.py:840} INFO - DAG(s) 'hn_pipeline' retrieved from /opt/airflow/dags/hn_pipeline_dag.py
[2026-05-14T17:01:28.892+0000] {logging_mixin.py:188} INFO - [2026-05-14T17:01:28.892+0000] {dag.py:3036} INFO - Sync 1 DAGs
[2026-05-14T17:01:28.902+0000] {logging_mixin.py:188} INFO - [2026-05-14T17:01:28.902+0000] {dag.py:3823} INFO - Setting next_dagrun for hn_pipeline to 2026-05-14 17:00:00+00:00, run_after=2026-05-14 18:00:00+00:00
[2026-05-14T17:01:28.909+0000] {processor.py:183} INFO - Processing /opt/airflow/dags/hn_pipeline_dag.py took 0.039 seconds
[2026-05-14T17:01:59.177+0000] {processor.py:161} INFO - Started process (PID=229) to work on /opt/airflow/dags/hn_pipeline_dag.py
[2026-05-14T17:01:59.178+0000] {processor.py:830} INFO - Processing file /opt/airflow/dags/hn_pipeline_dag.py for tasks to queue
[2026-05-14T17:01:59.179+0000] {logging_mixin.py:188} INFO - [2026-05-14T17:01:59.179+0000] {dagbag.py:538} INFO - Filling up the DagBag from /opt/airflow/dags/hn_pipeline_dag.py
[2026-05-14T17:01:59.191+0000] {processor.py:840} INFO - DAG(s) 'hn_pipeline' retrieved from /opt/airflow/dags/hn_pipeline_dag.py
[2026-05-14T17:01:59.206+0000] {logging_mixin.py:188} INFO - [2026-05-14T17:01:59.206+0000] {dag.py:3036} INFO - Sync 1 DAGs
[2026-05-14T17:01:59.216+0000] {logging_mixin.py:188} INFO - [2026-05-14T17:01:59.216+0000] {dag.py:3823} INFO - Setting next_dagrun for hn_pipeline to 2026-05-14 17:00:00+00:00, run_after=2026-05-14 18:00:00+00:00
[2026-05-14T17:01:59.223+0000] {processor.py:183} INFO - Processing /opt/airflow/dags/hn_pipeline_dag.py took 0.049 seconds
[2026-05-14T17:02:29.518+0000] {processor.py:161} INFO - Started process (PID=236) to work on /opt/airflow/dags/hn_pipeline_dag.py
[2026-05-14T17:02:29.519+0000] {processor.py:830} INFO - Processing file /opt/airflow/dags/hn_pipeline_dag.py for tasks to queue
[2026-05-14T17:02:29.520+0000] {logging_mixin.py:188} INFO - [2026-05-14T17:02:29.520+0000] {dagbag.py:538} INFO - Filling up the DagBag from /opt/airflow/dags/hn_pipeline_dag.py
[2026-05-14T17:02:29.534+0000] {processor.py:840} INFO - DAG(s) 'hn_pipeline' retrieved from /opt/airflow/dags/hn_pipeline_dag.py
[2026-05-14T17:02:29.552+0000] {logging_mixin.py:188} INFO - [2026-05-14T17:02:29.551+0000] {dag.py:3036} INFO - Sync 1 DAGs
[2026-05-14T17:02:29.563+0000] {logging_mixin.py:188} INFO - [2026-05-14T17:02:29.563+0000] {dag.py:3823} INFO - Setting next_dagrun for hn_pipeline to 2026-05-14 17:00:00+00:00, run_after=2026-05-14 18:00:00+00:00
[2026-05-14T17:02:29.570+0000] {processor.py:183} INFO - Processing /opt/airflow/dags/hn_pipeline_dag.py took 0.055 seconds
[2026-05-14T17:02:59.874+0000] {processor.py:161} INFO - Started process (PID=241) to work on /opt/airflow/dags/hn_pipeline_dag.py
[2026-05-14T17:02:59.875+0000] {processor.py:830} INFO - Processing file /opt/airflow/dags/hn_pipeline_dag.py for tasks to queue
[2026-05-14T17:02:59.876+0000] {logging_mixin.py:188} INFO - [2026-05-14T17:02:59.876+0000] {dagbag.py:538} INFO - Filling up the DagBag from /opt/airflow/dags/hn_pipeline_dag.py
[2026-05-14T17:02:59.889+0000] {processor.py:840} INFO - DAG(s) 'hn_pipeline' retrieved from /opt/airflow/dags/hn_pipeline_dag.py
[2026-05-14T17:02:59.909+0000] {logging_mixin.py:188} INFO - [2026-05-14T17:02:59.909+0000] {dag.py:3036} INFO - Sync 1 DAGs
[2026-05-14T17:02:59.921+0000] {logging_mixin.py:188} INFO - [2026-05-14T17:02:59.920+0000] {dag.py:3823} INFO - Setting next_dagrun for hn_pipeline to 2026-05-14 17:00:00+00:00, run_after=2026-05-14 18:00:00+00:00
[2026-05-14T17:02:59.928+0000] {processor.py:183} INFO - Processing /opt/airflow/dags/hn_pipeline_dag.py took 0.057 seconds
[2026-05-14T17:03:30.165+0000] {processor.py:161} INFO - Started process (PID=246) to work on /opt/airflow/dags/hn_pipeline_dag.py
[2026-05-14T17:03:30.166+0000] {processor.py:830} INFO - Processing file /opt/airflow/dags/hn_pipeline_dag.py for tasks to queue
[2026-05-14T17:03:30.166+0000] {logging_mixin.py:188} INFO - [2026-05-14T17:03:30.166+0000] {dagbag.py:538} INFO - Filling up the DagBag from /opt/airflow/dags/hn_pipeline_dag.py
[2026-05-14T17:03:30.176+0000] {processor.py:840} INFO - DAG(s) 'hn_pipeline' retrieved from /opt/airflow/dags/hn_pipeline_dag.py
[2026-05-14T17:03:30.192+0000] {logging_mixin.py:188} INFO - [2026-05-14T17:03:30.192+0000] {dag.py:3036} INFO - Sync 1 DAGs
[2026-05-14T17:03:30.202+0000] {logging_mixin.py:188} INFO - [2026-05-14T17:03:30.202+0000] {dag.py:3823} INFO - Setting next_dagrun for hn_pipeline to 2026-05-14 17:00:00+00:00, run_after=2026-05-14 18:00:00+00:00
[2026-05-14T17:03:30.209+0000] {processor.py:183} INFO - Processing /opt/airflow/dags/hn_pipeline_dag.py took 0.049 seconds
[2026-05-14T17:04:00.497+0000] {processor.py:161} INFO - Started process (PID=251) to work on /opt/airflow/dags/hn_pipeline_dag.py
[2026-05-14T17:04:00.498+0000] {processor.py:830} INFO - Processing file /opt/airflow/dags/hn_pipeline_dag.py for tasks to queue
[2026-05-14T17:04:00.499+0000] {logging_mixin.py:188} INFO - [2026-05-14T17:04:00.499+0000] {dagbag.py:538} INFO - Filling up the DagBag from /opt/airflow/dags/hn_pipeline_dag.py
[2026-05-14T17:04:00.513+0000] {processor.py:840} INFO - DAG(s) 'hn_pipeline' retrieved from /opt/airflow/dags/hn_pipeline_dag.py
[2026-05-14T17:04:00.530+0000] {logging_mixin.py:188} INFO - [2026-05-14T17:04:00.530+0000] {dag.py:3036} INFO - Sync 1 DAGs
[2026-05-14T17:04:00.541+0000] {logging_mixin.py:188} INFO - [2026-05-14T17:04:00.541+0000] {dag.py:3823} INFO - Setting next_dagrun for hn_pipeline to 2026-05-14 17:00:00+00:00, run_after=2026-05-14 18:00:00+00:00
[2026-05-14T17:04:00.549+0000] {processor.py:183} INFO - Processing /opt/airflow/dags/hn_pipeline_dag.py took 0.055 seconds
[2026-05-14T17:04:30.864+0000] {processor.py:161} INFO - Started process (PID=256) to work on /opt/airflow/dags/hn_pipeline_dag.py
[2026-05-14T17:04:30.866+0000] {processor.py:830} INFO - Processing file /opt/airflow/dags/hn_pipeline_dag.py for tasks to queue
[2026-05-14T17:04:30.868+0000] {logging_mixin.py:188} INFO - [2026-05-14T17:04:30.867+0000] {dagbag.py:538} INFO - Filling up the DagBag from /opt/airflow/dags/hn_pipeline_dag.py
[2026-05-14T17:04:30.885+0000] {processor.py:840} INFO - DAG(s) 'hn_pipeline' retrieved from /opt/airflow/dags/hn_pipeline_dag.py
[2026-05-14T17:04:30.900+0000] {logging_mixin.py:188} INFO - [2026-05-14T17:04:30.900+0000] {dag.py:3036} INFO - Sync 1 DAGs
[2026-05-14T17:04:30.911+0000] {logging_mixin.py:188} INFO - [2026-05-14T17:04:30.911+0000] {dag.py:3823} INFO - Setting next_dagrun for hn_pipeline to 2026-05-14 17:00:00+00:00, run_after=2026-05-14 18:00:00+00:00
[2026-05-14T17:04:30.918+0000] {processor.py:183} INFO - Processing /opt/airflow/dags/hn_pipeline_dag.py took 0.057 seconds
[2026-05-14T17:05:01.233+0000] {processor.py:161} INFO - Started process (PID=261) to work on /opt/airflow/dags/hn_pipeline_dag.py
[2026-05-14T17:05:01.235+0000] {processor.py:830} INFO - Processing file /opt/airflow/dags/hn_pipeline_dag.py for tasks to queue
[2026-05-14T17:05:01.236+0000] {logging_mixin.py:188} INFO - [2026-05-14T17:05:01.236+0000] {dagbag.py:538} INFO - Filling up the DagBag from /opt/airflow/dags/hn_pipeline_dag.py
[2026-05-14T17:05:01.248+0000] {processor.py:840} INFO - DAG(s) 'hn_pipeline' retrieved from /opt/airflow/dags/hn_pipeline_dag.py
[2026-05-14T17:05:01.265+0000] {logging_mixin.py:188} INFO - [2026-05-14T17:05:01.265+0000] {dag.py:3036} INFO - Sync 1 DAGs
[2026-05-14T17:05:01.278+0000] {logging_mixin.py:188} INFO - [2026-05-14T17:05:01.278+0000] {dag.py:3823} INFO - Setting next_dagrun for hn_pipeline to 2026-05-14 17:00:00+00:00, run_after=2026-05-14 18:00:00+00:00
[2026-05-14T17:05:01.285+0000] {processor.py:183} INFO - Processing /opt/airflow/dags/hn_pipeline_dag.py took 0.056 seconds
[2026-05-14T17:05:31.563+0000] {processor.py:161} INFO - Started process (PID=268) to work on /opt/airflow/dags/hn_pipeline_dag.py
[2026-05-14T17:05:31.563+0000] {processor.py:830} INFO - Processing file /opt/airflow/dags/hn_pipeline_dag.py for tasks to queue
[2026-05-14T17:05:31.564+0000] {logging_mixin.py:188} INFO - [2026-05-14T17:05:31.564+0000] {dagbag.py:538} INFO - Filling up the DagBag from /opt/airflow/dags/hn_pipeline_dag.py
[2026-05-14T17:05:31.579+0000] {processor.py:840} INFO - DAG(s) 'hn_pipeline' retrieved from /opt/airflow/dags/hn_pipeline_dag.py
[2026-05-14T17:05:31.596+0000] {logging_mixin.py:188} INFO - [2026-05-14T17:05:31.595+0000] {dag.py:3036} INFO - Sync 1 DAGs
[2026-05-14T17:05:31.606+0000] {logging_mixin.py:188} INFO - [2026-05-14T17:05:31.606+0000] {dag.py:3823} INFO - Setting next_dagrun for hn_pipeline to 2026-05-14 17:00:00+00:00, run_after=2026-05-14 18:00:00+00:00
[2026-05-14T17:05:31.613+0000] {processor.py:183} INFO - Processing /opt/airflow/dags/hn_pipeline_dag.py took 0.054 seconds
[2026-05-14T17:06:01.928+0000] {processor.py:161} INFO - Started process (PID=273) to work on /opt/airflow/dags/hn_pipeline_dag.py
[2026-05-14T17:06:01.928+0000] {processor.py:830} INFO - Processing file /opt/airflow/dags/hn_pipeline_dag.py for tasks to queue
[2026-05-14T17:06:01.929+0000] {logging_mixin.py:188} INFO - [2026-05-14T17:06:01.929+0000] {dagbag.py:538} INFO - Filling up the DagBag from /opt/airflow/dags/hn_pipeline_dag.py
[2026-05-14T17:06:01.941+0000] {processor.py:840} INFO - DAG(s) 'hn_pipeline' retrieved from /opt/airflow/dags/hn_pipeline_dag.py
[2026-05-14T17:06:01.957+0000] {logging_mixin.py:188} INFO - [2026-05-14T17:06:01.957+0000] {dag.py:3036} INFO - Sync 1 DAGs
[2026-05-14T17:06:01.969+0000] {logging_mixin.py:188} INFO - [2026-05-14T17:06:01.969+0000] {dag.py:3823} INFO - Setting next_dagrun for hn_pipeline to 2026-05-14 17:00:00+00:00, run_after=2026-05-14 18:00:00+00:00
[2026-05-14T17:06:01.977+0000] {processor.py:183} INFO - Processing /opt/airflow/dags/hn_pipeline_dag.py took 0.053 seconds
[2026-05-14T17:06:32.225+0000] {processor.py:161} INFO - Started process (PID=278) to work on /opt/airflow/dags/hn_pipeline_dag.py
[2026-05-14T17:06:32.226+0000] {processor.py:830} INFO - Processing file /opt/airflow/dags/hn_pipeline_dag.py for tasks to queue
[2026-05-14T17:06:32.227+0000] {logging_mixin.py:188} INFO - [2026-05-14T17:06:32.227+0000] {dagbag.py:538} INFO - Filling up the DagBag from /opt/airflow/dags/hn_pipeline_dag.py
[2026-05-14T17:06:32.239+0000] {processor.py:840} INFO - DAG(s) 'hn_pipeline' retrieved from /opt/airflow/dags/hn_pipeline_dag.py
[2026-05-14T17:06:32.256+0000] {logging_mixin.py:188} INFO - [2026-05-14T17:06:32.255+0000] {dag.py:3036} INFO - Sync 1 DAGs
[2026-05-14T17:06:32.267+0000] {logging_mixin.py:188} INFO - [2026-05-14T17:06:32.267+0000] {dag.py:3823} INFO - Setting next_dagrun for hn_pipeline to 2026-05-14 17:00:00+00:00, run_after=2026-05-14 18:00:00+00:00
[2026-05-14T17:06:32.274+0000] {processor.py:183} INFO - Processing /opt/airflow/dags/hn_pipeline_dag.py took 0.051 seconds
[2026-05-14T17:07:02.545+0000] {processor.py:161} INFO - Started process (PID=283) to work on /opt/airflow/dags/hn_pipeline_dag.py
[2026-05-14T17:07:02.546+0000] {processor.py:830} INFO - Processing file /opt/airflow/dags/hn_pipeline_dag.py for tasks to queue
[2026-05-14T17:07:02.547+0000] {logging_mixin.py:188} INFO - [2026-05-14T17:07:02.547+0000] {dagbag.py:538} INFO - Filling up the DagBag from /opt/airflow/dags/hn_pipeline_dag.py
[2026-05-14T17:07:02.563+0000] {processor.py:840} INFO - DAG(s) 'hn_pipeline' retrieved from /opt/airflow/dags/hn_pipeline_dag.py
[2026-05-14T17:07:02.584+0000] {logging_mixin.py:188} INFO - [2026-05-14T17:07:02.584+0000] {dag.py:3036} INFO - Sync 1 DAGs
[2026-05-14T17:07:02.597+0000] {logging_mixin.py:188} INFO - [2026-05-14T17:07:02.597+0000] {dag.py:3823} INFO - Setting next_dagrun for hn_pipeline to 2026-05-14 17:00:00+00:00, run_after=2026-05-14 18:00:00+00:00
[2026-05-14T17:07:02.605+0000] {processor.py:183} INFO - Processing /opt/airflow/dags/hn_pipeline_dag.py took 0.064 seconds
[2026-05-14T17:29:42.027+0000] {processor.py:161} INFO - Started process (PID=178) to work on /opt/airflow/dags/hn_pipeline_dag.py
[2026-05-14T17:29:42.028+0000] {processor.py:830} INFO - Processing file /opt/airflow/dags/hn_pipeline_dag.py for tasks to queue
[2026-05-14T17:29:42.035+0000] {logging_mixin.py:188} INFO - [2026-05-14T17:29:42.030+0000] {dagbag.py:538} INFO - Filling up the DagBag from /opt/airflow/dags/hn_pipeline_dag.py
[2026-05-14T17:29:42.085+0000] {processor.py:840} INFO - DAG(s) 'hn_pipeline' retrieved from /opt/airflow/dags/hn_pipeline_dag.py
[2026-05-14T17:29:42.241+0000] {logging_mixin.py:188} INFO - [2026-05-14T17:29:42.240+0000] {override.py:1769} INFO - Created Permission View: can read on DAG:hn_pipeline
[2026-05-14T17:29:42.247+0000] {logging_mixin.py:188} INFO - [2026-05-14T17:29:42.247+0000] {override.py:1769} INFO - Created Permission View: can delete on DAG:hn_pipeline
[2026-05-14T17:29:42.251+0000] {logging_mixin.py:188} INFO - [2026-05-14T17:29:42.251+0000] {override.py:1769} INFO - Created Permission View: can edit on DAG:hn_pipeline
[2026-05-14T17:29:42.251+0000] {logging_mixin.py:188} INFO - [2026-05-14T17:29:42.251+0000] {dag.py:3036} INFO - Sync 1 DAGs
[2026-05-14T17:29:42.257+0000] {logging_mixin.py:188} INFO - [2026-05-14T17:29:42.257+0000] {dag.py:3058} INFO - Creating ORM DAG for hn_pipeline
[2026-05-14T17:29:42.263+0000] {logging_mixin.py:188} INFO - [2026-05-14T17:29:42.263+0000] {dag.py:3823} INFO - Setting next_dagrun for hn_pipeline to 2026-05-14 16:00:00+00:00, run_after=2026-05-14 17:00:00+00:00
[2026-05-14T17:29:42.274+0000] {processor.py:183} INFO - Processing /opt/airflow/dags/hn_pipeline_dag.py took 0.252 seconds
[2026-05-14T17:30:12.388+0000] {processor.py:161} INFO - Started process (PID=184) to work on /opt/airflow/dags/hn_pipeline_dag.py
[2026-05-14T17:30:12.389+0000] {processor.py:830} INFO - Processing file /opt/airflow/dags/hn_pipeline_dag.py for tasks to queue
[2026-05-14T17:30:12.390+0000] {logging_mixin.py:188} INFO - [2026-05-14T17:30:12.389+0000] {dagbag.py:538} INFO - Filling up the DagBag from /opt/airflow/dags/hn_pipeline_dag.py
[2026-05-14T17:30:12.406+0000] {processor.py:840} INFO - DAG(s) 'hn_pipeline' retrieved from /opt/airflow/dags/hn_pipeline_dag.py
[2026-05-14T17:30:12.438+0000] {logging_mixin.py:188} INFO - [2026-05-14T17:30:12.438+0000] {dag.py:3036} INFO - Sync 1 DAGs
[2026-05-14T17:30:12.449+0000] {logging_mixin.py:188} INFO - [2026-05-14T17:30:12.449+0000] {dag.py:3823} INFO - Setting next_dagrun for hn_pipeline to 2026-05-14 16:00:00+00:00, run_after=2026-05-14 17:00:00+00:00
[2026-05-14T17:30:12.457+0000] {processor.py:183} INFO - Processing /opt/airflow/dags/hn_pipeline_dag.py took 0.073 seconds
[2026-05-14T17:30:42.747+0000] {processor.py:161} INFO - Started process (PID=189) to work on /opt/airflow/dags/hn_pipeline_dag.py
[2026-05-14T17:30:42.748+0000] {processor.py:830} INFO - Processing file /opt/airflow/dags/hn_pipeline_dag.py for tasks to queue
[2026-05-14T17:30:42.749+0000] {logging_mixin.py:188} INFO - [2026-05-14T17:30:42.748+0000] {dagbag.py:538} INFO - Filling up the DagBag from /opt/airflow/dags/hn_pipeline_dag.py
[2026-05-14T17:30:42.767+0000] {processor.py:840} INFO - DAG(s) 'hn_pipeline' retrieved from /opt/airflow/dags/hn_pipeline_dag.py
[2026-05-14T17:30:42.862+0000] {logging_mixin.py:188} INFO - [2026-05-14T17:30:42.858+0000] {dag.py:3036} INFO - Sync 1 DAGs
[2026-05-14T17:30:42.925+0000] {logging_mixin.py:188} INFO - [2026-05-14T17:30:42.925+0000] {dag.py:3823} INFO - Setting next_dagrun for hn_pipeline to 2026-05-14 16:00:00+00:00, run_after=2026-05-14 17:00:00+00:00
[2026-05-14T17:30:42.978+0000] {processor.py:183} INFO - Processing /opt/airflow/dags/hn_pipeline_dag.py took 0.235 seconds
[2026-05-14T17:31:13.113+0000] {processor.py:161} INFO - Started process (PID=194) to work on /opt/airflow/dags/hn_pipeline_dag.py
[2026-05-14T17:31:13.114+0000] {processor.py:830} INFO - Processing file /opt/airflow/dags/hn_pipeline_dag.py for tasks to queue
[2026-05-14T17:31:13.116+0000] {logging_mixin.py:188} INFO - [2026-05-14T17:31:13.115+0000] {dagbag.py:538} INFO - Filling up the DagBag from /opt/airflow/dags/hn_pipeline_dag.py
[2026-05-14T17:31:13.135+0000] {processor.py:840} INFO - DAG(s) 'hn_pipeline' retrieved from /opt/airflow/dags/hn_pipeline_dag.py
[2026-05-14T17:31:13.196+0000] {logging_mixin.py:188} INFO - [2026-05-14T17:31:13.192+0000] {dag.py:3036} INFO - Sync 1 DAGs
[2026-05-14T17:31:13.501+0000] {logging_mixin.py:188} INFO - [2026-05-14T17:31:13.501+0000] {dag.py:3823} INFO - Setting next_dagrun for hn_pipeline to 2026-05-14 16:00:00+00:00, run_after=2026-05-14 17:00:00+00:00
[2026-05-14T17:31:13.699+0000] {processor.py:183} INFO - Processing /opt/airflow/dags/hn_pipeline_dag.py took 0.591 seconds
[2026-05-14T17:31:44.229+0000] {processor.py:161} INFO - Started process (PID=199) to work on /opt/airflow/dags/hn_pipeline_dag.py
[2026-05-14T17:31:44.230+0000] {processor.py:830} INFO - Processing file /opt/airflow/dags/hn_pipeline_dag.py for tasks to queue
[2026-05-14T17:31:44.231+0000] {logging_mixin.py:188} INFO - [2026-05-14T17:31:44.231+0000] {dagbag.py:538} INFO - Filling up the DagBag from /opt/airflow/dags/hn_pipeline_dag.py
[2026-05-14T17:31:44.249+0000] {processor.py:840} INFO - DAG(s) 'hn_pipeline' retrieved from /opt/airflow/dags/hn_pipeline_dag.py
[2026-05-14T17:31:44.479+0000] {logging_mixin.py:188} INFO - [2026-05-14T17:31:44.477+0000] {dag.py:3036} INFO - Sync 1 DAGs
[2026-05-14T17:31:44.595+0000] {logging_mixin.py:188} INFO - [2026-05-14T17:31:44.594+0000] {dag.py:3823} INFO - Setting next_dagrun for hn_pipeline to 2026-05-14 16:00:00+00:00, run_after=2026-05-14 17:00:00+00:00
[2026-05-14T17:31:44.765+0000] {processor.py:183} INFO - Processing /opt/airflow/dags/hn_pipeline_dag.py took 0.541 seconds
[2026-05-14T17:32:15.134+0000] {processor.py:161} INFO - Started process (PID=204) to work on /opt/airflow/dags/hn_pipeline_dag.py
[2026-05-14T17:32:15.136+0000] {processor.py:830} INFO - Processing file /opt/airflow/dags/hn_pipeline_dag.py for tasks to queue
[2026-05-14T17:32:15.137+0000] {logging_mixin.py:188} INFO - [2026-05-14T17:32:15.136+0000] {dagbag.py:538} INFO - Filling up the DagBag from /opt/airflow/dags/hn_pipeline_dag.py
[2026-05-14T17:32:15.158+0000] {processor.py:840} INFO - DAG(s) 'hn_pipeline' retrieved from /opt/airflow/dags/hn_pipeline_dag.py
[2026-05-14T17:32:15.180+0000] {logging_mixin.py:188} INFO - [2026-05-14T17:32:15.180+0000] {dag.py:3036} INFO - Sync 1 DAGs
[2026-05-14T17:32:15.190+0000] {logging_mixin.py:188} INFO - [2026-05-14T17:32:15.190+0000] {dag.py:3823} INFO - Setting next_dagrun for hn_pipeline to 2026-05-14 16:00:00+00:00, run_after=2026-05-14 17:00:00+00:00
[2026-05-14T17:32:15.197+0000] {processor.py:183} INFO - Processing /opt/airflow/dags/hn_pipeline_dag.py took 0.068 seconds
[2026-05-14T17:32:45.483+0000] {processor.py:161} INFO - Started process (PID=209) to work on /opt/airflow/dags/hn_pipeline_dag.py
[2026-05-14T17:32:45.484+0000] {processor.py:830} INFO - Processing file /opt/airflow/dags/hn_pipeline_dag.py for tasks to queue
[2026-05-14T17:32:45.485+0000] {logging_mixin.py:188} INFO - [2026-05-14T17:32:45.485+0000] {dagbag.py:538} INFO - Filling up the DagBag from /opt/airflow/dags/hn_pipeline_dag.py
[2026-05-14T17:32:45.500+0000] {processor.py:840} INFO - DAG(s) 'hn_pipeline' retrieved from /opt/airflow/dags/hn_pipeline_dag.py
[2026-05-14T17:32:45.522+0000] {logging_mixin.py:188} INFO - [2026-05-14T17:32:45.522+0000] {dag.py:3036} INFO - Sync 1 DAGs
[2026-05-14T17:32:45.532+0000] {logging_mixin.py:188} INFO - [2026-05-14T17:32:45.532+0000] {dag.py:3823} INFO - Setting next_dagrun for hn_pipeline to 2026-05-14 16:00:00+00:00, run_after=2026-05-14 17:00:00+00:00
[2026-05-14T17:32:45.539+0000] {processor.py:183} INFO - Processing /opt/airflow/dags/hn_pipeline_dag.py took 0.061 seconds
[2026-05-14T17:33:15.839+0000] {processor.py:161} INFO - Started process (PID=214) to work on /opt/airflow/dags/hn_pipeline_dag.py
[2026-05-14T17:33:15.840+0000] {processor.py:830} INFO - Processing file /opt/airflow/dags/hn_pipeline_dag.py for tasks to queue
[2026-05-14T17:33:15.841+0000] {logging_mixin.py:188} INFO - [2026-05-14T17:33:15.841+0000] {dagbag.py:538} INFO - Filling up the DagBag from /opt/airflow/dags/hn_pipeline_dag.py
[2026-05-14T17:33:15.856+0000] {processor.py:840} INFO - DAG(s) 'hn_pipeline' retrieved from /opt/airflow/dags/hn_pipeline_dag.py
[2026-05-14T17:33:15.877+0000] {logging_mixin.py:188} INFO - [2026-05-14T17:33:15.876+0000] {dag.py:3036} INFO - Sync 1 DAGs
[2026-05-14T17:33:15.887+0000] {logging_mixin.py:188} INFO - [2026-05-14T17:33:15.887+0000] {dag.py:3823} INFO - Setting next_dagrun for hn_pipeline to 2026-05-14 16:00:00+00:00, run_after=2026-05-14 17:00:00+00:00
[2026-05-14T17:33:15.895+0000] {processor.py:183} INFO - Processing /opt/airflow/dags/hn_pipeline_dag.py took 0.060 seconds
[2026-05-14T17:33:46.192+0000] {processor.py:161} INFO - Started process (PID=219) to work on /opt/airflow/dags/hn_pipeline_dag.py
[2026-05-14T17:33:46.194+0000] {processor.py:830} INFO - Processing file /opt/airflow/dags/hn_pipeline_dag.py for tasks to queue
[2026-05-14T17:33:46.195+0000] {logging_mixin.py:188} INFO - [2026-05-14T17:33:46.194+0000] {dagbag.py:538} INFO - Filling up the DagBag from /opt/airflow/dags/hn_pipeline_dag.py
[2026-05-14T17:33:46.210+0000] {processor.py:840} INFO - DAG(s) 'hn_pipeline' retrieved from /opt/airflow/dags/hn_pipeline_dag.py
[2026-05-14T17:33:46.230+0000] {logging_mixin.py:188} INFO - [2026-05-14T17:33:46.230+0000] {dag.py:3036} INFO - Sync 1 DAGs
[2026-05-14T17:33:46.242+0000] {logging_mixin.py:188} INFO - [2026-05-14T17:33:46.242+0000] {dag.py:3823} INFO - Setting next_dagrun for hn_pipeline to 2026-05-14 16:00:00+00:00, run_after=2026-05-14 17:00:00+00:00
[2026-05-14T17:33:46.250+0000] {processor.py:183} INFO - Processing /opt/airflow/dags/hn_pipeline_dag.py took 0.062 seconds
[2026-05-14T17:34:16.532+0000] {processor.py:161} INFO - Started process (PID=224) to work on /opt/airflow/dags/hn_pipeline_dag.py
[2026-05-14T17:34:16.534+0000] {processor.py:830} INFO - Processing file /opt/airflow/dags/hn_pipeline_dag.py for tasks to queue
[2026-05-14T17:34:16.535+0000] {logging_mixin.py:188} INFO - [2026-05-14T17:34:16.534+0000] {dagbag.py:538} INFO - Filling up the DagBag from /opt/airflow/dags/hn_pipeline_dag.py
[2026-05-14T17:34:16.551+0000] {processor.py:840} INFO - DAG(s) 'hn_pipeline' retrieved from /opt/airflow/dags/hn_pipeline_dag.py
[2026-05-14T17:34:16.581+0000] {logging_mixin.py:188} INFO - [2026-05-14T17:34:16.581+0000] {dag.py:3036} INFO - Sync 1 DAGs
[2026-05-14T17:34:16.592+0000] {logging_mixin.py:188} INFO - [2026-05-14T17:34:16.592+0000] {dag.py:3823} INFO - Setting next_dagrun for hn_pipeline to 2026-05-14 16:00:00+00:00, run_after=2026-05-14 17:00:00+00:00
[2026-05-14T17:34:16.599+0000] {processor.py:183} INFO - Processing /opt/airflow/dags/hn_pipeline_dag.py took 0.071 seconds
[2026-05-14T17:34:46.917+0000] {processor.py:161} INFO - Started process (PID=229) to work on /opt/airflow/dags/hn_pipeline_dag.py
[2026-05-14T17:34:46.919+0000] {processor.py:830} INFO - Processing file /opt/airflow/dags/hn_pipeline_dag.py for tasks to queue
[2026-05-14T17:34:46.920+0000] {logging_mixin.py:188} INFO - [2026-05-14T17:34:46.919+0000] {dagbag.py:538} INFO - Filling up the DagBag from /opt/airflow/dags/hn_pipeline_dag.py
[2026-05-14T17:34:46.938+0000] {processor.py:840} INFO - DAG(s) 'hn_pipeline' retrieved from /opt/airflow/dags/hn_pipeline_dag.py
[2026-05-14T17:34:46.965+0000] {logging_mixin.py:188} INFO - [2026-05-14T17:34:46.964+0000] {dag.py:3036} INFO - Sync 1 DAGs
[2026-05-14T17:34:46.975+0000] {logging_mixin.py:188} INFO - [2026-05-14T17:34:46.975+0000] {dag.py:3823} INFO - Setting next_dagrun for hn_pipeline to 2026-05-14 16:00:00+00:00, run_after=2026-05-14 17:00:00+00:00
[2026-05-14T17:34:46.983+0000] {processor.py:183} INFO - Processing /opt/airflow/dags/hn_pipeline_dag.py took 0.070 seconds
[2026-05-14T17:35:17.279+0000] {processor.py:161} INFO - Started process (PID=234) to work on /opt/airflow/dags/hn_pipeline_dag.py
[2026-05-14T17:35:17.280+0000] {processor.py:830} INFO - Processing file /opt/airflow/dags/hn_pipeline_dag.py for tasks to queue
[2026-05-14T17:35:17.282+0000] {logging_mixin.py:188} INFO - [2026-05-14T17:35:17.281+0000] {dagbag.py:538} INFO - Filling up the DagBag from /opt/airflow/dags/hn_pipeline_dag.py
[2026-05-14T17:35:17.298+0000] {processor.py:840} INFO - DAG(s) 'hn_pipeline' retrieved from /opt/airflow/dags/hn_pipeline_dag.py
[2026-05-14T17:35:17.326+0000] {logging_mixin.py:188} INFO - [2026-05-14T17:35:17.326+0000] {dag.py:3036} INFO - Sync 1 DAGs
[2026-05-14T17:35:17.338+0000] {logging_mixin.py:188} INFO - [2026-05-14T17:35:17.338+0000] {dag.py:3823} INFO - Setting next_dagrun for hn_pipeline to 2026-05-14 16:00:00+00:00, run_after=2026-05-14 17:00:00+00:00
[2026-05-14T17:35:17.349+0000] {processor.py:183} INFO - Processing /opt/airflow/dags/hn_pipeline_dag.py took 0.074 seconds
[2026-05-14T17:35:47.568+0000] {processor.py:161} INFO - Started process (PID=239) to work on /opt/airflow/dags/hn_pipeline_dag.py
[2026-05-14T17:35:47.569+0000] {processor.py:830} INFO - Processing file /opt/airflow/dags/hn_pipeline_dag.py for tasks to queue
[2026-05-14T17:35:47.570+0000] {logging_mixin.py:188} INFO - [2026-05-14T17:35:47.570+0000] {dagbag.py:538} INFO - Filling up the DagBag from /opt/airflow/dags/hn_pipeline_dag.py
[2026-05-14T17:35:47.586+0000] {processor.py:840} INFO - DAG(s) 'hn_pipeline' retrieved from /opt/airflow/dags/hn_pipeline_dag.py
[2026-05-14T17:35:47.613+0000] {logging_mixin.py:188} INFO - [2026-05-14T17:35:47.613+0000] {dag.py:3036} INFO - Sync 1 DAGs
[2026-05-14T17:35:47.624+0000] {logging_mixin.py:188} INFO - [2026-05-14T17:35:47.623+0000] {dag.py:3823} INFO - Setting next_dagrun for hn_pipeline to 2026-05-14 16:00:00+00:00, run_after=2026-05-14 17:00:00+00:00
[2026-05-14T17:35:47.632+0000] {processor.py:183} INFO - Processing /opt/airflow/dags/hn_pipeline_dag.py took 0.068 seconds
[2026-05-14T17:36:17.899+0000] {processor.py:161} INFO - Started process (PID=244) to work on /opt/airflow/dags/hn_pipeline_dag.py
[2026-05-14T17:36:17.899+0000] {processor.py:830} INFO - Processing file /opt/airflow/dags/hn_pipeline_dag.py for tasks to queue
[2026-05-14T17:36:17.900+0000] {logging_mixin.py:188} INFO - [2026-05-14T17:36:17.899+0000] {dagbag.py:538} INFO - Filling up the DagBag from /opt/airflow/dags/hn_pipeline_dag.py
[2026-05-14T17:36:17.911+0000] {processor.py:840} INFO - DAG(s) 'hn_pipeline' retrieved from /opt/airflow/dags/hn_pipeline_dag.py
[2026-05-14T17:36:17.936+0000] {logging_mixin.py:188} INFO - [2026-05-14T17:36:17.936+0000] {dag.py:3036} INFO - Sync 1 DAGs
[2026-05-14T17:36:17.947+0000] {logging_mixin.py:188} INFO - [2026-05-14T17:36:17.947+0000] {dag.py:3823} INFO - Setting next_dagrun for hn_pipeline to 2026-05-14 16:00:00+00:00, run_after=2026-05-14 17:00:00+00:00
[2026-05-14T17:36:17.955+0000] {processor.py:183} INFO - Processing /opt/airflow/dags/hn_pipeline_dag.py took 0.058 seconds
[2026-05-14T17:36:48.285+0000] {processor.py:161} INFO - Started process (PID=249) to work on /opt/airflow/dags/hn_pipeline_dag.py
[2026-05-14T17:36:48.286+0000] {processor.py:830} INFO - Processing file /opt/airflow/dags/hn_pipeline_dag.py for tasks to queue
[2026-05-14T17:36:48.287+0000] {logging_mixin.py:188} INFO - [2026-05-14T17:36:48.287+0000] {dagbag.py:538} INFO - Filling up the DagBag from /opt/airflow/dags/hn_pipeline_dag.py
[2026-05-14T17:36:48.304+0000] {processor.py:840} INFO - DAG(s) 'hn_pipeline' retrieved from /opt/airflow/dags/hn_pipeline_dag.py
[2026-05-14T17:36:48.334+0000] {logging_mixin.py:188} INFO - [2026-05-14T17:36:48.334+0000] {dag.py:3036} INFO - Sync 1 DAGs
[2026-05-14T17:36:48.345+0000] {logging_mixin.py:188} INFO - [2026-05-14T17:36:48.345+0000] {dag.py:3823} INFO - Setting next_dagrun for hn_pipeline to 2026-05-14 16:00:00+00:00, run_after=2026-05-14 17:00:00+00:00
[2026-05-14T17:36:48.352+0000] {processor.py:183} INFO - Processing /opt/airflow/dags/hn_pipeline_dag.py took 0.073 seconds
[2026-05-14T17:37:18.623+0000] {processor.py:161} INFO - Started process (PID=254) to work on /opt/airflow/dags/hn_pipeline_dag.py
[2026-05-14T17:37:18.624+0000] {processor.py:830} INFO - Processing file /opt/airflow/dags/hn_pipeline_dag.py for tasks to queue
[2026-05-14T17:37:18.626+0000] {logging_mixin.py:188} INFO - [2026-05-14T17:37:18.625+0000] {dagbag.py:538} INFO - Filling up the DagBag from /opt/airflow/dags/hn_pipeline_dag.py
[2026-05-14T17:37:18.644+0000] {processor.py:840} INFO - DAG(s) 'hn_pipeline' retrieved from /opt/airflow/dags/hn_pipeline_dag.py
[2026-05-14T17:37:18.675+0000] {logging_mixin.py:188} INFO - [2026-05-14T17:37:18.675+0000] {dag.py:3036} INFO - Sync 1 DAGs
[2026-05-14T17:37:18.686+0000] {logging_mixin.py:188} INFO - [2026-05-14T17:37:18.686+0000] {dag.py:3823} INFO - Setting next_dagrun for hn_pipeline to 2026-05-14 16:00:00+00:00, run_after=2026-05-14 17:00:00+00:00
[2026-05-14T17:37:18.693+0000] {processor.py:183} INFO - Processing /opt/airflow/dags/hn_pipeline_dag.py took 0.075 seconds
[2026-05-14T17:37:48.898+0000] {processor.py:161} INFO - Started process (PID=259) to work on /opt/airflow/dags/hn_pipeline_dag.py
[2026-05-14T17:37:48.899+0000] {processor.py:830} INFO - Processing file /opt/airflow/dags/hn_pipeline_dag.py for tasks to queue
[2026-05-14T17:37:48.900+0000] {logging_mixin.py:188} INFO - [2026-05-14T17:37:48.900+0000] {dagbag.py:538} INFO - Filling up the DagBag from /opt/airflow/dags/hn_pipeline_dag.py
[2026-05-14T17:37:49.074+0000] {processor.py:840} INFO - DAG(s) 'hn_pipeline' retrieved from /opt/airflow/dags/hn_pipeline_dag.py
[2026-05-14T17:37:55.945+0000] {logging_mixin.py:188} INFO - [2026-05-14T17:37:55.773+0000] {dag.py:3036} INFO - Sync 1 DAGs
[2026-05-14T17:38:05.732+0000] {logging_mixin.py:188} INFO - [2026-05-14T17:38:05.730+0000] {dag.py:3823} INFO - Setting next_dagrun for hn_pipeline to 2026-05-14 16:00:00+00:00, run_after=2026-05-14 17:00:00+00:00
[2026-05-14T17:38:05.807+0000] {processor.py:183} INFO - Processing /opt/airflow/dags/hn_pipeline_dag.py took 17.106 seconds
[2026-05-14T17:39:08.365+0000] {processor.py:161} INFO - Started process (PID=264) to work on /opt/airflow/dags/hn_pipeline_dag.py
[2026-05-14T17:39:08.378+0000] {processor.py:830} INFO - Processing file /opt/airflow/dags/hn_pipeline_dag.py for tasks to queue
[2026-05-14T17:39:08.456+0000] {logging_mixin.py:188} INFO - [2026-05-14T17:39:08.428+0000] {dagbag.py:538} INFO - Filling up the DagBag from /opt/airflow/dags/hn_pipeline_dag.py
[2026-05-14T17:39:09.149+0000] {processor.py:840} INFO - DAG(s) 'hn_pipeline' retrieved from /opt/airflow/dags/hn_pipeline_dag.py
[2026-05-14T17:39:09.722+0000] {logging_mixin.py:188} INFO - [2026-05-14T17:39:09.718+0000] {dag.py:3036} INFO - Sync 1 DAGs
[2026-05-14T17:39:09.926+0000] {logging_mixin.py:188} INFO - [2026-05-14T17:39:09.924+0000] {dag.py:3823} INFO - Setting next_dagrun for hn_pipeline to 2026-05-14 16:00:00+00:00, run_after=2026-05-14 17:00:00+00:00
[2026-05-14T17:39:09.967+0000] {processor.py:183} INFO - Processing /opt/airflow/dags/hn_pipeline_dag.py took 1.657 seconds
[2026-05-14T17:39:40.333+0000] {processor.py:161} INFO - Started process (PID=269) to work on /opt/airflow/dags/hn_pipeline_dag.py
[2026-05-14T17:39:40.335+0000] {processor.py:830} INFO - Processing file /opt/airflow/dags/hn_pipeline_dag.py for tasks to queue
[2026-05-14T17:39:40.336+0000] {logging_mixin.py:188} INFO - [2026-05-14T17:39:40.335+0000] {dagbag.py:538} INFO - Filling up the DagBag from /opt/airflow/dags/hn_pipeline_dag.py
[2026-05-14T17:39:40.353+0000] {processor.py:840} INFO - DAG(s) 'hn_pipeline' retrieved from /opt/airflow/dags/hn_pipeline_dag.py
[2026-05-14T17:39:40.547+0000] {logging_mixin.py:188} INFO - [2026-05-14T17:39:40.478+0000] {dag.py:3036} INFO - Sync 1 DAGs
[2026-05-14T17:39:41.298+0000] {logging_mixin.py:188} INFO - [2026-05-14T17:39:41.298+0000] {dag.py:3823} INFO - Setting next_dagrun for hn_pipeline to 2026-05-14 16:00:00+00:00, run_after=2026-05-14 17:00:00+00:00
[2026-05-14T17:39:41.356+0000] {processor.py:183} INFO - Processing /opt/airflow/dags/hn_pipeline_dag.py took 1.028 seconds
[2026-05-14T17:40:11.792+0000] {processor.py:161} INFO - Started process (PID=274) to work on /opt/airflow/dags/hn_pipeline_dag.py
[2026-05-14T17:40:11.793+0000] {processor.py:830} INFO - Processing file /opt/airflow/dags/hn_pipeline_dag.py for tasks to queue
[2026-05-14T17:40:11.794+0000] {logging_mixin.py:188} INFO - [2026-05-14T17:40:11.794+0000] {dagbag.py:538} INFO - Filling up the DagBag from /opt/airflow/dags/hn_pipeline_dag.py
[2026-05-14T17:40:11.809+0000] {processor.py:840} INFO - DAG(s) 'hn_pipeline' retrieved from /opt/airflow/dags/hn_pipeline_dag.py
[2026-05-14T17:40:11.853+0000] {logging_mixin.py:188} INFO - [2026-05-14T17:40:11.852+0000] {dag.py:3036} INFO - Sync 1 DAGs
[2026-05-14T17:40:11.864+0000] {logging_mixin.py:188} INFO - [2026-05-14T17:40:11.864+0000] {dag.py:3823} INFO - Setting next_dagrun for hn_pipeline to 2026-05-14 16:00:00+00:00, run_after=2026-05-14 17:00:00+00:00
[2026-05-14T17:40:11.872+0000] {processor.py:183} INFO - Processing /opt/airflow/dags/hn_pipeline_dag.py took 0.085 seconds
[2026-05-14T17:40:42.234+0000] {processor.py:161} INFO - Started process (PID=279) to work on /opt/airflow/dags/hn_pipeline_dag.py
[2026-05-14T17:40:42.236+0000] {processor.py:830} INFO - Processing file /opt/airflow/dags/hn_pipeline_dag.py for tasks to queue
[2026-05-14T17:40:42.237+0000] {logging_mixin.py:188} INFO - [2026-05-14T17:40:42.236+0000] {dagbag.py:538} INFO - Filling up the DagBag from /opt/airflow/dags/hn_pipeline_dag.py
[2026-05-14T17:40:42.251+0000] {processor.py:840} INFO - DAG(s) 'hn_pipeline' retrieved from /opt/airflow/dags/hn_pipeline_dag.py
[2026-05-14T17:40:42.291+0000] {logging_mixin.py:188} INFO - [2026-05-14T17:40:42.290+0000] {dag.py:3036} INFO - Sync 1 DAGs
[2026-05-14T17:40:42.303+0000] {logging_mixin.py:188} INFO - [2026-05-14T17:40:42.303+0000] {dag.py:3823} INFO - Setting next_dagrun for hn_pipeline to 2026-05-14 16:00:00+00:00, run_after=2026-05-14 17:00:00+00:00
[2026-05-14T17:40:42.320+0000] {processor.py:183} INFO - Processing /opt/airflow/dags/hn_pipeline_dag.py took 0.093 seconds
[2026-05-14T17:41:12.617+0000] {processor.py:161} INFO - Started process (PID=284) to work on /opt/airflow/dags/hn_pipeline_dag.py
[2026-05-14T17:41:12.618+0000] {processor.py:830} INFO - Processing file /opt/airflow/dags/hn_pipeline_dag.py for tasks to queue
[2026-05-14T17:41:12.619+0000] {logging_mixin.py:188} INFO - [2026-05-14T17:41:12.618+0000] {dagbag.py:538} INFO - Filling up the DagBag from /opt/airflow/dags/hn_pipeline_dag.py
[2026-05-14T17:41:12.634+0000] {processor.py:840} INFO - DAG(s) 'hn_pipeline' retrieved from /opt/airflow/dags/hn_pipeline_dag.py
[2026-05-14T17:41:12.687+0000] {logging_mixin.py:188} INFO - [2026-05-14T17:41:12.685+0000] {dag.py:3036} INFO - Sync 1 DAGs
[2026-05-14T17:41:12.731+0000] {logging_mixin.py:188} INFO - [2026-05-14T17:41:12.730+0000] {dag.py:3823} INFO - Setting next_dagrun for hn_pipeline to 2026-05-14 16:00:00+00:00, run_after=2026-05-14 17:00:00+00:00
[2026-05-14T17:41:12.787+0000] {processor.py:183} INFO - Processing /opt/airflow/dags/hn_pipeline_dag.py took 0.174 seconds
[2026-05-14T17:41:43.087+0000] {processor.py:161} INFO - Started process (PID=289) to work on /opt/airflow/dags/hn_pipeline_dag.py
[2026-05-14T17:41:43.089+0000] {processor.py:830} INFO - Processing file /opt/airflow/dags/hn_pipeline_dag.py for tasks to queue
[2026-05-14T17:41:43.090+0000] {logging_mixin.py:188} INFO - [2026-05-14T17:41:43.090+0000] {dagbag.py:538} INFO - Filling up the DagBag from /opt/airflow/dags/hn_pipeline_dag.py
[2026-05-14T17:41:43.110+0000] {processor.py:840} INFO - DAG(s) 'hn_pipeline' retrieved from /opt/airflow/dags/hn_pipeline_dag.py
[2026-05-14T17:41:43.518+0000] {logging_mixin.py:188} INFO - [2026-05-14T17:41:43.516+0000] {dag.py:3036} INFO - Sync 1 DAGs
[2026-05-14T17:41:43.881+0000] {logging_mixin.py:188} INFO - [2026-05-14T17:41:43.880+0000] {dag.py:3823} INFO - Setting next_dagrun for hn_pipeline to 2026-05-14 16:00:00+00:00, run_after=2026-05-14 17:00:00+00:00
[2026-05-14T17:41:44.919+0000] {processor.py:183} INFO - Processing /opt/airflow/dags/hn_pipeline_dag.py took 1.827 seconds
[2026-05-14T17:42:15.456+0000] {processor.py:161} INFO - Started process (PID=294) to work on /opt/airflow/dags/hn_pipeline_dag.py
[2026-05-14T17:42:15.457+0000] {processor.py:830} INFO - Processing file /opt/airflow/dags/hn_pipeline_dag.py for tasks to queue
[2026-05-14T17:42:15.458+0000] {logging_mixin.py:188} INFO - [2026-05-14T17:42:15.458+0000] {dagbag.py:538} INFO - Filling up the DagBag from /opt/airflow/dags/hn_pipeline_dag.py
[2026-05-14T17:42:15.478+0000] {processor.py:840} INFO - DAG(s) 'hn_pipeline' retrieved from /opt/airflow/dags/hn_pipeline_dag.py
[2026-05-14T17:42:15.586+0000] {logging_mixin.py:188} INFO - [2026-05-14T17:42:15.584+0000] {dag.py:3036} INFO - Sync 1 DAGs
[2026-05-14T17:42:15.800+0000] {logging_mixin.py:188} INFO - [2026-05-14T17:42:15.799+0000] {dag.py:3823} INFO - Setting next_dagrun for hn_pipeline to 2026-05-14 16:00:00+00:00, run_after=2026-05-14 17:00:00+00:00
[2026-05-14T17:42:15.934+0000] {processor.py:183} INFO - Processing /opt/airflow/dags/hn_pipeline_dag.py took 0.483 seconds
[2026-05-14T17:42:46.014+0000] {processor.py:161} INFO - Started process (PID=299) to work on /opt/airflow/dags/hn_pipeline_dag.py
[2026-05-14T17:42:46.015+0000] {processor.py:830} INFO - Processing file /opt/airflow/dags/hn_pipeline_dag.py for tasks to queue
[2026-05-14T17:42:46.016+0000] {logging_mixin.py:188} INFO - [2026-05-14T17:42:46.016+0000] {dagbag.py:538} INFO - Filling up the DagBag from /opt/airflow/dags/hn_pipeline_dag.py
[2026-05-14T17:42:46.027+0000] {processor.py:840} INFO - DAG(s) 'hn_pipeline' retrieved from /opt/airflow/dags/hn_pipeline_dag.py
[2026-05-14T17:42:46.482+0000] {logging_mixin.py:188} INFO - [2026-05-14T17:42:46.471+0000] {dag.py:3036} INFO - Sync 1 DAGs
[2026-05-14T17:42:47.588+0000] {logging_mixin.py:188} INFO - [2026-05-14T17:42:47.587+0000] {dag.py:3823} INFO - Setting next_dagrun for hn_pipeline to 2026-05-14 16:00:00+00:00, run_after=2026-05-14 17:00:00+00:00
[2026-05-14T17:42:47.895+0000] {processor.py:183} INFO - Processing /opt/airflow/dags/hn_pipeline_dag.py took 1.882 seconds
[2026-05-14T17:43:18.244+0000] {processor.py:161} INFO - Started process (PID=304) to work on /opt/airflow/dags/hn_pipeline_dag.py
[2026-05-14T17:43:18.244+0000] {processor.py:830} INFO - Processing file /opt/airflow/dags/hn_pipeline_dag.py for tasks to queue
[2026-05-14T17:43:18.245+0000] {logging_mixin.py:188} INFO - [2026-05-14T17:43:18.245+0000] {dagbag.py:538} INFO - Filling up the DagBag from /opt/airflow/dags/hn_pipeline_dag.py
[2026-05-14T17:43:18.261+0000] {processor.py:840} INFO - DAG(s) 'hn_pipeline' retrieved from /opt/airflow/dags/hn_pipeline_dag.py
[2026-05-14T17:43:18.367+0000] {logging_mixin.py:188} INFO - [2026-05-14T17:43:18.366+0000] {dag.py:3036} INFO - Sync 1 DAGs
[2026-05-14T17:43:18.389+0000] {logging_mixin.py:188} INFO - [2026-05-14T17:43:18.388+0000] {dag.py:3823} INFO - Setting next_dagrun for hn_pipeline to 2026-05-14 16:00:00+00:00, run_after=2026-05-14 17:00:00+00:00
[2026-05-14T17:43:18.728+0000] {processor.py:183} INFO - Processing /opt/airflow/dags/hn_pipeline_dag.py took 0.487 seconds
[2026-05-14T17:43:49.114+0000] {processor.py:161} INFO - Started process (PID=309) to work on /opt/airflow/dags/hn_pipeline_dag.py
[2026-05-14T17:43:49.115+0000] {processor.py:830} INFO - Processing file /opt/airflow/dags/hn_pipeline_dag.py for tasks to queue
[2026-05-14T17:43:49.117+0000] {logging_mixin.py:188} INFO - [2026-05-14T17:43:49.116+0000] {dagbag.py:538} INFO - Filling up the DagBag from /opt/airflow/dags/hn_pipeline_dag.py
[2026-05-14T17:43:49.135+0000] {processor.py:840} INFO - DAG(s) 'hn_pipeline' retrieved from /opt/airflow/dags/hn_pipeline_dag.py
[2026-05-14T17:43:49.571+0000] {logging_mixin.py:188} INFO - [2026-05-14T17:43:49.568+0000] {dag.py:3036} INFO - Sync 1 DAGs
[2026-05-14T17:43:49.726+0000] {logging_mixin.py:188} INFO - [2026-05-14T17:43:49.723+0000] {dag.py:3823} INFO - Setting next_dagrun for hn_pipeline to 2026-05-14 16:00:00+00:00, run_after=2026-05-14 17:00:00+00:00
[2026-05-14T17:43:49.893+0000] {processor.py:183} INFO - Processing /opt/airflow/dags/hn_pipeline_dag.py took 0.783 seconds
[2026-05-14T17:44:20.011+0000] {processor.py:161} INFO - Started process (PID=314) to work on /opt/airflow/dags/hn_pipeline_dag.py
[2026-05-14T17:44:20.012+0000] {processor.py:830} INFO - Processing file /opt/airflow/dags/hn_pipeline_dag.py for tasks to queue
[2026-05-14T17:44:20.013+0000] {logging_mixin.py:188} INFO - [2026-05-14T17:44:20.012+0000] {dagbag.py:538} INFO - Filling up the DagBag from /opt/airflow/dags/hn_pipeline_dag.py
[2026-05-14T17:44:20.027+0000] {processor.py:840} INFO - DAG(s) 'hn_pipeline' retrieved from /opt/airflow/dags/hn_pipeline_dag.py
[2026-05-14T17:44:20.063+0000] {logging_mixin.py:188} INFO - [2026-05-14T17:44:20.062+0000] {dag.py:3036} INFO - Sync 1 DAGs
[2026-05-14T17:44:20.075+0000] {logging_mixin.py:188} INFO - [2026-05-14T17:44:20.075+0000] {dag.py:3823} INFO - Setting next_dagrun for hn_pipeline to 2026-05-14 16:00:00+00:00, run_after=2026-05-14 17:00:00+00:00
[2026-05-14T17:44:20.083+0000] {processor.py:183} INFO - Processing /opt/airflow/dags/hn_pipeline_dag.py took 0.077 seconds
[2026-05-14T17:44:50.434+0000] {processor.py:161} INFO - Started process (PID=319) to work on /opt/airflow/dags/hn_pipeline_dag.py
[2026-05-14T17:44:50.435+0000] {processor.py:830} INFO - Processing file /opt/airflow/dags/hn_pipeline_dag.py for tasks to queue
[2026-05-14T17:44:50.436+0000] {logging_mixin.py:188} INFO - [2026-05-14T17:44:50.436+0000] {dagbag.py:538} INFO - Filling up the DagBag from /opt/airflow/dags/hn_pipeline_dag.py
[2026-05-14T17:44:50.453+0000] {processor.py:840} INFO - DAG(s) 'hn_pipeline' retrieved from /opt/airflow/dags/hn_pipeline_dag.py
[2026-05-14T17:44:50.500+0000] {logging_mixin.py:188} INFO - [2026-05-14T17:44:50.498+0000] {dag.py:3036} INFO - Sync 1 DAGs
[2026-05-14T17:44:50.643+0000] {logging_mixin.py:188} INFO - [2026-05-14T17:44:50.638+0000] {dag.py:3823} INFO - Setting next_dagrun for hn_pipeline to 2026-05-14 16:00:00+00:00, run_after=2026-05-14 17:00:00+00:00
[2026-05-14T17:44:50.771+0000] {processor.py:183} INFO - Processing /opt/airflow/dags/hn_pipeline_dag.py took 0.341 seconds
[2026-05-14T17:45:20.852+0000] {processor.py:161} INFO - Started process (PID=324) to work on /opt/airflow/dags/hn_pipeline_dag.py
[2026-05-14T17:45:20.853+0000] {processor.py:830} INFO - Processing file /opt/airflow/dags/hn_pipeline_dag.py for tasks to queue
[2026-05-14T17:45:20.855+0000] {logging_mixin.py:188} INFO - [2026-05-14T17:45:20.854+0000] {dagbag.py:538} INFO - Filling up the DagBag from /opt/airflow/dags/hn_pipeline_dag.py
[2026-05-14T17:45:20.874+0000] {processor.py:840} INFO - DAG(s) 'hn_pipeline' retrieved from /opt/airflow/dags/hn_pipeline_dag.py
[2026-05-14T17:45:20.925+0000] {logging_mixin.py:188} INFO - [2026-05-14T17:45:20.923+0000] {dag.py:3036} INFO - Sync 1 DAGs
[2026-05-14T17:45:20.957+0000] {logging_mixin.py:188} INFO - [2026-05-14T17:45:20.956+0000] {dag.py:3823} INFO - Setting next_dagrun for hn_pipeline to 2026-05-14 16:00:00+00:00, run_after=2026-05-14 17:00:00+00:00
[2026-05-14T17:45:20.991+0000] {processor.py:183} INFO - Processing /opt/airflow/dags/hn_pipeline_dag.py took 0.144 seconds
[2026-05-14T17:45:51.259+0000] {processor.py:161} INFO - Started process (PID=329) to work on /opt/airflow/dags/hn_pipeline_dag.py
[2026-05-14T17:45:51.259+0000] {processor.py:830} INFO - Processing file /opt/airflow/dags/hn_pipeline_dag.py for tasks to queue
[2026-05-14T17:45:51.260+0000] {logging_mixin.py:188} INFO - [2026-05-14T17:45:51.260+0000] {dagbag.py:538} INFO - Filling up the DagBag from /opt/airflow/dags/hn_pipeline_dag.py
[2026-05-14T17:45:51.274+0000] {processor.py:840} INFO - DAG(s) 'hn_pipeline' retrieved from /opt/airflow/dags/hn_pipeline_dag.py
[2026-05-14T17:45:51.527+0000] {logging_mixin.py:188} INFO - [2026-05-14T17:45:51.513+0000] {dag.py:3036} INFO - Sync 1 DAGs
[2026-05-14T17:45:51.803+0000] {logging_mixin.py:188} INFO - [2026-05-14T17:45:51.801+0000] {dag.py:3823} INFO - Setting next_dagrun for hn_pipeline to 2026-05-14 16:00:00+00:00, run_after=2026-05-14 17:00:00+00:00
[2026-05-14T17:45:52.169+0000] {processor.py:183} INFO - Processing /opt/airflow/dags/hn_pipeline_dag.py took 0.912 seconds
[2026-05-14T17:46:22.669+0000] {processor.py:161} INFO - Started process (PID=334) to work on /opt/airflow/dags/hn_pipeline_dag.py
[2026-05-14T17:46:22.669+0000] {processor.py:830} INFO - Processing file /opt/airflow/dags/hn_pipeline_dag.py for tasks to queue
[2026-05-14T17:46:22.670+0000] {logging_mixin.py:188} INFO - [2026-05-14T17:46:22.670+0000] {dagbag.py:538} INFO - Filling up the DagBag from /opt/airflow/dags/hn_pipeline_dag.py
[2026-05-14T17:46:22.681+0000] {processor.py:840} INFO - DAG(s) 'hn_pipeline' retrieved from /opt/airflow/dags/hn_pipeline_dag.py
[2026-05-14T17:46:23.479+0000] {logging_mixin.py:188} INFO - [2026-05-14T17:46:23.477+0000] {dag.py:3036} INFO - Sync 1 DAGs
[2026-05-14T17:46:23.493+0000] {logging_mixin.py:188} INFO - [2026-05-14T17:46:23.493+0000] {dag.py:3823} INFO - Setting next_dagrun for hn_pipeline to 2026-05-14 16:00:00+00:00, run_after=2026-05-14 17:00:00+00:00
[2026-05-14T17:46:23.504+0000] {processor.py:183} INFO - Processing /opt/airflow/dags/hn_pipeline_dag.py took 0.838 seconds
[2026-05-14T17:46:53.917+0000] {processor.py:161} INFO - Started process (PID=339) to work on /opt/airflow/dags/hn_pipeline_dag.py
[2026-05-14T17:46:53.918+0000] {processor.py:830} INFO - Processing file /opt/airflow/dags/hn_pipeline_dag.py for tasks to queue
[2026-05-14T17:46:53.920+0000] {logging_mixin.py:188} INFO - [2026-05-14T17:46:53.919+0000] {dagbag.py:538} INFO - Filling up the DagBag from /opt/airflow/dags/hn_pipeline_dag.py
[2026-05-14T17:46:53.937+0000] {processor.py:840} INFO - DAG(s) 'hn_pipeline' retrieved from /opt/airflow/dags/hn_pipeline_dag.py
[2026-05-14T17:46:54.016+0000] {logging_mixin.py:188} INFO - [2026-05-14T17:46:54.009+0000] {dag.py:3036} INFO - Sync 1 DAGs
[2026-05-14T17:46:54.081+0000] {logging_mixin.py:188} INFO - [2026-05-14T17:46:54.081+0000] {dag.py:3823} INFO - Setting next_dagrun for hn_pipeline to 2026-05-14 16:00:00+00:00, run_after=2026-05-14 17:00:00+00:00
[2026-05-14T17:46:54.097+0000] {processor.py:183} INFO - Processing /opt/airflow/dags/hn_pipeline_dag.py took 0.185 seconds
[2026-05-14T17:47:24.479+0000] {processor.py:161} INFO - Started process (PID=344) to work on /opt/airflow/dags/hn_pipeline_dag.py
[2026-05-14T17:47:24.480+0000] {processor.py:830} INFO - Processing file /opt/airflow/dags/hn_pipeline_dag.py for tasks to queue
[2026-05-14T17:47:24.481+0000] {logging_mixin.py:188} INFO - [2026-05-14T17:47:24.481+0000] {dagbag.py:538} INFO - Filling up the DagBag from /opt/airflow/dags/hn_pipeline_dag.py
[2026-05-14T17:47:24.497+0000] {processor.py:840} INFO - DAG(s) 'hn_pipeline' retrieved from /opt/airflow/dags/hn_pipeline_dag.py
[2026-05-14T17:47:24.580+0000] {logging_mixin.py:188} INFO - [2026-05-14T17:47:24.578+0000] {dag.py:3036} INFO - Sync 1 DAGs
[2026-05-14T17:47:24.621+0000] {logging_mixin.py:188} INFO - [2026-05-14T17:47:24.620+0000] {dag.py:3823} INFO - Setting next_dagrun for hn_pipeline to 2026-05-14 16:00:00+00:00, run_after=2026-05-14 17:00:00+00:00
[2026-05-14T17:47:24.788+0000] {processor.py:183} INFO - Processing /opt/airflow/dags/hn_pipeline_dag.py took 0.313 seconds
[2026-05-14T17:47:55.029+0000] {processor.py:161} INFO - Started process (PID=349) to work on /opt/airflow/dags/hn_pipeline_dag.py
[2026-05-14T17:47:55.031+0000] {processor.py:830} INFO - Processing file /opt/airflow/dags/hn_pipeline_dag.py for tasks to queue
[2026-05-14T17:47:55.032+0000] {logging_mixin.py:188} INFO - [2026-05-14T17:47:55.032+0000] {dagbag.py:538} INFO - Filling up the DagBag from /opt/airflow/dags/hn_pipeline_dag.py
[2026-05-14T17:47:55.050+0000] {processor.py:840} INFO - DAG(s) 'hn_pipeline' retrieved from /opt/airflow/dags/hn_pipeline_dag.py
[2026-05-14T17:47:55.512+0000] {logging_mixin.py:188} INFO - [2026-05-14T17:47:55.510+0000] {dag.py:3036} INFO - Sync 1 DAGs
[2026-05-14T17:47:56.232+0000] {logging_mixin.py:188} INFO - [2026-05-14T17:47:56.213+0000] {dag.py:3823} INFO - Setting next_dagrun for hn_pipeline to 2026-05-14 16:00:00+00:00, run_after=2026-05-14 17:00:00+00:00
[2026-05-14T17:47:56.681+0000] {processor.py:183} INFO - Processing /opt/airflow/dags/hn_pipeline_dag.py took 1.656 seconds
[2026-05-14T17:48:26.792+0000] {processor.py:161} INFO - Started process (PID=354) to work on /opt/airflow/dags/hn_pipeline_dag.py
[2026-05-14T17:48:26.792+0000] {processor.py:830} INFO - Processing file /opt/airflow/dags/hn_pipeline_dag.py for tasks to queue
[2026-05-14T17:48:26.794+0000] {logging_mixin.py:188} INFO - [2026-05-14T17:48:26.793+0000] {dagbag.py:538} INFO - Filling up the DagBag from /opt/airflow/dags/hn_pipeline_dag.py
[2026-05-14T17:48:26.808+0000] {processor.py:840} INFO - DAG(s) 'hn_pipeline' retrieved from /opt/airflow/dags/hn_pipeline_dag.py
[2026-05-14T17:48:27.062+0000] {logging_mixin.py:188} INFO - [2026-05-14T17:48:27.060+0000] {dag.py:3036} INFO - Sync 1 DAGs
[2026-05-14T17:48:27.238+0000] {logging_mixin.py:188} INFO - [2026-05-14T17:48:27.238+0000] {dag.py:3823} INFO - Setting next_dagrun for hn_pipeline to 2026-05-14 16:00:00+00:00, run_after=2026-05-14 17:00:00+00:00
[2026-05-14T17:48:27.756+0000] {processor.py:183} INFO - Processing /opt/airflow/dags/hn_pipeline_dag.py took 0.968 seconds
[2026-05-14T17:48:58.186+0000] {processor.py:161} INFO - Started process (PID=359) to work on /opt/airflow/dags/hn_pipeline_dag.py
[2026-05-14T17:48:58.187+0000] {processor.py:830} INFO - Processing file /opt/airflow/dags/hn_pipeline_dag.py for tasks to queue
[2026-05-14T17:48:58.188+0000] {logging_mixin.py:188} INFO - [2026-05-14T17:48:58.187+0000] {dagbag.py:538} INFO - Filling up the DagBag from /opt/airflow/dags/hn_pipeline_dag.py
[2026-05-14T17:48:58.207+0000] {processor.py:840} INFO - DAG(s) 'hn_pipeline' retrieved from /opt/airflow/dags/hn_pipeline_dag.py
[2026-05-14T17:48:58.249+0000] {logging_mixin.py:188} INFO - [2026-05-14T17:48:58.248+0000] {dag.py:3036} INFO - Sync 1 DAGs
[2026-05-14T17:48:58.273+0000] {logging_mixin.py:188} INFO - [2026-05-14T17:48:58.272+0000] {dag.py:3823} INFO - Setting next_dagrun for hn_pipeline to 2026-05-14 16:00:00+00:00, run_after=2026-05-14 17:00:00+00:00
[2026-05-14T17:48:58.297+0000] {processor.py:183} INFO - Processing /opt/airflow/dags/hn_pipeline_dag.py took 0.116 seconds
[2026-05-14T17:49:28.611+0000] {processor.py:161} INFO - Started process (PID=364) to work on /opt/airflow/dags/hn_pipeline_dag.py
[2026-05-14T17:49:28.612+0000] {processor.py:830} INFO - Processing file /opt/airflow/dags/hn_pipeline_dag.py for tasks to queue
[2026-05-14T17:49:28.614+0000] {logging_mixin.py:188} INFO - [2026-05-14T17:49:28.613+0000] {dagbag.py:538} INFO - Filling up the DagBag from /opt/airflow/dags/hn_pipeline_dag.py
[2026-05-14T17:49:28.635+0000] {processor.py:840} INFO - DAG(s) 'hn_pipeline' retrieved from /opt/airflow/dags/hn_pipeline_dag.py
[2026-05-14T17:49:28.684+0000] {logging_mixin.py:188} INFO - [2026-05-14T17:49:28.682+0000] {dag.py:3036} INFO - Sync 1 DAGs
[2026-05-14T17:49:28.707+0000] {logging_mixin.py:188} INFO - [2026-05-14T17:49:28.706+0000] {dag.py:3823} INFO - Setting next_dagrun for hn_pipeline to 2026-05-14 16:00:00+00:00, run_after=2026-05-14 17:00:00+00:00
[2026-05-14T17:49:28.721+0000] {processor.py:183} INFO - Processing /opt/airflow/dags/hn_pipeline_dag.py took 0.115 seconds
[2026-05-14T17:49:59.078+0000] {processor.py:161} INFO - Started process (PID=369) to work on /opt/airflow/dags/hn_pipeline_dag.py
[2026-05-14T17:49:59.079+0000] {processor.py:830} INFO - Processing file /opt/airflow/dags/hn_pipeline_dag.py for tasks to queue
[2026-05-14T17:49:59.080+0000] {logging_mixin.py:188} INFO - [2026-05-14T17:49:59.079+0000] {dagbag.py:538} INFO - Filling up the DagBag from /opt/airflow/dags/hn_pipeline_dag.py
[2026-05-14T17:49:59.098+0000] {processor.py:840} INFO - DAG(s) 'hn_pipeline' retrieved from /opt/airflow/dags/hn_pipeline_dag.py
[2026-05-14T17:49:59.157+0000] {logging_mixin.py:188} INFO - [2026-05-14T17:49:59.155+0000] {dag.py:3036} INFO - Sync 1 DAGs
[2026-05-14T17:49:59.302+0000] {logging_mixin.py:188} INFO - [2026-05-14T17:49:59.300+0000] {dag.py:3823} INFO - Setting next_dagrun for hn_pipeline to 2026-05-14 16:00:00+00:00, run_after=2026-05-14 17:00:00+00:00
[2026-05-14T17:50:00.083+0000] {processor.py:183} INFO - Processing /opt/airflow/dags/hn_pipeline_dag.py took 1.007 seconds
[2026-05-14T17:50:30.625+0000] {processor.py:161} INFO - Started process (PID=374) to work on /opt/airflow/dags/hn_pipeline_dag.py
[2026-05-14T17:50:30.626+0000] {processor.py:830} INFO - Processing file /opt/airflow/dags/hn_pipeline_dag.py for tasks to queue
[2026-05-14T17:50:30.627+0000] {logging_mixin.py:188} INFO - [2026-05-14T17:50:30.627+0000] {dagbag.py:538} INFO - Filling up the DagBag from /opt/airflow/dags/hn_pipeline_dag.py
[2026-05-14T17:50:30.645+0000] {processor.py:840} INFO - DAG(s) 'hn_pipeline' retrieved from /opt/airflow/dags/hn_pipeline_dag.py
[2026-05-14T17:50:30.737+0000] {logging_mixin.py:188} INFO - [2026-05-14T17:50:30.735+0000] {dag.py:3036} INFO - Sync 1 DAGs
[2026-05-14T17:50:30.860+0000] {logging_mixin.py:188} INFO - [2026-05-14T17:50:30.859+0000] {dag.py:3823} INFO - Setting next_dagrun for hn_pipeline to 2026-05-14 16:00:00+00:00, run_after=2026-05-14 17:00:00+00:00
[2026-05-14T17:50:31.800+0000] {processor.py:183} INFO - Processing /opt/airflow/dags/hn_pipeline_dag.py took 1.178 seconds
[2026-05-14T17:51:02.330+0000] {processor.py:161} INFO - Started process (PID=379) to work on /opt/airflow/dags/hn_pipeline_dag.py
[2026-05-14T17:51:02.332+0000] {processor.py:830} INFO - Processing file /opt/airflow/dags/hn_pipeline_dag.py for tasks to queue
[2026-05-14T17:51:02.333+0000] {logging_mixin.py:188} INFO - [2026-05-14T17:51:02.332+0000] {dagbag.py:538} INFO - Filling up the DagBag from /opt/airflow/dags/hn_pipeline_dag.py
[2026-05-14T17:51:02.348+0000] {processor.py:840} INFO - DAG(s) 'hn_pipeline' retrieved from /opt/airflow/dags/hn_pipeline_dag.py
[2026-05-14T17:51:02.413+0000] {logging_mixin.py:188} INFO - [2026-05-14T17:51:02.407+0000] {dag.py:3036} INFO - Sync 1 DAGs
[2026-05-14T17:51:02.521+0000] {logging_mixin.py:188} INFO - [2026-05-14T17:51:02.521+0000] {dag.py:3823} INFO - Setting next_dagrun for hn_pipeline to 2026-05-14 16:00:00+00:00, run_after=2026-05-14 17:00:00+00:00
[2026-05-14T17:51:02.567+0000] {processor.py:183} INFO - Processing /opt/airflow/dags/hn_pipeline_dag.py took 0.240 seconds
[2026-05-14T18:07:05.741+0000] {processor.py:161} INFO - Started process (PID=386) to work on /opt/airflow/dags/hn_pipeline_dag.py
[2026-05-14T18:07:05.742+0000] {processor.py:830} INFO - Processing file /opt/airflow/dags/hn_pipeline_dag.py for tasks to queue
[2026-05-14T18:07:05.742+0000] {logging_mixin.py:188} INFO - [2026-05-14T18:07:05.742+0000] {dagbag.py:538} INFO - Filling up the DagBag from /opt/airflow/dags/hn_pipeline_dag.py
[2026-05-14T18:07:05.754+0000] {processor.py:840} INFO - DAG(s) 'hn_pipeline' retrieved from /opt/airflow/dags/hn_pipeline_dag.py
[2026-05-14T18:07:05.791+0000] {logging_mixin.py:188} INFO - [2026-05-14T18:07:05.790+0000] {dag.py:3036} INFO - Sync 1 DAGs
[2026-05-14T18:07:05.815+0000] {logging_mixin.py:188} INFO - [2026-05-14T18:07:05.814+0000] {dag.py:3823} INFO - Setting next_dagrun for hn_pipeline to 2026-05-14 17:00:00+00:00, run_after=2026-05-14 18:00:00+00:00
[2026-05-14T18:07:05.867+0000] {processor.py:183} INFO - Processing /opt/airflow/dags/hn_pipeline_dag.py took 0.129 seconds
[2026-05-14T18:37:58.479+0000] {processor.py:161} INFO - Started process (PID=392) to work on /opt/airflow/dags/hn_pipeline_dag.py
[2026-05-14T18:37:58.479+0000] {processor.py:830} INFO - Processing file /opt/airflow/dags/hn_pipeline_dag.py for tasks to queue
[2026-05-14T18:37:58.480+0000] {logging_mixin.py:188} INFO - [2026-05-14T18:37:58.480+0000] {dagbag.py:538} INFO - Filling up the DagBag from /opt/airflow/dags/hn_pipeline_dag.py
[2026-05-14T18:37:58.490+0000] {processor.py:840} INFO - DAG(s) 'hn_pipeline' retrieved from /opt/airflow/dags/hn_pipeline_dag.py
[2026-05-14T18:37:58.506+0000] {logging_mixin.py:188} INFO - [2026-05-14T18:37:58.506+0000] {dag.py:3036} INFO - Sync 1 DAGs
[2026-05-14T18:37:58.516+0000] {logging_mixin.py:188} INFO - [2026-05-14T18:37:58.515+0000] {dag.py:3823} INFO - Setting next_dagrun for hn_pipeline to 2026-05-14 17:00:00+00:00, run_after=2026-05-14 18:00:00+00:00
[2026-05-14T18:37:58.525+0000] {processor.py:183} INFO - Processing /opt/airflow/dags/hn_pipeline_dag.py took 0.048 seconds
[2026-05-14T19:10:13.173+0000] {processor.py:161} INFO - Started process (PID=398) to work on /opt/airflow/dags/hn_pipeline_dag.py
[2026-05-14T19:10:13.173+0000] {processor.py:830} INFO - Processing file /opt/airflow/dags/hn_pipeline_dag.py for tasks to queue
[2026-05-14T19:10:13.174+0000] {logging_mixin.py:188} INFO - [2026-05-14T19:10:13.174+0000] {dagbag.py:538} INFO - Filling up the DagBag from /opt/airflow/dags/hn_pipeline_dag.py
[2026-05-14T19:10:13.186+0000] {processor.py:840} INFO - DAG(s) 'hn_pipeline' retrieved from /opt/airflow/dags/hn_pipeline_dag.py
[2026-05-14T19:10:13.202+0000] {logging_mixin.py:188} INFO - [2026-05-14T19:10:13.202+0000] {dag.py:3036} INFO - Sync 1 DAGs
[2026-05-14T19:10:13.212+0000] {logging_mixin.py:188} INFO - [2026-05-14T19:10:13.212+0000] {dag.py:3823} INFO - Setting next_dagrun for hn_pipeline to 2026-05-14 18:00:00+00:00, run_after=2026-05-14 19:00:00+00:00
[2026-05-14T19:10:13.219+0000] {processor.py:183} INFO - Processing /opt/airflow/dags/hn_pipeline_dag.py took 0.049 seconds
[2026-05-14T19:44:06.135+0000] {processor.py:161} INFO - Started process (PID=405) to work on /opt/airflow/dags/hn_pipeline_dag.py
[2026-05-14T19:44:06.137+0000] {processor.py:830} INFO - Processing file /opt/airflow/dags/hn_pipeline_dag.py for tasks to queue
[2026-05-14T19:44:06.138+0000] {logging_mixin.py:188} INFO - [2026-05-14T19:44:06.137+0000] {dagbag.py:538} INFO - Filling up the DagBag from /opt/airflow/dags/hn_pipeline_dag.py
[2026-05-14T19:44:06.149+0000] {processor.py:840} INFO - DAG(s) 'hn_pipeline' retrieved from /opt/airflow/dags/hn_pipeline_dag.py
[2026-05-14T19:44:06.180+0000] {logging_mixin.py:188} INFO - [2026-05-14T19:44:06.180+0000] {dag.py:3036} INFO - Sync 1 DAGs
[2026-05-14T19:44:06.193+0000] {logging_mixin.py:188} INFO - [2026-05-14T19:44:06.193+0000] {dag.py:3823} INFO - Setting next_dagrun for hn_pipeline to 2026-05-14 18:00:00+00:00, run_after=2026-05-14 19:00:00+00:00
[2026-05-14T19:44:06.200+0000] {processor.py:183} INFO - Processing /opt/airflow/dags/hn_pipeline_dag.py took 0.081 seconds
[2026-05-14T19:52:07.085+0000] {processor.py:161} INFO - Started process (PID=412) to work on /opt/airflow/dags/hn_pipeline_dag.py
[2026-05-14T19:52:07.087+0000] {processor.py:830} INFO - Processing file /opt/airflow/dags/hn_pipeline_dag.py for tasks to queue
[2026-05-14T19:52:07.089+0000] {logging_mixin.py:188} INFO - [2026-05-14T19:52:07.087+0000] {dagbag.py:538} INFO - Filling up the DagBag from /opt/airflow/dags/hn_pipeline_dag.py
[2026-05-14T19:52:07.152+0000] {processor.py:840} INFO - DAG(s) 'hn_pipeline' retrieved from /opt/airflow/dags/hn_pipeline_dag.py
[2026-05-14T19:52:07.181+0000] {logging_mixin.py:188} INFO - [2026-05-14T19:52:07.180+0000] {dag.py:3036} INFO - Sync 1 DAGs
[2026-05-14T19:52:07.191+0000] {logging_mixin.py:188} INFO - [2026-05-14T19:52:07.191+0000] {dag.py:3823} INFO - Setting next_dagrun for hn_pipeline to 2026-05-14 18:00:00+00:00, run_after=2026-05-14 19:00:00+00:00
[2026-05-14T19:52:07.199+0000] {processor.py:183} INFO - Processing /opt/airflow/dags/hn_pipeline_dag.py took 0.119 seconds
[2026-05-14T20:24:17.498+0000] {processor.py:161} INFO - Started process (PID=419) to work on /opt/airflow/dags/hn_pipeline_dag.py
[2026-05-14T20:24:17.499+0000] {processor.py:830} INFO - Processing file /opt/airflow/dags/hn_pipeline_dag.py for tasks to queue
[2026-05-14T20:24:17.499+0000] {logging_mixin.py:188} INFO - [2026-05-14T20:24:17.499+0000] {dagbag.py:538} INFO - Filling up the DagBag from /opt/airflow/dags/hn_pipeline_dag.py
[2026-05-14T20:24:17.512+0000] {processor.py:840} INFO - DAG(s) 'hn_pipeline' retrieved from /opt/airflow/dags/hn_pipeline_dag.py
[2026-05-14T20:24:17.530+0000] {logging_mixin.py:188} INFO - [2026-05-14T20:24:17.530+0000] {dag.py:3036} INFO - Sync 1 DAGs
[2026-05-14T20:24:17.540+0000] {logging_mixin.py:188} INFO - [2026-05-14T20:24:17.540+0000] {dag.py:3823} INFO - Setting next_dagrun for hn_pipeline to 2026-05-14 19:00:00+00:00, run_after=2026-05-14 20:00:00+00:00
[2026-05-14T20:24:17.548+0000] {processor.py:183} INFO - Processing /opt/airflow/dags/hn_pipeline_dag.py took 0.051 seconds
[2026-05-14T20:44:23.284+0000] {processor.py:161} INFO - Started process (PID=426) to work on /opt/airflow/dags/hn_pipeline_dag.py
[2026-05-14T20:44:23.285+0000] {processor.py:830} INFO - Processing file /opt/airflow/dags/hn_pipeline_dag.py for tasks to queue
[2026-05-14T20:44:23.288+0000] {logging_mixin.py:188} INFO - [2026-05-14T20:44:23.285+0000] {dagbag.py:538} INFO - Filling up the DagBag from /opt/airflow/dags/hn_pipeline_dag.py
[2026-05-14T20:44:23.308+0000] {processor.py:840} INFO - DAG(s) 'hn_pipeline' retrieved from /opt/airflow/dags/hn_pipeline_dag.py
[2026-05-14T20:44:23.438+0000] {logging_mixin.py:188} INFO - [2026-05-14T20:44:23.437+0000] {dag.py:3036} INFO - Sync 1 DAGs
[2026-05-14T20:44:23.448+0000] {logging_mixin.py:188} INFO - [2026-05-14T20:44:23.448+0000] {dag.py:3823} INFO - Setting next_dagrun for hn_pipeline to 2026-05-14 19:00:00+00:00, run_after=2026-05-14 20:00:00+00:00
[2026-05-14T20:44:23.455+0000] {processor.py:183} INFO - Processing /opt/airflow/dags/hn_pipeline_dag.py took 0.179 seconds
[2026-05-14T21:01:01.373+0000] {processor.py:161} INFO - Started process (PID=433) to work on /opt/airflow/dags/hn_pipeline_dag.py
[2026-05-14T21:01:01.374+0000] {processor.py:830} INFO - Processing file /opt/airflow/dags/hn_pipeline_dag.py for tasks to queue
[2026-05-14T21:01:01.375+0000] {logging_mixin.py:188} INFO - [2026-05-14T21:01:01.374+0000] {dagbag.py:538} INFO - Filling up the DagBag from /opt/airflow/dags/hn_pipeline_dag.py
[2026-05-14T21:01:01.393+0000] {processor.py:840} INFO - DAG(s) 'hn_pipeline' retrieved from /opt/airflow/dags/hn_pipeline_dag.py
[2026-05-14T21:01:01.412+0000] {logging_mixin.py:188} INFO - [2026-05-14T21:01:01.411+0000] {dag.py:3036} INFO - Sync 1 DAGs
[2026-05-14T21:01:01.422+0000] {logging_mixin.py:188} INFO - [2026-05-14T21:01:01.422+0000] {dag.py:3823} INFO - Setting next_dagrun for hn_pipeline to 2026-05-14 20:00:00+00:00, run_after=2026-05-14 21:00:00+00:00
[2026-05-14T21:01:01.429+0000] {processor.py:183} INFO - Processing /opt/airflow/dags/hn_pipeline_dag.py took 0.060 seconds
[2026-05-14T21:33:35.186+0000] {processor.py:161} INFO - Started process (PID=441) to work on /opt/airflow/dags/hn_pipeline_dag.py
[2026-05-14T21:33:35.187+0000] {processor.py:830} INFO - Processing file /opt/airflow/dags/hn_pipeline_dag.py for tasks to queue
[2026-05-14T21:33:35.187+0000] {logging_mixin.py:188} INFO - [2026-05-14T21:33:35.187+0000] {dagbag.py:538} INFO - Filling up the DagBag from /opt/airflow/dags/hn_pipeline_dag.py
[2026-05-14T21:33:35.200+0000] {processor.py:840} INFO - DAG(s) 'hn_pipeline' retrieved from /opt/airflow/dags/hn_pipeline_dag.py
[2026-05-14T21:33:35.218+0000] {logging_mixin.py:188} INFO - [2026-05-14T21:33:35.218+0000] {dag.py:3036} INFO - Sync 1 DAGs
[2026-05-14T21:33:35.229+0000] {logging_mixin.py:188} INFO - [2026-05-14T21:33:35.229+0000] {dag.py:3823} INFO - Setting next_dagrun for hn_pipeline to 2026-05-14 20:00:00+00:00, run_after=2026-05-14 21:00:00+00:00
[2026-05-14T21:33:35.237+0000] {processor.py:183} INFO - Processing /opt/airflow/dags/hn_pipeline_dag.py took 0.054 seconds
[2026-05-14T22:06:29.051+0000] {processor.py:161} INFO - Started process (PID=448) to work on /opt/airflow/dags/hn_pipeline_dag.py
[2026-05-14T22:06:29.051+0000] {processor.py:830} INFO - Processing file /opt/airflow/dags/hn_pipeline_dag.py for tasks to queue
[2026-05-14T22:06:29.052+0000] {logging_mixin.py:188} INFO - [2026-05-14T22:06:29.052+0000] {dagbag.py:538} INFO - Filling up the DagBag from /opt/airflow/dags/hn_pipeline_dag.py
[2026-05-14T22:06:29.066+0000] {processor.py:840} INFO - DAG(s) 'hn_pipeline' retrieved from /opt/airflow/dags/hn_pipeline_dag.py
[2026-05-14T22:06:29.082+0000] {logging_mixin.py:188} INFO - [2026-05-14T22:06:29.082+0000] {dag.py:3036} INFO - Sync 1 DAGs
[2026-05-14T22:06:29.093+0000] {logging_mixin.py:188} INFO - [2026-05-14T22:06:29.093+0000] {dag.py:3823} INFO - Setting next_dagrun for hn_pipeline to 2026-05-14 21:00:00+00:00, run_after=2026-05-14 22:00:00+00:00
[2026-05-14T22:06:29.100+0000] {processor.py:183} INFO - Processing /opt/airflow/dags/hn_pipeline_dag.py took 0.051 seconds
[2026-05-14T22:38:38.855+0000] {processor.py:161} INFO - Started process (PID=456) to work on /opt/airflow/dags/hn_pipeline_dag.py
[2026-05-14T22:38:38.856+0000] {processor.py:830} INFO - Processing file /opt/airflow/dags/hn_pipeline_dag.py for tasks to queue
[2026-05-14T22:38:38.857+0000] {logging_mixin.py:188} INFO - [2026-05-14T22:38:38.856+0000] {dagbag.py:538} INFO - Filling up the DagBag from /opt/airflow/dags/hn_pipeline_dag.py
[2026-05-14T22:38:38.868+0000] {processor.py:840} INFO - DAG(s) 'hn_pipeline' retrieved from /opt/airflow/dags/hn_pipeline_dag.py
[2026-05-14T22:38:38.883+0000] {logging_mixin.py:188} INFO - [2026-05-14T22:38:38.883+0000] {dag.py:3036} INFO - Sync 1 DAGs
[2026-05-14T22:38:38.893+0000] {logging_mixin.py:188} INFO - [2026-05-14T22:38:38.893+0000] {dag.py:3823} INFO - Setting next_dagrun for hn_pipeline to 2026-05-14 21:00:00+00:00, run_after=2026-05-14 22:00:00+00:00
[2026-05-14T22:38:38.900+0000] {processor.py:183} INFO - Processing /opt/airflow/dags/hn_pipeline_dag.py took 0.048 seconds
[2026-05-14T23:11:14.603+0000] {processor.py:161} INFO - Started process (PID=462) to work on /opt/airflow/dags/hn_pipeline_dag.py
[2026-05-14T23:11:14.604+0000] {processor.py:830} INFO - Processing file /opt/airflow/dags/hn_pipeline_dag.py for tasks to queue
[2026-05-14T23:11:14.605+0000] {logging_mixin.py:188} INFO - [2026-05-14T23:11:14.605+0000] {dagbag.py:538} INFO - Filling up the DagBag from /opt/airflow/dags/hn_pipeline_dag.py
[2026-05-14T23:11:14.615+0000] {processor.py:840} INFO - DAG(s) 'hn_pipeline' retrieved from /opt/airflow/dags/hn_pipeline_dag.py
[2026-05-14T23:11:14.629+0000] {logging_mixin.py:188} INFO - [2026-05-14T23:11:14.628+0000] {dag.py:3036} INFO - Sync 1 DAGs
[2026-05-14T23:11:14.638+0000] {logging_mixin.py:188} INFO - [2026-05-14T23:11:14.638+0000] {dag.py:3823} INFO - Setting next_dagrun for hn_pipeline to 2026-05-14 22:00:00+00:00, run_after=2026-05-14 23:00:00+00:00
[2026-05-14T23:11:14.646+0000] {processor.py:183} INFO - Processing /opt/airflow/dags/hn_pipeline_dag.py took 0.046 seconds
[2026-05-14T23:27:52.560+0000] {processor.py:161} INFO - Started process (PID=469) to work on /opt/airflow/dags/hn_pipeline_dag.py
[2026-05-14T23:27:52.561+0000] {processor.py:830} INFO - Processing file /opt/airflow/dags/hn_pipeline_dag.py for tasks to queue
[2026-05-14T23:27:52.562+0000] {logging_mixin.py:188} INFO - [2026-05-14T23:27:52.562+0000] {dagbag.py:538} INFO - Filling up the DagBag from /opt/airflow/dags/hn_pipeline_dag.py
[2026-05-14T23:27:52.573+0000] {processor.py:840} INFO - DAG(s) 'hn_pipeline' retrieved from /opt/airflow/dags/hn_pipeline_dag.py
[2026-05-14T23:27:52.591+0000] {logging_mixin.py:188} INFO - [2026-05-14T23:27:52.591+0000] {dag.py:3036} INFO - Sync 1 DAGs
[2026-05-14T23:27:52.601+0000] {logging_mixin.py:188} INFO - [2026-05-14T23:27:52.601+0000] {dag.py:3823} INFO - Setting next_dagrun for hn_pipeline to 2026-05-14 22:00:00+00:00, run_after=2026-05-14 23:00:00+00:00
[2026-05-14T23:27:52.608+0000] {processor.py:183} INFO - Processing /opt/airflow/dags/hn_pipeline_dag.py took 0.050 seconds
[2026-05-14T23:46:02.344+0000] {processor.py:161} INFO - Started process (PID=477) to work on /opt/airflow/dags/hn_pipeline_dag.py
[2026-05-14T23:46:02.344+0000] {processor.py:830} INFO - Processing file /opt/airflow/dags/hn_pipeline_dag.py for tasks to queue
[2026-05-14T23:46:02.345+0000] {logging_mixin.py:188} INFO - [2026-05-14T23:46:02.345+0000] {dagbag.py:538} INFO - Filling up the DagBag from /opt/airflow/dags/hn_pipeline_dag.py
[2026-05-14T23:46:02.357+0000] {processor.py:840} INFO - DAG(s) 'hn_pipeline' retrieved from /opt/airflow/dags/hn_pipeline_dag.py
[2026-05-14T23:46:02.374+0000] {logging_mixin.py:188} INFO - [2026-05-14T23:46:02.373+0000] {dag.py:3036} INFO - Sync 1 DAGs
[2026-05-14T23:46:02.383+0000] {logging_mixin.py:188} INFO - [2026-05-14T23:46:02.383+0000] {dag.py:3823} INFO - Setting next_dagrun for hn_pipeline to 2026-05-14 22:00:00+00:00, run_after=2026-05-14 23:00:00+00:00
[2026-05-14T23:46:02.390+0000] {processor.py:183} INFO - Processing /opt/airflow/dags/hn_pipeline_dag.py took 0.050 seconds
[2026-05-14T23:57:33.769+0000] {processor.py:161} INFO - Started process (PID=484) to work on /opt/airflow/dags/hn_pipeline_dag.py
[2026-05-14T23:57:33.769+0000] {processor.py:830} INFO - Processing file /opt/airflow/dags/hn_pipeline_dag.py for tasks to queue
[2026-05-14T23:57:33.770+0000] {logging_mixin.py:188} INFO - [2026-05-14T23:57:33.770+0000] {dagbag.py:538} INFO - Filling up the DagBag from /opt/airflow/dags/hn_pipeline_dag.py
[2026-05-14T23:57:33.777+0000] {processor.py:840} INFO - DAG(s) 'hn_pipeline' retrieved from /opt/airflow/dags/hn_pipeline_dag.py
[2026-05-14T23:57:33.790+0000] {logging_mixin.py:188} INFO - [2026-05-14T23:57:33.790+0000] {dag.py:3036} INFO - Sync 1 DAGs
[2026-05-14T23:57:33.799+0000] {logging_mixin.py:188} INFO - [2026-05-14T23:57:33.799+0000] {dag.py:3823} INFO - Setting next_dagrun for hn_pipeline to 2026-05-14 22:00:00+00:00, run_after=2026-05-14 23:00:00+00:00
[2026-05-14T23:57:33.806+0000] {processor.py:183} INFO - Processing /opt/airflow/dags/hn_pipeline_dag.py took 0.039 seconds
