[2026-05-15T06:08:34.081+0000] {taskinstance.py:1956} INFO - Dependencies all met for dep_context=non-requeueable deps ti=<TaskInstance: hn_pipeline.ingest_hn_to_kafka scheduled__2026-05-15T05:00:00+00:00 [queued]>
[2026-05-15T06:08:34.088+0000] {taskinstance.py:1956} INFO - Dependencies all met for dep_context=requeueable deps ti=<TaskInstance: hn_pipeline.ingest_hn_to_kafka scheduled__2026-05-15T05:00:00+00:00 [queued]>
[2026-05-15T06:08:34.089+0000] {taskinstance.py:2170} INFO - Starting attempt 1 of 2
[2026-05-15T06:08:34.096+0000] {taskinstance.py:2191} INFO - Executing <Task(PythonOperator): ingest_hn_to_kafka> on 2026-05-15 05:00:00+00:00
[2026-05-15T06:08:34.104+0000] {standard_task_runner.py:60} INFO - Started process 256 to run task
[2026-05-15T06:08:34.114+0000] {standard_task_runner.py:87} INFO - Running: ['***', 'tasks', 'run', 'hn_pipeline', 'ingest_hn_to_kafka', 'scheduled__2026-05-15T05:00:00+00:00', '--job-id', '2', '--raw', '--subdir', 'DAGS_FOLDER/hn_pipeline_dag.py', '--cfg-path', '/tmp/tmp8hcfu3dn']
[2026-05-15T06:08:34.115+0000] {standard_task_runner.py:88} INFO - Job 2: Subtask ingest_hn_to_kafka
[2026-05-15T06:08:34.177+0000] {task_command.py:423} INFO - Running <TaskInstance: hn_pipeline.ingest_hn_to_kafka scheduled__2026-05-15T05:00:00+00:00 [running]> on host f9f7344b2c6e
[2026-05-15T06:08:34.333+0000] {taskinstance.py:2480} INFO - Exporting env vars: AIRFLOW_CTX_DAG_OWNER='rajwinder' AIRFLOW_CTX_DAG_ID='hn_pipeline' AIRFLOW_CTX_TASK_ID='ingest_hn_to_kafka' AIRFLOW_CTX_EXECUTION_DATE='2026-05-15T05:00:00+00:00' AIRFLOW_CTX_TRY_NUMBER='1' AIRFLOW_CTX_DAG_RUN_ID='scheduled__2026-05-15T05:00:00+00:00'
[2026-05-15T06:08:35.372+0000] {conn.py:400} INFO - <BrokerConnection client_id=kafka-python-producer-1, node_id=bootstrap-0 host=kafka:29092 <connecting> [IPv4 ('172.18.0.4', 29092)]>: connecting to kafka:29092 [('172.18.0.4', 29092) IPv4]
[2026-05-15T06:08:36.467+0000] {client_async.py:794} WARNING - <BrokerConnection client_id=kafka-python-producer-1, node_id=bootstrap-0 host=kafka:29092 <checking_api_versions_recv> [IPv4 ('172.18.0.4', 29092)]> timed out after 1000.0 ms. Closing connection.
[2026-05-15T06:08:36.531+0000] {conn.py:951} ERROR - <BrokerConnection client_id=kafka-python-producer-1, node_id=bootstrap-0 host=kafka:29092 <checking_api_versions_recv> [IPv4 ('172.18.0.4', 29092)]>: Closing connection. [Error 7] RequestTimedOutError: Request timed out after 1000.0 ms
[2026-05-15T06:08:36.722+0000] {conn.py:400} INFO - <BrokerConnection client_id=kafka-python-producer-1, node_id=bootstrap-0 host=kafka:29092 <connecting> [IPv4 ('172.18.0.4', 29092)]>: connecting to kafka:29092 [('172.18.0.4', 29092) IPv4]
[2026-05-15T06:08:37.390+0000] {client_async.py:794} WARNING - <BrokerConnection client_id=kafka-python-producer-1, node_id=bootstrap-0 host=kafka:29092 <checking_api_versions_recv> [IPv4 ('172.18.0.4', 29092)]> timed out after 500.0 ms. Closing connection.
[2026-05-15T06:08:37.433+0000] {conn.py:951} ERROR - <BrokerConnection client_id=kafka-python-producer-1, node_id=bootstrap-0 host=kafka:29092 <checking_api_versions_recv> [IPv4 ('172.18.0.4', 29092)]>: Closing connection. [Error 7] RequestTimedOutError: Request timed out after 500.0 ms
[2026-05-15T06:08:37.467+0000] {taskinstance.py:2698} ERROR - Task failed with exception
Traceback (most recent call last):
  File "/home/airflow/.local/lib/python3.8/site-packages/airflow/models/taskinstance.py", line 433, in _execute_task
    result = execute_callable(context=context, **execute_callable_kwargs)
  File "/home/airflow/.local/lib/python3.8/site-packages/airflow/operators/python.py", line 199, in execute
    return_value = self.execute_callable()
  File "/home/airflow/.local/lib/python3.8/site-packages/airflow/operators/python.py", line 216, in execute_callable
    return self.python_callable(*self.op_args, **self.op_kwargs)
  File "/opt/airflow/dags/hn_pipeline_dag.py", line 56, in run_ingestion
    producer = KafkaProducer(
  File "/home/airflow/.local/lib/python3.8/site-packages/kafka/producer/kafka.py", line 485, in __init__
    client = self.config['kafka_client'](
  File "/home/airflow/.local/lib/python3.8/site-packages/kafka/client_async.py", line 262, in __init__
    self.config['api_version'] = self.check_version()
  File "/home/airflow/.local/lib/python3.8/site-packages/kafka/client_async.py", line 1076, in check_version
    raise Errors.NoBrokersAvailable()
kafka.errors.NoBrokersAvailable: NoBrokersAvailable
[2026-05-15T06:08:39.527+0000] {taskinstance.py:1138} INFO - Marking task as UP_FOR_RETRY. dag_id=hn_pipeline, task_id=ingest_hn_to_kafka, execution_date=20260515T050000, start_date=20260515T060834, end_date=20260515T060839
[2026-05-15T06:08:39.547+0000] {standard_task_runner.py:107} ERROR - Failed to execute job 2 for task ingest_hn_to_kafka (NoBrokersAvailable; 256)
[2026-05-15T06:08:39.586+0000] {local_task_job_runner.py:234} INFO - Task exited with return code 1
[2026-05-15T06:08:39.613+0000] {taskinstance.py:3280} INFO - 0 downstream tasks scheduled from follow-on schedule check
[2026-05-15T06:51:47.153+0000] {taskinstance.py:1956} INFO - Dependencies all met for dep_context=non-requeueable deps ti=<TaskInstance: hn_pipeline.ingest_hn_to_kafka scheduled__2026-05-15T05:00:00+00:00 [queued]>
[2026-05-15T06:51:47.160+0000] {taskinstance.py:1956} INFO - Dependencies all met for dep_context=requeueable deps ti=<TaskInstance: hn_pipeline.ingest_hn_to_kafka scheduled__2026-05-15T05:00:00+00:00 [queued]>
[2026-05-15T06:51:47.160+0000] {taskinstance.py:2170} INFO - Starting attempt 1 of 2
[2026-05-15T06:51:47.169+0000] {taskinstance.py:2191} INFO - Executing <Task(PythonOperator): ingest_hn_to_kafka> on 2026-05-15 05:00:00+00:00
[2026-05-15T06:51:47.176+0000] {standard_task_runner.py:60} INFO - Started process 266 to run task
[2026-05-15T06:51:47.183+0000] {standard_task_runner.py:87} INFO - Running: ['***', 'tasks', 'run', 'hn_pipeline', 'ingest_hn_to_kafka', 'scheduled__2026-05-15T05:00:00+00:00', '--job-id', '2', '--raw', '--subdir', 'DAGS_FOLDER/hn_pipeline_dag.py', '--cfg-path', '/tmp/tmp0qqebkw8']
[2026-05-15T06:51:47.185+0000] {standard_task_runner.py:88} INFO - Job 2: Subtask ingest_hn_to_kafka
[2026-05-15T06:51:47.331+0000] {task_command.py:423} INFO - Running <TaskInstance: hn_pipeline.ingest_hn_to_kafka scheduled__2026-05-15T05:00:00+00:00 [running]> on host 7ea0e5751a8b
[2026-05-15T06:51:47.458+0000] {taskinstance.py:2480} INFO - Exporting env vars: AIRFLOW_CTX_DAG_OWNER='rajwinder' AIRFLOW_CTX_DAG_ID='hn_pipeline' AIRFLOW_CTX_TASK_ID='ingest_hn_to_kafka' AIRFLOW_CTX_EXECUTION_DATE='2026-05-15T05:00:00+00:00' AIRFLOW_CTX_TRY_NUMBER='1' AIRFLOW_CTX_DAG_RUN_ID='scheduled__2026-05-15T05:00:00+00:00'
[2026-05-15T06:51:48.455+0000] {conn.py:400} INFO - <BrokerConnection client_id=kafka-python-producer-1, node_id=bootstrap-0 host=kafka:29092 <connecting> [IPv4 ('172.18.0.4', 29092)]>: connecting to kafka:29092 [('172.18.0.4', 29092) IPv4]
[2026-05-15T06:51:49.048+0000] {conn.py:622} INFO - <BrokerConnection client_id=kafka-python-producer-1, node_id=bootstrap-0 host=kafka:29092 <checking_api_versions_recv> [IPv4 ('172.18.0.4', 29092)]>: Broker version identified as 2.6
[2026-05-15T06:51:49.053+0000] {conn.py:461} INFO - <BrokerConnection client_id=kafka-python-producer-1, node_id=bootstrap-0 host=kafka:29092 <connected> [IPv4 ('172.18.0.4', 29092)]>: Connection complete.
[2026-05-15T06:51:50.413+0000] {hn_pipeline_dag.py:64} INFO - Fetched 200 story IDs from HackerNews
[2026-05-15T06:51:51.410+0000] {conn.py:400} INFO - <BrokerConnection client_id=kafka-python-producer-1, node_id=1 host=kafka:29092 <connecting> [IPv4 ('172.18.0.4', 29092)]>: connecting to kafka:29092 [('172.18.0.4', 29092) IPv4]
[2026-05-15T06:51:51.445+0000] {conn.py:461} INFO - <BrokerConnection client_id=kafka-python-producer-1, node_id=1 host=kafka:29092 <connected> [IPv4 ('172.18.0.4', 29092)]>: Connection complete.
[2026-05-15T06:51:51.459+0000] {conn.py:951} INFO - <BrokerConnection client_id=kafka-python-producer-1, node_id=bootstrap-0 host=kafka:29092 <connected> [IPv4 ('172.18.0.4', 29092)]>: Closing connection. 
[2026-05-15T06:52:10.566+0000] {cluster.py:315} WARNING - Topic hn-posts is not available during auto-create initialization
[2026-05-15T06:52:10.664+0000] {local_task_job_runner.py:121} ERROR - Received SIGTERM. Terminating subprocesses
[2026-05-15T06:52:10.851+0000] {cluster.py:315} WARNING - Topic hn-posts is not available during auto-create initialization
[2026-05-15T06:52:10.867+0000] {process_utils.py:131} INFO - Sending 15 to group 266. PIDs of all processes in the group: [266]
[2026-05-15T06:52:10.883+0000] {process_utils.py:86} INFO - Sending the signal 15 to group 266
[2026-05-15T06:52:10.888+0000] {taskinstance.py:2450} ERROR - Received SIGTERM. Terminating subprocesses.
[2026-05-15T06:52:10.890+0000] {hn_pipeline_dag.py:85} WARNING - Failed to fetch story 48145144: Task received SIGTERM signal
[2026-05-15T06:52:10.963+0000] {cluster.py:315} WARNING - Topic hn-posts is not available during auto-create initialization
[2026-05-15T06:57:29.818+0000] {taskinstance.py:1956} INFO - Dependencies all met for dep_context=non-requeueable deps ti=<TaskInstance: hn_pipeline.ingest_hn_to_kafka scheduled__2026-05-15T05:00:00+00:00 [queued]>
[2026-05-15T06:57:29.914+0000] {taskinstance.py:1956} INFO - Dependencies all met for dep_context=requeueable deps ti=<TaskInstance: hn_pipeline.ingest_hn_to_kafka scheduled__2026-05-15T05:00:00+00:00 [queued]>
[2026-05-15T06:57:29.952+0000] {taskinstance.py:2170} INFO - Starting attempt 1 of 2
[2026-05-15T06:57:30.063+0000] {taskinstance.py:2191} INFO - Executing <Task(PythonOperator): ingest_hn_to_kafka> on 2026-05-15 05:00:00+00:00
[2026-05-15T06:57:30.089+0000] {standard_task_runner.py:60} INFO - Started process 250 to run task
[2026-05-15T06:57:30.112+0000] {standard_task_runner.py:87} INFO - Running: ['***', 'tasks', 'run', 'hn_pipeline', 'ingest_hn_to_kafka', 'scheduled__2026-05-15T05:00:00+00:00', '--job-id', '2', '--raw', '--subdir', 'DAGS_FOLDER/hn_pipeline_dag.py', '--cfg-path', '/tmp/tmprgzhsohq']
[2026-05-15T06:57:30.165+0000] {standard_task_runner.py:88} INFO - Job 2: Subtask ingest_hn_to_kafka
[2026-05-15T06:57:30.731+0000] {task_command.py:423} INFO - Running <TaskInstance: hn_pipeline.ingest_hn_to_kafka scheduled__2026-05-15T05:00:00+00:00 [running]> on host a27dd4fbed46
[2026-05-15T06:57:45.972+0000] {taskinstance.py:2480} INFO - Exporting env vars: AIRFLOW_CTX_DAG_OWNER='rajwinder' AIRFLOW_CTX_DAG_ID='hn_pipeline' AIRFLOW_CTX_TASK_ID='ingest_hn_to_kafka' AIRFLOW_CTX_EXECUTION_DATE='2026-05-15T05:00:00+00:00' AIRFLOW_CTX_TRY_NUMBER='1' AIRFLOW_CTX_DAG_RUN_ID='scheduled__2026-05-15T05:00:00+00:00'
[2026-05-15T06:58:19.091+0000] {conn.py:400} INFO - <BrokerConnection client_id=kafka-python-producer-1, node_id=bootstrap-0 host=kafka:29092 <connecting> [IPv4 ('172.18.0.4', 29092)]>: connecting to kafka:29092 [('172.18.0.4', 29092) IPv4]
[2026-05-15T06:58:19.125+0000] {local_task_job_runner.py:121} ERROR - Received SIGTERM. Terminating subprocesses
[2026-05-15T06:58:19.131+0000] {process_utils.py:131} INFO - Sending 15 to group 250. PIDs of all processes in the group: [250]
[2026-05-15T06:58:19.167+0000] {process_utils.py:86} INFO - Sending the signal 15 to group 250
[2026-05-15T06:58:19.135+0000] {conn.py:622} INFO - <BrokerConnection client_id=kafka-python-producer-1, node_id=bootstrap-0 host=kafka:29092 <checking_api_versions_recv> [IPv4 ('172.18.0.4', 29092)]>: Broker version identified as 2.6
[2026-05-15T06:58:19.352+0000] {future.py:92} ERROR - Error processing callback
Traceback (most recent call last):
  File "/usr/local/lib/python3.8/logging/__init__.py", line 1089, in emit
    self.flush()
  File "/usr/local/lib/python3.8/logging/__init__.py", line 1069, in flush
    self.stream.flush()
RuntimeError: reentrant call inside <_io.BufferedWriter name='/opt/***/logs/dag_id=hn_pipeline/run_id=scheduled__2026-05-15T05:00:00+00:00/task_id=ingest_hn_to_kafka/attempt=1.log'>

During handling of the above exception, another exception occurred:

Traceback (most recent call last):
  File "/usr/local/lib/python3.8/logging/__init__.py", line 1089, in emit
    self.flush()
  File "/usr/local/lib/python3.8/logging/__init__.py", line 1069, in flush
    self.stream.flush()
RuntimeError: reentrant call inside <_io.BufferedWriter name='/opt/***/logs/dag_id=hn_pipeline/run_id=scheduled__2026-05-15T05:00:00+00:00/task_id=ingest_hn_to_kafka/attempt=1.log'>

During handling of the above exception, another exception occurred:

Traceback (most recent call last):
  File "/usr/local/lib/python3.8/logging/__init__.py", line 1089, in emit
    self.flush()
  File "/usr/local/lib/python3.8/logging/__init__.py", line 1069, in flush
    self.stream.flush()
RuntimeError: reentrant call inside <_io.BufferedWriter name='/opt/***/logs/dag_id=hn_pipeline/run_id=scheduled__2026-05-15T05:00:00+00:00/task_id=ingest_hn_to_kafka/attempt=1.log'>

During handling of the above exception, another exception occurred:

Traceback (most recent call last):
  File "/usr/local/lib/python3.8/logging/__init__.py", line 1089, in emit
    self.flush()
  File "/usr/local/lib/python3.8/logging/__init__.py", line 1069, in flush
    self.stream.flush()
RuntimeError: reentrant call inside <_io.BufferedWriter name='/opt/***/logs/dag_id=hn_pipeline/run_id=scheduled__2026-05-15T05:00:00+00:00/task_id=ingest_hn_to_kafka/attempt=1.log'>

During handling of the above exception, another exception occurred:

Traceback (most recent call last):
  File "/usr/local/lib/python3.8/logging/__init__.py", line 1089, in emit
    self.flush()
  File "/usr/local/lib/python3.8/logging/__init__.py", line 1069, in flush
    self.stream.flush()
RuntimeError: reentrant call inside <_io.BufferedWriter name='/opt/***/logs/dag_id=hn_pipeline/run_id=scheduled__2026-05-15T05:00:00+00:00/task_id=ingest_hn_to_kafka/attempt=1.log'>

During handling of the above exception, another exception occurred:

Traceback (most recent call last):
  File "/usr/local/lib/python3.8/logging/__init__.py", line 1089, in emit
    self.flush()
  File "/usr/local/lib/python3.8/logging/__init__.py", line 1069, in flush
    self.stream.flush()
RuntimeError: reentrant call inside <_io.BufferedWriter name='/opt/***/logs/dag_id=hn_pipeline/run_id=scheduled__2026-05-15T05:00:00+00:00/task_id=ingest_hn_to_kafka/attempt=1.log'>

During handling of the above exception, another exception occurred:

Traceback (most recent call last):
  File "/usr/local/lib/python3.8/logging/__init__.py", line 1089, in emit
    self.flush()
  File "/usr/local/lib/python3.8/logging/__init__.py", line 1069, in flush
    self.stream.flush()
RuntimeError: reentrant call inside <_io.BufferedWriter name='/opt/***/logs/dag_id=hn_pipeline/run_id=scheduled__2026-05-15T05:00:00+00:00/task_id=ingest_hn_to_kafka/attempt=1.log'>

During handling of the above exception, another exception occurred:

Traceback (most recent call last):
  File "/usr/local/lib/python3.8/logging/__init__.py", line 1089, in emit
    self.flush()
  File "/usr/local/lib/python3.8/logging/__init__.py", line 1069, in flush
    self.stream.flush()
RuntimeError: reentrant call inside <_io.BufferedWriter name='/opt/***/logs/dag_id=hn_pipeline/run_id=scheduled__2026-05-15T05:00:00+00:00/task_id=ingest_hn_to_kafka/attempt=1.log'>

During handling of the above exception, another exception occurred:

Traceback (most recent call last):
  File "/usr/local/lib/python3.8/logging/__init__.py", line 1089, in emit
    self.flush()
  File "/usr/local/lib/python3.8/logging/__init__.py", line 1069, in flush
    self.stream.flush()
RuntimeError: reentrant call inside <_io.BufferedWriter name='/opt/***/logs/dag_id=hn_pipeline/run_id=scheduled__2026-05-15T05:00:00+00:00/task_id=ingest_hn_to_kafka/attempt=1.log'>

During handling of the above exception, another exception occurred:

Traceback (most recent call last):
  File "/usr/local/lib/python3.8/logging/__init__.py", line 1089, in emit
    self.flush()
  File "/usr/local/lib/python3.8/logging/__init__.py", line 1069, in flush
    self.stream.flush()
RuntimeError: reentrant call inside <_io.BufferedWriter name='/opt/***/logs/dag_id=hn_pipeline/run_id=scheduled__2026-05-15T05:00:00+00:00/task_id=ingest_hn_to_kafka/attempt=1.log'>

During handling of the above exception, another exception occurred:

Traceback (most recent call last):
  File "/usr/local/lib/python3.8/logging/__init__.py", line 1089, in emit
    self.flush()
  File "/usr/local/lib/python3.8/logging/__init__.py", line 1069, in flush
    self.stream.flush()
RuntimeError: reentrant call inside <_io.BufferedWriter name='/opt/***/logs/dag_id=hn_pipeline/run_id=scheduled__2026-05-15T05:00:00+00:00/task_id=ingest_hn_to_kafka/attempt=1.log'>

During handling of the above exception, another exception occurred:

Traceback (most recent call last):
  File "/usr/local/lib/python3.8/logging/__init__.py", line 1089, in emit
    self.flush()
  File "/usr/local/lib/python3.8/logging/__init__.py", line 1069, in flush
    self.stream.flush()
RuntimeError: reentrant call inside <_io.BufferedWriter name='/opt/***/logs/dag_id=hn_pipeline/run_id=scheduled__2026-05-15T05:00:00+00:00/task_id=ingest_hn_to_kafka/attempt=1.log'>

During handling of the above exception, another exception occurred:

Traceback (most recent call last):
  File "/usr/local/lib/python3.8/logging/__init__.py", line 1089, in emit
    self.flush()
  File "/usr/local/lib/python3.8/logging/__init__.py", line 1069, in flush
    self.stream.flush()
RuntimeError: reentrant call inside <_io.BufferedWriter name='/opt/***/logs/dag_id=hn_pipeline/run_id=scheduled__2026-05-15T05:00:00+00:00/task_id=ingest_hn_to_kafka/attempt=1.log'>

During handling of the above exception, another exception occurred:

Traceback (most recent call last):
  File "/usr/local/lib/python3.8/logging/__init__.py", line 1089, in emit
    self.flush()
  File "/usr/local/lib/python3.8/logging/__init__.py", line 1069, in flush
    self.stream.flush()
RuntimeError: reentrant call inside <_io.BufferedWriter name='/opt/***/logs/dag_id=hn_pipeline/run_id=scheduled__2026-05-15T05:00:00+00:00/task_id=ingest_hn_to_kafka/attempt=1.log'>

During handling of the above exception, another exception occurred:

Traceback (most recent call last):
  File "/usr/local/lib/python3.8/logging/__init__.py", line 1089, in emit
    self.flush()
  File "/usr/local/lib/python3.8/logging/__init__.py", line 1069, in flush
    self.stream.flush()
RuntimeError: reentrant call inside <_io.BufferedWriter name='/opt/***/logs/dag_id=hn_pipeline/run_id=scheduled__2026-05-15T05:00:00+00:00/task_id=ingest_hn_to_kafka/attempt=1.log'>

During handling of the above exception, another exception occurred:

Traceback (most recent call last):
  File "/usr/local/lib/python3.8/logging/__init__.py", line 1089, in emit
    self.flush()
  File "/usr/local/lib/python3.8/logging/__init__.py", line 1069, in flush
    self.stream.flush()
RuntimeError: reentrant call inside <_io.BufferedWriter name='/opt/***/logs/dag_id=hn_pipeline/run_id=scheduled__2026-05-15T05:00:00+00:00/task_id=ingest_hn_to_kafka/attempt=1.log'>

During handling of the above exception, another exception occurred:

Traceback (most recent call last):
  File "/usr/local/lib/python3.8/logging/__init__.py", line 1089, in emit
    self.flush()
  File "/usr/local/lib/python3.8/logging/__init__.py", line 1069, in flush
    self.stream.flush()
RuntimeError: reentrant call inside <_io.BufferedWriter name='/opt/***/logs/dag_id=hn_pipeline/run_id=scheduled__2026-05-15T05:00:00+00:00/task_id=ingest_hn_to_kafka/attempt=1.log'>

During handling of the above exception, another exception occurred:

Traceback (most recent call last):
  File "/usr/local/lib/python3.8/logging/__init__.py", line 1089, in emit
    self.flush()
  File "/usr/local/lib/python3.8/logging/__init__.py", line 1069, in flush
    self.stream.flush()
RuntimeError: reentrant call inside <_io.BufferedWriter name='/opt/***/logs/dag_id=hn_pipeline/run_id=scheduled__2026-05-15T05:00:00+00:00/task_id=ingest_hn_to_kafka/attempt=1.log'>

During handling of the above exception, another exception occurred:

Traceback (most recent call last):
  File "/usr/local/lib/python3.8/logging/__init__.py", line 1089, in emit
    self.flush()
  File "/usr/local/lib/python3.8/logging/__init__.py", line 1069, in flush
    self.stream.flush()
RuntimeError: reentrant call inside <_io.BufferedWriter name='/opt/***/logs/dag_id=hn_pipeline/run_id=scheduled__2026-05-15T05:00:00+00:00/task_id=ingest_hn_to_kafka/attempt=1.log'>

During handling of the above exception, another exception occurred:

Traceback (most recent call last):
  File "/usr/local/lib/python3.8/logging/__init__.py", line 1089, in emit
    self.flush()
  File "/usr/local/lib/python3.8/logging/__init__.py", line 1069, in flush
    self.stream.flush()
RuntimeError: reentrant call inside <_io.BufferedWriter name='/opt/***/logs/dag_id=hn_pipeline/run_id=scheduled__2026-05-15T05:00:00+00:00/task_id=ingest_hn_to_kafka/attempt=1.log'>

During handling of the above exception, another exception occurred:

Traceback (most recent call last):
  File "/usr/local/lib/python3.8/logging/__init__.py", line 1089, in emit
    self.flush()
  File "/usr/local/lib/python3.8/logging/__init__.py", line 1069, in flush
    self.stream.flush()
RuntimeError: reentrant call inside <_io.BufferedWriter name='/opt/***/logs/dag_id=hn_pipeline/run_id=scheduled__2026-05-15T05:00:00+00:00/task_id=ingest_hn_to_kafka/attempt=1.log'>

During handling of the above exception, another exception occurred:

Traceback (most recent call last):
  File "/usr/local/lib/python3.8/logging/__init__.py", line 1089, in emit
    self.flush()
  File "/usr/local/lib/python3.8/logging/__init__.py", line 1069, in flush
    self.stream.flush()
RuntimeError: reentrant call inside <_io.BufferedWriter name='/opt/***/logs/dag_id=hn_pipeline/run_id=scheduled__2026-05-15T05:00:00+00:00/task_id=ingest_hn_to_kafka/attempt=1.log'>

During handling of the above exception, another exception occurred:

Traceback (most recent call last):
  File "/usr/local/lib/python3.8/logging/__init__.py", line 1089, in emit
    self.flush()
  File "/usr/local/lib/python3.8/logging/__init__.py", line 1069, in flush
    self.stream.flush()
RuntimeError: reentrant call inside <_io.BufferedWriter name='/opt/***/logs/dag_id=hn_pipeline/run_id=scheduled__2026-05-15T05:00:00+00:00/task_id=ingest_hn_to_kafka/attempt=1.log'>

During handling of the above exception, another exception occurred:

Traceback (most recent call last):
  File "/usr/local/lib/python3.8/logging/__init__.py", line 1089, in emit
    self.flush()
  File "/usr/local/lib/python3.8/logging/__init__.py", line 1069, in flush
    self.stream.flush()
RuntimeError: reentrant call inside <_io.BufferedWriter name='/opt/***/logs/dag_id=hn_pipeline/run_id=scheduled__2026-05-15T05:00:00+00:00/task_id=ingest_hn_to_kafka/attempt=1.log'>

During handling of the above exception, another exception occurred:

Traceback (most recent call last):
  File "/usr/local/lib/python3.8/logging/__init__.py", line 1089, in emit
    self.flush()
  File "/usr/local/lib/python3.8/logging/__init__.py", line 1069, in flush
    self.stream.flush()
RuntimeError: reentrant call inside <_io.BufferedWriter name='/opt/***/logs/dag_id=hn_pipeline/run_id=scheduled__2026-05-15T05:00:00+00:00/task_id=ingest_hn_to_kafka/attempt=1.log'>

During handling of the above exception, another exception occurred:

Traceback (most recent call last):
  File "/usr/local/lib/python3.8/logging/__init__.py", line 1089, in emit
    self.flush()
  File "/usr/local/lib/python3.8/logging/__init__.py", line 1069, in flush
    self.stream.flush()
RuntimeError: reentrant call inside <_io.BufferedWriter name='/opt/***/logs/dag_id=hn_pipeline/run_id=scheduled__2026-05-15T05:00:00+00:00/task_id=ingest_hn_to_kafka/attempt=1.log'>

During handling of the above exception, another exception occurred:

Traceback (most recent call last):
  File "/usr/local/lib/python3.8/logging/__init__.py", line 1089, in emit
    self.flush()
  File "/usr/local/lib/python3.8/logging/__init__.py", line 1069, in flush
    self.stream.flush()
RuntimeError: reentrant call inside <_io.BufferedWriter name='/opt/***/logs/dag_id=hn_pipeline/run_id=scheduled__2026-05-15T05:00:00+00:00/task_id=ingest_hn_to_kafka/attempt=1.log'>

During handling of the above exception, another exception occurred:

Traceback (most recent call last):
  File "/usr/local/lib/python3.8/logging/__init__.py", line 1089, in emit
    self.flush()
  File "/usr/local/lib/python3.8/logging/__init__.py", line 1069, in flush
    self.stream.flush()
RuntimeError: reentrant call inside <_io.BufferedWriter name='/opt/***/logs/dag_id=hn_pipeline/run_id=scheduled__2026-05-15T05:00:00+00:00/task_id=ingest_hn_to_kafka/attempt=1.log'>

During handling of the above exception, another exception occurred:

Traceback (most recent call last):
  File "/usr/local/lib/python3.8/logging/__init__.py", line 1089, in emit
    self.flush()
  File "/usr/local/lib/python3.8/logging/__init__.py", line 1069, in flush
    self.stream.flush()
RuntimeError: reentrant call inside <_io.BufferedWriter name='/opt/***/logs/dag_id=hn_pipeline/run_id=scheduled__2026-05-15T05:00:00+00:00/task_id=ingest_hn_to_kafka/attempt=1.log'>

During handling of the above exception, another exception occurred:

Traceback (most recent call last):
  File "/usr/local/lib/python3.8/logging/__init__.py", line 1089, in emit
    self.flush()
  File "/usr/local/lib/python3.8/logging/__init__.py", line 1069, in flush
    self.stream.flush()
RuntimeError: reentrant call inside <_io.BufferedWriter name='/opt/***/logs/dag_id=hn_pipeline/run_id=scheduled__2026-05-15T05:00:00+00:00/task_id=ingest_hn_to_kafka/attempt=1.log'>

During handling of the above exception, another exception occurred:

Traceback (most recent call last):
  File "/usr/local/lib/python3.8/logging/__init__.py", line 1089, in emit
    self.flush()
  File "/usr/local/lib/python3.8/logging/__init__.py", line 1069, in flush
    self.stream.flush()
RuntimeError: reentrant call inside <_io.BufferedWriter name='/opt/***/logs/dag_id=hn_pipeline/run_id=scheduled__2026-05-15T05:00:00+00:00/task_id=ingest_hn_to_kafka/attempt=1.log'>

During handling of the above exception, another exception occurred:

Traceback (most recent call last):
  File "/usr/local/lib/python3.8/logging/__init__.py", line 1089, in emit
    self.flush()
  File "/usr/local/lib/python3.8/logging/__init__.py", line 1069, in flush
    self.stream.flush()
RuntimeError: reentrant call inside <_io.BufferedWriter name='/opt/***/logs/dag_id=hn_pipeline/run_id=scheduled__2026-05-15T05:00:00+00:00/task_id=ingest_hn_to_kafka/attempt=1.log'>

During handling of the above exception, another exception occurred:

Traceback (most recent call last):
  File "/usr/local/lib/python3.8/logging/__init__.py", line 1089, in emit
    self.flush()
  File "/usr/local/lib/python3.8/logging/__init__.py", line 1069, in flush
    self.stream.flush()
RuntimeError: reentrant call inside <_io.BufferedWriter name='/opt/***/logs/dag_id=hn_pipeline/run_id=scheduled__2026-05-15T05:00:00+00:00/task_id=ingest_hn_to_kafka/attempt=1.log'>

During handling of the above exception, another exception occurred:

Traceback (most recent call last):
  File "/usr/local/lib/python3.8/logging/__init__.py", line 1089, in emit
    self.flush()
  File "/usr/local/lib/python3.8/logging/__init__.py", line 1069, in flush
    self.stream.flush()
RuntimeError: reentrant call inside <_io.BufferedWriter name='/opt/***/logs/dag_id=hn_pipeline/run_id=scheduled__2026-05-15T05:00:00+00:00/task_id=ingest_hn_to_kafka/attempt=1.log'>

During handling of the above exception, another exception occurred:

Traceback (most recent call last):
  File "/usr/local/lib/python3.8/logging/__init__.py", line 1089, in emit
    self.flush()
  File "/usr/local/lib/python3.8/logging/__init__.py", line 1069, in flush
    self.stream.flush()
RuntimeError: reentrant call inside <_io.BufferedWriter name='/opt/***/logs/dag_id=hn_pipeline/run_id=scheduled__2026-05-15T05:00:00+00:00/task_id=ingest_hn_to_kafka/attempt=1.log'>

During handling of the above exception, another exception occurred:

Traceback (most recent call last):
  File "/usr/local/lib/python3.8/logging/__init__.py", line 1089, in emit
    self.flush()
  File "/usr/local/lib/python3.8/logging/__init__.py", line 1069, in flush
    self.stream.flush()
RuntimeError: reentrant call inside <_io.BufferedWriter name='/opt/***/logs/dag_id=hn_pipeline/run_id=scheduled__2026-05-15T05:00:00+00:00/task_id=ingest_hn_to_kafka/attempt=1.log'>

During handling of the above exception, another exception occurred:

Traceback (most recent call last):
  File "/usr/local/lib/python3.8/logging/__init__.py", line 1089, in emit
    self.flush()
  File "/usr/local/lib/python3.8/logging/__init__.py", line 1069, in flush
    self.stream.flush()
RuntimeError: reentrant call inside <_io.BufferedWriter name='/opt/***/logs/dag_id=hn_pipeline/run_id=scheduled__2026-05-15T05:00:00+00:00/task_id=ingest_hn_to_kafka/attempt=1.log'>

During handling of the above exception, another exception occurred:

Traceback (most recent call last):
  File "/usr/local/lib/python3.8/logging/__init__.py", line 1089, in emit
    self.flush()
  File "/usr/local/lib/python3.8/logging/__init__.py", line 1069, in flush
    self.stream.flush()
RuntimeError: reentrant call inside <_io.BufferedWriter name='/opt/***/logs/dag_id=hn_pipeline/run_id=scheduled__2026-05-15T05:00:00+00:00/task_id=ingest_hn_to_kafka/attempt=1.log'>

During handling of the above exception, another exception occurred:

Traceback (most recent call last):
  File "/usr/local/lib/python3.8/logging/__init__.py", line 1089, in emit
    self.flush()
  File "/usr/local/lib/python3.8/logging/__init__.py", line 1069, in flush
    self.stream.flush()
RuntimeError: reentrant call inside <_io.BufferedWriter name='/opt/***/logs/dag_id=hn_pipeline/run_id=scheduled__2026-05-15T05:00:00+00:00/task_id=ingest_hn_to_kafka/attempt=1.log'>

During handling of the above exception, another exception occurred:

Traceback (most recent call last):
  File "/usr/local/lib/python3.8/logging/__init__.py", line 1089, in emit
    self.flush()
  File "/usr/local/lib/python3.8/logging/__init__.py", line 1069, in flush
    self.stream.flush()
RuntimeError: reentrant call inside <_io.BufferedWriter name='/opt/***/logs/dag_id=hn_pipeline/run_id=scheduled__2026-05-15T05:00:00+00:00/task_id=ingest_hn_to_kafka/attempt=1.log'>

During handling of the above exception, another exception occurred:

Traceback (most recent call last):
  File "/usr/local/lib/python3.8/logging/__init__.py", line 1089, in emit
    self.flush()
  File "/usr/local/lib/python3.8/logging/__init__.py", line 1069, in flush
    self.stream.flush()
RuntimeError: reentrant call inside <_io.BufferedWriter name='/opt/***/logs/dag_id=hn_pipeline/run_id=scheduled__2026-05-15T05:00:00+00:00/task_id=ingest_hn_to_kafka/attempt=1.log'>

During handling of the above exception, another exception occurred:

Traceback (most recent call last):
  File "/usr/local/lib/python3.8/logging/__init__.py", line 1089, in emit
    self.flush()
  File "/usr/local/lib/python3.8/logging/__init__.py", line 1069, in flush
    self.stream.flush()
RuntimeError: reentrant call inside <_io.BufferedWriter name='/opt/***/logs/dag_id=hn_pipeline/run_id=scheduled__2026-05-15T05:00:00+00:00/task_id=ingest_hn_to_kafka/attempt=1.log'>

During handling of the above exception, another exception occurred:

Traceback (most recent call last):
  File "/usr/local/lib/python3.8/logging/__init__.py", line 1089, in emit
    self.flush()
  File "/usr/local/lib/python3.8/logging/__init__.py", line 1069, in flush
    self.stream.flush()
RuntimeError: reentrant call inside <_io.BufferedWriter name='/opt/***/logs/dag_id=hn_pipeline/run_id=scheduled__2026-05-15T05:00:00+00:00/task_id=ingest_hn_to_kafka/attempt=1.log'>

During handling of the above exception, another exception occurred:

Traceback (most recent call last):
  File "/usr/local/lib/python3.8/logging/__init__.py", line 1089, in emit
    self.flush()
  File "/usr/local/lib/python3.8/logging/__init__.py", line 1069, in flush
    self.stream.flush()
RuntimeError: reentrant call inside <_io.BufferedWriter name='/opt/***/logs/dag_id=hn_pipeline/run_id=scheduled__2026-05-15T05:00:00+00:00/task_id=ingest_hn_to_kafka/attempt=1.log'>

During handling of the above exception, another exception occurred:

Traceback (most recent call last):
  File "/usr/local/lib/python3.8/logging/__init__.py", line 1089, in emit
    self.flush()
  File "/usr/local/lib/python3.8/logging/__init__.py", line 1069, in flush
    self.stream.flush()
RuntimeError: reentrant call inside <_io.BufferedWriter name='/opt/***/logs/dag_id=hn_pipeline/run_id=scheduled__2026-05-15T05:00:00+00:00/task_id=ingest_hn_to_kafka/attempt=1.log'>

During handling of the above exception, another exception occurred:

Traceback (most recent call last):
  File "/usr/local/lib/python3.8/logging/__init__.py", line 1089, in emit
    self.flush()
  File "/usr/local/lib/python3.8/logging/__init__.py", line 1069, in flush
    self.stream.flush()
RuntimeError: reentrant call inside <_io.BufferedWriter name='/opt/***/logs/dag_id=hn_pipeline/run_id=scheduled__2026-05-15T05:00:00+00:00/task_id=ingest_hn_to_kafka/attempt=1.log'>

During handling of the above exception, another exception occurred:

Traceback (most recent call last):
  File "/usr/local/lib/python3.8/logging/__init__.py", line 1089, in emit
    self.flush()
  File "/usr/local/lib/python3.8/logging/__init__.py", line 1069, in flush
    self.stream.flush()
RuntimeError: reentrant call inside <_io.BufferedWriter name='/opt/***/logs/dag_id=hn_pipeline/run_id=scheduled__2026-05-15T05:00:00+00:00/task_id=ingest_hn_to_kafka/attempt=1.log'>

During handling of the above exception, another exception occurred:

Traceback (most recent call last):
  File "/usr/local/lib/python3.8/logging/__init__.py", line 1089, in emit
    self.flush()
  File "/usr/local/lib/python3.8/logging/__init__.py", line 1069, in flush
    self.stream.flush()
RuntimeError: reentrant call inside <_io.BufferedWriter name='/opt/***/logs/dag_id=hn_pipeline/run_id=scheduled__2026-05-15T05:00:00+00:00/task_id=ingest_hn_to_kafka/attempt=1.log'>

During handling of the above exception, another exception occurred:

Traceback (most recent call last):
  File "/usr/local/lib/python3.8/logging/__init__.py", line 1089, in emit
    self.flush()
  File "/usr/local/lib/python3.8/logging/__init__.py", line 1069, in flush
    self.stream.flush()
RuntimeError: reentrant call inside <_io.BufferedWriter name='/opt/***/logs/dag_id=hn_pipeline/run_id=scheduled__2026-05-15T05:00:00+00:00/task_id=ingest_hn_to_kafka/attempt=1.log'>

During handling of the above exception, another exception occurred:

Traceback (most recent call last):
  File "/usr/local/lib/python3.8/logging/__init__.py", line 1089, in emit
    self.flush()
  File "/usr/local/lib/python3.8/logging/__init__.py", line 1069, in flush
    self.stream.flush()
RuntimeError: reentrant call inside <_io.BufferedWriter name='/opt/***/logs/dag_id=hn_pipeline/run_id=scheduled__2026-05-15T05:00:00+00:00/task_id=ingest_hn_to_kafka/attempt=1.log'>

During handling of the above exception, another exception occurred:

Traceback (most recent call last):
  File "/usr/local/lib/python3.8/logging/__init__.py", line 1089, in emit
    self.flush()
  File "/usr/local/lib/python3.8/logging/__init__.py", line 1069, in flush
    self.stream.flush()
RuntimeError: reentrant call inside <_io.BufferedWriter name='/opt/***/logs/dag_id=hn_pipeline/run_id=scheduled__2026-05-15T05:00:00+00:00/task_id=ingest_hn_to_kafka/attempt=1.log'>

During handling of the above exception, another exception occurred:

Traceback (most recent call last):
  File "/usr/local/lib/python3.8/logging/__init__.py", line 1089, in emit
    self.flush()
  File "/usr/local/lib/python3.8/logging/__init__.py", line 1069, in flush
    self.stream.flush()
RuntimeError: reentrant call inside <_io.BufferedWriter name='/opt/***/logs/dag_id=hn_pipeline/run_id=scheduled__2026-05-15T05:00:00+00:00/task_id=ingest_hn_to_kafka/attempt=1.log'>

During handling of the above exception, another exception occurred:

Traceback (most recent call last):
  File "/usr/local/lib/python3.8/logging/__init__.py", line 1089, in emit
    self.flush()
  File "/usr/local/lib/python3.8/logging/__init__.py", line 1069, in flush
    self.stream.flush()
RuntimeError: reentrant call inside <_io.BufferedWriter name='/opt/***/logs/dag_id=hn_pipeline/run_id=scheduled__2026-05-15T05:00:00+00:00/task_id=ingest_hn_to_kafka/attempt=1.log'>

During handling of the above exception, another exception occurred:

Traceback (most recent call last):
  File "/usr/local/lib/python3.8/logging/__init__.py", line 1089, in emit
    self.flush()
  File "/usr/local/lib/python3.8/logging/__init__.py", line 1069, in flush
    self.stream.flush()
RuntimeError: reentrant call inside <_io.BufferedWriter name='/opt/***/logs/dag_id=hn_pipeline/run_id=scheduled__2026-05-15T05:00:00+00:00/task_id=ingest_hn_to_kafka/attempt=1.log'>

During handling of the above exception, another exception occurred:

Traceback (most recent call last):
  File "/usr/local/lib/python3.8/logging/__init__.py", line 1089, in emit
    self.flush()
  File "/usr/local/lib/python3.8/logging/__init__.py", line 1069, in flush
    self.stream.flush()
RuntimeError: reentrant call inside <_io.BufferedWriter name='/opt/***/logs/dag_id=hn_pipeline/run_id=scheduled__2026-05-15T05:00:00+00:00/task_id=ingest_hn_to_kafka/attempt=1.log'>

During handling of the above exception, another exception occurred:

Traceback (most recent call last):
  File "/usr/local/lib/python3.8/logging/__init__.py", line 1089, in emit
    self.flush()
  File "/usr/local/lib/python3.8/logging/__init__.py", line 1069, in flush
    self.stream.flush()
RuntimeError: reentrant call inside <_io.BufferedWriter name='/opt/***/logs/dag_id=hn_pipeline/run_id=scheduled__2026-05-15T05:00:00+00:00/task_id=ingest_hn_to_kafka/attempt=1.log'>

During handling of the above exception, another exception occurred:

Traceback (most recent call last):
  File "/usr/local/lib/python3.8/logging/__init__.py", line 1089, in emit
    self.flush()
  File "/usr/local/lib/python3.8/logging/__init__.py", line 1069, in flush
    self.stream.flush()
RuntimeError: reentrant call inside <_io.BufferedWriter name='/opt/***/logs/dag_id=hn_pipeline/run_id=scheduled__2026-05-15T05:00:00+00:00/task_id=ingest_hn_to_kafka/attempt=1.log'>

During handling of the above exception, another exception occurred:

Traceback (most recent call last):
  File "/usr/local/lib/python3.8/logging/__init__.py", line 1089, in emit
    self.flush()
  File "/usr/local/lib/python3.8/logging/__init__.py", line 1069, in flush
    self.stream.flush()
RuntimeError: reentrant call inside <_io.BufferedWriter name='/opt/***/logs/dag_id=hn_pipeline/run_id=scheduled__2026-05-15T05:00:00+00:00/task_id=ingest_hn_to_kafka/attempt=1.log'>

During handling of the above exception, another exception occurred:

Traceback (most recent call last):
  File "/usr/local/lib/python3.8/logging/__init__.py", line 1089, in emit
    self.flush()
  File "/usr/local/lib/python3.8/logging/__init__.py", line 1069, in flush
    self.stream.flush()
RuntimeError: reentrant call inside <_io.BufferedWriter name='/opt/***/logs/dag_id=hn_pipeline/run_id=scheduled__2026-05-15T05:00:00+00:00/task_id=ingest_hn_to_kafka/attempt=1.log'>

During handling of the above exception, another exception occurred:

Traceback (most recent call last):
  File "/usr/local/lib/python3.8/logging/__init__.py", line 1089, in emit
    self.flush()
  File "/usr/local/lib/python3.8/logging/__init__.py", line 1069, in flush
    self.stream.flush()
RuntimeError: reentrant call inside <_io.BufferedWriter name='/opt/***/logs/dag_id=hn_pipeline/run_id=scheduled__2026-05-15T05:00:00+00:00/task_id=ingest_hn_to_kafka/attempt=1.log'>

During handling of the above exception, another exception occurred:

Traceback (most recent call last):
  File "/usr/local/lib/python3.8/logging/__init__.py", line 1089, in emit
    self.flush()
  File "/usr/local/lib/python3.8/logging/__init__.py", line 1069, in flush
    self.stream.flush()
RuntimeError: reentrant call inside <_io.BufferedWriter name='/opt/***/logs/dag_id=hn_pipeline/run_id=scheduled__2026-05-15T05:00:00+00:00/task_id=ingest_hn_to_kafka/attempt=1.log'>

During handling of the above exception, another exception occurred:

Traceback (most recent call last):
  File "/usr/local/lib/python3.8/logging/__init__.py", line 1089, in emit
    self.flush()
  File "/usr/local/lib/python3.8/logging/__init__.py", line 1069, in flush
    self.stream.flush()
RuntimeError: reentrant call inside <_io.BufferedWriter name='/opt/***/logs/dag_id=hn_pipeline/run_id=scheduled__2026-05-15T05:00:00+00:00/task_id=ingest_hn_to_kafka/attempt=1.log'>

During handling of the above exception, another exception occurred:

Traceback (most recent call last):
  File "/usr/local/lib/python3.8/logging/__init__.py", line 1089, in emit
    self.flush()
  File "/usr/local/lib/python3.8/logging/__init__.py", line 1069, in flush
    self.stream.flush()
RuntimeError: reentrant call inside <_io.BufferedWriter name='/opt/***/logs/dag_id=hn_pipeline/run_id=scheduled__2026-05-15T05:00:00+00:00/task_id=ingest_hn_to_kafka/attempt=1.log'>

During handling of the above exception, another exception occurred:

Traceback (most recent call last):
  File "/usr/local/lib/python3.8/logging/__init__.py", line 1089, in emit
    self.flush()
  File "/usr/local/lib/python3.8/logging/__init__.py", line 1069, in flush
    self.stream.flush()
RuntimeError: reentrant call inside <_io.BufferedWriter name='/opt/***/logs/dag_id=hn_pipeline/run_id=scheduled__2026-05-15T05:00:00+00:00/task_id=ingest_hn_to_kafka/attempt=1.log'>

During handling of the above exception, another exception occurred:

Traceback (most recent call last):
  File "/usr/local/lib/python3.8/logging/__init__.py", line 1089, in emit
    self.flush()
  File "/usr/local/lib/python3.8/logging/__init__.py", line 1069, in flush
    self.stream.flush()
RuntimeError: reentrant call inside <_io.BufferedWriter name='/opt/***/logs/dag_id=hn_pipeline/run_id=scheduled__2026-05-15T05:00:00+00:00/task_id=ingest_hn_to_kafka/attempt=1.log'>

During handling of the above exception, another exception occurred:

Traceback (most recent call last):
  File "/usr/local/lib/python3.8/logging/__init__.py", line 1089, in emit
    self.flush()
  File "/usr/local/lib/python3.8/logging/__init__.py", line 1069, in flush
    self.stream.flush()
RuntimeError: reentrant call inside <_io.BufferedWriter name='/opt/***/logs/dag_id=hn_pipeline/run_id=scheduled__2026-05-15T05:00:00+00:00/task_id=ingest_hn_to_kafka/attempt=1.log'>

During handling of the above exception, another exception occurred:

Traceback (most recent call last):
  File "/usr/local/lib/python3.8/logging/__init__.py", line 1089, in emit
    self.flush()
  File "/usr/local/lib/python3.8/logging/__init__.py", line 1069, in flush
    self.stream.flush()
RuntimeError: reentrant call inside <_io.BufferedWriter name='/opt/***/logs/dag_id=hn_pipeline/run_id=scheduled__2026-05-15T05:00:00+00:00/task_id=ingest_hn_to_kafka/attempt=1.log'>

During handling of the above exception, another exception occurred:

Traceback (most recent call last):
  File "/usr/local/lib/python3.8/logging/__init__.py", line 1089, in emit
    self.flush()
  File "/usr/local/lib/python3.8/logging/__init__.py", line 1069, in flush
    self.stream.flush()
RuntimeError: reentrant call inside <_io.BufferedWriter name='/opt/***/logs/dag_id=hn_pipeline/run_id=scheduled__2026-05-15T05:00:00+00:00/task_id=ingest_hn_to_kafka/attempt=1.log'>

During handling of the above exception, another exception occurred:

Traceback (most recent call last):
  File "/usr/local/lib/python3.8/logging/__init__.py", line 1089, in emit
    self.flush()
  File "/usr/local/lib/python3.8/logging/__init__.py", line 1069, in flush
    self.stream.flush()
RuntimeError: reentrant call inside <_io.BufferedWriter name='/opt/***/logs/dag_id=hn_pipeline/run_id=scheduled__2026-05-15T05:00:00+00:00/task_id=ingest_hn_to_kafka/attempt=1.log'>

During handling of the above exception, another exception occurred:

Traceback (most recent call last):
  File "/usr/local/lib/python3.8/logging/__init__.py", line 1089, in emit
    self.flush()
  File "/usr/local/lib/python3.8/logging/__init__.py", line 1069, in flush
    self.stream.flush()
RuntimeError: reentrant call inside <_io.BufferedWriter name='/opt/***/logs/dag_id=hn_pipeline/run_id=scheduled__2026-05-15T05:00:00+00:00/task_id=ingest_hn_to_kafka/attempt=1.log'>

During handling of the above exception, another exception occurred:

Traceback (most recent call last):
  File "/usr/local/lib/python3.8/logging/__init__.py", line 1089, in emit
    self.flush()
  File "/usr/local/lib/python3.8/logging/__init__.py", line 1069, in flush
    self.stream.flush()
RuntimeError: reentrant call inside <_io.BufferedWriter name='/opt/***/logs/dag_id=hn_pipeline/run_id=scheduled__2026-05-15T05:00:00+00:00/task_id=ingest_hn_to_kafka/attempt=1.log'>

During handling of the above exception, another exception occurred:

Traceback (most recent call last):
  File "/usr/local/lib/python3.8/logging/__init__.py", line 1089, in emit
    self.flush()
  File "/usr/local/lib/python3.8/logging/__init__.py", line 1069, in flush
    self.stream.flush()
RuntimeError: reentrant call inside <_io.BufferedWriter name='/opt/***/logs/dag_id=hn_pipeline/run_id=scheduled__2026-05-15T05:00:00+00:00/task_id=ingest_hn_to_kafka/attempt=1.log'>

During handling of the above exception, another exception occurred:

Traceback (most recent call last):
  File "/usr/local/lib/python3.8/logging/__init__.py", line 1089, in emit
    self.flush()
  File "/usr/local/lib/python3.8/logging/__init__.py", line 1069, in flush
    self.stream.flush()
RuntimeError: reentrant call inside <_io.BufferedWriter name='/opt/***/logs/dag_id=hn_pipeline/run_id=scheduled__2026-05-15T05:00:00+00:00/task_id=ingest_hn_to_kafka/attempt=1.log'>

During handling of the above exception, another exception occurred:

Traceback (most recent call last):
  File "/usr/local/lib/python3.8/logging/__init__.py", line 1089, in emit
    self.flush()
  File "/usr/local/lib/python3.8/logging/__init__.py", line 1069, in flush
    self.stream.flush()
RuntimeError: reentrant call inside <_io.BufferedWriter name='/opt/***/logs/dag_id=hn_pipeline/run_id=scheduled__2026-05-15T05:00:00+00:00/task_id=ingest_hn_to_kafka/attempt=1.log'>

During handling of the above exception, another exception occurred:

Traceback (most recent call last):
  File "/usr/local/lib/python3.8/logging/__init__.py", line 1089, in emit
    self.flush()
  File "/usr/local/lib/python3.8/logging/__init__.py", line 1069, in flush
    self.stream.flush()
RuntimeError: reentrant call inside <_io.BufferedWriter name='/opt/***/logs/dag_id=hn_pipeline/run_id=scheduled__2026-05-15T05:00:00+00:00/task_id=ingest_hn_to_kafka/attempt=1.log'>

During handling of the above exception, another exception occurred:

Traceback (most recent call last):
  File "/usr/local/lib/python3.8/logging/__init__.py", line 1089, in emit
    self.flush()
  File "/usr/local/lib/python3.8/logging/__init__.py", line 1069, in flush
    self.stream.flush()
RuntimeError: reentrant call inside <_io.BufferedWriter name='/opt/***/logs/dag_id=hn_pipeline/run_id=scheduled__2026-05-15T05:00:00+00:00/task_id=ingest_hn_to_kafka/attempt=1.log'>

During handling of the above exception, another exception occurred:

Traceback (most recent call last):
  File "/home/airflow/.local/lib/python3.8/site-packages/kafka/future.py", line 90, in _call_backs
    f(value)
  File "/home/airflow/.local/lib/python3.8/site-packages/kafka/conn.py", line 622, in _handle_api_versions_response
    log.info('%s: Broker version identified as %s', self, '.'.join(map(str, self._api_version)))
  File "/usr/local/lib/python3.8/logging/__init__.py", line 1446, in info
    self._log(INFO, msg, args, **kwargs)
  File "/usr/local/lib/python3.8/logging/__init__.py", line 1589, in _log
    self.handle(record)
  File "/usr/local/lib/python3.8/logging/__init__.py", line 1599, in handle
    self.callHandlers(record)
  File "/usr/local/lib/python3.8/logging/__init__.py", line 1661, in callHandlers
    hdlr.handle(record)
  File "/usr/local/lib/python3.8/logging/__init__.py", line 954, in handle
    self.emit(record)
  File "/home/airflow/.local/lib/python3.8/site-packages/airflow/utils/log/file_task_handler.py", line 247, in emit
    self.handler.emit(record)
  File "/usr/local/lib/python3.8/logging/__init__.py", line 1187, in emit
    StreamHandler.emit(self, record)
  File "/usr/local/lib/python3.8/logging/__init__.py", line 1089, in emit
    self.flush()
  File "/usr/local/lib/python3.8/logging/__init__.py", line 1069, in flush
    self.stream.flush()
  File "/home/airflow/.local/lib/python3.8/site-packages/airflow/models/taskinstance.py", line 2450, in signal_handler
    self.log.error("Received SIGTERM. Terminating subprocesses.")
  File "/usr/local/lib/python3.8/logging/__init__.py", line 1475, in error
    self._log(ERROR, msg, args, **kwargs)
  File "/usr/local/lib/python3.8/logging/__init__.py", line 1589, in _log
    self.handle(record)
  File "/usr/local/lib/python3.8/logging/__init__.py", line 1599, in handle
    self.callHandlers(record)
  File "/usr/local/lib/python3.8/logging/__init__.py", line 1661, in callHandlers
    hdlr.handle(record)
  File "/usr/local/lib/python3.8/logging/__init__.py", line 954, in handle
    self.emit(record)
  File "/home/airflow/.local/lib/python3.8/site-packages/airflow/utils/log/file_task_handler.py", line 247, in emit
    self.handler.emit(record)
  File "/usr/local/lib/python3.8/logging/__init__.py", line 1187, in emit
    StreamHandler.emit(self, record)
  File "/usr/local/lib/python3.8/logging/__init__.py", line 1093, in emit
    self.handleError(record)
  File "/usr/local/lib/python3.8/logging/__init__.py", line 1006, in handleError
    sys.stderr.write('--- Logging error ---\n')
  File "/home/airflow/.local/lib/python3.8/site-packages/airflow/utils/log/logging_mixin.py", line 200, in write
    self.flush()
  File "/home/airflow/.local/lib/python3.8/site-packages/airflow/utils/log/logging_mixin.py", line 207, in flush
    self._propagate_log(buf)
  File "/home/airflow/.local/lib/python3.8/site-packages/airflow/utils/log/logging_mixin.py", line 188, in _propagate_log
    self.logger.log(self.level, remove_escape_codes(message))
  File "/usr/local/lib/python3.8/logging/__init__.py", line 1512, in log
    self._log(level, msg, args, **kwargs)
  File "/usr/local/lib/python3.8/logging/__init__.py", line 1589, in _log
    self.handle(record)
  File "/usr/local/lib/python3.8/logging/__init__.py", line 1599, in handle
    self.callHandlers(record)
  File "/usr/local/lib/python3.8/logging/__init__.py", line 1661, in callHandlers
    hdlr.handle(record)
  File "/usr/local/lib/python3.8/logging/__init__.py", line 954, in handle
    self.emit(record)
  File "/home/airflow/.local/lib/python3.8/site-packages/airflow/utils/log/file_task_handler.py", line 247, in emit
    self.handler.emit(record)
  File "/usr/local/lib/python3.8/logging/__init__.py", line 1187, in emit
    StreamHandler.emit(self, record)
  File "/usr/local/lib/python3.8/logging/__init__.py", line 1093, in emit
    self.handleError(record)
  File "/usr/local/lib/python3.8/logging/__init__.py", line 1006, in handleError
    sys.stderr.write('--- Logging error ---\n')
  File "/home/airflow/.local/lib/python3.8/site-packages/airflow/utils/log/logging_mixin.py", line 200, in write
    self.flush()
  File "/home/airflow/.local/lib/python3.8/site-packages/airflow/utils/log/logging_mixin.py", line 207, in flush
    self._propagate_log(buf)
  File "/home/airflow/.local/lib/python3.8/site-packages/airflow/utils/log/logging_mixin.py", line 188, in _propagate_log
    self.logger.log(self.level, remove_escape_codes(message))
  File "/usr/local/lib/python3.8/logging/__init__.py", line 1512, in log
    self._log(level, msg, args, **kwargs)
  File "/usr/local/lib/python3.8/logging/__init__.py", line 1589, in _log
    self.handle(record)
  File "/usr/local/lib/python3.8/logging/__init__.py", line 1599, in handle
    self.callHandlers(record)
  File "/usr/local/lib/python3.8/logging/__init__.py", line 1661, in callHandlers
    hdlr.handle(record)
  File "/usr/local/lib/python3.8/logging/__init__.py", line 954, in handle
    self.emit(record)
  File "/home/airflow/.local/lib/python3.8/site-packages/airflow/utils/log/file_task_handler.py", line 247, in emit
    self.handler.emit(record)
  File "/usr/local/lib/python3.8/logging/__init__.py", line 1187, in emit
    StreamHandler.emit(self, record)
  File "/usr/local/lib/python3.8/logging/__init__.py", line 1093, in emit
    self.handleError(record)
  File "/usr/local/lib/python3.8/logging/__init__.py", line 1006, in handleError
    sys.stderr.write('--- Logging error ---\n')
  File "/home/airflow/.local/lib/python3.8/site-packages/airflow/utils/log/logging_mixin.py", line 200, in write
    self.flush()
  File "/home/airflow/.local/lib/python3.8/site-packages/airflow/utils/log/logging_mixin.py", line 207, in flush
    self._propagate_log(buf)
  File "/home/airflow/.local/lib/python3.8/site-packages/airflow/utils/log/logging_mixin.py", line 188, in _propagate_log
    self.logger.log(self.level, remove_escape_codes(message))
  File "/usr/local/lib/python3.8/logging/__init__.py", line 1512, in log
    self._log(level, msg, args, **kwargs)
  File "/usr/local/lib/python3.8/logging/__init__.py", line 1589, in _log
    self.handle(record)
  File "/usr/local/lib/python3.8/logging/__init__.py", line 1599, in handle
    self.callHandlers(record)
  File "/usr/local/lib/python3.8/logging/__init__.py", line 1661, in callHandlers
    hdlr.handle(record)
  File "/usr/local/lib/python3.8/logging/__init__.py", line 954, in handle
    self.emit(record)
  File "/home/airflow/.local/lib/python3.8/site-packages/airflow/utils/log/file_task_handler.py", line 247, in emit
    self.handler.emit(record)
  File "/usr/local/lib/python3.8/logging/__init__.py", line 1187, in emit
    StreamHandler.emit(self, record)
  File "/usr/local/lib/python3.8/logging/__init__.py", line 1093, in emit
    self.handleError(record)
  File "/usr/local/lib/python3.8/logging/__init__.py", line 1006, in handleError
    sys.stderr.write('--- Logging error ---\n')
  File "/home/airflow/.local/lib/python3.8/site-packages/airflow/utils/log/logging_mixin.py", line 200, in write
    self.flush()
  File "/home/airflow/.local/lib/python3.8/site-packages/airflow/utils/log/logging_mixin.py", line 207, in flush
    self._propagate_log(buf)
  File "/home/airflow/.local/lib/python3.8/site-packages/airflow/utils/log/logging_mixin.py", line 188, in _propagate_log
    self.logger.log(self.level, remove_escape_codes(message))
  File "/usr/local/lib/python3.8/logging/__init__.py", line 1512, in log
    self._log(level, msg, args, **kwargs)
  File "/usr/local/lib/python3.8/logging/__init__.py", line 1589, in _log
    self.handle(record)
  File "/usr/local/lib/python3.8/logging/__init__.py", line 1599, in handle
    self.callHandlers(record)
  File "/usr/local/lib/python3.8/logging/__init__.py", line 1661, in callHandlers
    hdlr.handle(record)
  File "/usr/local/lib/python3.8/logging/__init__.py", line 954, in handle
    self.emit(record)
  File "/home/airflow/.local/lib/python3.8/site-packages/airflow/utils/log/file_task_handler.py", line 247, in emit
    self.handler.emit(record)
  File "/usr/local/lib/python3.8/logging/__init__.py", line 1187, in emit
    StreamHandler.emit(self, record)
  File "/usr/local/lib/python3.8/logging/__init__.py", line 1093, in emit
    self.handleError(record)
  File "/usr/local/lib/python3.8/logging/__init__.py", line 1006, in handleError
    sys.stderr.write('--- Logging error ---\n')
  File "/home/airflow/.local/lib/python3.8/site-packages/airflow/utils/log/logging_mixin.py", line 200, in write
    self.flush()
  File "/home/airflow/.local/lib/python3.8/site-packages/airflow/utils/log/logging_mixin.py", line 207, in flush
    self._propagate_log(buf)
  File "/home/airflow/.local/lib/python3.8/site-packages/airflow/utils/log/logging_mixin.py", line 188, in _propagate_log
    self.logger.log(self.level, remove_escape_codes(message))
  File "/usr/local/lib/python3.8/logging/__init__.py", line 1512, in log
    self._log(level, msg, args, **kwargs)
  File "/usr/local/lib/python3.8/logging/__init__.py", line 1589, in _log
    self.handle(record)
  File "/usr/local/lib/python3.8/logging/__init__.py", line 1599, in handle
    self.callHandlers(record)
  File "/usr/local/lib/python3.8/logging/__init__.py", line 1661, in callHandlers
    hdlr.handle(record)
  File "/usr/local/lib/python3.8/logging/__init__.py", line 954, in handle
    self.emit(record)
  File "/home/airflow/.local/lib/python3.8/site-packages/airflow/utils/log/file_task_handler.py", line 247, in emit
    self.handler.emit(record)
  File "/usr/local/lib/python3.8/logging/__init__.py", line 1187, in emit
    StreamHandler.emit(self, record)
  File "/usr/local/lib/python3.8/logging/__init__.py", line 1093, in emit
    self.handleError(record)
  File "/usr/local/lib/python3.8/logging/__init__.py", line 1006, in handleError
    sys.stderr.write('--- Logging error ---\n')
  File "/home/airflow/.local/lib/python3.8/site-packages/airflow/utils/log/logging_mixin.py", line 200, in write
    self.flush()
  File "/home/airflow/.local/lib/python3.8/site-packages/airflow/utils/log/logging_mixin.py", line 207, in flush
    self._propagate_log(buf)
  File "/home/airflow/.local/lib/python3.8/site-packages/airflow/utils/log/logging_mixin.py", line 188, in _propagate_log
    self.logger.log(self.level, remove_escape_codes(message))
  File "/usr/local/lib/python3.8/logging/__init__.py", line 1512, in log
    self._log(level, msg, args, **kwargs)
  File "/usr/local/lib/python3.8/logging/__init__.py", line 1589, in _log
    self.handle(record)
  File "/usr/local/lib/python3.8/logging/__init__.py", line 1599, in handle
    self.callHandlers(record)
  File "/usr/local/lib/python3.8/logging/__init__.py", line 1661, in callHandlers
    hdlr.handle(record)
  File "/usr/local/lib/python3.8/logging/__init__.py", line 954, in handle
    self.emit(record)
  File "/home/airflow/.local/lib/python3.8/site-packages/airflow/utils/log/file_task_handler.py", line 247, in emit
    self.handler.emit(record)
  File "/usr/local/lib/python3.8/logging/__init__.py", line 1187, in emit
    StreamHandler.emit(self, record)
  File "/usr/local/lib/python3.8/logging/__init__.py", line 1093, in emit
    self.handleError(record)
  File "/usr/local/lib/python3.8/logging/__init__.py", line 1006, in handleError
    sys.stderr.write('--- Logging error ---\n')
  File "/home/airflow/.local/lib/python3.8/site-packages/airflow/utils/log/logging_mixin.py", line 200, in write
    self.flush()
  File "/home/airflow/.local/lib/python3.8/site-packages/airflow/utils/log/logging_mixin.py", line 207, in flush
    self._propagate_log(buf)
  File "/home/airflow/.local/lib/python3.8/site-packages/airflow/utils/log/logging_mixin.py", line 188, in _propagate_log
    self.logger.log(self.level, remove_escape_codes(message))
  File "/usr/local/lib/python3.8/logging/__init__.py", line 1512, in log
    self._log(level, msg, args, **kwargs)
  File "/usr/local/lib/python3.8/logging/__init__.py", line 1589, in _log
    self.handle(record)
  File "/usr/local/lib/python3.8/logging/__init__.py", line 1599, in handle
    self.callHandlers(record)
  File "/usr/local/lib/python3.8/logging/__init__.py", line 1661, in callHandlers
    hdlr.handle(record)
  File "/usr/local/lib/python3.8/logging/__init__.py", line 954, in handle
    self.emit(record)
  File "/home/airflow/.local/lib/python3.8/site-packages/airflow/utils/log/file_task_handler.py", line 247, in emit
    self.handler.emit(record)
  File "/usr/local/lib/python3.8/logging/__init__.py", line 1187, in emit
    StreamHandler.emit(self, record)
  File "/usr/local/lib/python3.8/logging/__init__.py", line 1093, in emit
    self.handleError(record)
  File "/usr/local/lib/python3.8/logging/__init__.py", line 1006, in handleError
    sys.stderr.write('--- Logging error ---\n')
  File "/home/airflow/.local/lib/python3.8/site-packages/airflow/utils/log/logging_mixin.py", line 200, in write
    self.flush()
  File "/home/airflow/.local/lib/python3.8/site-packages/airflow/utils/log/logging_mixin.py", line 207, in flush
    self._propagate_log(buf)
  File "/home/airflow/.local/lib/python3.8/site-packages/airflow/utils/log/logging_mixin.py", line 188, in _propagate_log
    self.logger.log(self.level, remove_escape_codes(message))
  File "/usr/local/lib/python3.8/logging/__init__.py", line 1512, in log
    self._log(level, msg, args, **kwargs)
  File "/usr/local/lib/python3.8/logging/__init__.py", line 1589, in _log
    self.handle(record)
  File "/usr/local/lib/python3.8/logging/__init__.py", line 1599, in handle
    self.callHandlers(record)
  File "/usr/local/lib/python3.8/logging/__init__.py", line 1661, in callHandlers
    hdlr.handle(record)
  File "/usr/local/lib/python3.8/logging/__init__.py", line 954, in handle
    self.emit(record)
  File "/home/airflow/.local/lib/python3.8/site-packages/airflow/utils/log/file_task_handler.py", line 247, in emit
    self.handler.emit(record)
  File "/usr/local/lib/python3.8/logging/__init__.py", line 1187, in emit
    StreamHandler.emit(self, record)
  File "/usr/local/lib/python3.8/logging/__init__.py", line 1093, in emit
    self.handleError(record)
  File "/usr/local/lib/python3.8/logging/__init__.py", line 1006, in handleError
    sys.stderr.write('--- Logging error ---\n')
  File "/home/airflow/.local/lib/python3.8/site-packages/airflow/utils/log/logging_mixin.py", line 200, in write
    self.flush()
  File "/home/airflow/.local/lib/python3.8/site-packages/airflow/utils/log/logging_mixin.py", line 207, in flush
    self._propagate_log(buf)
  File "/home/airflow/.local/lib/python3.8/site-packages/airflow/utils/log/logging_mixin.py", line 188, in _propagate_log
    self.logger.log(self.level, remove_escape_codes(message))
  File "/usr/local/lib/python3.8/logging/__init__.py", line 1512, in log
    self._log(level, msg, args, **kwargs)
  File "/usr/local/lib/python3.8/logging/__init__.py", line 1589, in _log
    self.handle(record)
  File "/usr/local/lib/python3.8/logging/__init__.py", line 1599, in handle
    self.callHandlers(record)
  File "/usr/local/lib/python3.8/logging/__init__.py", line 1661, in callHandlers
    hdlr.handle(record)
  File "/usr/local/lib/python3.8/logging/__init__.py", line 954, in handle
    self.emit(record)
  File "/home/airflow/.local/lib/python3.8/site-packages/airflow/utils/log/file_task_handler.py", line 247, in emit
    self.handler.emit(record)
  File "/usr/local/lib/python3.8/logging/__init__.py", line 1187, in emit
    StreamHandler.emit(self, record)
  File "/usr/local/lib/python3.8/logging/__init__.py", line 1093, in emit
    self.handleError(record)
  File "/usr/local/lib/python3.8/logging/__init__.py", line 1006, in handleError
    sys.stderr.write('--- Logging error ---\n')
  File "/home/airflow/.local/lib/python3.8/site-packages/airflow/utils/log/logging_mixin.py", line 200, in write
    self.flush()
  File "/home/airflow/.local/lib/python3.8/site-packages/airflow/utils/log/logging_mixin.py", line 207, in flush
    self._propagate_log(buf)
  File "/home/airflow/.local/lib/python3.8/site-packages/airflow/utils/log/logging_mixin.py", line 188, in _propagate_log
    self.logger.log(self.level, remove_escape_codes(message))
  File "/usr/local/lib/python3.8/logging/__init__.py", line 1512, in log
    self._log(level, msg, args, **kwargs)
  File "/usr/local/lib/python3.8/logging/__init__.py", line 1589, in _log
    self.handle(record)
  File "/usr/local/lib/python3.8/logging/__init__.py", line 1599, in handle
    self.callHandlers(record)
  File "/usr/local/lib/python3.8/logging/__init__.py", line 1661, in callHandlers
    hdlr.handle(record)
  File "/usr/local/lib/python3.8/logging/__init__.py", line 954, in handle
    self.emit(record)
  File "/home/airflow/.local/lib/python3.8/site-packages/airflow/utils/log/file_task_handler.py", line 247, in emit
    self.handler.emit(record)
  File "/usr/local/lib/python3.8/logging/__init__.py", line 1187, in emit
    StreamHandler.emit(self, record)
  File "/usr/local/lib/python3.8/logging/__init__.py", line 1093, in emit
    self.handleError(record)
  File "/usr/local/lib/python3.8/logging/__init__.py", line 1006, in handleError
    sys.stderr.write('--- Logging error ---\n')
  File "/home/airflow/.local/lib/python3.8/site-packages/airflow/utils/log/logging_mixin.py", line 200, in write
    self.flush()
  File "/home/airflow/.local/lib/python3.8/site-packages/airflow/utils/log/logging_mixin.py", line 207, in flush
    self._propagate_log(buf)
  File "/home/airflow/.local/lib/python3.8/site-packages/airflow/utils/log/logging_mixin.py", line 188, in _propagate_log
    self.logger.log(self.level, remove_escape_codes(message))
  File "/usr/local/lib/python3.8/logging/__init__.py", line 1512, in log
    self._log(level, msg, args, **kwargs)
  File "/usr/local/lib/python3.8/logging/__init__.py", line 1589, in _log
    self.handle(record)
  File "/usr/local/lib/python3.8/logging/__init__.py", line 1599, in handle
    self.callHandlers(record)
  File "/usr/local/lib/python3.8/logging/__init__.py", line 1661, in callHandlers
    hdlr.handle(record)
  File "/usr/local/lib/python3.8/logging/__init__.py", line 954, in handle
    self.emit(record)
  File "/home/airflow/.local/lib/python3.8/site-packages/airflow/utils/log/file_task_handler.py", line 247, in emit
    self.handler.emit(record)
  File "/usr/local/lib/python3.8/logging/__init__.py", line 1187, in emit
    StreamHandler.emit(self, record)
  File "/usr/local/lib/python3.8/logging/__init__.py", line 1093, in emit
    self.handleError(record)
  File "/usr/local/lib/python3.8/logging/__init__.py", line 1006, in handleError
    sys.stderr.write('--- Logging error ---\n')
  File "/home/airflow/.local/lib/python3.8/site-packages/airflow/utils/log/logging_mixin.py", line 200, in write
    self.flush()
  File "/home/airflow/.local/lib/python3.8/site-packages/airflow/utils/log/logging_mixin.py", line 207, in flush
    self._propagate_log(buf)
  File "/home/airflow/.local/lib/python3.8/site-packages/airflow/utils/log/logging_mixin.py", line 188, in _propagate_log
    self.logger.log(self.level, remove_escape_codes(message))
  File "/usr/local/lib/python3.8/logging/__init__.py", line 1512, in log
    self._log(level, msg, args, **kwargs)
  File "/usr/local/lib/python3.8/logging/__init__.py", line 1589, in _log
    self.handle(record)
  File "/usr/local/lib/python3.8/logging/__init__.py", line 1599, in handle
    self.callHandlers(record)
  File "/usr/local/lib/python3.8/logging/__init__.py", line 1661, in callHandlers
    hdlr.handle(record)
  File "/usr/local/lib/python3.8/logging/__init__.py", line 954, in handle
    self.emit(record)
  File "/home/airflow/.local/lib/python3.8/site-packages/airflow/utils/log/file_task_handler.py", line 247, in emit
    self.handler.emit(record)
  File "/usr/local/lib/python3.8/logging/__init__.py", line 1187, in emit
    StreamHandler.emit(self, record)
  File "/usr/local/lib/python3.8/logging/__init__.py", line 1093, in emit
    self.handleError(record)
  File "/usr/local/lib/python3.8/logging/__init__.py", line 1006, in handleError
    sys.stderr.write('--- Logging error ---\n')
  File "/home/airflow/.local/lib/python3.8/site-packages/airflow/utils/log/logging_mixin.py", line 200, in write
    self.flush()
  File "/home/airflow/.local/lib/python3.8/site-packages/airflow/utils/log/logging_mixin.py", line 207, in flush
    self._propagate_log(buf)
  File "/home/airflow/.local/lib/python3.8/site-packages/airflow/utils/log/logging_mixin.py", line 188, in _propagate_log
    self.logger.log(self.level, remove_escape_codes(message))
  File "/usr/local/lib/python3.8/logging/__init__.py", line 1512, in log
    self._log(level, msg, args, **kwargs)
  File "/usr/local/lib/python3.8/logging/__init__.py", line 1589, in _log
    self.handle(record)
  File "/usr/local/lib/python3.8/logging/__init__.py", line 1599, in handle
    self.callHandlers(record)
  File "/usr/local/lib/python3.8/logging/__init__.py", line 1661, in callHandlers
    hdlr.handle(record)
  File "/usr/local/lib/python3.8/logging/__init__.py", line 954, in handle
    self.emit(record)
  File "/home/airflow/.local/lib/python3.8/site-packages/airflow/utils/log/file_task_handler.py", line 247, in emit
    self.handler.emit(record)
  File "/usr/local/lib/python3.8/logging/__init__.py", line 1187, in emit
    StreamHandler.emit(self, record)
  File "/usr/local/lib/python3.8/logging/__init__.py", line 1093, in emit
    self.handleError(record)
  File "/usr/local/lib/python3.8/logging/__init__.py", line 1006, in handleError
    sys.stderr.write('--- Logging error ---\n')
  File "/home/airflow/.local/lib/python3.8/site-packages/airflow/utils/log/logging_mixin.py", line 200, in write
    self.flush()
  File "/home/airflow/.local/lib/python3.8/site-packages/airflow/utils/log/logging_mixin.py", line 207, in flush
    self._propagate_log(buf)
  File "/home/airflow/.local/lib/python3.8/site-packages/airflow/utils/log/logging_mixin.py", line 188, in _propagate_log
    self.logger.log(self.level, remove_escape_codes(message))
  File "/usr/local/lib/python3.8/logging/__init__.py", line 1512, in log
    self._log(level, msg, args, **kwargs)
  File "/usr/local/lib/python3.8/logging/__init__.py", line 1589, in _log
    self.handle(record)
  File "/usr/local/lib/python3.8/logging/__init__.py", line 1599, in handle
    self.callHandlers(record)
  File "/usr/local/lib/python3.8/logging/__init__.py", line 1661, in callHandlers
    hdlr.handle(record)
  File "/usr/local/lib/python3.8/logging/__init__.py", line 954, in handle
    self.emit(record)
  File "/home/airflow/.local/lib/python3.8/site-packages/airflow/utils/log/file_task_handler.py", line 247, in emit
    self.handler.emit(record)
  File "/usr/local/lib/python3.8/logging/__init__.py", line 1187, in emit
    StreamHandler.emit(self, record)
  File "/usr/local/lib/python3.8/logging/__init__.py", line 1093, in emit
    self.handleError(record)
  File "/usr/local/lib/python3.8/logging/__init__.py", line 1006, in handleError
    sys.stderr.write('--- Logging error ---\n')
  File "/home/airflow/.local/lib/python3.8/site-packages/airflow/utils/log/logging_mixin.py", line 200, in write
    self.flush()
  File "/home/airflow/.local/lib/python3.8/site-packages/airflow/utils/log/logging_mixin.py", line 207, in flush
    self._propagate_log(buf)
  File "/home/airflow/.local/lib/python3.8/site-packages/airflow/utils/log/logging_mixin.py", line 188, in _propagate_log
    self.logger.log(self.level, remove_escape_codes(message))
  File "/usr/local/lib/python3.8/logging/__init__.py", line 1512, in log
    self._log(level, msg, args, **kwargs)
  File "/usr/local/lib/python3.8/logging/__init__.py", line 1589, in _log
    self.handle(record)
  File "/usr/local/lib/python3.8/logging/__init__.py", line 1599, in handle
    self.callHandlers(record)
  File "/usr/local/lib/python3.8/logging/__init__.py", line 1661, in callHandlers
    hdlr.handle(record)
  File "/usr/local/lib/python3.8/logging/__init__.py", line 954, in handle
    self.emit(record)
  File "/home/airflow/.local/lib/python3.8/site-packages/airflow/utils/log/file_task_handler.py", line 247, in emit
    self.handler.emit(record)
  File "/usr/local/lib/python3.8/logging/__init__.py", line 1187, in emit
    StreamHandler.emit(self, record)
  File "/usr/local/lib/python3.8/logging/__init__.py", line 1093, in emit
    self.handleError(record)
  File "/usr/local/lib/python3.8/logging/__init__.py", line 1006, in handleError
    sys.stderr.write('--- Logging error ---\n')
  File "/home/airflow/.local/lib/python3.8/site-packages/airflow/utils/log/logging_mixin.py", line 200, in write
    self.flush()
  File "/home/airflow/.local/lib/python3.8/site-packages/airflow/utils/log/logging_mixin.py", line 207, in flush
    self._propagate_log(buf)
  File "/home/airflow/.local/lib/python3.8/site-packages/airflow/utils/log/logging_mixin.py", line 188, in _propagate_log
    self.logger.log(self.level, remove_escape_codes(message))
  File "/usr/local/lib/python3.8/logging/__init__.py", line 1512, in log
    self._log(level, msg, args, **kwargs)
  File "/usr/local/lib/python3.8/logging/__init__.py", line 1589, in _log
    self.handle(record)
  File "/usr/local/lib/python3.8/logging/__init__.py", line 1599, in handle
    self.callHandlers(record)
  File "/usr/local/lib/python3.8/logging/__init__.py", line 1661, in callHandlers
    hdlr.handle(record)
  File "/usr/local/lib/python3.8/logging/__init__.py", line 954, in handle
    self.emit(record)
  File "/home/airflow/.local/lib/python3.8/site-packages/airflow/utils/log/file_task_handler.py", line 247, in emit
    self.handler.emit(record)
  File "/usr/local/lib/python3.8/logging/__init__.py", line 1187, in emit
    StreamHandler.emit(self, record)
  File "/usr/local/lib/python3.8/logging/__init__.py", line 1093, in emit
    self.handleError(record)
  File "/usr/local/lib/python3.8/logging/__init__.py", line 1006, in handleError
    sys.stderr.write('--- Logging error ---\n')
  File "/home/airflow/.local/lib/python3.8/site-packages/airflow/utils/log/logging_mixin.py", line 200, in write
    self.flush()
  File "/home/airflow/.local/lib/python3.8/site-packages/airflow/utils/log/logging_mixin.py", line 207, in flush
    self._propagate_log(buf)
  File "/home/airflow/.local/lib/python3.8/site-packages/airflow/utils/log/logging_mixin.py", line 188, in _propagate_log
    self.logger.log(self.level, remove_escape_codes(message))
  File "/usr/local/lib/python3.8/logging/__init__.py", line 1512, in log
    self._log(level, msg, args, **kwargs)
  File "/usr/local/lib/python3.8/logging/__init__.py", line 1589, in _log
    self.handle(record)
  File "/usr/local/lib/python3.8/logging/__init__.py", line 1599, in handle
    self.callHandlers(record)
  File "/usr/local/lib/python3.8/logging/__init__.py", line 1661, in callHandlers
    hdlr.handle(record)
  File "/usr/local/lib/python3.8/logging/__init__.py", line 954, in handle
    self.emit(record)
  File "/home/airflow/.local/lib/python3.8/site-packages/airflow/utils/log/file_task_handler.py", line 247, in emit
    self.handler.emit(record)
  File "/usr/local/lib/python3.8/logging/__init__.py", line 1187, in emit
    StreamHandler.emit(self, record)
  File "/usr/local/lib/python3.8/logging/__init__.py", line 1093, in emit
    self.handleError(record)
  File "/usr/local/lib/python3.8/logging/__init__.py", line 1006, in handleError
    sys.stderr.write('--- Logging error ---\n')
  File "/home/airflow/.local/lib/python3.8/site-packages/airflow/utils/log/logging_mixin.py", line 200, in write
    self.flush()
  File "/home/airflow/.local/lib/python3.8/site-packages/airflow/utils/log/logging_mixin.py", line 207, in flush
    self._propagate_log(buf)
  File "/home/airflow/.local/lib/python3.8/site-packages/airflow/utils/log/logging_mixin.py", line 188, in _propagate_log
    self.logger.log(self.level, remove_escape_codes(message))
  File "/usr/local/lib/python3.8/logging/__init__.py", line 1512, in log
    self._log(level, msg, args, **kwargs)
  File "/usr/local/lib/python3.8/logging/__init__.py", line 1589, in _log
    self.handle(record)
  File "/usr/local/lib/python3.8/logging/__init__.py", line 1599, in handle
    self.callHandlers(record)
  File "/usr/local/lib/python3.8/logging/__init__.py", line 1661, in callHandlers
    hdlr.handle(record)
  File "/usr/local/lib/python3.8/logging/__init__.py", line 954, in handle
    self.emit(record)
  File "/home/airflow/.local/lib/python3.8/site-packages/airflow/utils/log/file_task_handler.py", line 247, in emit
    self.handler.emit(record)
  File "/usr/local/lib/python3.8/logging/__init__.py", line 1187, in emit
    StreamHandler.emit(self, record)
  File "/usr/local/lib/python3.8/logging/__init__.py", line 1093, in emit
    self.handleError(record)
  File "/usr/local/lib/python3.8/logging/__init__.py", line 1006, in handleError
    sys.stderr.write('--- Logging error ---\n')
  File "/home/airflow/.local/lib/python3.8/site-packages/airflow/utils/log/logging_mixin.py", line 200, in write
    self.flush()
  File "/home/airflow/.local/lib/python3.8/site-packages/airflow/utils/log/logging_mixin.py", line 207, in flush
    self._propagate_log(buf)
  File "/home/airflow/.local/lib/python3.8/site-packages/airflow/utils/log/logging_mixin.py", line 188, in _propagate_log
    self.logger.log(self.level, remove_escape_codes(message))
  File "/usr/local/lib/python3.8/logging/__init__.py", line 1512, in log
    self._log(level, msg, args, **kwargs)
  File "/usr/local/lib/python3.8/logging/__init__.py", line 1589, in _log
    self.handle(record)
  File "/usr/local/lib/python3.8/logging/__init__.py", line 1599, in handle
    self.callHandlers(record)
  File "/usr/local/lib/python3.8/logging/__init__.py", line 1661, in callHandlers
    hdlr.handle(record)
  File "/usr/local/lib/python3.8/logging/__init__.py", line 954, in handle
    self.emit(record)
  File "/home/airflow/.local/lib/python3.8/site-packages/airflow/utils/log/file_task_handler.py", line 247, in emit
    self.handler.emit(record)
  File "/usr/local/lib/python3.8/logging/__init__.py", line 1187, in emit
    StreamHandler.emit(self, record)
  File "/usr/local/lib/python3.8/logging/__init__.py", line 1093, in emit
    self.handleError(record)
  File "/usr/local/lib/python3.8/logging/__init__.py", line 1006, in handleError
    sys.stderr.write('--- Logging error ---\n')
  File "/home/airflow/.local/lib/python3.8/site-packages/airflow/utils/log/logging_mixin.py", line 200, in write
    self.flush()
  File "/home/airflow/.local/lib/python3.8/site-packages/airflow/utils/log/logging_mixin.py", line 207, in flush
    self._propagate_log(buf)
  File "/home/airflow/.local/lib/python3.8/site-packages/airflow/utils/log/logging_mixin.py", line 188, in _propagate_log
    self.logger.log(self.level, remove_escape_codes(message))
  File "/usr/local/lib/python3.8/logging/__init__.py", line 1512, in log
    self._log(level, msg, args, **kwargs)
  File "/usr/local/lib/python3.8/logging/__init__.py", line 1589, in _log
    self.handle(record)
  File "/usr/local/lib/python3.8/logging/__init__.py", line 1599, in handle
    self.callHandlers(record)
  File "/usr/local/lib/python3.8/logging/__init__.py", line 1661, in callHandlers
    hdlr.handle(record)
  File "/usr/local/lib/python3.8/logging/__init__.py", line 954, in handle
    self.emit(record)
  File "/home/airflow/.local/lib/python3.8/site-packages/airflow/utils/log/file_task_handler.py", line 247, in emit
    self.handler.emit(record)
  File "/usr/local/lib/python3.8/logging/__init__.py", line 1187, in emit
    StreamHandler.emit(self, record)
  File "/usr/local/lib/python3.8/logging/__init__.py", line 1093, in emit
    self.handleError(record)
  File "/usr/local/lib/python3.8/logging/__init__.py", line 1006, in handleError
    sys.stderr.write('--- Logging error ---\n')
  File "/home/airflow/.local/lib/python3.8/site-packages/airflow/utils/log/logging_mixin.py", line 200, in write
    self.flush()
  File "/home/airflow/.local/lib/python3.8/site-packages/airflow/utils/log/logging_mixin.py", line 207, in flush
    self._propagate_log(buf)
  File "/home/airflow/.local/lib/python3.8/site-packages/airflow/utils/log/logging_mixin.py", line 188, in _propagate_log
    self.logger.log(self.level, remove_escape_codes(message))
  File "/usr/local/lib/python3.8/logging/__init__.py", line 1512, in log
    self._log(level, msg, args, **kwargs)
  File "/usr/local/lib/python3.8/logging/__init__.py", line 1589, in _log
    self.handle(record)
  File "/usr/local/lib/python3.8/logging/__init__.py", line 1599, in handle
    self.callHandlers(record)
  File "/usr/local/lib/python3.8/logging/__init__.py", line 1661, in callHandlers
    hdlr.handle(record)
  File "/usr/local/lib/python3.8/logging/__init__.py", line 954, in handle
    self.emit(record)
  File "/home/airflow/.local/lib/python3.8/site-packages/airflow/utils/log/file_task_handler.py", line 247, in emit
    self.handler.emit(record)
  File "/usr/local/lib/python3.8/logging/__init__.py", line 1187, in emit
    StreamHandler.emit(self, record)
  File "/usr/local/lib/python3.8/logging/__init__.py", line 1093, in emit
    self.handleError(record)
  File "/usr/local/lib/python3.8/logging/__init__.py", line 1006, in handleError
    sys.stderr.write('--- Logging error ---\n')
  File "/home/airflow/.local/lib/python3.8/site-packages/airflow/utils/log/logging_mixin.py", line 200, in write
    self.flush()
  File "/home/airflow/.local/lib/python3.8/site-packages/airflow/utils/log/logging_mixin.py", line 207, in flush
    self._propagate_log(buf)
  File "/home/airflow/.local/lib/python3.8/site-packages/airflow/utils/log/logging_mixin.py", line 188, in _propagate_log
    self.logger.log(self.level, remove_escape_codes(message))
  File "/usr/local/lib/python3.8/logging/__init__.py", line 1512, in log
    self._log(level, msg, args, **kwargs)
  File "/usr/local/lib/python3.8/logging/__init__.py", line 1589, in _log
    self.handle(record)
  File "/usr/local/lib/python3.8/logging/__init__.py", line 1599, in handle
    self.callHandlers(record)
  File "/usr/local/lib/python3.8/logging/__init__.py", line 1661, in callHandlers
    hdlr.handle(record)
  File "/usr/local/lib/python3.8/logging/__init__.py", line 954, in handle
    self.emit(record)
  File "/home/airflow/.local/lib/python3.8/site-packages/airflow/utils/log/file_task_handler.py", line 247, in emit
    self.handler.emit(record)
  File "/usr/local/lib/python3.8/logging/__init__.py", line 1187, in emit
    StreamHandler.emit(self, record)
  File "/usr/local/lib/python3.8/logging/__init__.py", line 1093, in emit
    self.handleError(record)
  File "/usr/local/lib/python3.8/logging/__init__.py", line 1006, in handleError
    sys.stderr.write('--- Logging error ---\n')
  File "/home/airflow/.local/lib/python3.8/site-packages/airflow/utils/log/logging_mixin.py", line 200, in write
    self.flush()
  File "/home/airflow/.local/lib/python3.8/site-packages/airflow/utils/log/logging_mixin.py", line 207, in flush
    self._propagate_log(buf)
  File "/home/airflow/.local/lib/python3.8/site-packages/airflow/utils/log/logging_mixin.py", line 188, in _propagate_log
    self.logger.log(self.level, remove_escape_codes(message))
  File "/usr/local/lib/python3.8/logging/__init__.py", line 1512, in log
    self._log(level, msg, args, **kwargs)
  File "/usr/local/lib/python3.8/logging/__init__.py", line 1589, in _log
    self.handle(record)
  File "/usr/local/lib/python3.8/logging/__init__.py", line 1599, in handle
    self.callHandlers(record)
  File "/usr/local/lib/python3.8/logging/__init__.py", line 1661, in callHandlers
    hdlr.handle(record)
  File "/usr/local/lib/python3.8/logging/__init__.py", line 954, in handle
    self.emit(record)
  File "/home/airflow/.local/lib/python3.8/site-packages/airflow/utils/log/file_task_handler.py", line 247, in emit
    self.handler.emit(record)
  File "/usr/local/lib/python3.8/logging/__init__.py", line 1187, in emit
    StreamHandler.emit(self, record)
  File "/usr/local/lib/python3.8/logging/__init__.py", line 1093, in emit
    self.handleError(record)
  File "/usr/local/lib/python3.8/logging/__init__.py", line 1006, in handleError
    sys.stderr.write('--- Logging error ---\n')
  File "/home/airflow/.local/lib/python3.8/site-packages/airflow/utils/log/logging_mixin.py", line 200, in write
    self.flush()
  File "/home/airflow/.local/lib/python3.8/site-packages/airflow/utils/log/logging_mixin.py", line 207, in flush
    self._propagate_log(buf)
  File "/home/airflow/.local/lib/python3.8/site-packages/airflow/utils/log/logging_mixin.py", line 188, in _propagate_log
    self.logger.log(self.level, remove_escape_codes(message))
  File "/usr/local/lib/python3.8/logging/__init__.py", line 1512, in log
    self._log(level, msg, args, **kwargs)
  File "/usr/local/lib/python3.8/logging/__init__.py", line 1589, in _log
    self.handle(record)
  File "/usr/local/lib/python3.8/logging/__init__.py", line 1599, in handle
    self.callHandlers(record)
  File "/usr/local/lib/python3.8/logging/__init__.py", line 1661, in callHandlers
    hdlr.handle(record)
  File "/usr/local/lib/python3.8/logging/__init__.py", line 954, in handle
    self.emit(record)
  File "/home/airflow/.local/lib/python3.8/site-packages/airflow/utils/log/file_task_handler.py", line 247, in emit
    self.handler.emit(record)
  File "/usr/local/lib/python3.8/logging/__init__.py", line 1187, in emit
    StreamHandler.emit(self, record)
  File "/usr/local/lib/python3.8/logging/__init__.py", line 1093, in emit
    self.handleError(record)
  File "/usr/local/lib/python3.8/logging/__init__.py", line 1006, in handleError
    sys.stderr.write('--- Logging error ---\n')
  File "/home/airflow/.local/lib/python3.8/site-packages/airflow/utils/log/logging_mixin.py", line 200, in write
    self.flush()
  File "/home/airflow/.local/lib/python3.8/site-packages/airflow/utils/log/logging_mixin.py", line 207, in flush
    self._propagate_log(buf)
  File "/home/airflow/.local/lib/python3.8/site-packages/airflow/utils/log/logging_mixin.py", line 188, in _propagate_log
    self.logger.log(self.level, remove_escape_codes(message))
  File "/usr/local/lib/python3.8/logging/__init__.py", line 1512, in log
    self._log(level, msg, args, **kwargs)
  File "/usr/local/lib/python3.8/logging/__init__.py", line 1589, in _log
    self.handle(record)
  File "/usr/local/lib/python3.8/logging/__init__.py", line 1599, in handle
    self.callHandlers(record)
  File "/usr/local/lib/python3.8/logging/__init__.py", line 1661, in callHandlers
    hdlr.handle(record)
  File "/usr/local/lib/python3.8/logging/__init__.py", line 954, in handle
    self.emit(record)
  File "/home/airflow/.local/lib/python3.8/site-packages/airflow/utils/log/file_task_handler.py", line 247, in emit
    self.handler.emit(record)
  File "/usr/local/lib/python3.8/logging/__init__.py", line 1187, in emit
    StreamHandler.emit(self, record)
  File "/usr/local/lib/python3.8/logging/__init__.py", line 1093, in emit
    self.handleError(record)
  File "/usr/local/lib/python3.8/logging/__init__.py", line 1006, in handleError
    sys.stderr.write('--- Logging error ---\n')
  File "/home/airflow/.local/lib/python3.8/site-packages/airflow/utils/log/logging_mixin.py", line 200, in write
    self.flush()
  File "/home/airflow/.local/lib/python3.8/site-packages/airflow/utils/log/logging_mixin.py", line 207, in flush
    self._propagate_log(buf)
  File "/home/airflow/.local/lib/python3.8/site-packages/airflow/utils/log/logging_mixin.py", line 188, in _propagate_log
    self.logger.log(self.level, remove_escape_codes(message))
  File "/usr/local/lib/python3.8/logging/__init__.py", line 1512, in log
    self._log(level, msg, args, **kwargs)
  File "/usr/local/lib/python3.8/logging/__init__.py", line 1589, in _log
    self.handle(record)
  File "/usr/local/lib/python3.8/logging/__init__.py", line 1599, in handle
    self.callHandlers(record)
  File "/usr/local/lib/python3.8/logging/__init__.py", line 1661, in callHandlers
    hdlr.handle(record)
  File "/usr/local/lib/python3.8/logging/__init__.py", line 954, in handle
    self.emit(record)
  File "/home/airflow/.local/lib/python3.8/site-packages/airflow/utils/log/file_task_handler.py", line 247, in emit
    self.handler.emit(record)
  File "/usr/local/lib/python3.8/logging/__init__.py", line 1187, in emit
    StreamHandler.emit(self, record)
  File "/usr/local/lib/python3.8/logging/__init__.py", line 1093, in emit
    self.handleError(record)
  File "/usr/local/lib/python3.8/logging/__init__.py", line 1006, in handleError
    sys.stderr.write('--- Logging error ---\n')
  File "/home/airflow/.local/lib/python3.8/site-packages/airflow/utils/log/logging_mixin.py", line 200, in write
    self.flush()
  File "/home/airflow/.local/lib/python3.8/site-packages/airflow/utils/log/logging_mixin.py", line 207, in flush
    self._propagate_log(buf)
  File "/home/airflow/.local/lib/python3.8/site-packages/airflow/utils/log/logging_mixin.py", line 188, in _propagate_log
    self.logger.log(self.level, remove_escape_codes(message))
  File "/usr/local/lib/python3.8/logging/__init__.py", line 1512, in log
    self._log(level, msg, args, **kwargs)
  File "/usr/local/lib/python3.8/logging/__init__.py", line 1589, in _log
    self.handle(record)
  File "/usr/local/lib/python3.8/logging/__init__.py", line 1599, in handle
    self.callHandlers(record)
  File "/usr/local/lib/python3.8/logging/__init__.py", line 1661, in callHandlers
    hdlr.handle(record)
  File "/usr/local/lib/python3.8/logging/__init__.py", line 954, in handle
    self.emit(record)
  File "/home/airflow/.local/lib/python3.8/site-packages/airflow/utils/log/file_task_handler.py", line 247, in emit
    self.handler.emit(record)
  File "/usr/local/lib/python3.8/logging/__init__.py", line 1187, in emit
    StreamHandler.emit(self, record)
  File "/usr/local/lib/python3.8/logging/__init__.py", line 1093, in emit
    self.handleError(record)
  File "/usr/local/lib/python3.8/logging/__init__.py", line 1006, in handleError
    sys.stderr.write('--- Logging error ---\n')
  File "/home/airflow/.local/lib/python3.8/site-packages/airflow/utils/log/logging_mixin.py", line 200, in write
    self.flush()
  File "/home/airflow/.local/lib/python3.8/site-packages/airflow/utils/log/logging_mixin.py", line 207, in flush
    self._propagate_log(buf)
  File "/home/airflow/.local/lib/python3.8/site-packages/airflow/utils/log/logging_mixin.py", line 188, in _propagate_log
    self.logger.log(self.level, remove_escape_codes(message))
  File "/usr/local/lib/python3.8/logging/__init__.py", line 1512, in log
    self._log(level, msg, args, **kwargs)
  File "/usr/local/lib/python3.8/logging/__init__.py", line 1589, in _log
    self.handle(record)
  File "/usr/local/lib/python3.8/logging/__init__.py", line 1599, in handle
    self.callHandlers(record)
  File "/usr/local/lib/python3.8/logging/__init__.py", line 1661, in callHandlers
    hdlr.handle(record)
  File "/usr/local/lib/python3.8/logging/__init__.py", line 954, in handle
    self.emit(record)
  File "/home/airflow/.local/lib/python3.8/site-packages/airflow/utils/log/file_task_handler.py", line 247, in emit
    self.handler.emit(record)
  File "/usr/local/lib/python3.8/logging/__init__.py", line 1187, in emit
    StreamHandler.emit(self, record)
  File "/usr/local/lib/python3.8/logging/__init__.py", line 1093, in emit
    self.handleError(record)
  File "/usr/local/lib/python3.8/logging/__init__.py", line 1006, in handleError
    sys.stderr.write('--- Logging error ---\n')
  File "/home/airflow/.local/lib/python3.8/site-packages/airflow/utils/log/logging_mixin.py", line 200, in write
    self.flush()
  File "/home/airflow/.local/lib/python3.8/site-packages/airflow/utils/log/logging_mixin.py", line 207, in flush
    self._propagate_log(buf)
  File "/home/airflow/.local/lib/python3.8/site-packages/airflow/utils/log/logging_mixin.py", line 188, in _propagate_log
    self.logger.log(self.level, remove_escape_codes(message))
  File "/usr/local/lib/python3.8/logging/__init__.py", line 1512, in log
    self._log(level, msg, args, **kwargs)
  File "/usr/local/lib/python3.8/logging/__init__.py", line 1589, in _log
    self.handle(record)
  File "/usr/local/lib/python3.8/logging/__init__.py", line 1599, in handle
    self.callHandlers(record)
  File "/usr/local/lib/python3.8/logging/__init__.py", line 1661, in callHandlers
    hdlr.handle(record)
  File "/usr/local/lib/python3.8/logging/__init__.py", line 954, in handle
    self.emit(record)
  File "/home/airflow/.local/lib/python3.8/site-packages/airflow/utils/log/file_task_handler.py", line 247, in emit
    self.handler.emit(record)
  File "/usr/local/lib/python3.8/logging/__init__.py", line 1187, in emit
    StreamHandler.emit(self, record)
  File "/usr/local/lib/python3.8/logging/__init__.py", line 1093, in emit
    self.handleError(record)
  File "/usr/local/lib/python3.8/logging/__init__.py", line 1006, in handleError
    sys.stderr.write('--- Logging error ---\n')
  File "/home/airflow/.local/lib/python3.8/site-packages/airflow/utils/log/logging_mixin.py", line 200, in write
    self.flush()
  File "/home/airflow/.local/lib/python3.8/site-packages/airflow/utils/log/logging_mixin.py", line 207, in flush
    self._propagate_log(buf)
  File "/home/airflow/.local/lib/python3.8/site-packages/airflow/utils/log/logging_mixin.py", line 188, in _propagate_log
    self.logger.log(self.level, remove_escape_codes(message))
  File "/usr/local/lib/python3.8/logging/__init__.py", line 1512, in log
    self._log(level, msg, args, **kwargs)
  File "/usr/local/lib/python3.8/logging/__init__.py", line 1589, in _log
    self.handle(record)
  File "/usr/local/lib/python3.8/logging/__init__.py", line 1599, in handle
    self.callHandlers(record)
  File "/usr/local/lib/python3.8/logging/__init__.py", line 1661, in callHandlers
    hdlr.handle(record)
  File "/usr/local/lib/python3.8/logging/__init__.py", line 954, in handle
    self.emit(record)
  File "/home/airflow/.local/lib/python3.8/site-packages/airflow/utils/log/file_task_handler.py", line 247, in emit
    self.handler.emit(record)
  File "/usr/local/lib/python3.8/logging/__init__.py", line 1187, in emit
    StreamHandler.emit(self, record)
  File "/usr/local/lib/python3.8/logging/__init__.py", line 1093, in emit
    self.handleError(record)
  File "/usr/local/lib/python3.8/logging/__init__.py", line 1006, in handleError
    sys.stderr.write('--- Logging error ---\n')
  File "/home/airflow/.local/lib/python3.8/site-packages/airflow/utils/log/logging_mixin.py", line 200, in write
    self.flush()
  File "/home/airflow/.local/lib/python3.8/site-packages/airflow/utils/log/logging_mixin.py", line 207, in flush
    self._propagate_log(buf)
  File "/home/airflow/.local/lib/python3.8/site-packages/airflow/utils/log/logging_mixin.py", line 188, in _propagate_log
    self.logger.log(self.level, remove_escape_codes(message))
  File "/usr/local/lib/python3.8/logging/__init__.py", line 1512, in log
    self._log(level, msg, args, **kwargs)
  File "/usr/local/lib/python3.8/logging/__init__.py", line 1589, in _log
    self.handle(record)
  File "/usr/local/lib/python3.8/logging/__init__.py", line 1599, in handle
    self.callHandlers(record)
  File "/usr/local/lib/python3.8/logging/__init__.py", line 1661, in callHandlers
    hdlr.handle(record)
  File "/usr/local/lib/python3.8/logging/__init__.py", line 954, in handle
    self.emit(record)
  File "/home/airflow/.local/lib/python3.8/site-packages/airflow/utils/log/file_task_handler.py", line 247, in emit
    self.handler.emit(record)
  File "/usr/local/lib/python3.8/logging/__init__.py", line 1187, in emit
    StreamHandler.emit(self, record)
  File "/usr/local/lib/python3.8/logging/__init__.py", line 1093, in emit
    self.handleError(record)
  File "/usr/local/lib/python3.8/logging/__init__.py", line 1006, in handleError
    sys.stderr.write('--- Logging error ---\n')
  File "/home/airflow/.local/lib/python3.8/site-packages/airflow/utils/log/logging_mixin.py", line 200, in write
    self.flush()
  File "/home/airflow/.local/lib/python3.8/site-packages/airflow/utils/log/logging_mixin.py", line 207, in flush
    self._propagate_log(buf)
  File "/home/airflow/.local/lib/python3.8/site-packages/airflow/utils/log/logging_mixin.py", line 188, in _propagate_log
    self.logger.log(self.level, remove_escape_codes(message))
  File "/usr/local/lib/python3.8/logging/__init__.py", line 1512, in log
    self._log(level, msg, args, **kwargs)
  File "/usr/local/lib/python3.8/logging/__init__.py", line 1589, in _log
    self.handle(record)
  File "/usr/local/lib/python3.8/logging/__init__.py", line 1599, in handle
    self.callHandlers(record)
  File "/usr/local/lib/python3.8/logging/__init__.py", line 1661, in callHandlers
    hdlr.handle(record)
  File "/usr/local/lib/python3.8/logging/__init__.py", line 954, in handle
    self.emit(record)
  File "/home/airflow/.local/lib/python3.8/site-packages/airflow/utils/log/file_task_handler.py", line 247, in emit
    self.handler.emit(record)
  File "/usr/local/lib/python3.8/logging/__init__.py", line 1187, in emit
    StreamHandler.emit(self, record)
  File "/usr/local/lib/python3.8/logging/__init__.py", line 1093, in emit
    self.handleError(record)
  File "/usr/local/lib/python3.8/logging/__init__.py", line 1006, in handleError
    sys.stderr.write('--- Logging error ---\n')
  File "/home/airflow/.local/lib/python3.8/site-packages/airflow/utils/log/logging_mixin.py", line 200, in write
    self.flush()
  File "/home/airflow/.local/lib/python3.8/site-packages/airflow/utils/log/logging_mixin.py", line 207, in flush
    self._propagate_log(buf)
  File "/home/airflow/.local/lib/python3.8/site-packages/airflow/utils/log/logging_mixin.py", line 188, in _propagate_log
    self.logger.log(self.level, remove_escape_codes(message))
  File "/usr/local/lib/python3.8/logging/__init__.py", line 1512, in log
    self._log(level, msg, args, **kwargs)
  File "/usr/local/lib/python3.8/logging/__init__.py", line 1589, in _log
    self.handle(record)
  File "/usr/local/lib/python3.8/logging/__init__.py", line 1599, in handle
    self.callHandlers(record)
  File "/usr/local/lib/python3.8/logging/__init__.py", line 1661, in callHandlers
    hdlr.handle(record)
  File "/usr/local/lib/python3.8/logging/__init__.py", line 954, in handle
    self.emit(record)
  File "/home/airflow/.local/lib/python3.8/site-packages/airflow/utils/log/file_task_handler.py", line 247, in emit
    self.handler.emit(record)
  File "/usr/local/lib/python3.8/logging/__init__.py", line 1187, in emit
    StreamHandler.emit(self, record)
  File "/usr/local/lib/python3.8/logging/__init__.py", line 1093, in emit
    self.handleError(record)
  File "/usr/local/lib/python3.8/logging/__init__.py", line 1006, in handleError
    sys.stderr.write('--- Logging error ---\n')
  File "/home/airflow/.local/lib/python3.8/site-packages/airflow/utils/log/logging_mixin.py", line 200, in write
    self.flush()
  File "/home/airflow/.local/lib/python3.8/site-packages/airflow/utils/log/logging_mixin.py", line 207, in flush
    self._propagate_log(buf)
  File "/home/airflow/.local/lib/python3.8/site-packages/airflow/utils/log/logging_mixin.py", line 188, in _propagate_log
    self.logger.log(self.level, remove_escape_codes(message))
  File "/usr/local/lib/python3.8/logging/__init__.py", line 1512, in log
    self._log(level, msg, args, **kwargs)
  File "/usr/local/lib/python3.8/logging/__init__.py", line 1589, in _log
    self.handle(record)
  File "/usr/local/lib/python3.8/logging/__init__.py", line 1599, in handle
    self.callHandlers(record)
  File "/usr/local/lib/python3.8/logging/__init__.py", line 1661, in callHandlers
    hdlr.handle(record)
  File "/usr/local/lib/python3.8/logging/__init__.py", line 954, in handle
    self.emit(record)
  File "/home/airflow/.local/lib/python3.8/site-packages/airflow/utils/log/file_task_handler.py", line 247, in emit
    self.handler.emit(record)
  File "/usr/local/lib/python3.8/logging/__init__.py", line 1187, in emit
    StreamHandler.emit(self, record)
  File "/usr/local/lib/python3.8/logging/__init__.py", line 1093, in emit
    self.handleError(record)
  File "/usr/local/lib/python3.8/logging/__init__.py", line 1006, in handleError
    sys.stderr.write('--- Logging error ---\n')
  File "/home/airflow/.local/lib/python3.8/site-packages/airflow/utils/log/logging_mixin.py", line 200, in write
    self.flush()
  File "/home/airflow/.local/lib/python3.8/site-packages/airflow/utils/log/logging_mixin.py", line 207, in flush
    self._propagate_log(buf)
  File "/home/airflow/.local/lib/python3.8/site-packages/airflow/utils/log/logging_mixin.py", line 188, in _propagate_log
    self.logger.log(self.level, remove_escape_codes(message))
  File "/usr/local/lib/python3.8/logging/__init__.py", line 1512, in log
    self._log(level, msg, args, **kwargs)
  File "/usr/local/lib/python3.8/logging/__init__.py", line 1589, in _log
    self.handle(record)
  File "/usr/local/lib/python3.8/logging/__init__.py", line 1599, in handle
    self.callHandlers(record)
  File "/usr/local/lib/python3.8/logging/__init__.py", line 1661, in callHandlers
    hdlr.handle(record)
  File "/usr/local/lib/python3.8/logging/__init__.py", line 954, in handle
    self.emit(record)
  File "/home/airflow/.local/lib/python3.8/site-packages/airflow/utils/log/file_task_handler.py", line 247, in emit
    self.handler.emit(record)
  File "/usr/local/lib/python3.8/logging/__init__.py", line 1187, in emit
    StreamHandler.emit(self, record)
  File "/usr/local/lib/python3.8/logging/__init__.py", line 1093, in emit
    self.handleError(record)
  File "/usr/local/lib/python3.8/logging/__init__.py", line 1006, in handleError
    sys.stderr.write('--- Logging error ---\n')
  File "/home/airflow/.local/lib/python3.8/site-packages/airflow/utils/log/logging_mixin.py", line 200, in write
    self.flush()
  File "/home/airflow/.local/lib/python3.8/site-packages/airflow/utils/log/logging_mixin.py", line 207, in flush
    self._propagate_log(buf)
  File "/home/airflow/.local/lib/python3.8/site-packages/airflow/utils/log/logging_mixin.py", line 188, in _propagate_log
    self.logger.log(self.level, remove_escape_codes(message))
  File "/usr/local/lib/python3.8/logging/__init__.py", line 1512, in log
    self._log(level, msg, args, **kwargs)
  File "/usr/local/lib/python3.8/logging/__init__.py", line 1589, in _log
    self.handle(record)
  File "/usr/local/lib/python3.8/logging/__init__.py", line 1599, in handle
    self.callHandlers(record)
  File "/usr/local/lib/python3.8/logging/__init__.py", line 1661, in callHandlers
    hdlr.handle(record)
  File "/usr/local/lib/python3.8/logging/__init__.py", line 954, in handle
    self.emit(record)
  File "/home/airflow/.local/lib/python3.8/site-packages/airflow/utils/log/file_task_handler.py", line 247, in emit
    self.handler.emit(record)
  File "/usr/local/lib/python3.8/logging/__init__.py", line 1187, in emit
    StreamHandler.emit(self, record)
  File "/usr/local/lib/python3.8/logging/__init__.py", line 1093, in emit
    self.handleError(record)
  File "/usr/local/lib/python3.8/logging/__init__.py", line 1006, in handleError
    sys.stderr.write('--- Logging error ---\n')
  File "/home/airflow/.local/lib/python3.8/site-packages/airflow/utils/log/logging_mixin.py", line 200, in write
    self.flush()
  File "/home/airflow/.local/lib/python3.8/site-packages/airflow/utils/log/logging_mixin.py", line 207, in flush
    self._propagate_log(buf)
  File "/home/airflow/.local/lib/python3.8/site-packages/airflow/utils/log/logging_mixin.py", line 188, in _propagate_log
    self.logger.log(self.level, remove_escape_codes(message))
  File "/usr/local/lib/python3.8/logging/__init__.py", line 1512, in log
    self._log(level, msg, args, **kwargs)
  File "/usr/local/lib/python3.8/logging/__init__.py", line 1589, in _log
    self.handle(record)
  File "/usr/local/lib/python3.8/logging/__init__.py", line 1599, in handle
    self.callHandlers(record)
  File "/usr/local/lib/python3.8/logging/__init__.py", line 1661, in callHandlers
    hdlr.handle(record)
  File "/usr/local/lib/python3.8/logging/__init__.py", line 954, in handle
    self.emit(record)
  File "/home/airflow/.local/lib/python3.8/site-packages/airflow/utils/log/file_task_handler.py", line 247, in emit
    self.handler.emit(record)
  File "/usr/local/lib/python3.8/logging/__init__.py", line 1187, in emit
    StreamHandler.emit(self, record)
  File "/usr/local/lib/python3.8/logging/__init__.py", line 1093, in emit
    self.handleError(record)
  File "/usr/local/lib/python3.8/logging/__init__.py", line 1006, in handleError
    sys.stderr.write('--- Logging error ---\n')
  File "/home/airflow/.local/lib/python3.8/site-packages/airflow/utils/log/logging_mixin.py", line 200, in write
    self.flush()
  File "/home/airflow/.local/lib/python3.8/site-packages/airflow/utils/log/logging_mixin.py", line 207, in flush
    self._propagate_log(buf)
  File "/home/airflow/.local/lib/python3.8/site-packages/airflow/utils/log/logging_mixin.py", line 188, in _propagate_log
    self.logger.log(self.level, remove_escape_codes(message))
  File "/usr/local/lib/python3.8/logging/__init__.py", line 1512, in log
    self._log(level, msg, args, **kwargs)
  File "/usr/local/lib/python3.8/logging/__init__.py", line 1589, in _log
    self.handle(record)
  File "/usr/local/lib/python3.8/logging/__init__.py", line 1599, in handle
    self.callHandlers(record)
  File "/usr/local/lib/python3.8/logging/__init__.py", line 1661, in callHandlers
    hdlr.handle(record)
  File "/usr/local/lib/python3.8/logging/__init__.py", line 954, in handle
    self.emit(record)
  File "/home/airflow/.local/lib/python3.8/site-packages/airflow/utils/log/file_task_handler.py", line 247, in emit
    self.handler.emit(record)
  File "/usr/local/lib/python3.8/logging/__init__.py", line 1187, in emit
    StreamHandler.emit(self, record)
  File "/usr/local/lib/python3.8/logging/__init__.py", line 1093, in emit
    self.handleError(record)
  File "/usr/local/lib/python3.8/logging/__init__.py", line 1006, in handleError
    sys.stderr.write('--- Logging error ---\n')
  File "/home/airflow/.local/lib/python3.8/site-packages/airflow/utils/log/logging_mixin.py", line 200, in write
    self.flush()
  File "/home/airflow/.local/lib/python3.8/site-packages/airflow/utils/log/logging_mixin.py", line 207, in flush
    self._propagate_log(buf)
  File "/home/airflow/.local/lib/python3.8/site-packages/airflow/utils/log/logging_mixin.py", line 188, in _propagate_log
    self.logger.log(self.level, remove_escape_codes(message))
  File "/usr/local/lib/python3.8/logging/__init__.py", line 1512, in log
    self._log(level, msg, args, **kwargs)
  File "/usr/local/lib/python3.8/logging/__init__.py", line 1589, in _log
    self.handle(record)
  File "/usr/local/lib/python3.8/logging/__init__.py", line 1599, in handle
    self.callHandlers(record)
  File "/usr/local/lib/python3.8/logging/__init__.py", line 1661, in callHandlers
    hdlr.handle(record)
  File "/usr/local/lib/python3.8/logging/__init__.py", line 954, in handle
    self.emit(record)
  File "/home/airflow/.local/lib/python3.8/site-packages/airflow/utils/log/file_task_handler.py", line 247, in emit
    self.handler.emit(record)
  File "/usr/local/lib/python3.8/logging/__init__.py", line 1187, in emit
    StreamHandler.emit(self, record)
  File "/usr/local/lib/python3.8/logging/__init__.py", line 1093, in emit
    self.handleError(record)
  File "/usr/local/lib/python3.8/logging/__init__.py", line 1006, in handleError
    sys.stderr.write('--- Logging error ---\n')
  File "/home/airflow/.local/lib/python3.8/site-packages/airflow/utils/log/logging_mixin.py", line 200, in write
    self.flush()
  File "/home/airflow/.local/lib/python3.8/site-packages/airflow/utils/log/logging_mixin.py", line 207, in flush
    self._propagate_log(buf)
  File "/home/airflow/.local/lib/python3.8/site-packages/airflow/utils/log/logging_mixin.py", line 188, in _propagate_log
    self.logger.log(self.level, remove_escape_codes(message))
  File "/usr/local/lib/python3.8/logging/__init__.py", line 1512, in log
    self._log(level, msg, args, **kwargs)
  File "/usr/local/lib/python3.8/logging/__init__.py", line 1589, in _log
    self.handle(record)
  File "/usr/local/lib/python3.8/logging/__init__.py", line 1599, in handle
    self.callHandlers(record)
  File "/usr/local/lib/python3.8/logging/__init__.py", line 1661, in callHandlers
    hdlr.handle(record)
  File "/usr/local/lib/python3.8/logging/__init__.py", line 954, in handle
    self.emit(record)
  File "/home/airflow/.local/lib/python3.8/site-packages/airflow/utils/log/file_task_handler.py", line 247, in emit
    self.handler.emit(record)
  File "/usr/local/lib/python3.8/logging/__init__.py", line 1187, in emit
    StreamHandler.emit(self, record)
  File "/usr/local/lib/python3.8/logging/__init__.py", line 1093, in emit
    self.handleError(record)
  File "/usr/local/lib/python3.8/logging/__init__.py", line 1006, in handleError
    sys.stderr.write('--- Logging error ---\n')
  File "/home/airflow/.local/lib/python3.8/site-packages/airflow/utils/log/logging_mixin.py", line 200, in write
    self.flush()
  File "/home/airflow/.local/lib/python3.8/site-packages/airflow/utils/log/logging_mixin.py", line 207, in flush
    self._propagate_log(buf)
  File "/home/airflow/.local/lib/python3.8/site-packages/airflow/utils/log/logging_mixin.py", line 188, in _propagate_log
    self.logger.log(self.level, remove_escape_codes(message))
  File "/usr/local/lib/python3.8/logging/__init__.py", line 1512, in log
    self._log(level, msg, args, **kwargs)
  File "/usr/local/lib/python3.8/logging/__init__.py", line 1589, in _log
    self.handle(record)
  File "/usr/local/lib/python3.8/logging/__init__.py", line 1599, in handle
    self.callHandlers(record)
  File "/usr/local/lib/python3.8/logging/__init__.py", line 1661, in callHandlers
    hdlr.handle(record)
  File "/usr/local/lib/python3.8/logging/__init__.py", line 954, in handle
    self.emit(record)
  File "/home/airflow/.local/lib/python3.8/site-packages/airflow/utils/log/file_task_handler.py", line 247, in emit
    self.handler.emit(record)
  File "/usr/local/lib/python3.8/logging/__init__.py", line 1187, in emit
    StreamHandler.emit(self, record)
  File "/usr/local/lib/python3.8/logging/__init__.py", line 1093, in emit
    self.handleError(record)
  File "/usr/local/lib/python3.8/logging/__init__.py", line 1006, in handleError
    sys.stderr.write('--- Logging error ---\n')
  File "/home/airflow/.local/lib/python3.8/site-packages/airflow/utils/log/logging_mixin.py", line 200, in write
    self.flush()
  File "/home/airflow/.local/lib/python3.8/site-packages/airflow/utils/log/logging_mixin.py", line 207, in flush
    self._propagate_log(buf)
  File "/home/airflow/.local/lib/python3.8/site-packages/airflow/utils/log/logging_mixin.py", line 188, in _propagate_log
    self.logger.log(self.level, remove_escape_codes(message))
  File "/usr/local/lib/python3.8/logging/__init__.py", line 1512, in log
    self._log(level, msg, args, **kwargs)
  File "/usr/local/lib/python3.8/logging/__init__.py", line 1589, in _log
    self.handle(record)
  File "/usr/local/lib/python3.8/logging/__init__.py", line 1599, in handle
    self.callHandlers(record)
  File "/usr/local/lib/python3.8/logging/__init__.py", line 1661, in callHandlers
    hdlr.handle(record)
  File "/usr/local/lib/python3.8/logging/__init__.py", line 954, in handle
    self.emit(record)
  File "/home/airflow/.local/lib/python3.8/site-packages/airflow/utils/log/file_task_handler.py", line 247, in emit
    self.handler.emit(record)
  File "/usr/local/lib/python3.8/logging/__init__.py", line 1187, in emit
    StreamHandler.emit(self, record)
  File "/usr/local/lib/python3.8/logging/__init__.py", line 1093, in emit
    self.handleError(record)
  File "/usr/local/lib/python3.8/logging/__init__.py", line 1006, in handleError
    sys.stderr.write('--- Logging error ---\n')
  File "/home/airflow/.local/lib/python3.8/site-packages/airflow/utils/log/logging_mixin.py", line 200, in write
    self.flush()
  File "/home/airflow/.local/lib/python3.8/site-packages/airflow/utils/log/logging_mixin.py", line 207, in flush
    self._propagate_log(buf)
  File "/home/airflow/.local/lib/python3.8/site-packages/airflow/utils/log/logging_mixin.py", line 188, in _propagate_log
    self.logger.log(self.level, remove_escape_codes(message))
  File "/usr/local/lib/python3.8/logging/__init__.py", line 1512, in log
    self._log(level, msg, args, **kwargs)
  File "/usr/local/lib/python3.8/logging/__init__.py", line 1589, in _log
    self.handle(record)
  File "/usr/local/lib/python3.8/logging/__init__.py", line 1599, in handle
    self.callHandlers(record)
  File "/usr/local/lib/python3.8/logging/__init__.py", line 1661, in callHandlers
    hdlr.handle(record)
  File "/usr/local/lib/python3.8/logging/__init__.py", line 954, in handle
    self.emit(record)
  File "/home/airflow/.local/lib/python3.8/site-packages/airflow/utils/log/file_task_handler.py", line 247, in emit
    self.handler.emit(record)
  File "/usr/local/lib/python3.8/logging/__init__.py", line 1187, in emit
    StreamHandler.emit(self, record)
  File "/usr/local/lib/python3.8/logging/__init__.py", line 1093, in emit
    self.handleError(record)
  File "/usr/local/lib/python3.8/logging/__init__.py", line 1006, in handleError
    sys.stderr.write('--- Logging error ---\n')
  File "/home/airflow/.local/lib/python3.8/site-packages/airflow/utils/log/logging_mixin.py", line 200, in write
    self.flush()
  File "/home/airflow/.local/lib/python3.8/site-packages/airflow/utils/log/logging_mixin.py", line 207, in flush
    self._propagate_log(buf)
  File "/home/airflow/.local/lib/python3.8/site-packages/airflow/utils/log/logging_mixin.py", line 188, in _propagate_log
    self.logger.log(self.level, remove_escape_codes(message))
  File "/usr/local/lib/python3.8/logging/__init__.py", line 1512, in log
    self._log(level, msg, args, **kwargs)
  File "/usr/local/lib/python3.8/logging/__init__.py", line 1589, in _log
    self.handle(record)
  File "/usr/local/lib/python3.8/logging/__init__.py", line 1599, in handle
    self.callHandlers(record)
  File "/usr/local/lib/python3.8/logging/__init__.py", line 1661, in callHandlers
    hdlr.handle(record)
  File "/usr/local/lib/python3.8/logging/__init__.py", line 954, in handle
    self.emit(record)
  File "/home/airflow/.local/lib/python3.8/site-packages/airflow/utils/log/file_task_handler.py", line 247, in emit
    self.handler.emit(record)
  File "/usr/local/lib/python3.8/logging/__init__.py", line 1187, in emit
    StreamHandler.emit(self, record)
  File "/usr/local/lib/python3.8/logging/__init__.py", line 1093, in emit
    self.handleError(record)
  File "/usr/local/lib/python3.8/logging/__init__.py", line 1006, in handleError
    sys.stderr.write('--- Logging error ---\n')
  File "/home/airflow/.local/lib/python3.8/site-packages/airflow/utils/log/logging_mixin.py", line 200, in write
    self.flush()
  File "/home/airflow/.local/lib/python3.8/site-packages/airflow/utils/log/logging_mixin.py", line 207, in flush
    self._propagate_log(buf)
  File "/home/airflow/.local/lib/python3.8/site-packages/airflow/utils/log/logging_mixin.py", line 188, in _propagate_log
    self.logger.log(self.level, remove_escape_codes(message))
  File "/usr/local/lib/python3.8/logging/__init__.py", line 1512, in log
    self._log(level, msg, args, **kwargs)
  File "/usr/local/lib/python3.8/logging/__init__.py", line 1589, in _log
    self.handle(record)
  File "/usr/local/lib/python3.8/logging/__init__.py", line 1599, in handle
    self.callHandlers(record)
  File "/usr/local/lib/python3.8/logging/__init__.py", line 1661, in callHandlers
    hdlr.handle(record)
  File "/usr/local/lib/python3.8/logging/__init__.py", line 954, in handle
    self.emit(record)
  File "/home/airflow/.local/lib/python3.8/site-packages/airflow/utils/log/file_task_handler.py", line 247, in emit
    self.handler.emit(record)
  File "/usr/local/lib/python3.8/logging/__init__.py", line 1187, in emit
    StreamHandler.emit(self, record)
  File "/usr/local/lib/python3.8/logging/__init__.py", line 1093, in emit
    self.handleError(record)
  File "/usr/local/lib/python3.8/logging/__init__.py", line 1006, in handleError
    sys.stderr.write('--- Logging error ---\n')
  File "/home/airflow/.local/lib/python3.8/site-packages/airflow/utils/log/logging_mixin.py", line 200, in write
    self.flush()
  File "/home/airflow/.local/lib/python3.8/site-packages/airflow/utils/log/logging_mixin.py", line 207, in flush
    self._propagate_log(buf)
  File "/home/airflow/.local/lib/python3.8/site-packages/airflow/utils/log/logging_mixin.py", line 188, in _propagate_log
    self.logger.log(self.level, remove_escape_codes(message))
  File "/usr/local/lib/python3.8/logging/__init__.py", line 1512, in log
    self._log(level, msg, args, **kwargs)
  File "/usr/local/lib/python3.8/logging/__init__.py", line 1589, in _log
    self.handle(record)
  File "/usr/local/lib/python3.8/logging/__init__.py", line 1599, in handle
    self.callHandlers(record)
  File "/usr/local/lib/python3.8/logging/__init__.py", line 1661, in callHandlers
    hdlr.handle(record)
  File "/usr/local/lib/python3.8/logging/__init__.py", line 954, in handle
    self.emit(record)
  File "/home/airflow/.local/lib/python3.8/site-packages/airflow/utils/log/file_task_handler.py", line 247, in emit
    self.handler.emit(record)
  File "/usr/local/lib/python3.8/logging/__init__.py", line 1187, in emit
    StreamHandler.emit(self, record)
  File "/usr/local/lib/python3.8/logging/__init__.py", line 1093, in emit
    self.handleError(record)
  File "/usr/local/lib/python3.8/logging/__init__.py", line 1006, in handleError
    sys.stderr.write('--- Logging error ---\n')
  File "/home/airflow/.local/lib/python3.8/site-packages/airflow/utils/log/logging_mixin.py", line 200, in write
    self.flush()
  File "/home/airflow/.local/lib/python3.8/site-packages/airflow/utils/log/logging_mixin.py", line 207, in flush
    self._propagate_log(buf)
  File "/home/airflow/.local/lib/python3.8/site-packages/airflow/utils/log/logging_mixin.py", line 188, in _propagate_log
    self.logger.log(self.level, remove_escape_codes(message))
  File "/usr/local/lib/python3.8/logging/__init__.py", line 1512, in log
    self._log(level, msg, args, **kwargs)
  File "/usr/local/lib/python3.8/logging/__init__.py", line 1589, in _log
    self.handle(record)
  File "/usr/local/lib/python3.8/logging/__init__.py", line 1599, in handle
    self.callHandlers(record)
  File "/usr/local/lib/python3.8/logging/__init__.py", line 1661, in callHandlers
    hdlr.handle(record)
  File "/usr/local/lib/python3.8/logging/__init__.py", line 954, in handle
    self.emit(record)
  File "/home/airflow/.local/lib/python3.8/site-packages/airflow/utils/log/file_task_handler.py", line 247, in emit
    self.handler.emit(record)
  File "/usr/local/lib/python3.8/logging/__init__.py", line 1187, in emit
    StreamHandler.emit(self, record)
  File "/usr/local/lib/python3.8/logging/__init__.py", line 1093, in emit
    self.handleError(record)
  File "/usr/local/lib/python3.8/logging/__init__.py", line 1006, in handleError
    sys.stderr.write('--- Logging error ---\n')
  File "/home/airflow/.local/lib/python3.8/site-packages/airflow/utils/log/logging_mixin.py", line 200, in write
    self.flush()
  File "/home/airflow/.local/lib/python3.8/site-packages/airflow/utils/log/logging_mixin.py", line 207, in flush
    self._propagate_log(buf)
  File "/home/airflow/.local/lib/python3.8/site-packages/airflow/utils/log/logging_mixin.py", line 188, in _propagate_log
    self.logger.log(self.level, remove_escape_codes(message))
  File "/usr/local/lib/python3.8/logging/__init__.py", line 1512, in log
    self._log(level, msg, args, **kwargs)
  File "/usr/local/lib/python3.8/logging/__init__.py", line 1589, in _log
    self.handle(record)
  File "/usr/local/lib/python3.8/logging/__init__.py", line 1599, in handle
    self.callHandlers(record)
  File "/usr/local/lib/python3.8/logging/__init__.py", line 1661, in callHandlers
    hdlr.handle(record)
  File "/usr/local/lib/python3.8/logging/__init__.py", line 954, in handle
    self.emit(record)
  File "/home/airflow/.local/lib/python3.8/site-packages/airflow/utils/log/file_task_handler.py", line 247, in emit
    self.handler.emit(record)
  File "/usr/local/lib/python3.8/logging/__init__.py", line 1187, in emit
    StreamHandler.emit(self, record)
  File "/usr/local/lib/python3.8/logging/__init__.py", line 1093, in emit
    self.handleError(record)
  File "/usr/local/lib/python3.8/logging/__init__.py", line 1006, in handleError
    sys.stderr.write('--- Logging error ---\n')
  File "/home/airflow/.local/lib/python3.8/site-packages/airflow/utils/log/logging_mixin.py", line 200, in write
    self.flush()
  File "/home/airflow/.local/lib/python3.8/site-packages/airflow/utils/log/logging_mixin.py", line 207, in flush
    self._propagate_log(buf)
  File "/home/airflow/.local/lib/python3.8/site-packages/airflow/utils/log/logging_mixin.py", line 188, in _propagate_log
    self.logger.log(self.level, remove_escape_codes(message))
  File "/usr/local/lib/python3.8/logging/__init__.py", line 1512, in log
    self._log(level, msg, args, **kwargs)
  File "/usr/local/lib/python3.8/logging/__init__.py", line 1589, in _log
    self.handle(record)
  File "/usr/local/lib/python3.8/logging/__init__.py", line 1599, in handle
    self.callHandlers(record)
  File "/usr/local/lib/python3.8/logging/__init__.py", line 1661, in callHandlers
    hdlr.handle(record)
  File "/usr/local/lib/python3.8/logging/__init__.py", line 954, in handle
    self.emit(record)
  File "/home/airflow/.local/lib/python3.8/site-packages/airflow/utils/log/file_task_handler.py", line 247, in emit
    self.handler.emit(record)
  File "/usr/local/lib/python3.8/logging/__init__.py", line 1187, in emit
    StreamHandler.emit(self, record)
  File "/usr/local/lib/python3.8/logging/__init__.py", line 1093, in emit
    self.handleError(record)
  File "/usr/local/lib/python3.8/logging/__init__.py", line 1006, in handleError
    sys.stderr.write('--- Logging error ---\n')
  File "/home/airflow/.local/lib/python3.8/site-packages/airflow/utils/log/logging_mixin.py", line 200, in write
    self.flush()
  File "/home/airflow/.local/lib/python3.8/site-packages/airflow/utils/log/logging_mixin.py", line 207, in flush
    self._propagate_log(buf)
  File "/home/airflow/.local/lib/python3.8/site-packages/airflow/utils/log/logging_mixin.py", line 188, in _propagate_log
    self.logger.log(self.level, remove_escape_codes(message))
  File "/usr/local/lib/python3.8/logging/__init__.py", line 1512, in log
    self._log(level, msg, args, **kwargs)
  File "/usr/local/lib/python3.8/logging/__init__.py", line 1589, in _log
    self.handle(record)
  File "/usr/local/lib/python3.8/logging/__init__.py", line 1599, in handle
    self.callHandlers(record)
  File "/usr/local/lib/python3.8/logging/__init__.py", line 1661, in callHandlers
    hdlr.handle(record)
  File "/usr/local/lib/python3.8/logging/__init__.py", line 954, in handle
    self.emit(record)
  File "/home/airflow/.local/lib/python3.8/site-packages/airflow/utils/log/file_task_handler.py", line 247, in emit
    self.handler.emit(record)
  File "/usr/local/lib/python3.8/logging/__init__.py", line 1187, in emit
    StreamHandler.emit(self, record)
  File "/usr/local/lib/python3.8/logging/__init__.py", line 1093, in emit
    self.handleError(record)
  File "/usr/local/lib/python3.8/logging/__init__.py", line 1006, in handleError
    sys.stderr.write('--- Logging error ---\n')
  File "/home/airflow/.local/lib/python3.8/site-packages/airflow/utils/log/logging_mixin.py", line 200, in write
    self.flush()
  File "/home/airflow/.local/lib/python3.8/site-packages/airflow/utils/log/logging_mixin.py", line 207, in flush
    self._propagate_log(buf)
  File "/home/airflow/.local/lib/python3.8/site-packages/airflow/utils/log/logging_mixin.py", line 188, in _propagate_log
    self.logger.log(self.level, remove_escape_codes(message))
  File "/usr/local/lib/python3.8/logging/__init__.py", line 1512, in log
    self._log(level, msg, args, **kwargs)
  File "/usr/local/lib/python3.8/logging/__init__.py", line 1589, in _log
    self.handle(record)
  File "/usr/local/lib/python3.8/logging/__init__.py", line 1599, in handle
    self.callHandlers(record)
  File "/usr/local/lib/python3.8/logging/__init__.py", line 1661, in callHandlers
    hdlr.handle(record)
  File "/usr/local/lib/python3.8/logging/__init__.py", line 954, in handle
    self.emit(record)
  File "/home/airflow/.local/lib/python3.8/site-packages/airflow/utils/log/file_task_handler.py", line 247, in emit
    self.handler.emit(record)
  File "/usr/local/lib/python3.8/logging/__init__.py", line 1187, in emit
    StreamHandler.emit(self, record)
  File "/usr/local/lib/python3.8/logging/__init__.py", line 1093, in emit
    self.handleError(record)
  File "/usr/local/lib/python3.8/logging/__init__.py", line 1006, in handleError
    sys.stderr.write('--- Logging error ---\n')
  File "/home/airflow/.local/lib/python3.8/site-packages/airflow/utils/log/logging_mixin.py", line 200, in write
    self.flush()
  File "/home/airflow/.local/lib/python3.8/site-packages/airflow/utils/log/logging_mixin.py", line 207, in flush
    self._propagate_log(buf)
  File "/home/airflow/.local/lib/python3.8/site-packages/airflow/utils/log/logging_mixin.py", line 188, in _propagate_log
    self.logger.log(self.level, remove_escape_codes(message))
  File "/usr/local/lib/python3.8/logging/__init__.py", line 1512, in log
    self._log(level, msg, args, **kwargs)
  File "/usr/local/lib/python3.8/logging/__init__.py", line 1589, in _log
    self.handle(record)
  File "/usr/local/lib/python3.8/logging/__init__.py", line 1599, in handle
    self.callHandlers(record)
  File "/usr/local/lib/python3.8/logging/__init__.py", line 1661, in callHandlers
    hdlr.handle(record)
  File "/usr/local/lib/python3.8/logging/__init__.py", line 954, in handle
    self.emit(record)
  File "/home/airflow/.local/lib/python3.8/site-packages/airflow/utils/log/file_task_handler.py", line 247, in emit
    self.handler.emit(record)
  File "/usr/local/lib/python3.8/logging/__init__.py", line 1187, in emit
    StreamHandler.emit(self, record)
  File "/usr/local/lib/python3.8/logging/__init__.py", line 1093, in emit
    self.handleError(record)
  File "/usr/local/lib/python3.8/logging/__init__.py", line 1006, in handleError
    sys.stderr.write('--- Logging error ---\n')
  File "/home/airflow/.local/lib/python3.8/site-packages/airflow/utils/log/logging_mixin.py", line 200, in write
    self.flush()
  File "/home/airflow/.local/lib/python3.8/site-packages/airflow/utils/log/logging_mixin.py", line 207, in flush
    self._propagate_log(buf)
  File "/home/airflow/.local/lib/python3.8/site-packages/airflow/utils/log/logging_mixin.py", line 188, in _propagate_log
    self.logger.log(self.level, remove_escape_codes(message))
  File "/usr/local/lib/python3.8/logging/__init__.py", line 1512, in log
    self._log(level, msg, args, **kwargs)
  File "/usr/local/lib/python3.8/logging/__init__.py", line 1589, in _log
    self.handle(record)
  File "/usr/local/lib/python3.8/logging/__init__.py", line 1599, in handle
    self.callHandlers(record)
  File "/usr/local/lib/python3.8/logging/__init__.py", line 1661, in callHandlers
    hdlr.handle(record)
  File "/usr/local/lib/python3.8/logging/__init__.py", line 954, in handle
    self.emit(record)
  File "/home/airflow/.local/lib/python3.8/site-packages/airflow/utils/log/file_task_handler.py", line 247, in emit
    self.handler.emit(record)
  File "/usr/local/lib/python3.8/logging/__init__.py", line 1187, in emit
    StreamHandler.emit(self, record)
  File "/usr/local/lib/python3.8/logging/__init__.py", line 1093, in emit
    self.handleError(record)
  File "/usr/local/lib/python3.8/logging/__init__.py", line 1006, in handleError
    sys.stderr.write('--- Logging error ---\n')
  File "/home/airflow/.local/lib/python3.8/site-packages/airflow/utils/log/logging_mixin.py", line 200, in write
    self.flush()
  File "/home/airflow/.local/lib/python3.8/site-packages/airflow/utils/log/logging_mixin.py", line 207, in flush
    self._propagate_log(buf)
  File "/home/airflow/.local/lib/python3.8/site-packages/airflow/utils/log/logging_mixin.py", line 188, in _propagate_log
    self.logger.log(self.level, remove_escape_codes(message))
  File "/usr/local/lib/python3.8/logging/__init__.py", line 1512, in log
    self._log(level, msg, args, **kwargs)
  File "/usr/local/lib/python3.8/logging/__init__.py", line 1589, in _log
    self.handle(record)
  File "/usr/local/lib/python3.8/logging/__init__.py", line 1599, in handle
    self.callHandlers(record)
  File "/usr/local/lib/python3.8/logging/__init__.py", line 1661, in callHandlers
    hdlr.handle(record)
  File "/usr/local/lib/python3.8/logging/__init__.py", line 954, in handle
    self.emit(record)
  File "/home/airflow/.local/lib/python3.8/site-packages/airflow/utils/log/file_task_handler.py", line 247, in emit
    self.handler.emit(record)
  File "/usr/local/lib/python3.8/logging/__init__.py", line 1187, in emit
    StreamHandler.emit(self, record)
  File "/usr/local/lib/python3.8/logging/__init__.py", line 1093, in emit
    self.handleError(record)
  File "/usr/local/lib/python3.8/logging/__init__.py", line 1006, in handleError
    sys.stderr.write('--- Logging error ---\n')
  File "/home/airflow/.local/lib/python3.8/site-packages/airflow/utils/log/logging_mixin.py", line 200, in write
    self.flush()
  File "/home/airflow/.local/lib/python3.8/site-packages/airflow/utils/log/logging_mixin.py", line 207, in flush
    self._propagate_log(buf)
  File "/home/airflow/.local/lib/python3.8/site-packages/airflow/utils/log/logging_mixin.py", line 188, in _propagate_log
    self.logger.log(self.level, remove_escape_codes(message))
  File "/usr/local/lib/python3.8/logging/__init__.py", line 1512, in log
    self._log(level, msg, args, **kwargs)
  File "/usr/local/lib/python3.8/logging/__init__.py", line 1589, in _log
    self.handle(record)
  File "/usr/local/lib/python3.8/logging/__init__.py", line 1599, in handle
    self.callHandlers(record)
  File "/usr/local/lib/python3.8/logging/__init__.py", line 1661, in callHandlers
    hdlr.handle(record)
  File "/usr/local/lib/python3.8/logging/__init__.py", line 954, in handle
    self.emit(record)
  File "/home/airflow/.local/lib/python3.8/site-packages/airflow/utils/log/file_task_handler.py", line 247, in emit
    self.handler.emit(record)
  File "/usr/local/lib/python3.8/logging/__init__.py", line 1187, in emit
    StreamHandler.emit(self, record)
  File "/usr/local/lib/python3.8/logging/__init__.py", line 1093, in emit
    self.handleError(record)
  File "/usr/local/lib/python3.8/logging/__init__.py", line 1006, in handleError
    sys.stderr.write('--- Logging error ---\n')
  File "/home/airflow/.local/lib/python3.8/site-packages/airflow/utils/log/logging_mixin.py", line 200, in write
    self.flush()
  File "/home/airflow/.local/lib/python3.8/site-packages/airflow/utils/log/logging_mixin.py", line 207, in flush
    self._propagate_log(buf)
  File "/home/airflow/.local/lib/python3.8/site-packages/airflow/utils/log/logging_mixin.py", line 188, in _propagate_log
    self.logger.log(self.level, remove_escape_codes(message))
  File "/usr/local/lib/python3.8/logging/__init__.py", line 1512, in log
    self._log(level, msg, args, **kwargs)
  File "/usr/local/lib/python3.8/logging/__init__.py", line 1589, in _log
    self.handle(record)
  File "/usr/local/lib/python3.8/logging/__init__.py", line 1599, in handle
    self.callHandlers(record)
  File "/usr/local/lib/python3.8/logging/__init__.py", line 1661, in callHandlers
    hdlr.handle(record)
  File "/usr/local/lib/python3.8/logging/__init__.py", line 954, in handle
    self.emit(record)
  File "/home/airflow/.local/lib/python3.8/site-packages/airflow/utils/log/file_task_handler.py", line 247, in emit
    self.handler.emit(record)
  File "/usr/local/lib/python3.8/logging/__init__.py", line 1187, in emit
    StreamHandler.emit(self, record)
  File "/usr/local/lib/python3.8/logging/__init__.py", line 1093, in emit
    self.handleError(record)
  File "/usr/local/lib/python3.8/logging/__init__.py", line 1006, in handleError
    sys.stderr.write('--- Logging error ---\n')
  File "/home/airflow/.local/lib/python3.8/site-packages/airflow/utils/log/logging_mixin.py", line 200, in write
    self.flush()
  File "/home/airflow/.local/lib/python3.8/site-packages/airflow/utils/log/logging_mixin.py", line 207, in flush
    self._propagate_log(buf)
  File "/home/airflow/.local/lib/python3.8/site-packages/airflow/utils/log/logging_mixin.py", line 188, in _propagate_log
    self.logger.log(self.level, remove_escape_codes(message))
  File "/usr/local/lib/python3.8/logging/__init__.py", line 1512, in log
    self._log(level, msg, args, **kwargs)
  File "/usr/local/lib/python3.8/logging/__init__.py", line 1589, in _log
    self.handle(record)
  File "/usr/local/lib/python3.8/logging/__init__.py", line 1599, in handle
    self.callHandlers(record)
  File "/usr/local/lib/python3.8/logging/__init__.py", line 1661, in callHandlers
    hdlr.handle(record)
  File "/usr/local/lib/python3.8/logging/__init__.py", line 954, in handle
    self.emit(record)
  File "/home/airflow/.local/lib/python3.8/site-packages/airflow/utils/log/file_task_handler.py", line 247, in emit
    self.handler.emit(record)
  File "/usr/local/lib/python3.8/logging/__init__.py", line 1187, in emit
    StreamHandler.emit(self, record)
  File "/usr/local/lib/python3.8/logging/__init__.py", line 1093, in emit
    self.handleError(record)
  File "/usr/local/lib/python3.8/logging/__init__.py", line 1006, in handleError
    sys.stderr.write('--- Logging error ---\n')
  File "/home/airflow/.local/lib/python3.8/site-packages/airflow/utils/log/logging_mixin.py", line 200, in write
    self.flush()
  File "/home/airflow/.local/lib/python3.8/site-packages/airflow/utils/log/logging_mixin.py", line 207, in flush
    self._propagate_log(buf)
  File "/home/airflow/.local/lib/python3.8/site-packages/airflow/utils/log/logging_mixin.py", line 188, in _propagate_log
    self.logger.log(self.level, remove_escape_codes(message))
  File "/usr/local/lib/python3.8/logging/__init__.py", line 1512, in log
    self._log(level, msg, args, **kwargs)
  File "/usr/local/lib/python3.8/logging/__init__.py", line 1589, in _log
    self.handle(record)
  File "/usr/local/lib/python3.8/logging/__init__.py", line 1599, in handle
    self.callHandlers(record)
  File "/usr/local/lib/python3.8/logging/__init__.py", line 1661, in callHandlers
    hdlr.handle(record)
  File "/usr/local/lib/python3.8/logging/__init__.py", line 954, in handle
    self.emit(record)
  File "/home/airflow/.local/lib/python3.8/site-packages/airflow/utils/log/file_task_handler.py", line 247, in emit
    self.handler.emit(record)
  File "/usr/local/lib/python3.8/logging/__init__.py", line 1187, in emit
    StreamHandler.emit(self, record)
  File "/usr/local/lib/python3.8/logging/__init__.py", line 1093, in emit
    self.handleError(record)
  File "/usr/local/lib/python3.8/logging/__init__.py", line 1006, in handleError
    sys.stderr.write('--- Logging error ---\n')
  File "/home/airflow/.local/lib/python3.8/site-packages/airflow/utils/log/logging_mixin.py", line 200, in write
    self.flush()
  File "/home/airflow/.local/lib/python3.8/site-packages/airflow/utils/log/logging_mixin.py", line 207, in flush
    self._propagate_log(buf)
  File "/home/airflow/.local/lib/python3.8/site-packages/airflow/utils/log/logging_mixin.py", line 188, in _propagate_log
    self.logger.log(self.level, remove_escape_codes(message))
  File "/usr/local/lib/python3.8/logging/__init__.py", line 1512, in log
    self._log(level, msg, args, **kwargs)
  File "/usr/local/lib/python3.8/logging/__init__.py", line 1589, in _log
    self.handle(record)
  File "/usr/local/lib/python3.8/logging/__init__.py", line 1599, in handle
    self.callHandlers(record)
  File "/usr/local/lib/python3.8/logging/__init__.py", line 1661, in callHandlers
    hdlr.handle(record)
  File "/usr/local/lib/python3.8/logging/__init__.py", line 954, in handle
    self.emit(record)
  File "/home/airflow/.local/lib/python3.8/site-packages/airflow/utils/log/file_task_handler.py", line 247, in emit
    self.handler.emit(record)
  File "/usr/local/lib/python3.8/logging/__init__.py", line 1187, in emit
    StreamHandler.emit(self, record)
  File "/usr/local/lib/python3.8/logging/__init__.py", line 1093, in emit
    self.handleError(record)
  File "/usr/local/lib/python3.8/logging/__init__.py", line 1006, in handleError
    sys.stderr.write('--- Logging error ---\n')
  File "/home/airflow/.local/lib/python3.8/site-packages/airflow/utils/log/logging_mixin.py", line 200, in write
    self.flush()
  File "/home/airflow/.local/lib/python3.8/site-packages/airflow/utils/log/logging_mixin.py", line 207, in flush
    self._propagate_log(buf)
  File "/home/airflow/.local/lib/python3.8/site-packages/airflow/utils/log/logging_mixin.py", line 188, in _propagate_log
    self.logger.log(self.level, remove_escape_codes(message))
  File "/usr/local/lib/python3.8/logging/__init__.py", line 1512, in log
    self._log(level, msg, args, **kwargs)
  File "/usr/local/lib/python3.8/logging/__init__.py", line 1589, in _log
    self.handle(record)
  File "/usr/local/lib/python3.8/logging/__init__.py", line 1599, in handle
    self.callHandlers(record)
  File "/usr/local/lib/python3.8/logging/__init__.py", line 1661, in callHandlers
    hdlr.handle(record)
  File "/usr/local/lib/python3.8/logging/__init__.py", line 954, in handle
    self.emit(record)
  File "/home/airflow/.local/lib/python3.8/site-packages/airflow/utils/log/file_task_handler.py", line 247, in emit
    self.handler.emit(record)
  File "/usr/local/lib/python3.8/logging/__init__.py", line 1187, in emit
    StreamHandler.emit(self, record)
  File "/usr/local/lib/python3.8/logging/__init__.py", line 1093, in emit
    self.handleError(record)
  File "/usr/local/lib/python3.8/logging/__init__.py", line 1006, in handleError
    sys.stderr.write('--- Logging error ---\n')
  File "/home/airflow/.local/lib/python3.8/site-packages/airflow/utils/log/logging_mixin.py", line 200, in write
    self.flush()
  File "/home/airflow/.local/lib/python3.8/site-packages/airflow/utils/log/logging_mixin.py", line 207, in flush
    self._propagate_log(buf)
  File "/home/airflow/.local/lib/python3.8/site-packages/airflow/utils/log/logging_mixin.py", line 188, in _propagate_log
    self.logger.log(self.level, remove_escape_codes(message))
  File "/usr/local/lib/python3.8/logging/__init__.py", line 1512, in log
    self._log(level, msg, args, **kwargs)
  File "/usr/local/lib/python3.8/logging/__init__.py", line 1589, in _log
    self.handle(record)
  File "/usr/local/lib/python3.8/logging/__init__.py", line 1599, in handle
    self.callHandlers(record)
  File "/usr/local/lib/python3.8/logging/__init__.py", line 1661, in callHandlers
    hdlr.handle(record)
  File "/usr/local/lib/python3.8/logging/__init__.py", line 954, in handle
    self.emit(record)
  File "/home/airflow/.local/lib/python3.8/site-packages/airflow/utils/log/file_task_handler.py", line 247, in emit
    self.handler.emit(record)
  File "/usr/local/lib/python3.8/logging/__init__.py", line 1187, in emit
    StreamHandler.emit(self, record)
  File "/usr/local/lib/python3.8/logging/__init__.py", line 1093, in emit
    self.handleError(record)
  File "/usr/local/lib/python3.8/logging/__init__.py", line 1006, in handleError
    sys.stderr.write('--- Logging error ---\n')
  File "/home/airflow/.local/lib/python3.8/site-packages/airflow/utils/log/logging_mixin.py", line 200, in write
    self.flush()
  File "/home/airflow/.local/lib/python3.8/site-packages/airflow/utils/log/logging_mixin.py", line 207, in flush
    self._propagate_log(buf)
  File "/home/airflow/.local/lib/python3.8/site-packages/airflow/utils/log/logging_mixin.py", line 188, in _propagate_log
    self.logger.log(self.level, remove_escape_codes(message))
  File "/usr/local/lib/python3.8/logging/__init__.py", line 1512, in log
    self._log(level, msg, args, **kwargs)
  File "/usr/local/lib/python3.8/logging/__init__.py", line 1589, in _log
    self.handle(record)
  File "/usr/local/lib/python3.8/logging/__init__.py", line 1599, in handle
    self.callHandlers(record)
  File "/usr/local/lib/python3.8/logging/__init__.py", line 1661, in callHandlers
    hdlr.handle(record)
  File "/usr/local/lib/python3.8/logging/__init__.py", line 954, in handle
    self.emit(record)
  File "/home/airflow/.local/lib/python3.8/site-packages/airflow/utils/log/file_task_handler.py", line 247, in emit
    self.handler.emit(record)
  File "/usr/local/lib/python3.8/logging/__init__.py", line 1187, in emit
    StreamHandler.emit(self, record)
  File "/usr/local/lib/python3.8/logging/__init__.py", line 1093, in emit
    self.handleError(record)
  File "/usr/local/lib/python3.8/logging/__init__.py", line 1006, in handleError
    sys.stderr.write('--- Logging error ---\n')
  File "/home/airflow/.local/lib/python3.8/site-packages/airflow/utils/log/logging_mixin.py", line 200, in write
    self.flush()
  File "/home/airflow/.local/lib/python3.8/site-packages/airflow/utils/log/logging_mixin.py", line 207, in flush
    self._propagate_log(buf)
  File "/home/airflow/.local/lib/python3.8/site-packages/airflow/utils/log/logging_mixin.py", line 188, in _propagate_log
    self.logger.log(self.level, remove_escape_codes(message))
  File "/usr/local/lib/python3.8/logging/__init__.py", line 1512, in log
    self._log(level, msg, args, **kwargs)
  File "/usr/local/lib/python3.8/logging/__init__.py", line 1589, in _log
    self.handle(record)
  File "/usr/local/lib/python3.8/logging/__init__.py", line 1599, in handle
    self.callHandlers(record)
  File "/usr/local/lib/python3.8/logging/__init__.py", line 1661, in callHandlers
    hdlr.handle(record)
  File "/usr/local/lib/python3.8/logging/__init__.py", line 954, in handle
    self.emit(record)
  File "/home/airflow/.local/lib/python3.8/site-packages/airflow/utils/log/file_task_handler.py", line 247, in emit
    self.handler.emit(record)
  File "/usr/local/lib/python3.8/logging/__init__.py", line 1187, in emit
    StreamHandler.emit(self, record)
  File "/usr/local/lib/python3.8/logging/__init__.py", line 1093, in emit
    self.handleError(record)
  File "/usr/local/lib/python3.8/logging/__init__.py", line 1006, in handleError
    sys.stderr.write('--- Logging error ---\n')
  File "/home/airflow/.local/lib/python3.8/site-packages/airflow/utils/log/logging_mixin.py", line 200, in write
    self.flush()
  File "/home/airflow/.local/lib/python3.8/site-packages/airflow/utils/log/logging_mixin.py", line 207, in flush
    self._propagate_log(buf)
  File "/home/airflow/.local/lib/python3.8/site-packages/airflow/utils/log/logging_mixin.py", line 188, in _propagate_log
    self.logger.log(self.level, remove_escape_codes(message))
  File "/usr/local/lib/python3.8/logging/__init__.py", line 1512, in log
    self._log(level, msg, args, **kwargs)
  File "/usr/local/lib/python3.8/logging/__init__.py", line 1589, in _log
    self.handle(record)
  File "/usr/local/lib/python3.8/logging/__init__.py", line 1599, in handle
    self.callHandlers(record)
  File "/usr/local/lib/python3.8/logging/__init__.py", line 1661, in callHandlers
    hdlr.handle(record)
  File "/usr/local/lib/python3.8/logging/__init__.py", line 954, in handle
    self.emit(record)
  File "/home/airflow/.local/lib/python3.8/site-packages/airflow/utils/log/file_task_handler.py", line 247, in emit
    self.handler.emit(record)
  File "/usr/local/lib/python3.8/logging/__init__.py", line 1187, in emit
    StreamHandler.emit(self, record)
  File "/usr/local/lib/python3.8/logging/__init__.py", line 1093, in emit
    self.handleError(record)
  File "/usr/local/lib/python3.8/logging/__init__.py", line 1006, in handleError
    sys.stderr.write('--- Logging error ---\n')
  File "/home/airflow/.local/lib/python3.8/site-packages/airflow/utils/log/logging_mixin.py", line 200, in write
    self.flush()
  File "/home/airflow/.local/lib/python3.8/site-packages/airflow/utils/log/logging_mixin.py", line 207, in flush
    self._propagate_log(buf)
  File "/home/airflow/.local/lib/python3.8/site-packages/airflow/utils/log/logging_mixin.py", line 188, in _propagate_log
    self.logger.log(self.level, remove_escape_codes(message))
  File "/usr/local/lib/python3.8/logging/__init__.py", line 1512, in log
    self._log(level, msg, args, **kwargs)
  File "/usr/local/lib/python3.8/logging/__init__.py", line 1589, in _log
    self.handle(record)
  File "/usr/local/lib/python3.8/logging/__init__.py", line 1599, in handle
    self.callHandlers(record)
  File "/usr/local/lib/python3.8/logging/__init__.py", line 1661, in callHandlers
    hdlr.handle(record)
  File "/usr/local/lib/python3.8/logging/__init__.py", line 954, in handle
    self.emit(record)
  File "/home/airflow/.local/lib/python3.8/site-packages/airflow/utils/log/file_task_handler.py", line 247, in emit
    self.handler.emit(record)
  File "/usr/local/lib/python3.8/logging/__init__.py", line 1187, in emit
    StreamHandler.emit(self, record)
  File "/usr/local/lib/python3.8/logging/__init__.py", line 1093, in emit
    self.handleError(record)
  File "/usr/local/lib/python3.8/logging/__init__.py", line 1006, in handleError
    sys.stderr.write('--- Logging error ---\n')
  File "/home/airflow/.local/lib/python3.8/site-packages/airflow/utils/log/logging_mixin.py", line 200, in write
    self.flush()
  File "/home/airflow/.local/lib/python3.8/site-packages/airflow/utils/log/logging_mixin.py", line 207, in flush
    self._propagate_log(buf)
  File "/home/airflow/.local/lib/python3.8/site-packages/airflow/utils/log/logging_mixin.py", line 188, in _propagate_log
    self.logger.log(self.level, remove_escape_codes(message))
  File "/usr/local/lib/python3.8/logging/__init__.py", line 1512, in log
    self._log(level, msg, args, **kwargs)
  File "/usr/local/lib/python3.8/logging/__init__.py", line 1589, in _log
    self.handle(record)
  File "/usr/local/lib/python3.8/logging/__init__.py", line 1599, in handle
    self.callHandlers(record)
  File "/usr/local/lib/python3.8/logging/__init__.py", line 1661, in callHandlers
    hdlr.handle(record)
  File "/usr/local/lib/python3.8/logging/__init__.py", line 954, in handle
    self.emit(record)
  File "/home/airflow/.local/lib/python3.8/site-packages/airflow/utils/log/file_task_handler.py", line 247, in emit
    self.handler.emit(record)
  File "/usr/local/lib/python3.8/logging/__init__.py", line 1187, in emit
    StreamHandler.emit(self, record)
  File "/usr/local/lib/python3.8/logging/__init__.py", line 1093, in emit
    self.handleError(record)
  File "/usr/local/lib/python3.8/logging/__init__.py", line 1006, in handleError
    sys.stderr.write('--- Logging error ---\n')
  File "/home/airflow/.local/lib/python3.8/site-packages/airflow/utils/log/logging_mixin.py", line 200, in write
    self.flush()
  File "/home/airflow/.local/lib/python3.8/site-packages/airflow/utils/log/logging_mixin.py", line 207, in flush
    self._propagate_log(buf)
  File "/home/airflow/.local/lib/python3.8/site-packages/airflow/utils/log/logging_mixin.py", line 188, in _propagate_log
    self.logger.log(self.level, remove_escape_codes(message))
  File "/usr/local/lib/python3.8/logging/__init__.py", line 1512, in log
    self._log(level, msg, args, **kwargs)
  File "/usr/local/lib/python3.8/logging/__init__.py", line 1589, in _log
    self.handle(record)
  File "/usr/local/lib/python3.8/logging/__init__.py", line 1599, in handle
    self.callHandlers(record)
  File "/usr/local/lib/python3.8/logging/__init__.py", line 1661, in callHandlers
    hdlr.handle(record)
  File "/usr/local/lib/python3.8/logging/__init__.py", line 954, in handle
    self.emit(record)
  File "/home/airflow/.local/lib/python3.8/site-packages/airflow/utils/log/file_task_handler.py", line 247, in emit
    self.handler.emit(record)
  File "/usr/local/lib/python3.8/logging/__init__.py", line 1187, in emit
    StreamHandler.emit(self, record)
  File "/usr/local/lib/python3.8/logging/__init__.py", line 1093, in emit
    self.handleError(record)
  File "/usr/local/lib/python3.8/logging/__init__.py", line 1006, in handleError
    sys.stderr.write('--- Logging error ---\n')
  File "/home/airflow/.local/lib/python3.8/site-packages/airflow/utils/log/logging_mixin.py", line 200, in write
    self.flush()
  File "/home/airflow/.local/lib/python3.8/site-packages/airflow/utils/log/logging_mixin.py", line 207, in flush
    self._propagate_log(buf)
  File "/home/airflow/.local/lib/python3.8/site-packages/airflow/utils/log/logging_mixin.py", line 188, in _propagate_log
    self.logger.log(self.level, remove_escape_codes(message))
  File "/usr/local/lib/python3.8/logging/__init__.py", line 1512, in log
    self._log(level, msg, args, **kwargs)
  File "/usr/local/lib/python3.8/logging/__init__.py", line 1589, in _log
    self.handle(record)
  File "/usr/local/lib/python3.8/logging/__init__.py", line 1599, in handle
    self.callHandlers(record)
  File "/usr/local/lib/python3.8/logging/__init__.py", line 1661, in callHandlers
    hdlr.handle(record)
  File "/usr/local/lib/python3.8/logging/__init__.py", line 954, in handle
    self.emit(record)
  File "/home/airflow/.local/lib/python3.8/site-packages/airflow/utils/log/file_task_handler.py", line 247, in emit
    self.handler.emit(record)
  File "/usr/local/lib/python3.8/logging/__init__.py", line 1187, in emit
    StreamHandler.emit(self, record)
  File "/usr/local/lib/python3.8/logging/__init__.py", line 1093, in emit
    self.handleError(record)
  File "/usr/local/lib/python3.8/logging/__init__.py", line 1006, in handleError
    sys.stderr.write('--- Logging error ---\n')
  File "/home/airflow/.local/lib/python3.8/site-packages/airflow/utils/log/logging_mixin.py", line 200, in write
    self.flush()
  File "/home/airflow/.local/lib/python3.8/site-packages/airflow/utils/log/logging_mixin.py", line 207, in flush
    self._propagate_log(buf)
  File "/home/airflow/.local/lib/python3.8/site-packages/airflow/utils/log/logging_mixin.py", line 188, in _propagate_log
    self.logger.log(self.level, remove_escape_codes(message))
  File "/usr/local/lib/python3.8/logging/__init__.py", line 1512, in log
    self._log(level, msg, args, **kwargs)
  File "/usr/local/lib/python3.8/logging/__init__.py", line 1589, in _log
    self.handle(record)
  File "/usr/local/lib/python3.8/logging/__init__.py", line 1599, in handle
    self.callHandlers(record)
  File "/usr/local/lib/python3.8/logging/__init__.py", line 1661, in callHandlers
    hdlr.handle(record)
  File "/usr/local/lib/python3.8/logging/__init__.py", line 954, in handle
    self.emit(record)
  File "/home/airflow/.local/lib/python3.8/site-packages/airflow/utils/log/file_task_handler.py", line 247, in emit
    self.handler.emit(record)
  File "/usr/local/lib/python3.8/logging/__init__.py", line 1187, in emit
    StreamHandler.emit(self, record)
  File "/usr/local/lib/python3.8/logging/__init__.py", line 1093, in emit
    self.handleError(record)
  File "/usr/local/lib/python3.8/logging/__init__.py", line 1006, in handleError
    sys.stderr.write('--- Logging error ---\n')
  File "/home/airflow/.local/lib/python3.8/site-packages/airflow/utils/log/logging_mixin.py", line 200, in write
    self.flush()
  File "/home/airflow/.local/lib/python3.8/site-packages/airflow/utils/log/logging_mixin.py", line 207, in flush
    self._propagate_log(buf)
  File "/home/airflow/.local/lib/python3.8/site-packages/airflow/utils/log/logging_mixin.py", line 188, in _propagate_log
    self.logger.log(self.level, remove_escape_codes(message))
  File "/usr/local/lib/python3.8/logging/__init__.py", line 1512, in log
    self._log(level, msg, args, **kwargs)
  File "/usr/local/lib/python3.8/logging/__init__.py", line 1589, in _log
    self.handle(record)
  File "/usr/local/lib/python3.8/logging/__init__.py", line 1599, in handle
    self.callHandlers(record)
  File "/usr/local/lib/python3.8/logging/__init__.py", line 1661, in callHandlers
    hdlr.handle(record)
  File "/usr/local/lib/python3.8/logging/__init__.py", line 954, in handle
    self.emit(record)
  File "/home/airflow/.local/lib/python3.8/site-packages/airflow/utils/log/file_task_handler.py", line 247, in emit
    self.handler.emit(record)
  File "/usr/local/lib/python3.8/logging/__init__.py", line 1187, in emit
    StreamHandler.emit(self, record)
  File "/usr/local/lib/python3.8/logging/__init__.py", line 1093, in emit
    self.handleError(record)
  File "/usr/local/lib/python3.8/logging/__init__.py", line 1006, in handleError
    sys.stderr.write('--- Logging error ---\n')
  File "/home/airflow/.local/lib/python3.8/site-packages/airflow/utils/log/logging_mixin.py", line 200, in write
    self.flush()
  File "/home/airflow/.local/lib/python3.8/site-packages/airflow/utils/log/logging_mixin.py", line 207, in flush
    self._propagate_log(buf)
  File "/home/airflow/.local/lib/python3.8/site-packages/airflow/utils/log/logging_mixin.py", line 188, in _propagate_log
    self.logger.log(self.level, remove_escape_codes(message))
  File "/usr/local/lib/python3.8/logging/__init__.py", line 1512, in log
    self._log(level, msg, args, **kwargs)
  File "/usr/local/lib/python3.8/logging/__init__.py", line 1589, in _log
    self.handle(record)
  File "/usr/local/lib/python3.8/logging/__init__.py", line 1599, in handle
    self.callHandlers(record)
  File "/usr/local/lib/python3.8/logging/__init__.py", line 1661, in callHandlers
    hdlr.handle(record)
  File "/usr/local/lib/python3.8/logging/__init__.py", line 954, in handle
    self.emit(record)
  File "/home/airflow/.local/lib/python3.8/site-packages/airflow/utils/log/file_task_handler.py", line 247, in emit
    self.handler.emit(record)
  File "/usr/local/lib/python3.8/logging/__init__.py", line 1187, in emit
    StreamHandler.emit(self, record)
  File "/usr/local/lib/python3.8/logging/__init__.py", line 1093, in emit
    self.handleError(record)
  File "/usr/local/lib/python3.8/logging/__init__.py", line 1006, in handleError
    sys.stderr.write('--- Logging error ---\n')
  File "/home/airflow/.local/lib/python3.8/site-packages/airflow/utils/log/logging_mixin.py", line 200, in write
    self.flush()
  File "/home/airflow/.local/lib/python3.8/site-packages/airflow/utils/log/logging_mixin.py", line 207, in flush
    self._propagate_log(buf)
  File "/home/airflow/.local/lib/python3.8/site-packages/airflow/utils/log/logging_mixin.py", line 188, in _propagate_log
    self.logger.log(self.level, remove_escape_codes(message))
  File "/usr/local/lib/python3.8/logging/__init__.py", line 1512, in log
    self._log(level, msg, args, **kwargs)
  File "/usr/local/lib/python3.8/logging/__init__.py", line 1589, in _log
    self.handle(record)
  File "/usr/local/lib/python3.8/logging/__init__.py", line 1599, in handle
    self.callHandlers(record)
  File "/usr/local/lib/python3.8/logging/__init__.py", line 1661, in callHandlers
    hdlr.handle(record)
  File "/usr/local/lib/python3.8/logging/__init__.py", line 954, in handle
    self.emit(record)
  File "/home/airflow/.local/lib/python3.8/site-packages/airflow/utils/log/file_task_handler.py", line 247, in emit
    self.handler.emit(record)
  File "/usr/local/lib/python3.8/logging/__init__.py", line 1187, in emit
    StreamHandler.emit(self, record)
  File "/usr/local/lib/python3.8/logging/__init__.py", line 1093, in emit
    self.handleError(record)
  File "/usr/local/lib/python3.8/logging/__init__.py", line 1006, in handleError
    sys.stderr.write('--- Logging error ---\n')
  File "/home/airflow/.local/lib/python3.8/site-packages/airflow/utils/log/logging_mixin.py", line 200, in write
    self.flush()
  File "/home/airflow/.local/lib/python3.8/site-packages/airflow/utils/log/logging_mixin.py", line 207, in flush
    self._propagate_log(buf)
  File "/home/airflow/.local/lib/python3.8/site-packages/airflow/utils/log/logging_mixin.py", line 188, in _propagate_log
    self.logger.log(self.level, remove_escape_codes(message))
  File "/usr/local/lib/python3.8/logging/__init__.py", line 1512, in log
    self._log(level, msg, args, **kwargs)
  File "/usr/local/lib/python3.8/logging/__init__.py", line 1589, in _log
    self.handle(record)
  File "/usr/local/lib/python3.8/logging/__init__.py", line 1599, in handle
    self.callHandlers(record)
  File "/usr/local/lib/python3.8/logging/__init__.py", line 1661, in callHandlers
    hdlr.handle(record)
  File "/usr/local/lib/python3.8/logging/__init__.py", line 954, in handle
    self.emit(record)
  File "/home/airflow/.local/lib/python3.8/site-packages/airflow/utils/log/file_task_handler.py", line 247, in emit
    self.handler.emit(record)
  File "/usr/local/lib/python3.8/logging/__init__.py", line 1187, in emit
    StreamHandler.emit(self, record)
  File "/usr/local/lib/python3.8/logging/__init__.py", line 1093, in emit
    self.handleError(record)
  File "/usr/local/lib/python3.8/logging/__init__.py", line 1006, in handleError
    sys.stderr.write('--- Logging error ---\n')
  File "/home/airflow/.local/lib/python3.8/site-packages/airflow/utils/log/logging_mixin.py", line 200, in write
    self.flush()
  File "/home/airflow/.local/lib/python3.8/site-packages/airflow/utils/log/logging_mixin.py", line 207, in flush
    self._propagate_log(buf)
  File "/home/airflow/.local/lib/python3.8/site-packages/airflow/utils/log/logging_mixin.py", line 188, in _propagate_log
    self.logger.log(self.level, remove_escape_codes(message))
  File "/usr/local/lib/python3.8/logging/__init__.py", line 1512, in log
    self._log(level, msg, args, **kwargs)
  File "/usr/local/lib/python3.8/logging/__init__.py", line 1589, in _log
    self.handle(record)
  File "/usr/local/lib/python3.8/logging/__init__.py", line 1599, in handle
    self.callHandlers(record)
  File "/usr/local/lib/python3.8/logging/__init__.py", line 1661, in callHandlers
    hdlr.handle(record)
  File "/usr/local/lib/python3.8/logging/__init__.py", line 954, in handle
    self.emit(record)
  File "/home/airflow/.local/lib/python3.8/site-packages/airflow/utils/log/file_task_handler.py", line 247, in emit
    self.handler.emit(record)
  File "/usr/local/lib/python3.8/logging/__init__.py", line 1187, in emit
    StreamHandler.emit(self, record)
  File "/usr/local/lib/python3.8/logging/__init__.py", line 1093, in emit
    self.handleError(record)
  File "/usr/local/lib/python3.8/logging/__init__.py", line 1006, in handleError
    sys.stderr.write('--- Logging error ---\n')
  File "/home/airflow/.local/lib/python3.8/site-packages/airflow/utils/log/logging_mixin.py", line 200, in write
    self.flush()
  File "/home/airflow/.local/lib/python3.8/site-packages/airflow/utils/log/logging_mixin.py", line 207, in flush
    self._propagate_log(buf)
  File "/home/airflow/.local/lib/python3.8/site-packages/airflow/utils/log/logging_mixin.py", line 188, in _propagate_log
    self.logger.log(self.level, remove_escape_codes(message))
  File "/usr/local/lib/python3.8/logging/__init__.py", line 1512, in log
    self._log(level, msg, args, **kwargs)
  File "/usr/local/lib/python3.8/logging/__init__.py", line 1589, in _log
    self.handle(record)
  File "/usr/local/lib/python3.8/logging/__init__.py", line 1599, in handle
    self.callHandlers(record)
  File "/usr/local/lib/python3.8/logging/__init__.py", line 1661, in callHandlers
    hdlr.handle(record)
  File "/usr/local/lib/python3.8/logging/__init__.py", line 954, in handle
    self.emit(record)
  File "/home/airflow/.local/lib/python3.8/site-packages/airflow/utils/log/file_task_handler.py", line 247, in emit
    self.handler.emit(record)
  File "/usr/local/lib/python3.8/logging/__init__.py", line 1187, in emit
    StreamHandler.emit(self, record)
  File "/usr/local/lib/python3.8/logging/__init__.py", line 1093, in emit
    self.handleError(record)
  File "/usr/local/lib/python3.8/logging/__init__.py", line 1006, in handleError
    sys.stderr.write('--- Logging error ---\n')
  File "/home/airflow/.local/lib/python3.8/site-packages/airflow/utils/log/logging_mixin.py", line 200, in write
    self.flush()
  File "/home/airflow/.local/lib/python3.8/site-packages/airflow/utils/log/logging_mixin.py", line 207, in flush
    self._propagate_log(buf)
  File "/home/airflow/.local/lib/python3.8/site-packages/airflow/utils/log/logging_mixin.py", line 188, in _propagate_log
    self.logger.log(self.level, remove_escape_codes(message))
  File "/usr/local/lib/python3.8/logging/__init__.py", line 1512, in log
    self._log(level, msg, args, **kwargs)
  File "/usr/local/lib/python3.8/logging/__init__.py", line 1589, in _log
    self.handle(record)
  File "/usr/local/lib/python3.8/logging/__init__.py", line 1599, in handle
    self.callHandlers(record)
  File "/usr/local/lib/python3.8/logging/__init__.py", line 1661, in callHandlers
    hdlr.handle(record)
  File "/usr/local/lib/python3.8/logging/__init__.py", line 954, in handle
    self.emit(record)
  File "/home/airflow/.local/lib/python3.8/site-packages/airflow/utils/log/file_task_handler.py", line 247, in emit
    self.handler.emit(record)
  File "/usr/local/lib/python3.8/logging/__init__.py", line 1187, in emit
    StreamHandler.emit(self, record)
  File "/usr/local/lib/python3.8/logging/__init__.py", line 1085, in emit
    msg = self.format(record)
  File "/usr/local/lib/python3.8/logging/__init__.py", line 929, in format
    return fmt.format(record)
  File "/usr/local/lib/python3.8/logging/__init__.py", line 670, in format
    record.asctime = self.formatTime(record, self.datefmt)
  File "/home/airflow/.local/lib/python3.8/site-packages/airflow/utils/log/timezone_aware.py", line 42, in formatTime
    dt = pendulum.from_timestamp(record.created, tz=pendulum.local_timezone())
  File "/home/airflow/.local/lib/python3.8/site-packages/pendulum/__init__.py", line 297, in from_timestamp
    dt = datetime(
  File "/home/airflow/.local/lib/python3.8/site-packages/pendulum/__init__.py", line 143, in datetime
    return DateTime.create(
  File "/home/airflow/.local/lib/python3.8/site-packages/pendulum/datetime.py", line 103, in create
    tz = pendulum._safe_timezone(tz)
RecursionError: maximum recursion depth exceeded
